event_id,event_name,event_year,event_month,planned_start_date,planned_end_date,calendar_status,date_source,source_fingerprint,calendar_title,url,match_via,scraped_at,updated_at
348,Euro Dance Festival,2030,3,2030-03-05,2030-03-10,scheduled,wsdc_calendar,161380bf9ca0e135dc8e8143,Euro Dance Festival,https://www.euro-dance-festival.com,url,2026-09-22 12:56:41.851343+00,2026-09-22 12:56:41.851343+00
348,Euro Dance Festival,2029,2,2029-02-13,2029-02-18,scheduled,wsdc_calendar,c5c1020337282bf31a238972,Euro Dance Festival,https://www.euro-dance-festival.com,url,2026-09-22 12:56:41.851343+00,2026-09-22 12:56:41.851343+00
211,Atlanta Swing Classic,2028,10,2028-09-28,2028-10-01,scheduled,wsdc_calendar,39821f515c1dde6fd7bbe6f9,Atlanta Swing Classic,https://www.atlantaswingclassic.com/,url,2026-09-22 12:56:41.851343+00,2026-09-22 12:56:41.851343+00
354,Spring Time Swing,2028,5,2028-05-04,2028-05-07,scheduled,wsdc_calendar,2d2d797fa9694535f75d75e2,Spring Time Swing,https://springtimeswing.com/,url,2026-09-22 12:56:41.851343+00,2026-09-22 12:56:41.851343+00
348,Euro Dance Festival,2028,3,2028-02-29,2028-03-05,scheduled,wsdc_calendar,0e485aa8568c6408b8ff891a,Euro Dance Festival,https://www.euro-dance-festival.com,url,2026-09-22 12:56:41.851343+00,2026-09-22 12:56:41.851343+00
990001,Soul Flow - West Coast Swing Festival,2027,12,2027-12-10,2027-12-12,unconfirmed,operator,operator:soul-flow-2027-expected,Soul Flow - West Coast Swing Festival,https://www.globalgrandprixwcs.com/,operator_assumption,2026-09-22 12:57:48.278986+00,2026-09-22 12:57:48.278986+00
346,Swingside Invitational,2027,10,2027-10-22,2027-10-24,scheduled,wsdc_calendar,5fe9a6614c422ab66dd34ae8,Swingside Invitational,http://www.swingside-invitational.com,url,2026-09-22 12:56:41.851343+00,2026-09-22 12:56:41.851343+00
286,WCS Festival,2027,10,2027-10-15,2027-10-17,scheduled,wsdc_calendar,aeff0eaade1babe15052fa48,WCS Festival,http://www.wcsfestival.com,url,2026-09-22 12:56:41.851343+00,2026-09-22 12:56:41.851343+00
211,Atlanta Swing Classic,2027,10,2027-10-07,2027-10-10,scheduled,wsdc_calendar,2ce85c3ac33355f90225e4be,Atlanta Swing Classic,https://www.atlantaswingclassic.com/,url,2026-09-22 12:56:41.851343+00,2026-09-22 12:56:41.851343+00
254,Finnfest,2027,9,2027-09-17,2027-09-20,scheduled,wsdc_calendar,a3b5d2f4e273b2edf3df1b8a,Finnfest,https://finnfest.fi/,url,2026-09-22 12:56:41.851343+00,2026-09-22 12:56:41.851343+00
167,Best of the Best WCS,2027,9,2027-09-16,2027-09-19,scheduled,wsdc_calendar,515b5fc82ee6d05b73394c2b,Best of the Best WCS,https://www.bestofthebestwcs.com/,url,2026-09-22 12:56:41.851343+00,2026-09-22 12:56:41.851343+00
135,Desert City Swing,2027,9,2027-09-02,2027-09-06,scheduled,wsdc_calendar,40003e88c037e75bd7c2dc0c,Desert City Swing,https://www.desertcityswing.com,url,2026-09-22 12:56:41.851343+00,2026-09-22 12:56:41.851343+00
119,Chicagoland Country and Swing Dance Festival,2027,8,2027-08-20,2027-08-22,scheduled,wsdc_calendar,94c76665fb7ce6eb4a072ea3,Chicagoland Country and Swing Dance Festival,https://chicagolanddancefestival.com,url,2026-09-22 12:56:41.851343+00,2026-09-22 12:56:41.851343+00
53,Summer Hummer,2027,8,2027-08-19,2027-08-22,scheduled,wsdc_calendar,824671c16208cfafa959cd66,Summer Hummer,https://summerhummerboston.com/,url,2026-09-22 12:56:41.851343+00,2026-09-22 12:56:41.851343+00
356,The Bend Connection,2027,8,2027-08-19,2027-08-22,scheduled,wsdc_calendar,e93edd6912a733570e729f01,The Bend Connection,https://thebendconnection.com,url,2026-09-22 12:56:41.851343+00,2026-09-22 12:56:41.851343+00
384,Grand Party Sofia (GPS),2027,8,2027-08-12,2027-08-16,scheduled,wsdc_calendar,925801deb9e5c97b2ae4adce,Grand Party Sofia (GPS),https://wcs-gps.com/,url,2026-09-22 12:56:41.851343+00,2026-09-22 12:56:41.851343+00
77,Arizona Dance Classic,2027,8,2027-08-06,2027-08-08,scheduled,wsdc_calendar,35cfc9dda4da8643050b8489,Arizona Dance Classic,https://arizonadanceclassic.com/,url,2026-09-22 12:56:41.851343+00,2026-09-22 12:56:41.851343+00
227,Swingtacular: The Galactic Open,2027,8,2027-08-05,2027-08-08,scheduled,wsdc_calendar,f1d0c5cafe205706ae173038,Swingtacular: The Galactic Open,http://www.Swingtacular.art,url,2026-09-22 12:56:41.851343+00,2026-09-22 12:56:41.851343+00
382,Lisbon Westie Fest,2027,8,2027-07-30,2027-08-01,scheduled,wsdc_calendar,ef5a59ebf837315c45c3b46f,Lisbon Westie Fest,https://lisbonwestiefest.com/,url,2026-09-22 12:56:41.851343+00,2026-09-22 12:56:41.851343+00
404,Infinite Swing,2027,8,2027-07-29,2027-08-01,scheduled,wsdc_calendar,e0e29164988662ec78f7e3ee,Infinite Swing,https://www.infinite-swing.com/,url,2026-09-22 12:56:41.851343+00,2026-09-22 12:56:41.851343+00
383,Warsaw Summer Nights Westival,2027,8,2027-07-29,2027-08-02,scheduled,wsdc_calendar,8c25a58f8fd7ea0b7c86a039,Warsaw Summer Nights Westival,https://www.summernightswestival.com,url,2026-09-22 12:56:41.851343+00,2026-09-22 12:56:41.851343+00
149,Florida Dance Magic,2027,7,2027-07-22,2027-07-25,scheduled,wsdc_calendar,b18c3d43e05f3b8b02ac0cfa,Florida Dance Magic,https://floridadancemagic.com,url,2026-09-22 12:56:41.851343+00,2026-09-22 12:56:41.851343+00
280,Saint Petersburg WCS Nights,2027,7,2027-07-22,2027-07-25,scheduled,wsdc_calendar,3898eb5b6894d9b354ba6164,St. Petersburg WCS Nights,http://wcsnights.ru,url,2026-09-22 12:56:41.851343+00,2026-09-22 12:56:41.851343+00
460,Show-Me Showdown,2027,7,2027-07-22,2027-07-25,scheduled,wsdc_calendar,3898eb5b6894d9b354ba6164,St. Petersburg WCS Nights,http://wcsnights.ru,url,2026-08-18 08:59:19.753267+00,2026-08-18 08:59:19.753267+00
224,Midwest Westie Fest,2027,7,2027-07-15,2027-07-18,scheduled,wsdc_calendar,f96eb07ff9da4d802b4a4c70,Midwest Westie Fest,http://www.midwestwestiefest.com,url,2026-09-22 12:56:41.851343+00,2026-09-22 12:56:41.851343+00
385,Revitalise WCS,2027,7,2027-07-15,2027-07-18,scheduled,wsdc_calendar,50944902a4ccc6154f80a5a1,Revitalise WCS,https://revitalisewcs.melbourne/,url,2026-09-22 12:56:41.851343+00,2026-09-22 12:56:41.851343+00
373,Carolina Summer Swing,2027,7,2027-07-08,2027-07-11,scheduled,wsdc_calendar,f8eacdcd9ba7b9ecdb78b844,Carolina Summer Swing,https://carolinasummerswing.com,url,2026-09-22 12:56:41.851343+00,2026-09-22 12:56:41.851343+00
278,Americano Dance Camp,2027,7,2027-07-01,,scheduled,wsdc_calendar,db5a7c60e225a9ed069e3465,Americano Dance Camp,https://t.me/americamodancecamp / https://vk.ru/americano2026,url_host,2026-09-22 12:56:41.851343+00,2026-09-22 12:56:41.851343+00
360,SaunaSwing,2027,7,2027-07-01,,scheduled,wsdc_calendar,575b5b32c1dcc74214992092,SaunaSwing,http://www.ekarolas.com/saunaswing,url,2026-09-22 12:56:41.851343+00,2026-09-22 12:56:41.851343+00
369,FRENCH CONNECTION WCS,2027,6,2027-06-25,2027-06-28,scheduled,wsdc_calendar,89d0ad662f7c634e7b0e1184,French Connection WCS,http://frenchconnectionwcs.com,url,2026-09-22 12:56:41.851343+00,2026-09-22 12:56:41.851343+00
412,Asia WCS Open XIII,2027,6,2027-06-24,2027-06-27,scheduled,wsdc_calendar,6e70e89c639d4ec09dcff0ee,BaroqueSwing,https://baroqueswing.com,name,2026-07-21 10:16:00.276752+00,2026-07-21 10:16:00.276752+00
374,Barock Swing Ludwigsburg,2027,6,2027-06-24,2027-06-27,scheduled,wsdc_calendar,6e70e89c639d4ec09dcff0ee,BaroqueSwing,https://baroqueswing.com,url,2026-09-22 12:56:41.851343+00,2026-09-22 12:56:41.851343+00
96,Liberty Swing Dance Championships,2027,6,2027-06-24,2027-06-28,scheduled,wsdc_calendar,e4dd0927482e13fa58dcb587,Liberty Swing Dance Championships,http://www.libertyswing.com,url,2026-09-22 12:56:41.851343+00,2026-09-22 12:56:41.851343+00
261,Neverland Swing,2027,6,2027-06-24,2027-06-28,scheduled,wsdc_calendar,e40360124b6b4c268e2ca3f2,NeverlandSwing Dutch Swing Championships 2027,http://www.neverlandswing.com,url,2026-09-22 12:56:41.851343+00,2026-09-22 12:56:41.851343+00
162,Swingapalooza,2027,6,2027-06-17,2027-06-20,scheduled,wsdc_calendar,a6b17d5e6d7a7a85e19b7b47,SWINGAPALOOZA,http://www.swingapaloozaevent.com,url,2026-09-22 12:56:41.851343+00,2026-09-22 12:56:41.851343+00
222,Baltic Swing,2027,6,2027-06-10,2027-06-14,scheduled,wsdc_calendar,b9be90ccd8a8b928f10eb9dd,Baltic Swing,http://www.balticswing.com,url,2026-09-22 12:56:41.851343+00,2026-09-22 12:56:41.851343+00
220,D-Town Swing,2027,6,2027-06-10,2027-06-13,scheduled,wsdc_calendar,f3e67b27f73d8a0298f1ae4c,D-TOWNSWING 2027,http://www.d-townswing.com,url,2026-09-22 12:56:41.851343+00,2026-09-22 12:56:41.851343+00
371,Festival City Swing,2027,6,2027-06-03,2027-06-07,scheduled,wsdc_calendar,0c55437ea3471cb9627e5409,Festival City Swing,https://www.fcswing.co.uk/,url,2026-09-22 12:56:41.851343+00,2026-09-22 12:56:41.851343+00
76,Michigan Dance Classic,2027,6,2027-06-03,2027-06-06,scheduled,wsdc_calendar,7b8c80b13cc2108ada2f6047,Michigan Classic,http://MichiganClassicSwing.com,url,2026-09-22 12:56:41.851343+00,2026-09-22 12:56:41.851343+00
22,USA Grand Nationals,2027,5,2027-05-27,2027-05-31,scheduled,wsdc_calendar,5bf826dc40b0b2ef68b8a310,USA Grand National Dance Championships,http://www.usagrandnationals.com,url,2026-09-22 12:56:41.851343+00,2026-09-22 12:56:41.851343+00
364,Nanaimo Dance Fusion,2027,5,2027-05-21,2027-05-23,scheduled,wsdc_calendar,0386fcb6ca19dc85b5bc1691,Nanaimo Dance Fusion,http://www.nanaimodancefusion.ca,url,2026-09-22 12:56:41.851343+00,2026-09-22 12:56:41.851343+00
428,Dutch open West Coast swing,2027,5,2027-05-20,2027-05-23,scheduled,wsdc_calendar,207bdba1fc6a2efeb08174f8,Gateway Swing Classic,http://gatewayswing.com,url,2026-08-08 11:32:16.588488+00,2026-08-08 11:32:16.588488+00
430,FloorPlay New Years Swing Vacation,2027,5,2027-05-20,2027-05-23,scheduled,wsdc_calendar,207bdba1fc6a2efeb08174f8,Gateway Swing Classic,http://gatewayswing.com,url,2026-09-22 12:56:41.851343+00,2026-09-22 12:56:41.851343+00
221,Show Me Showdown,2027,5,2027-05-20,2027-05-23,scheduled,wsdc_calendar,207bdba1fc6a2efeb08174f8,Gateway Swing Classic,http://gatewayswing.com,url,2026-09-08 12:23:53.35443+00,2026-09-08 12:23:53.35443+00
354,Spring Time Swing,2027,5,2027-05-20,2027-05-24,scheduled,wsdc_calendar,6a2fa76491a42cb1136df4e9,Spring Time Swing,https://springtimeswing.com/,url,2026-09-22 12:56:41.851343+00,2026-09-22 12:56:41.851343+00
379,Med in Swing,2027,5,2027-05-14,2027-05-17,scheduled,wsdc_calendar,42a1cb63d5cfb5dbe43b3ad3,Med in Swing,https://www.medinswing.rocks,url,2026-09-22 12:56:41.851343+00,2026-09-22 12:56:41.851343+00
336,SOM - Swing of Music,2027,5,2027-05-14,2027-05-17,scheduled,wsdc_calendar,285f974da18393fa79363f92,SOM-Swing of Music,https://www.swingofmusic.com/,url,2026-09-22 12:56:41.851343+00,2026-09-22 12:56:41.851343+00
205,SOswing,2027,5,2027-05-13,2027-05-16,scheduled,wsdc_calendar,dec2d01cf6c276393794e498,SOswing,http://wwww.soswingdance.com,url,2026-09-22 12:56:41.851343+00,2026-09-22 12:56:41.851343+00
174,Swingsation,2027,5,2027-05-13,2027-05-17,scheduled,wsdc_calendar,806f183da786d88a1b7652c3,Swingsation,https://rawconnection.com.au/swingsation/,url,2026-09-22 12:56:41.851343+00,2026-09-22 12:56:41.851343+00
372,Dance Jam Jack & Jill Weekend,2027,5,2027-05-07,2027-05-09,scheduled,wsdc_calendar,42e5533ac3e6733ad67540c9,Westie Weekend,https://dancejamproductions.com/westieweekend/,url,2026-09-22 12:56:41.851343+00,2026-09-22 12:56:41.851343+00
175,French Open West Coast Swing,2027,5,2027-05-05,2027-05-10,scheduled,wsdc_calendar,c9ef58edc9380effd615c275,French Open WCS,http://www.fowcs.com,url,2026-09-22 12:56:41.851343+00,2026-09-22 12:56:41.851343+00
347,BeeMAD,2027,5,2027-04-29,2027-05-02,scheduled,wsdc_calendar,d1667c2ae99fb9bc30249db0,BeeMAD,https://beemadwcs.com/,url,2026-09-22 12:56:41.851343+00,2026-09-22 12:56:41.851343+00
116,Calgary Dance Stampede,2027,5,2027-04-29,2027-05-02,scheduled,wsdc_calendar,f0e8aab92071237f14b7b6cc,Calgary Dance Stampede,http://www.calgarydancestampede.com,url,2026-09-22 12:56:41.851343+00,2026-09-22 12:56:41.851343+00
187,City of Angels WCS,2027,5,2027-04-29,2027-05-02,scheduled,wsdc_calendar,dbfc1fe3a5123bc308791fa9,City of Angels WCS,https://cityofangelswcs.com/,url,2026-09-22 12:56:41.851343+00,2026-09-22 12:56:41.851343+00
253,Nordic WCS Championships,2027,5,2027-04-29,2027-05-03,scheduled,wsdc_calendar,8c447af66793f24eef18e99d,Nordic WCS Championships,http://www.nordicwcschamps.com,url,2026-09-22 12:56:41.851343+00,2026-09-22 12:56:41.851343+00
144,Swingin' Into Spring,2027,5,2027-04-29,2027-05-02,scheduled,wsdc_calendar,1cd8866ac523c42ccdc69640,Swingin' Into Spring,http://www.sis.djkenm.com,url,2026-09-22 12:56:41.851343+00,2026-09-22 12:56:41.851343+00
278,Americano Dance Camp,2027,4,2027-04-22,2027-04-25,scheduled,wsdc_calendar,ee85219d85cfa5e99b61ddc5,HONEY FEST,https://t.me/honeyfest,url_host,2026-08-11 08:44:33.59145+00,2026-08-11 08:44:33.59145+00
203,Detonation Dance,2027,4,2027-04-22,2027-04-26,scheduled,wsdc_calendar,177ab9b6fc92e510ecae6a30,Detonation Dance,http://www.DetonationDance.com,url,2026-09-22 12:56:41.851343+00,2026-09-22 12:56:41.851343+00
345,HONEY FEST,2027,4,2027-04-22,2027-04-25,scheduled,wsdc_calendar,ee85219d85cfa5e99b61ddc5,HONEY FEST,https://t.me/honeyfest,url,2026-09-22 12:56:41.851343+00,2026-09-22 12:56:41.851343+00
393,Swing in Bloom,2027,4,2027-04-22,2027-04-25,scheduled,wsdc_calendar,2b18442eca2b6a3d1356183f,Swing in Bloom,http://www.swinginbloom.ca,url,2026-09-22 12:56:41.851343+00,2026-09-22 12:56:41.851343+00
370,SwingIN Festival,2027,4,2027-04-22,2027-04-25,scheduled,wsdc_calendar,ed28cf4dab1b3dfc9b062ec2,SwingIn Festival,http://www.swinginfestival.de,url,2026-09-22 12:56:41.851343+00,2026-09-22 12:56:41.851343+00
259,Swingover,2027,4,2027-04-22,2027-04-25,scheduled,wsdc_calendar,6c46998cf8a8dec506bd7952,Swingover 2027,http://swingoverevent.com,url,2026-09-22 12:56:41.851343+00,2026-09-22 12:56:41.851343+00
293,Westy Nantes,2027,4,2027-04-16,2027-04-18,scheduled,wsdc_calendar,12dd04939cc7c2cf4c940810,WESTY NANTES,https://www.westynantes.com/,url,2026-09-22 12:56:41.851343+00,2026-09-22 12:56:41.851343+00
218,Asia West Coast Swing Open,2027,4,2027-04-15,2027-04-18,scheduled,wsdc_calendar,9eb4e92c441cadd7a288df00,Asia WCS Open 2027,https://asiawcsopen.com/,url,2026-09-22 12:56:41.851343+00,2026-09-22 12:56:41.851343+00
352,Slovenian Open,2027,4,2027-04-14,2027-04-19,scheduled,wsdc_calendar,57fd268088f41cacf7ecb9a8,Slovenian Open,https://slovenianopen.dance/,url,2026-09-22 12:56:41.851343+00,2026-09-22 12:56:41.851343+00
210,Korean Open WCS Championships,2027,4,2027-04-08,2027-04-11,scheduled,wsdc_calendar,4387e59e411ddba91259cfa1,KOREAN OPEN WCS CHAMPIONSHIPS,https://www.kopenwcs.com,url,2026-09-22 12:56:41.851343+00,2026-09-22 12:56:41.851343+00
304,Swing In Capital,2027,4,2027-04-01,2027-04-04,scheduled,wsdc_calendar,23321d869097a09168899c9b,Swing In Capital,https://swingincapital.com,name,2026-09-22 12:56:41.851343+00,2026-09-22 12:56:41.851343+00
18,Easter Swing,2027,3,2027-03-25,2027-03-28,scheduled,wsdc_calendar,aa533072fad248f8c14e2bfa,Easter Swing,https://easterswing.org/,url,2026-09-22 12:56:41.851343+00,2026-09-22 12:56:41.851343+00
132,Tulsa Spring Swing,2027,3,2027-03-25,2027-03-28,scheduled,wsdc_calendar,242d95ad21d0060d7ca2609a,TULSA SPRING SWING,http://www.TulsaSpringSwing.com,url,2026-09-22 12:56:41.851343+00,2026-09-22 12:56:41.851343+00
154,UK WCS Championships,2027,3,2027-03-25,2027-03-29,scheduled,wsdc_calendar,29a5754366eff0b24ddda947,UK West Coast Swing Championships,http://www.ukwcschamps.com,url,2026-09-22 12:56:41.851343+00,2026-09-22 12:56:41.851343+00
9,Boston Tea Party,2027,3,2027-03-19,2027-03-22,scheduled,wsdc_calendar,c0545522b66295dbe663f22b,The Boston Tea Party,http://teapartyswings.com,url,2026-09-22 12:56:41.851343+00,2026-09-22 12:56:41.851343+00
292,King Swing,2027,3,2027-03-18,2027-03-22,scheduled,wsdc_calendar,16342930deeee3448a06aa86,King Swing,https://kingswing.pl,url,2026-09-22 12:56:41.851343+00,2026-09-22 12:56:41.851343+00
142,The Chicago Classic,2027,3,2027-03-18,2027-03-21,scheduled,wsdc_calendar,ef86cc2d04c4085fa11b168a,The Chicago Classic,https://thechicagoclassic.com/,url,2026-09-22 12:56:41.851343+00,2026-09-22 12:56:41.851343+00
186,West in Lyon,2027,3,2027-03-18,2027-03-22,scheduled,wsdc_calendar,cc64d82b7e7b5bc97ab01192,West In Lyon,http://www.west-in-lyon.fr,url,2026-09-22 12:56:41.851343+00,2026-09-22 12:56:41.851343+00
143,High Desert Dance Classic,2027,3,2027-03-12,2027-03-14,scheduled,wsdc_calendar,22c83f815d1f7c50990efe55,High Desert Dance Classic,http://www.highdesertdanceclassic.com,url,2026-09-22 12:56:41.851343+00,2026-09-22 12:56:41.851343+00
197,5280 Westival,2027,3,2027-03-11,2027-03-15,scheduled,wsdc_calendar,d2605cdb9c5528d401dfc5f0,5280 Westival,http://www.5280westival.com,url,2026-09-22 12:56:41.851343+00,2026-09-22 12:56:41.851343+00
275,Dutch Open West Coast Swing,2027,3,2027-03-11,2027-03-14,scheduled,wsdc_calendar,ac9861f3c21a0de7441dda4e,Dutch Open Wcs,http://www.dutchopenwcs.com,url,2026-09-22 12:56:41.851343+00,2026-09-22 12:56:41.851343+00
153,Novice Invitational,2027,3,2027-03-11,2027-03-14,scheduled,wsdc_calendar,5cb418e1cefe86f59aa9c02c,H-Town Throw Down 2027,http://www.htownthrowdownwcs.com,url,2026-09-22 12:56:41.851343+00,2026-09-22 12:56:41.851343+00
314,Westie Spring Thing,2027,3,2027-03-11,2027-03-14,scheduled,wsdc_calendar,cbc982b65580c7c59ae375fc,Westie Spring Thing,https://westiespringthing.com,url,2026-09-22 12:56:41.851343+00,2026-09-22 12:56:41.851343+00
232,Norway Westie Fest,2027,3,2027-03-05,2027-03-08,scheduled,wsdc_calendar,025937ca39e86c62d3fb8333,Norway Westie Fest,https://www.norwaywestiefest.com/,url,2026-09-22 12:56:41.851343+00,2026-09-22 12:56:41.851343+00
333,Swingvasion,2027,3,2027-03-05,2027-03-07,scheduled,wsdc_calendar,97caf01900cc44471500cc66,Swingvasion,https://swingvasion.nz/,url,2026-09-22 12:56:41.851343+00,2026-09-22 12:56:41.851343+00
92,MADjam,2027,3,2027-03-04,2027-03-08,scheduled,wsdc_calendar,1373dc45d44794e1f62c553f,MADjam (Mid Atlantic Dance Jam),http://www.atlanticdancejam.com,url,2026-09-22 12:56:41.851343+00,2026-09-22 12:56:41.851343+00
378,New York Flow Festival,2027,2,2027-02-26,,scheduled,wsdc_calendar,46bf56ad183180f8570e88f4,New York Flow Festival,https://www.flowfest.nyc,url,2026-09-22 12:56:41.851343+00,2026-09-22 12:56:41.851343+00
272,Paris Westie Fest,2027,3,2027-02-25,2027-03-01,scheduled,wsdc_calendar,3760aeff8a051bdb04ac6337,Paris Swing Classic,http://Https://parisswingclassic.com,name,2026-09-22 12:56:41.851343+00,2026-09-22 12:56:41.851343+00
244,Rose City Swing,2027,2,2027-02-25,2027-02-28,scheduled,wsdc_calendar,4f69295ab8d7604e6cf80d04,Rose City Swing,https://rosecityswing.com,url,2026-09-22 12:56:41.851343+00,2026-09-22 12:56:41.851343+00
394,Southern Lights Swing,2027,2,2027-02-25,2027-02-28,scheduled,wsdc_calendar,0c198929a933851cbd90fd14,Southern Lights Swing,http://www.southernlightsswing.com.au,url,2026-09-22 12:56:41.851343+00,2026-09-22 12:56:41.851343+00
297,Winter Coast Swing,2027,2,2027-02-25,2027-02-28,scheduled,wsdc_calendar,7b3d6fff92c0354d3876aa80,Winter Coast Swing,https://www.wintercoastswing.com,url,2026-09-22 12:56:41.851343+00,2026-09-22 12:56:41.851343+00
386,Prague Alchemy Swing,2027,2,2027-02-19,2027-02-21,scheduled,wsdc_calendar,c49284ca484a8983ae077ae6,Prague Alchemy Swing,https://praguealchemyswing.cz/,url,2026-09-22 12:56:41.851343+00,2026-09-22 12:56:41.851343+00
310,Valentine Swing,2027,2,2027-02-19,2027-02-22,scheduled,wsdc_calendar,b38034eb233fca768a67e52d,Valentine Swing,http://www.valentineswing.dance,url,2026-09-22 12:56:41.851343+00,2026-09-22 12:56:41.851343+00
344,Arousa Westie Fest,2027,2,2027-02-18,2027-02-21,scheduled,wsdc_calendar,a6cf29c8f6b7b6f1bd2801ec,Arousa Westie Fest,https://www.arousawestiefest.com,url,2026-09-22 12:56:41.851343+00,2026-09-22 12:56:41.851343+00
343,Swing Crush,2027,2,2027-02-18,2027-02-22,scheduled,wsdc_calendar,00ed3769889c16f69af8e633,Swing Crush,https://swingcrush.com/,url,2026-09-22 12:56:41.851343+00,2026-09-22 12:56:41.851343+00
12,Capital Swing Dance Convention,2027,2,2027-02-11,2027-02-14,scheduled,wsdc_calendar,acbb3f4971f5ed55a4699a8c,Capital Swing Convention,http://www.capitalswingconvention.com,url,2026-09-22 12:56:41.851343+00,2026-09-22 12:56:41.851343+00
348,Euro Dance Festival,2027,2,2027-02-09,2027-02-14,scheduled,wsdc_calendar,a4f568d45ef14d2c739e3f69,Euro Dance Festival,https://www.euro-dance-festival.com,url,2026-09-22 12:56:41.851343+00,2026-09-22 12:56:41.851343+00
363,Trinity Swing,2027,2,2027-02-05,2027-02-07,scheduled,wsdc_calendar,1150c8d16a7c652d14f37329,Trinity Swing,http://www.Trinityswing.com,url,2026-09-22 12:56:41.851343+00,2026-09-22 12:56:41.851343+00
273,Charlotte Westie Fest,2027,2,2027-02-04,2027-02-07,scheduled,wsdc_calendar,456e9587ab408a61ee8fb8dd,Charlotte WestieFest,https://charlottewestiefest.com/,url,2026-09-22 12:56:41.851343+00,2026-09-22 12:56:41.851343+00
215,Swing & Snow,2027,2,2027-02-04,2027-02-07,scheduled,wsdc_calendar,d7984f99b7b4eb2801ee886d,Swing & Snow,http://swingandsnow.ru,url,2026-09-22 12:56:41.851343+00,2026-09-22 12:56:41.851343+00
258,Swingtzerland,2027,2,2027-02-04,2027-02-07,scheduled,wsdc_calendar,a62ad73a60b0e6e6f9fa2e10,Swingtzerland,https://swingtzerland.com/,url,2026-09-22 12:56:41.851343+00,2026-09-22 12:56:41.851343+00
387,Waterloo Ontario Open West Coast Swing Championships,2027,2,2027-02-04,2027-02-07,scheduled,wsdc_calendar,94dd6b167f835a486ea3ebec,Waterloo Ontario Open West Coast Swing Championships,http://www.waterlooopenwcs.com,url,2026-09-22 12:56:41.851343+00,2026-09-22 12:56:41.851343+00
183,Freedom Swing Dance Challenge,2027,1,2027-01-22,2027-01-24,scheduled,wsdc_calendar,885bf306df9d2904e6719f8b,Freedom Swing Dance Challenge,https://freedomswingdance.com/,url,2026-09-22 12:56:41.851343+00,2026-09-22 12:56:41.851343+00
242,Derby City Swing,2027,1,2027-01-21,2027-01-24,scheduled,wsdc_calendar,fd4820df09caec60306ecb5c,Derby City Swing,https://derbycityswing.com/,url,2026-09-22 12:56:41.851343+00,2026-09-22 12:56:41.851343+00
301,Swing Resolution,2027,1,2027-01-21,2027-01-25,scheduled,wsdc_calendar,348e923e061ad80ae931705c,SWING RESOLUTION,http://www.swingresolution.com,url,2026-09-22 12:56:41.851343+00,2026-09-22 12:56:41.851343+00
309,Avignon City Swing,2027,1,2027-01-15,2027-01-17,scheduled,wsdc_calendar,e1d9833f24ce487d85fdd220,Avignon City Swing,https://www.avignoncityswing.com/,url,2026-09-22 12:56:41.851343+00,2026-09-22 12:56:41.851343+00
62,Monterey SwingFest,2027,1,2027-01-15,2027-01-17,scheduled,wsdc_calendar,4e8f029ff9764913b91ef381,Monterey Swing Fest,http://www.montereyswing.com,url,2026-09-22 12:56:41.851343+00,2026-09-22 12:56:41.851343+00
200,Austin Swing Dance Championships,2027,1,2027-01-14,2027-01-17,scheduled,wsdc_calendar,02fe2e08635061dd65b6643b,Austin Swing Dance Championships,https://austinswingdance.com,url,2026-09-22 12:56:41.851343+00,2026-09-22 12:56:41.851343+00
196,SwingCouver,2027,1,2027-01-07,2027-01-11,scheduled,wsdc_calendar,8e9d2f0dbe5d184365b8112e,SwingCo,https://swingco.dance/,url,2026-09-22 12:56:41.851343+00,2026-09-22 12:56:41.851343+00
184,BudaFest Open WCS Championships,2027,1,2027-01-05,2027-01-10,scheduled,wsdc_calendar,f0ac9f7662095c059e33b588,BudaFest Open WCS Championships,http://wcs-budafest.com,url,2026-09-22 12:56:41.851343+00,2026-09-22 12:56:41.851343+00
334,Countdown Swing Boston,2027,1,2026-12-31,2027-01-03,scheduled,wsdc_calendar,b67285afe74986042474995d,Countdown Swing Boston,http://Countdownswingboston.com,url,2026-09-22 12:56:41.851343+00,2026-09-22 12:56:41.851343+00
240,Westie Gala,2027,1,2026-12-31,2027-01-04,scheduled,wsdc_calendar,1fb9bccd04bd5603050fff13,Westie Gala,http://www.westiegala.com,url,2026-09-22 12:56:41.851343+00,2026-09-22 12:56:41.851343+00
42,Floorplay Swing Vacation,2027,1,2026-12-30,2027-01-03,scheduled,wsdc_calendar,3d1a373a646fd7a9259aa177,Floorplay Swing Vacation,http://www.floorplayswingvacation.com,url,2026-09-22 12:56:41.851343+00,2026-09-22 12:56:41.851343+00
214,New Year's Swing Fling,2027,1,2026-12-30,2027-01-03,scheduled,wsdc_calendar,806db9430ca1669dbdd1db68,New Years Swing Fling,http://nysf.uk,url,2026-09-22 12:56:41.851343+00,2026-09-22 12:56:41.851343+00
141,Spotlight New Year's Celebration,2027,1,2026-12-30,2027-01-03,scheduled,wsdc_calendar,265041bf8f9831e810135cfd,Spotlight New Year's Celebration,http://www.spotlightnewyears.com,url,2026-09-22 12:56:41.851343+00,2026-09-22 12:56:41.851343+00
289,SwingVester,2027,1,2026-12-30,,scheduled,wsdc_calendar,d8a575f459c377efad9e5a4b,SwingVester,https://www.swingvester.com/,url,2026-09-22 12:56:41.851343+00,2026-09-22 12:56:41.851343+00
75,UCWDC Country Dance World Championship,2027,1,2026-12-28,2027-01-03,scheduled,wsdc_calendar,9a31883cf60e263f75d348e9,UCWDC Country Dance World Championships,http://www.ucwdcworlds.com,url,2026-09-22 12:56:41.851343+00,2026-09-22 12:56:41.851343+00
152,Worlds UCWDC,2027,1,2026-12-28,2027-01-03,scheduled,wsdc_calendar,9a31883cf60e263f75d348e9,UCWDC Country Dance World Championships,http://www.ucwdcworlds.com,url,2026-08-05 14:01:17.58923+00,2026-08-05 14:01:17.58923+00
990001,Soul Flow - West Coast Swing Festival,2026,12,2026-12-11,2026-12-13,hiatus,operator,operator:soul-flow-2026-hiatus,Soul Flow - West Coast Swing Festival (Hiatus -- 2026),https://www.globalgrandprixwcs.com/,operator_assumption,2026-09-22 12:57:48.278986+00,2026-09-22 12:57:48.278986+00
271,Berlin Swing Revolution,2026,12,2026-12-10,2026-12-13,scheduled,wsdc_calendar,f834b6a8821e2000d3f24be0,Berlin Swing Revolution,https://berlinswingrevolution.com,url,2026-09-22 12:56:41.851343+00,2026-09-22 12:56:41.851343+00
377,Santa Swing,2026,12,2026-12-10,2026-12-14,scheduled,wsdc_calendar,49309596f969680bb9de4375,Santa Swing,https://www.santaswing.pl/,url,2026-09-22 12:56:41.851343+00,2026-09-22 12:56:41.851343+00
212,The After Party (TAP),2026,12,2026-12-03,2026-12-07,scheduled,wsdc_calendar,97eb135e127073c6daee3b12,The After Party aka TAP,http://www.tapwcs.com,url,2026-09-22 12:56:41.851343+00,2026-09-22 12:56:41.851343+00
238,Winter White,2026,12,2026-12-03,2026-12-06,scheduled,wsdc_calendar,0d4c58ceaf835baa2113f218,Winter White,http://www.winterwhite.no,url,2026-09-22 12:56:41.851343+00,2026-09-22 12:56:41.851343+00
87,CASH Bash,2026,11,2026-11-26,2026-11-29,scheduled,wsdc_calendar,39721cb14cb1a28b0cb9930a,CASH Bash,https://cashdanceclub.org/cash-bash/,url,2026-09-22 12:56:41.851343+00,2026-09-22 12:56:41.851343+00
68,US Open Swing Dance Championships,2026,11,2026-11-25,2026-11-29,scheduled,wsdc_calendar,7e1806f78d93719855097003,The Open Swing Dance  Championships,http://www.theopenswing.com,url,2026-09-22 12:56:41.851343+00,2026-09-22 12:56:41.851343+00
181,DC Swing eXperience (DCSX),2026,11,2026-11-19,2026-11-22,scheduled,wsdc_calendar,d77c34c437ac161c6918fbf4,DC Swing eXperience (DCSX),http://www.dcswingexperience.com,url,2026-09-22 12:56:41.851343+00,2026-09-22 12:56:41.851343+00
323,Westies on the Water,2026,11,2026-11-19,2026-11-22,scheduled,wsdc_calendar,6e93d1b373c17f8d46b48af3,Rocket City Swing,http://rocketcityswing.com,url,2026-09-22 12:56:41.851343+00,2026-09-22 12:56:41.851343+00
269,Autumn Swing Challenge,2026,11,2026-11-13,2026-11-15,scheduled,wsdc_calendar,9f3381c9ca7f0829dbd6b7a5,Autumn Swing Challenge,http://www.asc-budapest.com,url,2026-09-22 12:56:41.851343+00,2026-09-22 12:56:41.851343+00
365,Flowstate | West Coast Swing & Zouk Festival,2026,11,2026-11-13,2026-11-15,scheduled,wsdc_calendar,46ccc909e1caf0069aee734a,Flowstate | West Coast Swing & Zouk Festival,http://www.Flowstatefest.com,url,2026-09-22 12:56:41.851343+00,2026-09-22 12:56:41.851343+00
288,Midnight Madness,2026,11,2026-11-12,2026-11-15,scheduled,wsdc_calendar,6c7a6245c6d0bdba6e3ca39d,Midnight Madness WCS 2026,http://www.MidnightMadnessWCS.com,url,2026-09-22 12:56:41.851343+00,2026-09-22 12:56:41.851343+00
376,Northeast Swing Classic,2026,11,2026-11-12,2026-11-15,scheduled,wsdc_calendar,6d27462b10b73cc31af716da,Northeast Swing Classic,http://www.northeastswingclassic.com,url,2026-09-22 12:56:41.851343+00,2026-09-22 12:56:41.851343+00
270,Westie's Angels,2026,11,2026-11-12,2026-11-15,scheduled,wsdc_calendar,2cc789834be3ba9d6f496f75,Westie's Angels,http://www.frenchywesty.com,url,2026-09-22 12:56:41.851343+00,2026-09-22 12:56:41.851343+00
194,Moscow Westie Fest,2026,11,2026-11-06,2026-11-08,scheduled,wsdc_calendar,2a18c1f364a291f4f9928bac,Moscow Westie Fest Gala Edition,http://westiefest.org/,url,2026-09-22 12:56:41.851343+00,2026-09-22 12:56:41.851343+00
312,Westie Pink City,2026,11,2026-11-06,2026-11-08,scheduled,wsdc_calendar,aa5efa615829cdccc05f424d,Westie Pink City,http://www.westiepinkcity.fr,url,2026-09-22 12:56:41.851343+00,2026-09-22 12:56:41.851343+00
441,Korean Open WCS Championsips,2026,11,2026-11-05,2026-11-08,scheduled,wsdc_calendar,5df815d9ce1315224c001f44,Mountain Magic Dance Convention,http://mountainmagic.dance,url,2026-08-18 08:59:19.753267+00,2026-08-18 08:59:19.753267+00
443,Meet Me in St. Louis Swing Dance Championships,2026,11,2026-11-05,2026-11-08,scheduled,wsdc_calendar,5df815d9ce1315224c001f44,Mountain Magic Dance Convention,http://mountainmagic.dance,url,2026-09-22 12:56:41.851343+00,2026-09-22 12:56:41.851343+00
444,Monterey Swingfest (Cancelled due to Covid-19),2026,11,2026-11-05,2026-11-08,scheduled,wsdc_calendar,5df815d9ce1315224c001f44,Mountain Magic Dance Convention,http://mountainmagic.dance,url,2026-09-01 12:53:45.316664+00,2026-09-01 12:53:45.316664+00
31,Mountain Magic,2026,11,2026-11-05,2026-11-08,scheduled,wsdc_calendar,5df815d9ce1315224c001f44,Mountain Magic Dance Convention,http://mountainmagic.dance,url,2026-09-08 12:23:53.35443+00,2026-09-08 12:23:53.35443+00
79,Sea to Sky,2026,11,2026-11-05,,scheduled,wsdc_calendar,267c5c38307061d765d6841c,Sea to Sky Seattle,http://Seatoskywcs.com,url,2026-09-22 12:56:41.851343+00,2026-09-22 12:56:41.851343+00
330,Simply Adelaide West Coast Swing,2026,11,2026-11-05,2026-11-08,scheduled,wsdc_calendar,64b9c744f6990fa57a068af9,Simply Adelaide West Coast Swing,http://www.simplyadelaidewcs.com.au,url,2026-09-22 12:56:41.851343+00,2026-09-22 12:56:41.851343+00
137,Tampa Bay Classic,2026,11,2026-11-05,2026-11-08,scheduled,wsdc_calendar,37aebccd498ff0cc883b0d0a,Tampa Bay Classic,http://www.tbcwcs.com,url,2026-09-22 12:56:41.851343+00,2026-09-22 12:56:41.851343+00
340,Spooky Westie Weekend,2026,11,2026-10-29,2026-11-01,scheduled,wsdc_calendar,2d52dfcc0e676c47d89ab1d3,Spooky Westie Weekend,https://spookywestieweekend.com/,url,2026-09-22 12:56:41.851343+00,2026-09-22 12:56:41.851343+00
236,Warsaw Halloween Swing,2026,11,2026-10-29,2026-11-02,scheduled,wsdc_calendar,359c690048b2bb2978c21856,Warsaw Halloween Swing,http://www.warsawhalloweenswing.com,url,2026-09-22 12:56:41.851343+00,2026-09-22 12:56:41.851343+00
229,Scandinavian Open,2026,11,2026-10-28,2026-11-02,scheduled,wsdc_calendar,b3f14e09dd2097b15eeb2515,"Scandinavian Open WCS ""SNOW""",http://www.snowcs.se,url,2026-09-22 12:56:41.851343+00,2026-09-22 12:56:41.851343+00
350,Augsburg Westie Station,2026,10,2026-10-22,2026-10-25,scheduled,wsdc_calendar,b677c51d58a48bb0dafb12c6,Augsburg Westie Station,https://www.augsburgwestiestation.com/,url,2026-09-22 12:56:41.851343+00,2026-09-22 12:56:41.851343+00
65,Halloween SwingThing,2026,10,2026-10-22,2026-10-25,scheduled,wsdc_calendar,0dae37e4b2e9e5c60a3ffd87,Halloween SwingThing,http://Hstswing.com,url,2026-09-22 12:56:41.851343+00,2026-09-22 12:56:41.851343+00
380,SASS Spooky Albany Swing Spectacular,2026,10,2026-10-22,2026-10-25,scheduled,wsdc_calendar,c19a0c0b39051a0a674cd4df,SASS- Spooky Albany Swing Spectacular,http://www.spookyalbanyswing.com,url,2026-09-22 12:56:41.851343+00,2026-09-22 12:56:41.851343+00
125,Swing City Chicago,2026,10,2026-10-22,2026-10-25,scheduled,wsdc_calendar,4e3a3aefb59eb188b5826016,Swing City Chicago,https://swingcitychicago.com,url,2026-09-22 12:56:41.851343+00,2026-09-22 12:56:41.851343+00
346,Swingside Invitational,2026,10,2026-10-22,2026-10-24,scheduled,wsdc_calendar,0a34dbf37538b2155c2a5fc2,Swingside Invitational,http://www.swingside-invitational.com,url,2026-09-22 12:56:41.851343+00,2026-09-22 12:56:41.851343+00
267,Swustlicious,2026,10,2026-10-16,2026-10-18,scheduled,wsdc_calendar,5fd0811df39b6befac05a033,Swustlicious,http://www.swustlicious.com,url,2026-09-22 12:56:41.851343+00,2026-09-22 12:56:41.851343+00
322,Milan Modern Swing,2026,10,2026-10-15,2026-10-18,scheduled,wsdc_calendar,c14fabb534dd47417aa878eb,Milan Modern Swing,https://www.westcoastswingmilan.com/,url,2026-09-22 12:56:41.851343+00,2026-09-22 12:56:41.851343+00
179,New Zealand Open Swing Dance Championships,2026,10,2026-10-15,2026-10-18,scheduled,wsdc_calendar,115e48131a7d9cc962d95d0d,The New Zealand West Coast Swing Open,https://www.streetswing.co.nz/the-new-zealand-open,url,2026-09-22 12:56:41.851343+00,2026-09-22 12:56:41.851343+00
43,Paradise Dance Festival,2026,10,2026-10-15,2026-10-18,scheduled,wsdc_calendar,109862c6a04aadfe8cebcdba,Paradise dance Festival,https://paradisecountrydancefestival.com/,url,2026-09-22 12:56:41.851343+00,2026-09-22 12:56:41.851343+00
286,WCS Festival,2026,10,2026-10-15,2026-10-17,scheduled,wsdc_calendar,3cc38a85b16b4016c389a952,WCS Festival,http://www.wcsfestival.com,url,2026-09-22 12:56:41.851343+00,2026-09-22 12:56:41.851343+00
178,Montreal Westie Fest,2026,10,2026-10-09,2026-10-11,scheduled,wsdc_calendar,f50a6312b7f4823c07af0617,Montreal Westie Fest,http://montrealwestiefest.com,url,2026-09-22 12:56:41.851343+00,2026-09-22 12:56:41.851343+00
8,Boogie By The Bay,2026,10,2026-10-08,2026-10-12,scheduled,wsdc_calendar,fba93e3875ae13599366b4aa,Boogie By The Bay,https://boogiebythebay.com,url,2026-09-22 12:56:41.851343+00,2026-09-22 12:56:41.851343+00
211,Atlanta Swing Classic,2026,10,2026-10-01,2026-10-04,scheduled,wsdc_calendar,59e7e956ef53f4dc4eeca27a,Atlanta Swing Classic,https://www.atlantaswingclassic.com/,url,2026-09-22 12:56:41.851343+00,2026-09-22 12:56:41.851343+00
388,Norwegian Open WCS,2026,10,2026-10-01,2026-10-04,scheduled,wsdc_calendar,cfb58853d68c552a8f01e344,Norwegian Open WCS,https://norwegianopen.no/,url,2026-09-22 12:56:41.851343+00,2026-09-22 12:56:41.851343+00
234,Philly Swing Classic,2026,9,2026-09-25,2026-09-27,scheduled,wsdc_calendar,fbea6c0445da8892648509a9,Philly Swing Classic,https://phillyswing.com/,url,2026-09-22 12:56:41.851343+00,2026-09-22 12:56:41.851343+00
167,Best of the Best WCS,2026,9,2026-09-24,2026-09-27,scheduled,wsdc_calendar,78295b5aab544e501c464780,Best of the Best WCS,https://www.bestofthebestwcs.com/,url,2026-09-22 12:56:41.851343+00,2026-09-22 12:56:41.851343+00
324,Calgary Town Open,2026,9,2026-09-24,2026-09-27,scheduled,wsdc_calendar,add005889e519f9bc6ddf94a,Calgary Town Open,https://ctodance.ca,url,2026-09-22 12:56:41.851343+00,2026-09-22 12:56:41.851343+00
131,Meet Me In St Louis,2026,9,2026-09-24,2026-09-28,scheduled,wsdc_calendar,147cad01c9a6aee60b134f2c,Meet Me In St Louis,http://Www.mmisl.com,url,2026-09-22 12:56:41.851343+00,2026-09-22 12:56:41.851343+00
165,Midland Swing Open,2026,9,2026-09-24,2026-09-28,scheduled,wsdc_calendar,6e214887a8af8ea8b0d2534e,Midland Swing Open,http://www.MidlandSwingOpen.com,url,2026-09-22 12:56:41.851343+00,2026-09-22 12:56:41.851343+00
361,Mooseland Swing,2026,9,2026-09-24,2026-09-28,scheduled,wsdc_calendar,33c49f10e0fa752d3de8b00b,Mooseland Swing 2026,https://mooselandswing.com/,url,2026-09-22 12:56:41.851343+00,2026-09-22 12:56:41.851343+00
355,The Aloha Open,2026,9,2026-09-23,2026-09-27,scheduled,wsdc_calendar,0a8fc0e18bc2cd5e937a906d,The Aloha Open,http://www.alohaopenwcs.com,url,2026-09-22 12:56:41.851343+00,2026-09-22 12:56:41.851343+00
300,Austin Rocks,2026,9,2026-09-18,2026-09-20,scheduled,wsdc_calendar,2c4985b806ac7747771376a4,Austin Rocks,https://atxrox.com/,url,2026-09-22 12:56:41.851343+00,2026-09-22 12:56:41.851343+00
254,Finnfest,2026,9,2026-09-18,2026-09-21,scheduled,wsdc_calendar,b867f95f3c7c6ab3172a3831,Finnfest,http://www.finnfest.fi,url,2026-09-22 12:56:41.851343+00,2026-09-22 12:56:41.851343+00
342,Global Grand Prix - West Coast Swing Reunion,2026,9,2026-09-18,2026-09-21,scheduled,wsdc_calendar,65a31d4fdddb0948b8aa5db3,Global Grand Prix -- West Coast Swing Championships,https://www.globalgrandprixwcs.com/,url+remap_stale_event_id,2026-09-22 12:56:41.851343+00,2026-09-24 09:23:35.534828+00
359,Retaliation Swing,2026,9,2026-09-17,2026-09-20,scheduled,wsdc_calendar,808314a1766a25ce99e6a96a,Retaliation Swing,https://www.retaliationswing.com,url,2026-09-22 12:56:41.851343+00,2026-09-22 12:56:41.851343+00
357,WCS Party,2026,9,2026-09-17,2026-09-21,scheduled,wsdc_calendar,425189a64da40adad2681b07,WCS Party in Vienna,https://www.wcsparty.com/,url,2026-09-22 12:56:41.851343+00,2026-09-22 12:56:41.851343+00
338,Sea Dance Fest,2026,9,2026-09-11,2026-09-13,scheduled,wsdc_calendar,e7937302604f06572512a5aa,Sea Dance Fest,https://vk.com/seadancefest,url,2026-09-22 12:56:41.851343+00,2026-09-22 12:56:41.851343+00
233,Bavarian Open,2026,9,2026-09-10,2026-09-14,scheduled,wsdc_calendar,59e55b8dbf3b1581e88fd4b7,Bavarian Open West Coast Swing Championships,https://bavarianopen.com,url,2026-09-22 12:56:41.851343+00,2026-09-22 12:56:41.851343+00
47,SwingTime Denver,2026,9,2026-09-10,2026-09-13,scheduled,wsdc_calendar,2af17daff7234bfc1226e5f5,SwingTime Denver,http://www.swingtimewcs.com,url,2026-09-22 12:56:41.851343+00,2026-09-22 12:56:41.851343+00
231,Trilogy Swing,2026,9,2026-09-10,2026-09-13,scheduled,wsdc_calendar,ab0c1d2ca2096352d46ad7c5,Trilogy Swing,https://trilogywcs.com/,url,2026-09-22 12:56:41.851343+00,2026-09-22 12:56:41.851343+00
177,River City Swing,2026,9,2026-09-04,2026-09-07,scheduled,wsdc_calendar,83d85055ab0a9ddcf83a4e0a,Jax Westie Fest,http://www.jaxwestiefest.com,name,2026-09-22 12:56:41.851343+00,2026-09-22 12:56:41.851343+00
268,Korea Westival,2026,9,2026-09-03,2026-09-06,scheduled,wsdc_calendar,fcb94a4342efedf86c0f9a4c,Korea Westival,http://koreawestival.com,url,2026-09-22 12:56:41.851343+00,2026-09-22 12:56:41.851343+00
48,South Bay Dance Fling,2026,9,2026-09-03,2026-09-07,scheduled,wsdc_calendar,817d46b7445e6cc97c4c9dc5,South Bay Dance Fling,https://sbdf.dance/,url,2026-09-22 12:56:41.851343+00,2026-09-22 12:56:41.851343+00
339,Bristol Swing Fiesta,2026,8,2026-08-28,2026-08-30,scheduled,wsdc_calendar,6e75503f5c7e438cf016399c,Bristol Swing Fiesta,https://www.bristolcityswing.com/bsf,url,2026-09-22 12:56:41.851343+00,2026-09-22 12:56:41.851343+00
135,Desert City Swing,2026,8,2026-08-27,2026-08-30,scheduled,wsdc_calendar,3c0023dca48b84525b39af78,Desert City Swing,http://www.desertcityswing.com,url,2026-09-22 12:56:41.851343+00,2026-09-22 12:56:41.851343+00
313,Rolling Swing,2026,8,2026-08-27,2026-08-31,scheduled,wsdc_calendar,0c9f27d896a78942522a77dc,Rolling Swing,http://www.frenchywesty.com,url,2026-09-22 12:56:41.851343+00,2026-09-22 12:56:41.851343+00
119,Chicagoland Country and Swing Dance Festival,2026,8,2026-08-21,2026-08-23,scheduled,wsdc_calendar,60ba1b6056cb977623ec8064,Chicagoland Country and Swing Dance Festival,http://www.chicagolanddancefestival.com,url,2026-09-22 12:56:41.851343+00,2026-09-22 12:56:41.851343+00
400,Manneken Swing,2026,8,2026-08-21,2026-08-23,scheduled,wsdc_calendar,d6da1946dde9d4d6a0dd88d5,Manneken Swing,https://www.mannekenswing.com,name,2026-09-22 12:56:41.851343+00,2026-09-22 12:56:41.851343+00
407,Westie Joy,2026,8,2026-08-21,2026-08-23,scheduled,wsdc_calendar,dd68305c3ac38eadb87a5a5a,Westie Joy,https://www.westiejoy.com/,name,2026-09-22 12:56:41.851343+00,2026-09-22 12:56:41.851343+00
298,Shakedown Swing,2026,8,2026-08-20,2026-08-23,scheduled,wsdc_calendar,646321624c37f590d56e85aa,Shakedown Swing,http://www.code03swing.com/shakedown,url,2026-09-22 12:56:41.851343+00,2026-09-22 12:56:41.851343+00
53,Summer Hummer,2026,8,2026-08-20,2026-08-23,scheduled,wsdc_calendar,72481c1fcb3d03e9e2a2b6e5,Summer Hummer,http://Summerhummerboston.com,url,2026-09-22 12:56:41.851343+00,2026-09-22 12:56:41.851343+00
401,Swing Creation Hamburg,2026,8,2026-08-20,2026-08-23,scheduled,wsdc_calendar,3957a219c71bf0e9eeea75bc,Swing Creation Hamburg,http://hamburgswing.dance,name,2026-09-22 12:56:41.851343+00,2026-09-22 12:56:41.851343+00
356,The Bend Connection,2026,8,2026-08-20,2026-08-23,scheduled,wsdc_calendar,f3bb0061917b5b97537a937a,The Bend Connection,http://thebendconnection.com,url,2026-09-22 12:56:41.851343+00,2026-09-22 12:56:41.851343+00
384,Grand Party Sofia (GPS),2026,8,2026-08-14,2026-08-17,scheduled,wsdc_calendar,082f42a7e47044412f8f7362,Grand Party Sofia (GPS),https://wcs-gps.com/,url,2026-09-22 12:56:41.851343+00,2026-09-22 12:56:41.851343+00
264,UpTown Swing,2026,8,2026-08-14,2026-08-17,scheduled,wsdc_calendar,5bc8004ec3ef52e3227c452b,UpTown Swing,http://www.uptownswing.se,url,2026-09-22 12:56:41.851343+00,2026-09-22 12:56:41.851343+00
157,New England Dance Festival,2026,8,2026-08-06,2026-08-09,scheduled,wsdc_calendar,795afa0f32c630ebf4cefdfe,New England Dance Festival,http://www.nedancefestival.com,url,2026-09-22 12:56:41.851343+00,2026-09-22 12:56:41.851343+00
59,Swing Fling,2026,8,2026-08-06,2026-08-09,scheduled,wsdc_calendar,f614ad6dbb7c54cb4e6d992a,Swing Fling,http://www.swingfling.com,url,2026-09-22 12:56:41.851343+00,2026-09-22 12:56:41.851343+00
227,Swingtacular: The Galactic Open,2026,8,2026-08-06,2026-08-09,scheduled,wsdc_calendar,1454d5792be65f4630422699,Swingtacular: The Galactic Open,http://www.DanceGeekProductions.Art,name,2026-09-22 12:56:41.851343+00,2026-09-22 12:56:41.851343+00
282,German Open,2026,8,2026-08-05,2026-08-09,scheduled,wsdc_calendar,c0d939ffeebc10d57a306022,German Open WCS,http://www.go-wcs.com,url,2026-09-22 12:56:41.851343+00,2026-09-22 12:56:41.851343+00
77,Arizona Dance Classic,2026,8,2026-07-31,2026-08-02,scheduled,wsdc_calendar,53ee0fce64669be2c6b496b2,Arizona Dance Classic,https://arizonadanceclassic.com/,url,2026-09-22 12:56:41.851343+00,2026-09-22 12:56:41.851343+00
382,Lisbon Westie Fest,2026,8,2026-07-30,2026-08-02,scheduled,wsdc_calendar,45971d139bb1fdbc112375d6,Lisbon Westie Fest,https://lisbonwestiefest.com/,url,2026-09-22 12:56:41.851343+00,2026-09-22 12:56:41.851343+00
383,Warsaw Summer Nights Westival,2026,8,2026-07-30,2026-08-02,scheduled,wsdc_calendar,5c7517cf7cbd14739f9f32d5,Warsaw Summer Nights Westival,https://www.summernightswestival.com,url,2026-09-22 12:56:41.851343+00,2026-09-22 12:56:41.851343+00
164,Sea Sun and Swing,2026,8,2026-07-25,2026-08-01,scheduled,wsdc_calendar,89aa9e3a7652da962625e204,Sea Sun and Swing,http://www.seasunswing.fr,url,2026-09-22 12:56:41.851343+00,2026-09-22 12:56:41.851343+00
148,Dance Mardi Gras,2026,7,2026-07-24,2026-07-27,hiatus,operator,operator:dmg-2026-hiatus-assumption,Dance Mardi Gras (Hiatus -- 2026),https://dancemardigras.com/,operator_assumption,2026-09-22 12:57:48.278986+00,2026-09-22 12:57:48.278986+00
149,Florida Dance Magic,2026,7,2026-07-23,2026-07-26,scheduled,wsdc_calendar,6dd8023a76290e04cf4643f9,Florida Dance Magic,https://floridadancemagic.com,url,2026-09-22 12:56:41.851343+00,2026-09-22 12:56:41.851343+00
404,Infinite Swing,2026,7,2026-07-23,2026-07-26,scheduled,wsdc_calendar,511b21f963803725c5cf227e,Infinite Swing,http://infinite-swing.com,url,2026-09-22 12:56:41.851343+00,2026-09-22 12:56:41.851343+00
280,Saint Petersburg WCS Nights,2026,7,2026-07-22,2026-07-26,scheduled,wsdc_calendar,9d3c7d59ffbb7cfa3df90a3a,St. Petersburg WCS Nights,http://wcsnights.ru,url,2026-09-22 12:56:41.851343+00,2026-09-22 12:56:41.851343+00
256,Rock the Barn,2026,7,2026-07-17,2026-07-19,scheduled,wsdc_calendar,8c2cc8f73c9484e4bb102f1b,Rock The Barn,https://rockthebarn.se/,url,2026-09-22 12:56:41.851343+00,2026-09-22 12:56:41.851343+00
224,Midwest Westie Fest,2026,7,2026-07-16,2026-07-19,scheduled,wsdc_calendar,f986635199a9f3974e57d0d4,Midwest Westie Fest 2026,http://Www.midwestwestiefest.com,url,2026-09-22 12:56:41.851343+00,2026-09-22 12:56:41.851343+00
385,Revitalise WCS,2026,7,2026-07-16,2026-07-19,scheduled,wsdc_calendar,e01d030ea579cc314f8ba1b8,Revitalise WCS,https://revitalisewcs.melbourne/,url,2026-09-22 12:56:41.851343+00,2026-09-22 12:56:41.851343+00
389,SwingLab Berlin,2026,7,2026-07-10,2026-07-12,scheduled,wsdc_calendar,997c2f681132abeb3b63670b,SwingLab Berlin,http://www.swinglab-berlin.com,url,2026-09-22 12:56:41.851343+00,2026-09-22 12:56:41.851343+00
156,Big Apple Dance Festival,2026,7,2026-07-09,2026-07-12,scheduled,wsdc_calendar,c5677b179dd84fe1019cf10b,Big Apple Dance Festival,http://bigapplecountrydance.com,url,2026-09-22 12:56:41.851343+00,2026-09-22 12:56:41.851343+00
373,Carolina Summer Swing,2026,7,2026-07-09,2026-07-12,scheduled,wsdc_calendar,2a7a58170bba6585132a258f,Carolina Summer Swing,https://carolinasummerswing.com,url,2026-09-22 12:56:41.851343+00,2026-09-22 12:56:41.851343+00
375,Mediterranean Open WCS,2026,7,2026-07-09,2026-07-13,scheduled,wsdc_calendar,588595447baed395803cca84,Mediterranean Open WCS,https://mediterraneanopenwcs.com/,url,2026-09-22 12:56:41.851343+00,2026-09-22 12:56:41.851343+00
362,MY Swing,2026,7,2026-07-09,2026-07-12,scheduled,wsdc_calendar,f22c53e23915f91eb798a46c,MY Swing 2026,https://www.myswingopen.com/,url,2026-09-22 12:56:41.851343+00,2026-09-22 12:56:41.851343+00
147,Toronto Open Swing & Hustle Championships,2026,7,2026-07-09,2026-07-12,hiatus,wsdc_calendar,ffeea8f56e96c79d9c3fdc66,Toronto Open (Hiatus),http://www.TOSHC.com,url,2026-09-22 12:56:41.851343+00,2026-09-22 12:56:41.851343+00
369,FRENCH CONNECTION WCS,2026,7,2026-07-03,2026-07-06,scheduled,wsdc_calendar,5aba6e3970517e1f980d242f,French Connection WCS,https://www.frenchconnectionwcs.com/,url,2026-09-22 12:56:41.851343+00,2026-09-22 12:56:41.851343+00
1,4TH of July Convention,2026,7,2026-07-02,2026-07-05,scheduled,wsdc_calendar,c846dca436f389925c16c4c4,Phoenix 4th of July,http://phoenix4thofjuly.com,url,2026-09-22 12:56:41.851343+00,2026-09-22 12:56:41.851343+00
278,Americano Dance Camp,2026,7,2026-07-02,2026-07-06,scheduled,wsdc_calendar,2978df331af9bc6c3ebcdac7,Americano Dance Camp,https://t.me/americamodancecamp https://vk.com/americano2025,url,2026-09-22 12:56:41.851343+00,2026-09-22 12:56:41.851343+00
360,SaunaSwing,2026,7,2026-07-02,2026-07-04,scheduled,wsdc_calendar,45d7f29ddd54f45e15c87fc1,SaunaSwing,https://ekarolas.com/saunaswing/,url,2026-09-22 12:56:41.851343+00,2026-09-22 12:56:41.851343+00
225,Wild Wild Westie,2026,7,2026-07-02,2026-07-05,scheduled,wsdc_calendar,b0a65cf76243f7d555a790c0,Wild Wild Westie,https://www.wildwildwestie.com/,url,2026-09-22 12:56:41.851343+00,2026-09-22 12:56:41.851343+00
331,Swing Fiction,2026,6,2026-06-26,2026-06-28,scheduled,wsdc_calendar,785324c885170457da3e02fe,Swing Fiction,https://www.swingfiction.cz/,url,2026-09-22 12:56:41.851343+00,2026-09-22 12:56:41.851343+00
374,Barock Swing Ludwigsburg,2026,6,2026-06-25,2026-06-28,scheduled,wsdc_calendar,fbd321abcaa6e158438fcb62,BaroqueSwing,https://baroqueswing.com,url,2026-09-22 12:56:41.851343+00,2026-09-22 12:56:41.851343+00
109,Colorado Country Classic,2026,6,2026-06-25,2026-06-28,scheduled,wsdc_calendar,a196f56d82a8bb43a12d6aa4,Colorado Country Classic,https://coloradocountryclassic.net/,url,2026-09-22 12:56:41.851343+00,2026-09-22 12:56:41.851343+00
96,Liberty Swing Dance Championships,2026,6,2026-06-25,2026-06-28,scheduled,wsdc_calendar,57625adf022686024624614a,Liberty Swing Dance Championships,http://www.libertyswing.com,url,2026-09-22 12:56:41.851343+00,2026-09-22 12:56:41.851343+00
261,Neverland Swing,2026,6,2026-06-25,2026-06-29,scheduled,wsdc_calendar,c914cb5b7177e133ea1c58ee,NeverlandSwing Dutch Swing Championships 2026,http://www.neverlandswing.com,url,2026-09-22 12:56:41.851343+00,2026-09-22 12:56:41.851343+00
220,D-Town Swing,2026,6,2026-06-19,2026-06-21,scheduled,wsdc_calendar,4776de743b40dff244e23953,D-Townswing,http://www.d-townswing.com,url,2026-09-22 12:56:41.851343+00,2026-09-22 12:56:41.851343+00
162,Swingapalooza,2026,6,2026-06-19,2026-06-21,scheduled,wsdc_calendar,f0c87335fec3e92327f99dca,SWINGAPALOOZA,http://www.swingapaloozaevent.com,url,2026-09-22 12:56:41.851343+00,2026-09-22 12:56:41.851343+00
207,Dance N Play,2026,6,2026-06-18,2026-06-21,hiatus,wsdc_calendar,f931682b18b046ab226942f4,Dance N Play (On Hiatus),https://dancenplay.com/,url,2026-09-22 12:56:41.851343+00,2026-09-22 12:56:41.851343+00
405,Milan Swing Vibes,2026,6,2026-06-18,2026-06-21,scheduled,wsdc_calendar,c3091488ca1f76633db61d2f,Milan Swing Vibes,https://www.westcoastswingmilan.com/milanswingvibes/,url_host,2026-09-22 12:56:41.851343+00,2026-09-22 12:56:41.851343+00
222,Baltic Swing,2026,6,2026-06-11,2026-06-15,scheduled,wsdc_calendar,3baad3d89bcbadb7a1d39ad3,Baltic Swing,http://www.balticswing.com,url,2026-09-22 12:56:41.851343+00,2026-09-22 12:56:41.851343+00
25,J&J O'Rama,2026,6,2026-06-04,2026-06-08,scheduled,wsdc_calendar,b83fb7e44a2c289b4b51ef42,Jack & Jill O'Rama,https://jackandjillorama.com/,url,2026-09-22 12:56:41.851343+00,2026-09-22 12:56:41.851343+00
117,Orange Blossom Dance Festival,2026,6,2026-06-04,2026-06-07,scheduled,wsdc_calendar,f7401f4efa17fe51daae443c,Orange Blossom Dance Festival,http://www.orangeblossomdance.net,url,2026-09-22 12:56:41.851343+00,2026-09-22 12:56:41.851343+00
371,Festival City Swing,2026,6,2026-05-29,2026-06-01,scheduled,wsdc_calendar,e7bdacffd5968eabd61af8d4,Festival City Swing,http://www.fcswing.co.uk,url,2026-09-22 12:56:41.851343+00,2026-09-22 12:56:41.851343+00
364,Nanaimo Dance Fusion,2026,5,2026-05-29,2026-05-31,scheduled,wsdc_calendar,26bdc30387cd2d73a5640bdf,Nanaimo Dance Fusion,http://www.nanaimodancefusion.ca,url,2026-09-22 12:56:41.851343+00,2026-09-22 12:56:41.851343+00
76,Michigan Dance Classic,2026,5,2026-05-28,2026-05-31,scheduled,wsdc_calendar,237e295ad88bcc8152f66c13,Michigan Classic,http://MichiganClassicSwing.com,url,2026-09-22 12:56:41.851343+00,2026-09-22 12:56:41.851343+00
206,Hungarian Open,2026,5,2026-05-22,2026-05-24,scheduled,wsdc_calendar,23994b92c254d6e2997003b6,Hungarian Open,http://wcs-ho.com,url,2026-09-22 12:56:41.851343+00,2026-09-22 12:56:41.851343+00
22,USA Grand Nationals,2026,5,2026-05-21,2026-05-25,scheduled,wsdc_calendar,3edd82a18a11783145dfbcf9,USA Grand National Dance Championships,http://www.usagrandnationals.com,url,2026-09-22 12:56:41.851343+00,2026-09-22 12:56:41.851343+00
105,Canadian Swing Championships,2026,5,2026-05-15,2026-05-18,scheduled,wsdc_calendar,1d50e040b097137b5b2273be,Canadian Swing Championships,https://www.canadianswingchampionships.com,url,2026-09-22 12:56:41.851343+00,2026-09-22 12:56:41.851343+00
174,Swingsation,2026,5,2026-05-15,2026-05-18,scheduled,wsdc_calendar,f0b961c8c233d6ed3e2a5546,Swingsation 2026,https://rawconnection.com.au/swingsation/,url,2026-09-22 12:56:41.851343+00,2026-09-22 12:56:41.851343+00
121,The Texas Classic,2026,5,2026-05-15,2026-05-16,scheduled,wsdc_calendar,6c61ae996f240321384a9c1b,Texas Classic,http://Www.thetexasclassic.com,url,2026-09-22 12:56:41.851343+00,2026-09-22 12:56:41.851343+00
430,FloorPlay New Years Swing Vacation,2026,5,2026-05-14,2026-05-17,scheduled,wsdc_calendar,bee3599e057821610f6025c3,Gateway Swing Classic,http://gatewayswing.com,url,2026-09-22 12:56:41.851343+00,2026-09-22 12:56:41.851343+00
221,Show Me Showdown,2026,5,2026-05-14,2026-05-17,scheduled,wsdc_calendar,bee3599e057821610f6025c3,Gateway Swing Classic,http://gatewayswing.com,url,2026-09-08 12:23:53.35443+00,2026-09-08 12:23:53.35443+00
205,SOswing,2026,5,2026-05-14,2026-05-17,scheduled,wsdc_calendar,a749ba413dd6a34579d968e4,SOswing,https://www.soswingdance.com/,name,2026-09-22 12:56:41.851343+00,2026-09-22 12:56:41.851343+00
175,French Open West Coast Swing,2026,5,2026-05-13,2026-05-18,scheduled,wsdc_calendar,a2b952293afaa78f4d3e5c37,French Open WCS,http://www.fowcs.com,url,2026-09-22 12:56:41.851343+00,2026-09-22 12:56:41.851343+00
372,Dance Jam Jack & Jill Weekend,2026,5,2026-05-08,2026-05-10,scheduled,wsdc_calendar,9b72c449f6ba381d54a4da36,Westie Weekend,https://dancejamproductions.com/westieweekend/,url,2026-09-22 12:56:41.851343+00,2026-09-22 12:56:41.851343+00
379,Med in Swing,2026,5,2026-05-07,2026-05-11,scheduled,wsdc_calendar,1fb0cfc8d5e48bca8185e63b,Med in Swing,http://www.medinswing.rocks,url,2026-09-22 12:56:41.851343+00,2026-09-22 12:56:41.851343+00
336,SOM - Swing of Music,2026,5,2026-05-07,2026-05-11,scheduled,wsdc_calendar,bed8a3d5af173a8dd38b46b2,SOM-Swing of Music,http://www.swingofmusic.com,url,2026-09-22 12:56:41.851343+00,2026-09-22 12:56:41.851343+00
347,BeeMAD,2026,5,2026-05-01,2026-05-03,scheduled,wsdc_calendar,759be4c3ecb6b4c015cff548,BeeMAD,https://beemadwcs.com/,url,2026-09-22 12:56:41.851343+00,2026-09-22 12:56:41.851343+00
253,Nordic WCS Championships,2026,5,2026-04-30,2026-05-04,scheduled,wsdc_calendar,afa9c55db03c232c690cdffe,Nordic WCS Championships,http://www.nordicwcschamps.com,url,2026-09-22 12:56:41.851343+00,2026-09-22 12:56:41.851343+00
354,Spring Time Swing,2026,5,2026-04-30,2026-05-04,scheduled,wsdc_calendar,1a004a01f5e321d108f91c31,Spring Time Swing,https://springtimeswing.com/,url,2026-09-22 12:56:41.851343+00,2026-09-22 12:56:41.851343+00
144,Swingin' Into Spring,2026,5,2026-04-30,2026-05-03,scheduled,wsdc_calendar,4c1ab8758fa888afa4fab381,Swingin' Into Spring,http://www.sis.djkenm.com,url,2026-09-22 12:56:41.851343+00,2026-09-22 12:56:41.851343+00
203,Detonation Dance,2026,4,2026-04-23,2026-04-26,scheduled,wsdc_calendar,670ca1d087d119f6f457263b,Detonation Dance,http://www.DetonationDance.com,url,2026-09-22 12:56:41.851343+00,2026-09-22 12:56:41.851343+00
345,HONEY FEST,2026,4,2026-04-23,2026-04-26,scheduled,wsdc_calendar,d6b2c04813b83316c25c65c4,HONEY FEST,https://t.me/honeyfest,url,2026-09-22 12:56:41.851343+00,2026-09-22 12:56:41.851343+00
352,Slovenian Open,2026,4,2026-04-23,2026-04-27,scheduled,wsdc_calendar,2d6f9bddf04a4c6a62eeca46,Slovenian Open,https://slovenianopen.dance/en,url,2026-09-22 12:56:41.851343+00,2026-09-22 12:56:41.851343+00
370,SwingIN Festival,2026,4,2026-04-23,2026-04-26,scheduled,wsdc_calendar,d9873a05f246ca17d824bd3c,SwingIN Festival,http://www.swinginfestival.de,url,2026-09-22 12:56:41.851343+00,2026-09-22 12:56:41.851343+00
259,Swingover,2026,4,2026-04-23,2026-04-26,scheduled,wsdc_calendar,4258b3cb0c08e743b1f8eace,Swingover,http://www.swingoverevent.com,url,2026-09-22 12:56:41.851343+00,2026-09-22 12:56:41.851343+00
218,Asia West Coast Swing Open,2026,4,2026-04-16,2026-04-19,scheduled,wsdc_calendar,1af08bb6fa1819b9d6d8ade0,Asia WCS Open XIII,https://www.asiawcsopen.com/,url,2026-09-22 12:56:41.851343+00,2026-09-22 12:56:41.851343+00
393,Swing in Bloom,2026,4,2026-04-16,2026-04-19,scheduled,wsdc_calendar,01e4c28b33081ac2c11a57f7,Swing in Bloom,http://www.swinginbloom.ca,url,2026-09-22 12:56:41.851343+00,2026-09-22 12:56:41.851343+00
293,Westy Nantes,2026,4,2026-04-10,2026-04-12,scheduled,wsdc_calendar,e709b5e501067b400de13ac1,WESTY NANTES,https://www.westynantes.com/,url,2026-09-22 12:56:41.851343+00,2026-09-22 12:56:41.851343+00
116,Calgary Dance Stampede,2026,4,2026-04-09,2026-04-12,scheduled,wsdc_calendar,4fbd3e7ba7f68d21e9cf8168,Calgary Dance Stampede,http://www.calgarydancestampede.com,url,2026-09-22 12:56:41.851343+00,2026-09-22 12:56:41.851343+00
187,City of Angels WCS,2026,4,2026-04-09,2026-04-12,scheduled,wsdc_calendar,e3ca16627407079bb69e451f,City of Angels WCS,http://cityofangelswcs.com,url,2026-09-22 12:56:41.851343+00,2026-09-22 12:56:41.851343+00
210,Korean Open WCS Championships,2026,4,2026-04-09,2026-04-12,scheduled,wsdc_calendar,a4c2899cab150ebb154d4814,Korean Open WCS Championships,https://www.kopenwcs.com,url,2026-09-22 12:56:41.851343+00,2026-09-22 12:56:41.851343+00
304,Swing In Capital,2026,4,2026-04-09,2026-04-12,scheduled,wsdc_calendar,c038f9f9cdb297aa8027d81d,Swing In Capital,https://www.westcoastswingroma.it/swing-in-capital/,url,2026-09-22 12:56:41.851343+00,2026-09-22 12:56:41.851343+00
18,Easter Swing,2026,4,2026-04-02,2026-04-05,scheduled,wsdc_calendar,ea64465ad852e946a9b87154,Easter Swing 2026,https://www.easterswing.org/,url,2026-09-22 12:56:41.851343+00,2026-09-22 12:56:41.851343+00
132,Tulsa Spring Swing,2026,4,2026-04-02,2026-04-05,scheduled,wsdc_calendar,7cb7938ada357fa246fe620c,Tulsa Spring Swing,http://www.TulsaSpringSwing.com,url,2026-09-22 12:56:41.851343+00,2026-09-22 12:56:41.851343+00
197,5280 Westival,2026,3,2026-03-26,2026-03-30,scheduled,wsdc_calendar,5976ec60358967b4e2bdbb70,5280 Westival,https://www.5280westival.com,url,2026-09-22 12:56:41.851343+00,2026-09-22 12:56:41.851343+00
9,Boston Tea Party,2026,3,2026-03-26,2026-03-30,scheduled,wsdc_calendar,d16abd97724f1fb2f66d95c6,The Boston Tea Party,http://teapartyswings.com,url,2026-09-22 12:56:41.851343+00,2026-09-22 12:56:41.851343+00
153,Novice Invitational,2026,3,2026-03-26,2026-03-29,scheduled,wsdc_calendar,9f92418ed9f4abd2db86bd97,H-Town Throw Down,http://htownthrowdownwcs.com,url,2026-09-22 12:56:41.851343+00,2026-09-22 12:56:41.851343+00
154,UK WCS Championships,2026,3,2026-03-26,2026-03-30,scheduled,wsdc_calendar,fa149888c50cccd53ec641d3,UK West Coast Swing Championships,https://www.ukwcschamps.com/,url,2026-09-22 12:56:41.851343+00,2026-09-22 12:56:41.851343+00
292,King Swing,2026,3,2026-03-19,2026-03-23,scheduled,wsdc_calendar,8df6abbb7a51f8aea2f47710,King Swing,http://kingswing.pl,url,2026-09-22 12:56:41.851343+00,2026-09-22 12:56:41.851343+00
142,The Chicago Classic,2026,3,2026-03-19,2026-03-22,scheduled,wsdc_dump,manual:chicago-classic-2026-end,The Chicago Classic,https://thechicagoclassic.com/,manual_conflict_resolution,2026-09-22 12:56:41.851343+00,2026-09-24 17:35:58.684262+00
318,All Star SwingJam,2026,3,2026-03-12,2026-03-15,scheduled,wsdc_calendar,881323a668405b009fbb6681,All Star SwingJam,https://www.allstarswingjam.com/,url,2026-09-22 12:56:41.851343+00,2026-09-22 12:56:41.851343+00
275,Dutch Open West Coast Swing,2026,3,2026-03-12,2026-03-15,scheduled,wsdc_calendar,f48642f39578653eddb4e7ab,Dutch Open West Coast Swing,http://www.dutchopenwcs.com,url,2026-09-22 12:56:41.851343+00,2026-09-22 12:56:41.851343+00
186,West in Lyon,2026,3,2026-03-12,2026-03-15,scheduled,wsdc_calendar,58df44be02a74dbfb364fee6,West In Lyon,http://www.west-in-lyon.fr,url,2026-09-22 12:56:41.851343+00,2026-09-22 12:56:41.851343+00
314,Westie Spring Thing,2026,3,2026-03-11,2026-03-15,scheduled,wsdc_dump,manual:conflict-westie-spring-2026,Westie Spring Thing,https://westiespringthing.com,manual_conflict_resolution,2026-09-24 17:30:24.968393+00,2026-09-24 17:30:24.968393+00
143,High Desert Dance Classic,2026,3,2026-03-06,2026-03-08,scheduled,wsdc_calendar,a4ecad23f0fefba66e91e043,High Desert Dance Classic,http://www.highdesertdanceclassic.com,url,2026-09-22 12:56:41.851343+00,2026-09-22 12:56:41.851343+00
333,Swingvasion,2026,3,2026-03-06,2026-03-08,scheduled,wsdc_calendar,229daae5b54edba0ebc0be9e,Swingvasion,http://Swingvasion.nz,url,2026-09-22 12:56:41.851343+00,2026-09-22 12:56:41.851343+00
92,MADjam,2026,3,2026-03-05,2026-03-09,scheduled,wsdc_calendar,f2395d70cde68ce6deeae092,MADjam (Mid Atlantic Dance Jam),http://www.atlanticdancejam.com,url,2026-09-22 12:56:41.851343+00,2026-09-22 12:56:41.851343+00
378,New York Flow Festival,2026,3,2026-02-27,2026-03-01,scheduled,wsdc_calendar,d3f8b4c38a39b9772ff2c7af,New York Flow Festival,https://www.flowfest.nyc,url,2026-09-22 12:56:41.851343+00,2026-09-22 12:56:41.851343+00
244,Rose City Swing,2026,3,2026-02-26,2026-03-01,scheduled,wsdc_calendar,d047d5803cdfe01646d5a845,Rose City Swing,https://rosecityswing.com,url,2026-09-22 12:56:41.851343+00,2026-09-22 12:56:41.851343+00
394,Southern Lights Swing,2026,3,2026-02-26,2026-03-02,scheduled,wsdc_calendar,20b4d53ebd43fbf7531a4651,Southern Lights Swing,http://www.southernlightsswing.com.au,url,2026-09-22 12:56:41.851343+00,2026-09-22 12:56:41.851343+00
344,Arousa Westie Fest,2026,2,2026-02-19,2026-02-22,scheduled,wsdc_calendar,e3eaa4fec18cee34203b56fa,Arousa Westie Fest,https://www.arousawestiefest.com,url,2026-09-22 12:56:41.851343+00,2026-09-22 12:56:41.851343+00
343,Swing Crush,2026,2,2026-02-19,2026-02-23,scheduled,wsdc_calendar,4a56c8671ddf23d4044297c3,Swing Crush,https://swingcrush.com/,url,2026-09-22 12:56:41.851343+00,2026-09-22 12:56:41.851343+00
297,Winter Coast Swing,2026,2,2026-02-19,2026-02-22,scheduled,wsdc_calendar,9b4bfaefcd4b269c43d63aa8,Winter Coast Swing,http://www.wintercoastswing.com,url,2026-09-22 12:56:41.851343+00,2026-09-22 12:56:41.851343+00
348,Euro Dance Festival,2026,2,2026-02-17,2026-02-21,scheduled,wsdc_calendar,32d71c520a3dad3a960eb68c,Euro Dance Festival,https://www.euro-dance-festival.com,url,2026-09-22 12:56:41.851343+00,2026-09-22 12:56:41.851343+00
386,Prague Alchemy Swing,2026,2,2026-02-13,2026-02-15,scheduled,wsdc_calendar,eb8e76bbf4bdfcc42775fefc,Prague Alchemy Swing,https://praguealchemyswing.cz/,url,2026-09-22 12:56:41.851343+00,2026-09-22 12:56:41.851343+00
310,Valentine Swing,2026,2,2026-02-13,2026-02-15,scheduled,wsdc_calendar,6a65a29d87459e1551149abb,Valentine Swing,http://valentineswing.dance,url,2026-09-22 12:56:41.851343+00,2026-09-22 12:56:41.851343+00
12,Capital Swing Dance Convention,2026,2,2026-02-12,2026-02-15,scheduled,wsdc_calendar,a5beaae09ebb09f0edb5f55c,Capital Swing Convention,https://www.capitalswingconvention.com/,url,2026-09-22 12:56:41.851343+00,2026-09-22 12:56:41.851343+00
363,Trinity Swing,2026,2,2026-02-06,2026-02-08,scheduled,wsdc_calendar,6cdf9cf2276cf47e99c112d1,Trinity Swing,http://Trinityswing.com,url,2026-09-22 12:56:41.851343+00,2026-09-22 12:56:41.851343+00
302,WesterOz Swing,2026,2,2026-02-06,2026-02-08,scheduled,wsdc_calendar,3a526bbbd5aebfcb56097012,WesterOz Swing,https://www.magneticdance.com.au/westeroz,url,2026-09-22 12:56:41.851343+00,2026-09-22 12:56:41.851343+00
215,Swing & Snow,2026,2,2026-02-05,2026-02-08,scheduled,wsdc_calendar,dfe809060b4764d60697bcc4,Swing & Snow,https://swingandsnow.ru/,url,2026-09-22 12:56:41.851343+00,2026-09-22 12:56:41.851343+00
258,Swingtzerland,2026,2,2026-02-05,2026-02-08,scheduled,wsdc_calendar,bd7b3a4cc59339e49da91153,Swingtzerland,https://swingtzerland.com/,url,2026-09-22 12:56:41.851343+00,2026-09-22 12:56:41.851343+00
387,Waterloo Ontario Open West Coast Swing Championships,2026,2,2026-02-05,2026-02-08,scheduled,wsdc_calendar,87e037f55908b7bff48a5808,Waterloo Ontario Open West Coast Swing Championships,http://www.waterlooopenwcs.com,url,2026-09-22 12:56:41.851343+00,2026-09-22 12:56:41.851343+00
273,Charlotte Westie Fest,2026,2,2026-01-29,2026-02-02,scheduled,wsdc_calendar,6edbf8cf6a7d39e7ea710847,Charlotte WestieFest,https://www.charlottewestiefest.com/,url,2026-09-22 12:56:41.851343+00,2026-09-22 12:56:41.851343+00
183,Freedom Swing Dance Challenge,2026,1,2026-01-23,2026-01-25,scheduled,wsdc_calendar,7538ee0bcb0744a297d2e71b,Freedom Swing Dance Challenge,https://freedomswingdance.com/,url,2026-09-22 12:56:41.851343+00,2026-09-22 12:56:41.851343+00
272,Paris Westie Fest,2026,1,2026-01-23,2026-01-25,scheduled,wsdc_calendar,74d19ae1d5eafba58603acdd,Paris Swing Classic,https://parisswingclassic.com,name,2026-09-22 12:56:41.851343+00,2026-09-22 12:56:41.851343+00
242,Derby City Swing,2026,1,2026-01-22,2026-01-25,scheduled,wsdc_calendar,b1395ed7c4967be7e7e382e1,Derby City Swing,https://derbycityswing.com/,url,2026-09-22 12:56:41.851343+00,2026-09-22 12:56:41.851343+00
301,Swing Resolution,2026,1,2026-01-22,2026-01-26,scheduled,wsdc_calendar,287b8ec0031be515f41c3204,Swing Resolution,http://www.swingresolution.com,url,2026-09-22 12:56:41.851343+00,2026-09-22 12:56:41.851343+00
309,Avignon City Swing,2026,1,2026-01-16,2026-01-18,scheduled,wsdc_calendar,24b6ae4353291c84ba799ba6,Avignon City Swing,https://www.avignoncityswing.com,url,2026-09-22 12:56:41.851343+00,2026-09-22 12:56:41.851343+00
381,The Australian Classic West Coast Swing Dance Championships (Trial Event),2026,1,2026-01-16,2026-01-18,scheduled,wsdc_calendar,d25f3820706728cf3059a6d0,The Australian Classic WCSDC,https://www.dancewcsa.com.au/,url,2026-09-22 12:56:41.851343+00,2026-09-22 12:56:41.851343+00
200,Austin Swing Dance Championships,2026,1,2026-01-15,2026-01-19,scheduled,wsdc_calendar,23be7b8965ea6bf33d1e21b1,Austin Swing Dance Championships,https://austinswingdance.com,url,2026-09-22 12:56:41.851343+00,2026-09-22 12:56:41.851343+00
62,Monterey SwingFest,2026,1,2026-01-15,2026-01-19,scheduled,wsdc_calendar,0eaa0ecb71ae515dd4ccd593,Monterey Swing Fest,http://www.montereyswing.com,url,2026-09-22 12:56:41.851343+00,2026-09-22 12:56:41.851343+00
184,BudaFest Open WCS Championships,2026,1,2026-01-06,2026-01-11,scheduled,wsdc_calendar,1d65bfc2c43b7a1a634ca69d,BudaFest Open WCS Championships,http://wcs-budafest.com,url,2026-09-22 12:56:41.851343+00,2026-09-22 12:56:41.851343+00
75,UCWDC Country Dance World Championship,2026,1,2026-01-01,2026-01-03,scheduled,wsdc_calendar,92d34223f493e11c2161717f,UCWDC Country Dance World Championships,http://www.ucwdcworlds.com,url,2026-09-22 12:56:41.851343+00,2026-09-22 12:56:41.851343+00
334,Countdown Swing Boston,2026,1,2025-12-31,2026-01-04,scheduled,wsdc_calendar,2e54e87340e92208911c156c,Countdown Swing Boston,https://countdownswingboston.com/,url,2026-09-22 12:56:41.851343+00,2026-09-22 12:56:41.851343+00
141,Spotlight New Year's Celebration,2026,1,2025-12-31,2026-01-04,scheduled,wsdc_calendar,4e5e9d16c11db0c22149b0e6,Spotlight New Year's Celebration,http://www.spotlightnewyears.com,url,2026-09-22 12:56:41.851343+00,2026-09-22 12:56:41.851343+00
196,SwingCouver,2026,1,2025-12-31,2026-01-04,scheduled,wsdc_calendar,e7e7a651d2920a6285b6f722,SwingCouver,http://www.swingcouver.com,name,2026-09-22 12:56:41.851343+00,2026-09-22 12:56:41.851343+00
289,SwingVester,2026,1,2025-12-31,2026-01-05,scheduled,wsdc_calendar,5b4aa9b92dbe5000ac54be48,SwingVester 2025,http://www.swingvester.com,url,2026-09-22 12:56:41.851343+00,2026-09-22 12:56:41.851343+00
42,Floorplay Swing Vacation,2026,1,2025-12-30,2026-01-04,scheduled,wsdc_calendar,37d0cb99d7fa42c47958a04c,Floorplay Swing Vacation,http://www.floorplayswingvacation.com,url,2026-09-22 12:56:41.851343+00,2026-09-22 12:56:41.851343+00
240,Westie Gala,2026,1,2025-12-28,2026-01-01,scheduled,wsdc_calendar,2b56eb6ef2145183c1d3daca,Westie Gala,http://www.westiegala.com,url,2026-09-22 12:56:41.851343+00,2026-09-22 12:56:41.851343+00
342,Global Grand Prix - West Coast Swing Reunion,2025,12,2025-12-12,2025-12-15,scheduled,wsdc_calendar,0ab55a5a5b2ae36b57336726,Global Grand Prix - West Coast Swing Championships,https://www.globalgrandprixwcs.com/,url,2026-09-22 12:56:41.851343+00,2026-09-22 12:56:41.851343+00
271,Berlin Swing Revolution,2025,12,2025-12-11,2025-12-14,scheduled,wsdc_calendar,65eee9f00e2fdbfb13141d05,Berlin Swing Revolution,https://berlinswingrevolution.com/,url,2026-09-22 12:56:41.851343+00,2026-09-22 12:56:41.851343+00
377,Santa Swing,2025,12,2025-12-11,2025-12-15,scheduled,wsdc_calendar,3656faea9884144a68a23498,Santa Swing,http://santaswing.pl,url,2026-09-22 12:56:41.851343+00,2026-09-22 12:56:41.851343+00
290,Shooba Dooba Swing,2025,12,2025-12-05,2025-12-08,scheduled,wsdc_calendar,7ccc28688b870e60339ad7cd,Shooba Dooba Swing,https://t.me/ShoobaDoobaSwing,url_host,2026-09-22 12:56:41.851343+00,2026-09-22 12:56:41.851343+00
212,The After Party (TAP),2025,12,2025-12-04,2025-12-07,scheduled,wsdc_calendar,f2d7d7b7cde72becf5446b2f,"The After Party ""TAP""",http://www.tapwcs.com,url,2026-09-22 12:56:41.851343+00,2026-09-22 12:56:41.851343+00
238,Winter White,2025,12,2025-12-04,2025-12-08,scheduled,wsdc_calendar,f8a1133e0f92004da7a01e5b,Winter White West Coast Swing,http://www.winterwhite.no,url,2026-09-22 12:56:41.851343+00,2026-09-22 12:56:41.851343+00
87,CASH Bash,2025,11,2025-11-27,2025-11-30,scheduled,wsdc_dump,manual:conflict-cash-bash-2025,CASH Bash,https://cashdanceclub.org/cash-bash/,manual_conflict_resolution,2026-09-24 17:30:24.968393+00,2026-09-24 17:30:24.968393+00
68,US Open Swing Dance Championships,2025,11,2025-11-26,2025-11-30,scheduled,wsdc_calendar,251cac097955d18cb8cddd44,The Open World Swing Dance Championships,http://www.theopenswing.com,url,2026-09-22 12:56:41.851343+00,2026-09-22 12:56:41.851343+00
376,Northeast Swing Classic,2025,11,2025-11-20,2025-11-23,scheduled,wsdc_calendar,565d3d94591e591e60481854,Northeast Swing Classic,http://www.northeastswingclassic.com,url,2026-09-22 12:56:41.851343+00,2026-09-22 12:56:41.851343+00
365,Flowstate | West Coast Swing & Zouk Festival,2025,11,2025-11-14,2025-11-16,scheduled,wsdc_calendar,eb4a50294687a24e07ca5b0c,Flowstate | West Coast Swing & Zouk Festival,https://eastonswing.com/west-coast-swing-events/world-swing-dance-council/flowstate-west-coast-swing-zouk-festival-eastonswing/,name,2026-09-22 12:56:41.851343+00,2026-09-22 12:56:41.851343+00
312,Westie Pink City,2025,11,2025-11-14,2025-11-16,scheduled,wsdc_calendar,89a66f1805e4c9ef3d624be4,Westie Pink City,http://www.westiepinkcity.fr,url,2026-09-22 12:56:41.851343+00,2026-09-22 12:56:41.851343+00
181,DC Swing eXperience (DCSX),2025,11,2025-11-13,2025-11-16,scheduled,wsdc_calendar,ae8bffaf336ab3ac5b4af8c0,DC Swing eXperience (DCSX),http://www.dcswingexperience.com,url,2026-09-22 12:56:41.851343+00,2026-09-22 12:56:41.851343+00
288,Midnight Madness,2025,11,2025-11-13,2025-11-16,scheduled,wsdc_calendar,d449ecdc4765c8f5c2fe673e,Midnight Madness WCS,http://www.MidnightMadnessWCS.com,url,2026-09-22 12:56:41.851343+00,2026-09-22 12:56:41.851343+00
79,Sea to Sky,2025,11,2025-11-13,2025-11-17,hiatus,wsdc_calendar,3565d3c883bea0b21a96420e,Sea to Sky Seattle (Hiatus),http://Seatoskywcs.com,url,2026-09-22 12:56:41.851343+00,2026-09-22 12:56:41.851343+00
269,Autumn Swing Challenge,2025,11,2025-11-07,2025-11-09,scheduled,wsdc_calendar,94fc6a8109d6d35f2c7f1d69,Autumn Swing Challenge,http://asc-budapest.com,url,2026-09-22 12:56:41.851343+00,2026-09-22 12:56:41.851343+00
194,Moscow Westie Fest,2025,11,2025-11-07,2025-11-10,scheduled,wsdc_calendar,5ae558d61e682bde4e5432e6,Moscow Westie Fest Gala Edition,http://westiefest.org/,url,2026-09-22 12:56:41.851343+00,2026-09-22 12:56:41.851343+00
270,Westie's Angels,2025,11,2025-11-07,2025-11-10,scheduled,wsdc_calendar,a25bff8a915c3ab31afbf817,Westie's Angels,http://www.frenchywesty.com,url,2026-09-22 12:56:41.851343+00,2026-09-22 12:56:41.851343+00
330,Simply Adelaide West Coast Swing,2025,11,2025-11-06,2025-11-09,scheduled,wsdc_calendar,67b17e9246db8d966e7d1f71,Simply Adelaide West Coast Swing,http://www.simplyadelaidewcs.com.au,url,2026-09-22 12:56:41.851343+00,2026-09-22 12:56:41.851343+00
137,Tampa Bay Classic,2025,11,2025-11-06,2025-11-09,scheduled,wsdc_calendar,c23f07bfb0d644c46a1ab14b,Tampa Bay Classic,http://www.tbcwcs.com,url,2026-09-22 12:56:41.851343+00,2026-09-22 12:56:41.851343+00
340,Spooky Westie Weekend,2025,11,2025-10-31,2025-11-02,scheduled,wsdc_calendar,32a1ec67e893001aaa74e56b,Spooky Westie Weekend,https://spookywestieweekend.com/,url,2026-09-22 12:56:41.851343+00,2026-09-22 12:56:41.851343+00
323,Westies on the Water,2025,11,2025-10-31,2025-11-02,scheduled,wsdc_calendar,48b1501d9a44e13d0a762736,Rocket City Swing,https://rocketcityswing.com/,url,2026-09-22 12:56:41.851343+00,2026-09-22 12:56:41.851343+00
31,Mountain Magic,2025,11,2025-10-30,2025-11-02,scheduled,wsdc_calendar,2053513024565e61b589b639,Mountain Magic Dance Convention,https://mountainmagic.dance/,url,2026-09-22 12:56:41.851343+00,2026-09-22 12:56:41.851343+00
229,Scandinavian Open,2025,11,2025-10-30,2025-11-02,scheduled,wsdc_calendar,be0f22b77590aab7c2279d93,"Scandinavian Open WCS ""SNOW""",http://www.snowcs.se,url,2026-09-22 12:56:41.851343+00,2026-09-22 12:56:41.851343+00
236,Warsaw Halloween Swing,2025,11,2025-10-30,2025-11-03,scheduled,wsdc_calendar,7fad744ab7d944e9629d7b52,Warsaw Halloween Swing,http://www.warsawhalloweenswing.com,url,2026-09-22 12:56:41.851343+00,2026-09-22 12:56:41.851343+00
380,SASS Spooky Albany Swing Spectacular,2025,10,2025-10-24,2025-10-26,scheduled,wsdc_calendar,f6eabb37df098487fe390261,SASS Spooky Albany Swing Spectacular,http://www.spookyalbanyswing.com,url,2026-09-22 12:56:41.851343+00,2026-09-22 12:56:41.851343+00
346,Swingside Invitational,2025,10,2025-10-24,2025-10-27,scheduled,wsdc_dump,manual:conflict-swingside-2025,Swingside Invitational,http://www.swingside-invitational.com,manual_conflict_resolution,2026-09-24 17:32:32.866895+00,2026-09-24 17:32:32.866895+00
286,WCS Festival,2025,10,2025-10-24,2025-10-26,scheduled,wsdc_calendar,4e8024f509227f439a3a01af,WCS Festival,http://www.wcsfestival.de,name,2026-09-22 12:56:41.851343+00,2026-09-22 12:56:41.851343+00
65,Halloween SwingThing,2025,10,2025-10-23,2025-10-26,scheduled,wsdc_calendar,91c38e8c616bba2ea9a4ae8b,Halloween SwingThing,http://HSTswing.com,url,2026-09-22 12:56:41.851343+00,2026-09-22 12:56:41.851343+00
125,Swing City Chicago,2025,10,2025-10-23,2025-10-26,scheduled,wsdc_calendar,7e6aff277ab5d413db96c962,Swing City Chicago,https://swingcitychicago.com,url,2026-09-22 12:56:41.851343+00,2026-09-22 12:56:41.851343+00
350,Augsburg Westie Station,2025,10,2025-10-22,2025-10-25,scheduled,wsdc_calendar,86bf8652899c5bfa28fd6abe,Augsburg Westie Station,https://www.augsburgwestiestation.com/,url,2026-09-22 12:56:41.851343+00,2026-09-22 12:56:41.851343+00
178,Montreal Westie Fest,2025,10,2025-10-17,2025-10-19,scheduled,wsdc_calendar,bb1b3f25cf6cd4dbe9c09356,Montreal Westie Fest,http://montrealwestiefest.com,url,2026-09-22 12:56:41.851343+00,2026-09-22 12:56:41.851343+00
267,Swustlicious,2025,10,2025-10-17,2025-10-19,scheduled,wsdc_calendar,f284d105874f4b6790b53b50,Swustlicious,http://www.swustlicious.com,url,2026-09-22 12:56:41.851343+00,2026-09-22 12:56:41.851343+00
8,Boogie By The Bay,2025,10,2025-10-16,2025-10-20,scheduled,wsdc_calendar,523ba93523249cfba314bce3,Boogie by the Bay,https://boogiebythebay.com,url,2026-09-22 12:56:41.851343+00,2026-09-22 12:56:41.851343+00
179,New Zealand Open Swing Dance Championships,2025,10,2025-10-16,2025-10-19,scheduled,wsdc_calendar,52689339ac91e6886b6dd0b4,The New Zealand West Coast Swing Open,https://www.streetswing.co.nz/the-new-zealand-open,url,2026-09-22 12:56:41.851343+00,2026-09-22 12:56:41.851343+00
367,Go West SwingFest,2025,10,2025-10-10,2025-10-12,scheduled,wsdc_calendar,5e58b63738433c8272d1526e,Go West SwingFest,https://www.gowestswingfest.au,name,2026-09-22 12:56:41.851343+00,2026-09-22 12:56:41.851343+00
322,Milan Modern Swing,2025,10,2025-10-09,2025-10-12,scheduled,wsdc_calendar,e38c5242bb451ac8abe35a86,Milan Modern Swing 2025,https://www.westcoastswingmilan.com/,url,2026-09-22 12:56:41.851343+00,2026-09-22 12:56:41.851343+00
43,Paradise Dance Festival,2025,10,2025-10-09,2025-10-12,scheduled,wsdc_calendar,ac1120be43660f6a6f1c4898,Paradise dance festival,http://www.paradisecountrydancefestival.com,url,2026-09-22 12:56:41.851343+00,2026-09-22 12:56:41.851343+00
355,The Aloha Open,2025,10,2025-10-08,2025-10-12,scheduled,wsdc_calendar,ef8127a40f85869942a9f333,The Aloha Open,http://www.alohaopenwcs.com,url,2026-09-22 12:56:41.851343+00,2026-09-22 12:56:41.851343+00
211,Atlanta Swing Classic,2025,10,2025-10-02,2025-10-05,scheduled,wsdc_calendar,855d76c8f0837f1efdc4af9f,Atlanta Swing Classic,https://atlantaswingclassic.com/,url,2026-09-22 12:56:41.851343+00,2026-09-22 12:56:41.851343+00
388,Norwegian Open WCS,2025,10,2025-10-02,2025-10-06,scheduled,wsdc_calendar,33e6f40bcd3ee636de6063b5,Norwegian Open WCS,https://norwegianopen.no/,url,2026-09-22 12:56:41.851343+00,2026-09-22 12:56:41.851343+00
131,Meet Me In St Louis,2025,9,2025-09-25,2025-09-28,scheduled,wsdc_calendar,3acbb6929846256be7f97746,Meet Me in St. Louis Swing Dance Championships,http://www.mmisl.com,url,2026-09-22 12:56:41.851343+00,2026-09-22 12:56:41.851343+00
165,Midland Swing Open,2025,9,2025-09-25,2025-09-29,scheduled,wsdc_calendar,4320afe784bb9eb2ff129ecb,Midland Swing Open,http://www.MidlandSwingOpen.com,url,2026-09-22 12:56:41.851343+00,2026-09-22 12:56:41.851343+00
361,Mooseland Swing,2025,9,2025-09-25,2025-09-29,scheduled,wsdc_calendar,fad1f5c9b32f136e604fe03b,Mooseland Swing 2025,https://mooselandswing.com/,url,2026-09-22 12:56:41.851343+00,2026-09-22 12:56:41.851343+00
300,Austin Rocks,2025,9,2025-09-19,2025-09-21,scheduled,wsdc_calendar,590a66790a543a86ac26803f,Austin Rocks,http://www.atxrox.com,url,2026-09-22 12:56:41.851343+00,2026-09-22 12:56:41.851343+00
254,Finnfest,2025,9,2025-09-19,2025-09-22,scheduled,wsdc_calendar,c63edb9339a78ccb82ad34b2,Finnfest,http://www.finnfest.fi,url,2026-09-22 12:56:41.851343+00,2026-09-22 12:56:41.851343+00
234,Philly Swing Classic,2025,9,2025-09-19,2025-09-21,scheduled,wsdc_calendar,9caea6f7e411d9479aa56504,Philly Swing Dance Classic,https://phillyswing.com/,url,2026-09-22 12:56:41.851343+00,2026-09-22 12:56:41.851343+00
357,WCS Party,2025,9,2025-09-19,2025-09-21,scheduled,wsdc_calendar,0e8b42c6b5c5323f9ec90062,WCS Party,https://www.wcsparty.com/,url,2026-09-22 12:56:41.851343+00,2026-09-22 12:56:41.851343+00
359,Retaliation Swing,2025,9,2025-09-18,2025-09-22,scheduled,wsdc_calendar,47557f9ee90abf8f2d98e8ca,Retaliation Swing,https://www.retaliationswing.com,url,2026-09-22 12:56:41.851343+00,2026-09-22 12:56:41.851343+00
233,Bavarian Open,2025,9,2025-09-11,2025-09-14,scheduled,wsdc_calendar,5eaf1962d29ba7ce0d789fdc,Bavarian Open West Coast Swing Championships,https://bavarianopen.com,url,2026-09-22 12:56:41.851343+00,2026-09-22 12:56:41.851343+00
167,Best of the Best WCS,2025,9,2025-09-11,2025-09-14,scheduled,wsdc_calendar,3b4c2c0826fb95adde654166,Best of the Best WCS,https://www.bestofthebestwcs.com/,url,2026-09-22 12:56:41.851343+00,2026-09-22 12:56:41.851343+00
338,Sea Dance Fest,2025,9,2025-09-05,2025-09-07,scheduled,wsdc_calendar,0dcb0c070b41d7eb2f0bf73b,Sea Dance Fest,https://vk.com/seadancefest,url,2026-09-22 12:56:41.851343+00,2026-09-22 12:56:41.851343+00
268,Korea Westival,2025,9,2025-09-04,2025-09-07,scheduled,wsdc_calendar,49790299ff7abcc6ba22fac8,Korea Westival 2025,http://koreawestival.com,url,2026-09-22 12:56:41.851343+00,2026-09-22 12:56:41.851343+00
231,Trilogy Swing,2025,9,2025-09-04,2025-09-07,scheduled,wsdc_calendar,8dbda65751548df699fade11,Trilogy Swing,https://www.trilogywcs.com/,url,2026-09-22 12:56:41.851343+00,2026-09-22 12:56:41.851343+00
135,Desert City Swing,2025,9,2025-08-28,2025-09-01,scheduled,wsdc_calendar,08e44b5453aa4a791a05d9f3,Desert City Swing,http://www.desertcityswing.com,url,2026-09-22 12:56:41.851343+00,2026-09-22 12:56:41.851343+00
177,River City Swing,2025,8,2025-08-28,2025-08-31,scheduled,wsdc_calendar,dc53e0ccaa92a39d9d2b5a47,Jax Westie Fest,http://www.jaxwestiefest.com,name,2026-09-22 12:56:41.851343+00,2026-09-22 12:56:41.851343+00
313,Rolling Swing,2025,9,2025-08-28,2025-09-01,scheduled,wsdc_calendar,06bbcbb8c7f384c65ecebca9,Rolling Swing,http://www.frenchywesty.com,url,2026-09-22 12:56:41.851343+00,2026-09-22 12:56:41.851343+00
48,South Bay Dance Fling,2025,9,2025-08-28,2025-09-01,scheduled,wsdc_calendar,f2a0c203a8bc4e6fecc6422e,South Bay Dance Fling,https://sbdf.dance/,url,2026-09-22 12:56:41.851343+00,2026-09-22 12:56:41.851343+00
298,Shakedown Swing,2025,8,2025-08-22,2025-08-24,scheduled,wsdc_calendar,3203f455263badfee4c7dc10,Shakedown Swing,https://code03swing.com/shakedown,url,2026-09-22 12:56:41.851343+00,2026-09-22 12:56:41.851343+00
53,Summer Hummer,2025,8,2025-08-21,2025-08-24,scheduled,wsdc_calendar,7b797b7442038a9927fcc0e7,Summer Hummer,https://summerhummerboston.com/,url,2026-09-22 12:56:41.851343+00,2026-09-22 12:56:41.851343+00
391,Swing Dance Mania,2025,8,2025-08-21,2025-08-24,scheduled,wsdc_calendar,830041aab3ec1f0d335ff62b,Swing Dance Mania,http://swingdancemania.com,url,2026-09-22 12:56:41.851343+00,2026-09-22 12:56:41.851343+00
356,The Bend Connection,2025,8,2025-08-21,2025-08-24,scheduled,wsdc_calendar,376fa2a19c6ed002784db009,The Bend Connection,http://thebendconnection.com,url,2026-09-22 12:56:41.851343+00,2026-09-22 12:56:41.851343+00
119,Chicagoland Country and Swing Dance Festival,2025,8,2025-08-15,2025-08-17,scheduled,wsdc_calendar,4685c8ef6dd5313f07154d12,Chicagoland Country and Swing Dance Festival,http://www.chicagolanddancefestival.com,url,2026-09-22 12:56:41.851343+00,2026-09-22 12:56:41.851343+00
384,Grand Party Sofia (GPS),2025,8,2025-08-15,2025-08-17,scheduled,wsdc_calendar,c093996ee30f635614ae211d,Grand Party Sofia (GPS),https://wcs-gps.com/,url,2026-09-22 12:56:41.851343+00,2026-09-22 12:56:41.851343+00
264,UpTown Swing,2025,8,2025-08-15,2025-08-18,scheduled,wsdc_calendar,0047dda5c84b23c681f3fd55,UpTown Swing,http://www.uptownswing.se,url,2026-09-22 12:56:41.851343+00,2026-09-22 12:56:41.851343+00
47,SwingTime Denver,2025,8,2025-08-14,2025-08-17,scheduled,wsdc_calendar,3a686afea2ae90ce53700b68,SwingTime Denver,http://www.swingtimewcs.com,url,2026-09-22 12:56:41.851343+00,2026-09-22 12:56:41.851343+00
282,German Open,2025,8,2025-08-07,2025-08-10,scheduled,wsdc_calendar,9d89d36a9909e50d400ad711,German Open West Coast Swing,https://go-wcs.com,url,2026-09-22 12:56:41.851343+00,2026-09-22 12:56:41.851343+00
120,Lone Star Invitational,2025,8,2025-08-07,2025-08-10,scheduled,wsdc_calendar,84ddf45082bb1a8f7b264dfd,Lonestar Invitational,http://Www.lonestarcountrydance.com.,name,2026-09-22 12:56:41.851343+00,2026-09-22 12:56:41.851343+00
59,Swing Fling,2025,8,2025-08-07,2025-08-11,scheduled,wsdc_calendar,9967ab67e0407240cfe5ca28,Swing Fling,http://www.swingfling.com,url,2026-09-22 12:56:41.851343+00,2026-09-22 12:56:41.851343+00
227,Swingtacular: The Galactic Open,2025,8,2025-08-07,2025-08-10,scheduled,wsdc_calendar,8f86080c47dfc744e6acab8a,Swingtacular: The Galactic Open,http://www.DanceGeekProductions.Art,name,2026-09-22 12:56:41.851343+00,2026-09-22 12:56:41.851343+00
339,Bristol Swing Fiesta,2025,8,2025-08-01,2025-08-03,scheduled,wsdc_calendar,887cb54ba0ec87eaa397a5b8,Bristol Swing Fiesta,https://www.bristolcityswing.com/bsf,url,2026-09-22 12:56:41.851343+00,2026-09-22 12:56:41.851343+00
382,Lisbon Westie Fest,2025,8,2025-08-01,2025-08-03,scheduled,wsdc_calendar,19f012515f64f924f8bc3e05,Lisbon Westie Fest,http://www.lisbonwestiefest.com,url,2026-09-22 12:56:41.851343+00,2026-09-22 12:56:41.851343+00
383,Warsaw Summer Nights Westival,2025,8,2025-08-01,2025-08-03,scheduled,wsdc_calendar,b28c2cda73fed80eda98341d,Warsaw Summer Nights Westival,https://www.summernightswestival.com/,url,2026-09-22 12:56:41.851343+00,2026-09-22 12:56:41.851343+00
77,Arizona Dance Classic,2025,8,2025-07-31,2025-08-03,scheduled,wsdc_calendar,a9aefb8b43de78c339b4cca6,Arizona Dance Classic,https://arizonadanceclassic.com/,url,2026-09-22 12:56:41.851343+00,2026-09-22 12:56:41.851343+00
157,New England Dance Festival,2025,8,2025-07-31,2025-08-03,scheduled,wsdc_calendar,72c3841d58f325f8297b8fc8,New England Dance Festival,http://www.nedancefestival.com,url,2026-09-22 12:56:41.851343+00,2026-09-22 12:56:41.851343+00
164,Sea Sun and Swing,2025,8,2025-07-31,2025-08-03,hiatus,wsdc_calendar,050f5dfa2651dfad0f881087,Sea Sun & Swing Camp (Hiatus in 2025),http://www.seasunswing.fr,url,2026-09-22 12:56:41.851343+00,2026-09-22 12:56:41.851343+00
148,Dance Mardi Gras,2025,7,2025-07-24,2025-07-27,scheduled,wsdc_calendar,da02703c2c31127495f4436c,Dance Mardi Gras,https://dancemardigras.com/,url,2026-09-22 12:56:41.851343+00,2026-09-22 12:56:41.851343+00
149,Florida Dance Magic,2025,7,2025-07-24,2025-07-27,scheduled,wsdc_calendar,b0be5082b849c884a520d297,Florida Dance Magic,https://floridadancemagic.com,url,2026-09-22 12:56:41.851343+00,2026-09-22 12:56:41.851343+00
385,Revitalise WCS,2025,7,2025-07-18,2025-07-20,scheduled,wsdc_calendar,41742fad0bd7db8e4c2a349c,Revitalise WCS,https://withjoy.com/revitalisewcs-melbourne2025/welcome,name,2026-09-22 12:56:41.851343+00,2026-09-22 12:56:41.851343+00
256,Rock the Barn,2025,7,2025-07-18,2025-07-20,scheduled,wsdc_calendar,608e2ae564e08b390a7e60cf,Rock the Barn,https://rockthebarn.se/,url,2026-09-22 12:56:41.851343+00,2026-09-22 12:56:41.851343+00
224,Midwest Westie Fest,2025,7,2025-07-17,2025-07-20,scheduled,wsdc_calendar,4bed22b1f1fbb1b1c074c49d,Midwest Westie Fest 2025,http://Www.Midwestwestiefest.com,url,2026-09-22 12:56:41.851343+00,2026-09-22 12:56:41.851343+00
280,Saint Petersburg WCS Nights,2025,7,2025-07-17,2025-07-20,scheduled,wsdc_calendar,db59e306f0792bc5c37015ef,St. Petersburg WCS Nights,http://wcsnights.ru,url,2026-09-22 12:56:41.851343+00,2026-09-22 12:56:41.851343+00
147,Toronto Open Swing & Hustle Championships,2025,7,2025-07-17,2025-07-20,scheduled,wsdc_calendar,d2d7dcb25f78ac47b84a8356,Toronto Open,http://www.TOSHC.com,url,2026-09-22 12:56:41.851343+00,2026-09-22 12:56:41.851343+00
375,Mediterranean Open WCS,2025,7,2025-07-11,2025-07-13,scheduled,wsdc_calendar,1e4c390de3d8f200277faea4,Mediterranean Open WCS,https://mediterraneanopenwcs.com/,url,2026-09-22 12:56:41.851343+00,2026-09-22 12:56:41.851343+00
156,Big Apple Dance Festival,2025,7,2025-07-10,2025-07-13,scheduled,wsdc_calendar,7b74b9889c9028966cd81ad9,Big Apple Dance Festival,http://bigapplecountrydance.com,url,2026-09-22 12:56:41.851343+00,2026-09-22 12:56:41.851343+00
373,Carolina Summer Swing,2025,7,2025-07-10,2025-07-13,scheduled,wsdc_calendar,739fb317fc4a7d4a13cac66d,Carolina Summer Swing,https://carolinasummerswing.com/,url,2026-09-22 12:56:41.851343+00,2026-09-22 12:56:41.851343+00
362,MY Swing,2025,7,2025-07-10,2025-07-13,scheduled,wsdc_calendar,4b03b087fcb55f27d7c435e1,MY Swing,https://www.myswingopen.com/,url,2026-09-22 12:56:41.851343+00,2026-09-22 12:56:41.851343+00
1,4TH of July Convention,2025,7,2025-07-03,2025-07-06,scheduled,wsdc_calendar,a3685c361aea43f98075337f,Phoenix 4th of July,http://phoenix4thofjuly.com,url,2026-09-22 12:56:41.851343+00,2026-09-22 12:56:41.851343+00
278,Americano Dance Camp,2025,7,2025-07-03,2025-07-07,scheduled,wsdc_calendar,9647a99c1341cce3d8042b4d,Americano Dance Camp,https://vk.com/americano2025 t.me/americamodancecamp,url_host,2026-09-22 12:56:41.851343+00,2026-09-22 12:56:41.851343+00
360,SaunaSwing,2025,7,2025-07-03,2025-07-06,scheduled,wsdc_calendar,a8c2cd343c166eee266ab2b7,SaunaSwing,https://ekarolas.com/saunaswing/,url,2026-09-22 12:56:41.851343+00,2026-09-22 12:56:41.851343+00
225,Wild Wild Westie,2025,7,2025-07-03,2025-07-06,scheduled,wsdc_calendar,bd98d5abedc476b6e4a724f2,Wild Wild Westie,http://www.WildWildWestie.com,url,2026-09-22 12:56:41.851343+00,2026-09-22 12:56:41.851343+00
369,FRENCH CONNECTION WCS,2025,6,2025-06-27,2025-06-30,scheduled,wsdc_calendar,cbccd5c66e9b4f802a6c90fa,FRENCH CONNECTION WCS,http://FRENCHCONNECTIONWCS.COM,url,2026-09-22 12:56:41.851343+00,2026-09-22 12:56:41.851343+00
331,Swing Fiction,2025,6,2025-06-27,2025-06-29,scheduled,wsdc_calendar,842177393a9f514d731a4759,Swing Fiction,https://www.swingfiction.cz/,url,2026-09-22 12:56:41.851343+00,2026-09-22 12:56:41.851343+00
109,Colorado Country Classic,2025,6,2025-06-26,2025-06-29,scheduled,wsdc_calendar,556c4bb34e3341bee360e057,Colorado Country Classic,http://www.coloradocountryclassic.net,url,2026-09-22 12:56:41.851343+00,2026-09-22 12:56:41.851343+00
207,Dance N Play,2025,6,2025-06-26,2025-06-29,scheduled,wsdc_calendar,ead210818c2fdfaa02958d02,Dance N Play,https://dancenplay.com/,url,2026-09-22 12:56:41.851343+00,2026-09-22 12:56:41.851343+00
255,Indy Dance Explosion,2025,6,2025-06-26,2025-06-29,scheduled,operator,operator:indy-dance-explosion-2025-dates,Indy Dance Explosion,http://www.indydancex.com,operator_assumption,2026-09-22 12:57:48.278986+00,2026-09-22 12:57:48.278986+00
96,Liberty Swing Dance Championships,2025,6,2025-06-26,2025-06-29,scheduled,wsdc_calendar,1c2e933c4fee8212411c5e31,Liberty Swing Dance Championships,http://www.libertyswing.com,url,2026-09-22 12:56:41.851343+00,2026-09-22 12:56:41.851343+00
261,Neverland Swing,2025,6,2025-06-26,2025-06-30,scheduled,wsdc_calendar,64e0150cdd7e85c2fe7fd951,NeverlandSwing,http://www.neverlandswing.com,url,2026-09-22 12:56:41.851343+00,2026-09-22 12:56:41.851343+00
162,Swingapalooza,2025,6,2025-06-20,2025-06-22,scheduled,wsdc_calendar,476801faeb551826f60bafa6,SWINGAPALOOZA,http://www.swingapaloozaevent.com,url,2026-09-22 12:56:41.851343+00,2026-09-22 12:56:41.851343+00
374,Barock Swing Ludwigsburg,2025,6,2025-06-19,2025-06-22,scheduled,wsdc_calendar,0b38537286e927a15ba656e2,Barock Swing Ludwigsburg,https://lb-barockswing.com/index.php,name,2026-09-22 12:56:41.851343+00,2026-09-22 12:56:41.851343+00
220,D-Town Swing,2025,6,2025-06-12,2025-06-15,scheduled,wsdc_calendar,8f16c4867d9361dccda2e8ec,D-TOWNSWING,http://www.d-townsing.com,name,2026-09-22 12:56:41.851343+00,2026-09-22 12:56:41.851343+00
222,Baltic Swing,2025,6,2025-06-05,2025-06-09,scheduled,wsdc_calendar,74c4d9b01d444dc2591ff599,BALTIC SWING,http://www.balticswing.com,url,2026-09-22 12:56:41.851343+00,2026-09-22 12:56:41.851343+00
25,J&J O'Rama,2025,6,2025-06-05,2025-06-09,scheduled,wsdc_calendar,8f353e04e32213237e17ede5,Jack & Jill O'Rama,https://jackandjillorama.com/,url,2026-09-22 12:56:41.851343+00,2026-09-22 12:56:41.851343+00
117,Orange Blossom Dance Festival,2025,6,2025-06-05,2025-06-08,scheduled,wsdc_calendar,73863dd4b044a5cee88c3da0,Orange Blossom Dance Festival,http://www.orangeblossomdance.net,url,2026-09-22 12:56:41.851343+00,2026-09-22 12:56:41.851343+00
371,Festival City Swing,2025,6,2025-05-30,2025-06-01,scheduled,wsdc_calendar,80837112a2095f30c736d0a9,Festival City Swing,https://festivalcityswing.co.uk/,name,2026-09-22 12:56:41.851343+00,2026-09-22 12:56:41.851343+00
206,Hungarian Open,2025,6,2025-05-30,2025-06-01,scheduled,wsdc_calendar,0a57f4f5a97a3a61fa229b64,Hungarian Open,http://wcs-ho.com,url,2026-09-22 12:56:41.851343+00,2026-09-22 12:56:41.851343+00
368,Next Level Swing,2025,6,2025-05-30,2025-06-01,scheduled,wsdc_calendar,e4ae2995cb387e360795edad,Next Level Swing,http://www.next-level.dance,url,2026-09-22 12:56:41.851343+00,2026-09-22 12:56:41.851343+00
76,Michigan Dance Classic,2025,6,2025-05-29,2025-06-01,scheduled,wsdc_calendar,a74d06d2303b2fd772568bda,Michigan Classic,http://www.michiganclassicswing.com,url,2026-09-22 12:56:41.851343+00,2026-09-22 12:56:41.851343+00
175,French Open West Coast Swing,2025,6,2025-05-28,2025-06-02,scheduled,wsdc_calendar,ebab212ad60f382f46bbfb71,French Open WCS,http://www.fowcs.com,url,2026-09-22 12:56:41.851343+00,2026-09-22 12:56:41.851343+00
364,Nanaimo Dance Fusion,2025,5,2025-05-23,2025-05-25,scheduled,wsdc_calendar,fc2db0bde2ac3f98ba685670,Nanaimo Dance Fusion,http://www.nanaimodancefusion.ca,url,2026-09-22 12:56:41.851343+00,2026-09-22 12:56:41.851343+00
22,USA Grand Nationals,2025,5,2025-05-22,2025-05-26,scheduled,wsdc_calendar,b1b75ad80cc4ad509b53474d,USA Grand National Dance Championships,http://www.usagrandnationals.com,url,2026-09-22 12:56:41.851343+00,2026-09-22 12:56:41.851343+00
105,Canadian Swing Championships,2025,5,2025-05-16,2025-05-19,scheduled,wsdc_calendar,c7a5a8c6768fad7b18cf9404,Canadian Swing Championships,http://canadianswingchampionships.com,url,2026-09-22 12:56:41.851343+00,2026-09-22 12:56:41.851343+00
372,Dance Jam Jack & Jill Weekend,2025,5,2025-05-16,2025-05-18,scheduled,wsdc_calendar,ace1cae565862d5b3f6d4561,Dance Jam Jack & Jill Weekend,http://www.dancejamproductions.com,url_host,2026-09-22 12:56:41.851343+00,2026-09-22 12:56:41.851343+00
121,The Texas Classic,2025,5,2025-05-16,2025-05-18,scheduled,wsdc_calendar,4bda978eeb96ce08e6400bec,Texas Classic,http://www.thetexasclassic.com,url,2026-09-22 12:56:41.851343+00,2026-09-22 12:56:41.851343+00
221,Show Me Showdown,2025,5,2025-05-15,2025-05-18,scheduled,wsdc_calendar,a461d84584a0a7deff9a3a68,Show Me Showdown,http://TheShowMeShowdown.com,name,2026-09-22 12:56:41.851343+00,2026-09-22 12:56:41.851343+00
205,SOswing,2025,5,2025-05-15,2025-05-18,scheduled,wsdc_calendar,b8a0f9e9dba225818666f6c5,SOswing,http://soswingdance.com,name,2026-09-22 12:56:41.851343+00,2026-09-22 12:56:41.851343+00
174,Swingsation,2025,5,2025-05-09,2025-05-11,scheduled,wsdc_calendar,5aadd1b45a1acff26560fb69,Swingsation,https://rawconnection.com.au/swingsation/,url,2026-09-22 12:56:41.851343+00,2026-09-22 12:56:41.851343+00
379,Med in Swing,2025,5,2025-05-08,2025-05-11,scheduled,wsdc_calendar,5bf1db6abd51a7746be1dcd8,Med in Swing,http://www.medinswing.rocks,url,2026-09-22 12:56:41.851343+00,2026-09-22 12:56:41.851343+00
336,SOM - Swing of Music,2025,5,2025-05-08,2025-05-12,scheduled,wsdc_calendar,4e87bd146d68ab8575ff3312,SOM - Swing of Music,https://www.swingofmusic.com/,url,2026-09-22 12:56:41.851343+00,2026-09-22 12:56:41.851343+00
347,BeeMAD,2025,5,2025-05-01,2025-05-04,scheduled,wsdc_calendar,54f5259a2ba52996fb7c3d6d,BeeMAD,https://beemadwcs.com,url,2026-09-22 12:56:41.851343+00,2026-09-22 12:56:41.851343+00
253,Nordic WCS Championships,2025,5,2025-05-01,2025-05-05,scheduled,wsdc_calendar,fc0bd697cabb07167d975318,Nordic WCS Championships,http://www.nordicwcschamps.com,url,2026-09-22 12:56:41.851343+00,2026-09-22 12:56:41.851343+00
134,Swing Dance America,2025,5,2025-05-01,2025-05-05,cancelled,wsdc_calendar,898fa9e586171cfd2ebf0f51,Swing Dance America 2025 (Cancelled),https://www.swingdanceamerica.com/,name,2026-09-22 12:56:41.851343+00,2026-09-22 12:56:41.851343+00
144,Swingin' Into Spring,2025,5,2025-05-01,2025-05-04,scheduled,wsdc_calendar,c35190ffb90a04b5eb34161c,Swingin' Into Spring 2025,http://www.sis.djkenm.com,url,2026-09-22 12:56:41.851343+00,2026-09-22 12:56:41.851343+00
354,Spring Time Swing,2025,5,2025-04-30,2025-05-04,scheduled,wsdc_calendar,b802eed63fa1844423ec657d,Spring Time Swing,https://springtimeswing.com/,url,2026-09-22 12:56:41.851343+00,2026-09-22 12:56:41.851343+00
203,Detonation Dance,2025,4,2025-04-24,2025-04-28,scheduled,wsdc_calendar,9ce7e69a2b4f6943c06f7caa,Detonation Dance,http://www.DetonationDance.com,url,2026-09-22 12:56:41.851343+00,2026-09-22 12:56:41.851343+00
345,HONEY FEST,2025,4,2025-04-24,2025-04-27,scheduled,wsdc_calendar,d3f77b7fa5ddaad36e26066b,HONEY FEST,https://honeyfest-ufa.ru/,name,2026-09-22 12:56:41.851343+00,2026-09-22 12:56:41.851343+00
259,Swingover,2025,4,2025-04-24,2025-04-27,scheduled,wsdc_calendar,1faa2c770f2c381c810dc7d6,Swingover,http://www.swingoverevent.com,url,2026-09-22 12:56:41.851343+00,2026-09-22 12:56:41.851343+00
370,SwingIN Festival,2025,4,2025-04-23,2025-04-27,scheduled,wsdc_calendar,f57e013434ea481fc9802c28,SwingIN Festival,http://www.tanzhaus-bonn.de/swingin-festival,name,2026-09-22 12:56:41.851343+00,2026-09-22 12:56:41.851343+00
132,Tulsa Spring Swing,2025,4,2025-04-18,2025-04-20,scheduled,wsdc_calendar,8dff417a5584bbfe9b09daee,Tulsa Spring Swing,http://www.TulsaSpringSwing.com,url,2026-09-22 12:56:41.851343+00,2026-09-22 12:56:41.851343+00
218,Asia West Coast Swing Open,2025,4,2025-04-17,2025-04-20,scheduled,wsdc_calendar,bf3c7ecac4204f95a6d2cfdc,Asia West Coast Swing Open,https://www.asiawcsopen.com/,url,2026-09-22 12:56:41.851343+00,2026-09-22 12:56:41.851343+00
18,Easter Swing,2025,4,2025-04-17,2025-04-20,scheduled,wsdc_calendar,2485843be9230b5da8ca0571,Easter Swing,https://www.easterswing.org/,url,2026-09-22 12:56:41.851343+00,2026-09-22 12:56:41.851343+00
116,Calgary Dance Stampede,2025,4,2025-04-10,2025-04-13,scheduled,wsdc_calendar,c243d7286e8947621931ce8b,Calgary Dance Stampede,http://www.calgarydancestampede.com,url,2026-09-22 12:56:41.851343+00,2026-09-22 12:56:41.851343+00
187,City of Angels WCS,2025,4,2025-04-10,2025-04-13,scheduled,wsdc_calendar,2ceeef3e515d9edc290a5d47,City of Angels,https://cityofangelswcs.com/,url,2026-09-22 12:56:41.851343+00,2026-09-22 12:56:41.851343+00
210,Korean Open WCS Championships,2025,4,2025-04-10,2025-04-13,scheduled,wsdc_calendar,375f8aa2333ef62f77ca926b,Korean Open WCS Championships,https://www.kopenwcs.com/,url,2026-09-22 12:56:41.851343+00,2026-09-22 12:56:41.851343+00
352,Slovenian Open,2025,4,2025-04-10,2025-04-14,scheduled,wsdc_calendar,81737d97ce78c6a8a6a39486,Slovenian Open,https://www.slovenianopen.dance,url,2026-09-22 12:56:41.851343+00,2026-09-22 12:56:41.851343+00
293,Westy Nantes,2025,4,2025-04-04,2025-04-06,scheduled,wsdc_calendar,e66a8bd42f92115920be13d3,WESTY NANTES,https://www.westynantes.com/,url,2026-09-22 12:56:41.851343+00,2026-09-22 12:56:41.851343+00
217,San Diego Dance Festival,2025,3,2025-03-28,2025-03-30,unconfirmed,wsdc_calendar,ef3a72cf892e03204fa6393b,San Diego Dance Festival (Unconfirmed),https://sandiegodancefestival.com,name,2026-09-22 12:56:41.851343+00,2026-09-22 12:56:41.851343+00
324,Calgary Town Open,2025,3,2025-03-27,2025-03-30,scheduled,wsdc_calendar,743786969ac3cfd022565f0a,By-Town Open (BTO),http://Btoopen.ca,name,2026-09-22 12:56:41.851343+00,2026-09-22 12:56:41.851343+00
154,UK WCS Championships,2025,3,2025-03-27,2025-03-31,scheduled,wsdc_calendar,ca7943cfeffb720fec587fb5,UK WCS Championships,http://www.ukwcschamps.com,url,2026-09-22 12:56:41.851343+00,2026-09-22 12:56:41.851343+00
197,5280 Westival,2025,3,2025-03-20,2025-03-24,scheduled,wsdc_calendar,ee563a0f3012ea424e137847,5280 Westival,https://www.5280westival.com,url,2026-09-22 12:56:41.851343+00,2026-09-22 12:56:41.851343+00
9,Boston Tea Party,2025,3,2025-03-20,2025-03-24,scheduled,wsdc_calendar,cb4579a6b0986bcb0550fd3a,The Boston Tea Party,http://teapartyswings.com,url,2026-09-22 12:56:41.851343+00,2026-09-22 12:56:41.851343+00
292,King Swing,2025,3,2025-03-20,2025-03-24,scheduled,wsdc_calendar,5e46b0cbedc1f47e10a08874,KING SWING,http://kingswing.pl,url,2026-09-22 12:56:41.851343+00,2026-09-22 12:56:41.851343+00
153,Novice Invitational,2025,3,2025-03-20,2025-03-23,scheduled,wsdc_calendar,a95d3eb75311c22cbb561476,Novice Invitational,http://Novice-invitational.com,name,2026-09-22 12:56:41.851343+00,2026-09-22 12:56:41.851343+00
318,All Star SwingJam,2025,3,2025-03-13,2025-03-16,hiatus,wsdc_calendar,1e55255f1504c4b684a222a7,All Star SwingJam (Hiatus),http://www.allstarswingjam.com,url,2026-09-22 12:56:41.851343+00,2026-09-22 12:56:41.851343+00
275,Dutch Open West Coast Swing,2025,3,2025-03-13,2025-03-16,scheduled,wsdc_calendar,d6d8c3cdb65385b611afb16a,Dutch open West Coast swing,https://www.dutchopenwcs.com/,url,2026-09-22 12:56:41.851343+00,2026-09-22 12:56:41.851343+00
142,The Chicago Classic,2025,3,2025-03-13,2025-03-16,scheduled,wsdc_calendar,4fa3b634dd99ad6bfbd24847,The Chicago Classic,http://www.thechicagoclassic.com,url,2026-09-22 12:56:41.851343+00,2026-09-22 12:56:41.851343+00
186,West in Lyon,2025,3,2025-03-13,2025-03-16,scheduled,wsdc_calendar,13267aa042fe0848718b5641,West In Lyon,http://www.west-in-lyon.fr,url,2026-09-22 12:56:41.851343+00,2026-09-22 12:56:41.851343+00
314,Westie Spring Thing,2025,3,2025-03-13,2025-03-16,scheduled,wsdc_calendar,80a7b1989ffd520928318c41,Westie Spring Thing,https://westiespringthing.com,url,2026-09-22 12:56:41.851343+00,2026-09-22 12:56:41.851343+00
143,High Desert Dance Classic,2025,3,2025-03-07,2025-03-09,scheduled,wsdc_calendar,26d1d370437afe6c8d8481fc,High Desert Dance Classic,http://www.highdesertdanceclassic.com,url,2026-09-22 12:56:41.851343+00,2026-09-22 12:56:41.851343+00
333,Swingvasion,2025,3,2025-03-07,2025-03-09,scheduled,wsdc_calendar,ea1b4f62f23c676fb227799c,Swingvasion,https://swingcentral.nz/swingvasion,name,2026-09-22 12:56:41.851343+00,2026-09-22 12:56:41.851343+00
348,Euro Dance Festival,2025,3,2025-03-04,2025-03-09,scheduled,wsdc_calendar,76444a9061772d548b369345,Euro Dance Festival,https://www.euro-dance-festival.com/rust/,url_host,2026-09-22 12:56:41.851343+00,2026-09-22 12:56:41.851343+00
92,MADjam,2025,3,2025-02-27,2025-03-03,hiatus,wsdc_calendar,b1b464fe68956c7d4120c8a0,Madjam Mid-Atlantic Dance Jam (On Hiatus),http://www.atlanticdancejam.com,url,2026-09-22 12:56:41.851343+00,2026-09-22 12:56:41.851343+00
344,Arousa Westie Fest,2025,2,2025-02-20,2025-02-23,scheduled,wsdc_calendar,8d5e2e4c607fbad708180edd,Arousa Westie Fest,http://arousawestiefest.com,url,2026-09-22 12:56:41.851343+00,2026-09-22 12:56:41.851343+00
244,Rose City Swing,2025,2,2025-02-20,2025-02-23,scheduled,wsdc_calendar,8261759c696723754c16ec14,Rose City Swing,https://rosecityswing.com,url,2026-09-22 12:56:41.851343+00,2026-09-22 12:56:41.851343+00
343,Swing Crush,2025,2,2025-02-20,2025-02-23,scheduled,wsdc_calendar,eabca3d85130f79d43b78e9e,Swing Crush,https://swingcrush.com,url,2026-09-22 12:56:41.851343+00,2026-09-22 12:56:41.851343+00
297,Winter Coast Swing,2025,2,2025-02-20,2025-02-23,scheduled,wsdc_calendar,dcdf39eb2b3472228cab9405,Winter Coast Swing,https://www.wintercoastswing.com,url,2026-09-22 12:56:41.851343+00,2026-09-22 12:56:41.851343+00
310,Valentine Swing,2025,2,2025-02-14,2025-02-16,scheduled,wsdc_calendar,257a00691ec8542eb9c7057d,Valentine Swing,http://www.valentineswing.dance,url,2026-09-22 12:56:41.851343+00,2026-09-22 12:56:41.851343+00
12,Capital Swing Dance Convention,2025,2,2025-02-13,2025-02-16,scheduled,wsdc_calendar,71beec665732608027fdbcc5,Capital Swing Dance Convention,http://www.CapitalSwingConvention.com,url,2026-09-22 12:56:41.851343+00,2026-09-22 12:56:41.851343+00
363,Trinity Swing,2025,2,2025-02-07,2025-02-09,scheduled,wsdc_calendar,dcf79046fc2fec5fc917a1b2,Trinity Swing,https://trinityswing.com/,url,2026-09-22 12:56:41.851343+00,2026-09-22 12:56:41.851343+00
302,WesterOz Swing,2025,2,2025-02-07,2025-02-09,scheduled,wsdc_calendar,9c065915c7f650a487617f8d,WesterOz Swing,https://www.magneticdance.com.au/westeroz,url,2026-09-22 12:56:41.851343+00,2026-09-22 12:56:41.851343+00
258,Swingtzerland,2025,2,2025-02-06,2025-02-09,scheduled,wsdc_calendar,c1e57ec15560a1650963acba,Swingtzerland,https://swingtzerland.com/,url,2026-09-22 12:56:41.851343+00,2026-09-22 12:56:41.851343+00
273,Charlotte Westie Fest,2025,2,2025-01-30,2025-02-03,scheduled,wsdc_calendar,400ce11e79f2e56cfc7b0fc0,Charlotte WestieFest,https://www.charlottewestiefest.com/,url,2026-09-22 12:56:41.851343+00,2026-09-22 12:56:41.851343+00
272,Paris Westie Fest,2025,2,2025-01-30,2025-02-02,scheduled,wsdc_calendar,ef5d2d70e484e1d42ba812de,Paris Swing Classic,https://www.parisswingclassic.com/,name,2026-09-22 12:56:41.851343+00,2026-09-22 12:56:41.851343+00
215,Swing & Snow,2025,2,2025-01-29,2025-02-02,scheduled,wsdc_calendar,52dfefeecc25eecf12cc1237,Swing & Snow,http://swingandsnow.ru,url,2026-09-22 12:56:41.851343+00,2026-09-22 12:56:41.851343+00
183,Freedom Swing Dance Challenge,2025,1,2025-01-24,2025-01-26,scheduled,wsdc_calendar,956f81b06d8189a3654712bc,Freedom Swing Dance Challenge,https://freedomswingdance.com/,url,2026-09-22 12:56:41.851343+00,2026-09-22 12:56:41.851343+00
242,Derby City Swing,2025,1,2025-01-23,2025-01-26,scheduled,wsdc_calendar,55fdfa1f8f24cfa29302a733,Derby City Swing,https://derbycityswing.com/,url,2026-09-22 12:56:41.851343+00,2026-09-22 12:56:41.851343+00
301,Swing Resolution,2025,1,2025-01-23,2025-01-26,scheduled,wsdc_calendar,670ab174144c7ab4ba04159e,Swing Resolution,http://www.swingresolution.com,url,2026-09-22 12:56:41.851343+00,2026-09-22 12:56:41.851343+00
309,Avignon City Swing,2025,1,2025-01-17,2025-01-20,scheduled,wsdc_calendar,e9b1efb503395b4dd16c9669,Avignon City Swing,http://Www.avignoncityswing.com,url,2026-09-22 12:56:41.851343+00,2026-09-22 12:56:41.851343+00
381,The Australian Classic West Coast Swing Dance Championships (Trial Event),2025,1,2025-01-17,2025-01-19,scheduled,wsdc_calendar,fd99c068d26c052b76f541ea,The Australian Classic West Coast Swing Dance Championships (Trial Event),http://www.dancewcsa.com.au,url,2026-09-22 12:56:41.851343+00,2026-09-22 12:56:41.851343+00
200,Austin Swing Dance Championships,2025,1,2025-01-16,2025-01-19,scheduled,wsdc_calendar,12925c154ab0fd4232e13ec0,Austin Swing Dance Championships,https://austinswingdance.com,url,2026-09-22 12:56:41.851343+00,2026-09-22 12:56:41.851343+00
62,Monterey SwingFest,2025,1,2025-01-14,2025-01-19,scheduled,wsdc_calendar,8f128ea2e7d263365f181c04,Monterey Swing Fest,http://Montereyswing.com,url,2026-09-22 12:56:41.851343+00,2026-09-22 12:56:41.851343+00
184,BudaFest Open WCS Championships,2025,1,2025-01-07,2025-01-12,scheduled,wsdc_calendar,2fca96d85474804e449d0ce6,BudaFest Open WCS Championships,http://wcs-budafest.com,url,2026-09-22 12:56:41.851343+00,2026-09-22 12:56:41.851343+00
196,SwingCouver,2025,1,2025-01-02,2025-01-05,scheduled,wsdc_calendar,233a9e489d566a80f6a2a4d9,SwingCouver,http://www.swingcouver.com,name,2026-09-22 12:56:41.851343+00,2026-09-22 12:56:41.851343+00
334,Countdown Swing Boston,2025,1,2024-12-31,2025-01-05,scheduled,wsdc_calendar,a0afcd4cdb07272f2fbe5ed1,Countdown Swing Boston,http://Countdownswingboston.com,url,2026-09-22 12:56:41.851343+00,2026-09-22 12:56:41.851343+00
75,UCWDC Country Dance World Championship,2025,1,2024-12-29,2025-01-05,scheduled,wsdc_calendar,8e85269b2d7a9013c8e0fff1,UCWDC Country Dance World Championship,https://ucwdc.org/worlds-home/,name,2026-09-22 12:56:41.851343+00,2026-09-22 12:56:41.851343+00
141,Spotlight New Year's Celebration,2025,1,2024-12-28,2025-01-01,scheduled,wsdc_calendar,37f0d3b6a65bdd5caba1fad9,Spotlight New Year's Celebration,http://www.spotlightnewyears.com,url,2026-09-22 12:56:41.851343+00,2026-09-22 12:56:41.851343+00
289,SwingVester,2025,1,2024-12-28,2025-01-02,scheduled,wsdc_calendar,694db6b691e4ee896107e301,SwingVester,http://www.swingvester.com,url,2026-09-22 12:56:41.851343+00,2026-09-22 12:56:41.851343+00
289,SwingVester,2024,1,2024-12-28,2025-01-02,scheduled,wsdc_dump,manual:fix-swingvester-2024-poison,SwingVester,,manual_conflict_resolution,2026-09-24 17:30:24.968393+00,2026-09-24 17:30:24.968393+00
240,Westie Gala,2025,1,2024-12-28,2025-01-01,scheduled,wsdc_calendar,b4b6897b74fdabe19506df35,Westie Gala,http://www.westiegala.com,url,2026-09-22 12:56:41.851343+00,2026-09-22 12:56:41.851343+00
42,Floorplay Swing Vacation,2025,1,2024-12-27,2025-01-01,scheduled,wsdc_calendar,d7ea6e5b66ee808f80f69ad7,Floorplay Swing Vacation,http://www.floorplayswingvacation.com,url,2026-09-22 12:56:41.851343+00,2026-09-22 12:56:41.851343+00
342,Global Grand Prix - West Coast Swing Reunion,2024,12,2024-12-13,2024-12-16,scheduled,wsdc_dump,dump:competitionevents:3071,Global Grand Prix - West Coast Swing,,dump_competitionevents_series_id,2026-09-24 17:14:37.922596+00,2026-09-24 17:14:37.922596+00
271,Berlin Swing Revolution,2024,12,2024-12-12,2024-12-15,scheduled,wsdc_dump,dump:competitionevents:3069,Berlin Swing Revolution,,dump_competitionevents_series_id,2026-09-24 17:14:37.922596+00,2026-09-24 17:14:37.922596+00
290,Shooba Dooba Swing,2024,12,2024-12-06,2024-12-09,scheduled,wsdc_dump,dump:competitionevents:3185,Shooba Dooba Swing,,dump_competitionevents_series_id,2026-09-24 17:12:21.309728+00,2026-09-24 17:12:21.309728+00
212,The After Party (TAP),2024,12,2024-12-05,2024-12-08,scheduled,wsdc_dump,dump:competitionevents:3084,"The After Party - ""TAP""",,dump_competitionevents_series_id,2026-09-24 17:14:37.922596+00,2026-09-24 17:14:37.922596+00
238,Winter White,2024,12,2024-12-05,2024-12-08,scheduled,wsdc_dump,dump:competitionevents:3063,Winter White WCS,,dump_competitionevents_series_id,2026-09-24 17:14:37.922596+00,2026-09-24 17:14:37.922596+00
87,CASH Bash,2024,12,2024-11-28,2024-12-01,scheduled,wsdc_dump,dump:competitionevents:3062,CASH Bash,,dump_competitionevents_series_id,2026-09-24 17:14:37.922596+00,2026-09-24 17:14:37.922596+00
68,US Open Swing Dance Championships,2024,12,2024-11-28,2024-12-01,scheduled,wsdc_dump,dump:competitionevents:3240,The Open World Swing Dance Championships,,dump_competitionevents_series_id,2026-09-24 17:12:21.309728+00,2026-09-24 17:12:21.309728+00
181,DC Swing eXperience (DCSX),2024,11,2024-11-14,2024-11-17,scheduled,wsdc_dump,dump:competitionevents:2805,DC Swing eXperience (DCSX),,dump_competitionevents_series_id,2026-09-24 17:13:13.714247+00,2026-09-24 17:13:13.714247+00
269,Autumn Swing Challenge,2024,11,2024-11-08,2024-11-11,scheduled,wsdc_dump,dump:competitionevents:2945,Autumn Swing Challenge,,dump_competitionevents_series_id,2026-09-24 17:14:17.257014+00,2026-09-24 17:14:17.257014+00
312,Westie Pink City,2024,11,2024-11-08,2024-11-11,scheduled,wsdc_dump,dump:competitionevents:3057,Westie Pink City,,dump_competitionevents_series_id,2026-09-24 17:14:37.922596+00,2026-09-24 17:14:37.922596+00
179,New Zealand Open Swing Dance Championships,2024,11,2024-11-07,2024-11-10,scheduled,wsdc_dump,dump:competitionevents:3046,New Zealand Open,,dump_competitionevents_series_id,2026-09-24 17:14:37.922596+00,2026-09-24 17:14:37.922596+00
79,Sea to Sky,2024,11,2024-11-07,2024-11-11,scheduled,wsdc_dump,dump:competitionevents:3056,Sea to Sky Seattle,,dump_competitionevents_series_id,2026-09-24 17:14:37.922596+00,2026-09-24 17:14:37.922596+00
288,Midnight Madness,2024,11,2024-11-01,2024-11-03,scheduled,wsdc_dump,dump:competitionevents:3054,Midnight Madness Swing,,dump_competitionevents_series_id,2026-09-24 17:14:37.922596+00,2026-09-24 17:14:37.922596+00
340,Spooky Westie Weekend,2024,11,2024-11-01,2024-11-03,scheduled,wsdc_dump,dump:competitionevents:3126,Spooky Westie Weekend,,dump_competitionevents_series_id,2026-09-24 17:12:21.309728+00,2026-09-24 17:12:21.309728+00
31,Mountain Magic,2024,11,2024-10-31,2024-11-03,scheduled,wsdc_dump,dump:competitionevents:3053,Mountain Magic Dance Convention,,dump_competitionevents_series_id,2026-09-24 17:14:37.922596+00,2026-09-24 17:14:37.922596+00
229,Scandinavian Open,2024,11,2024-10-31,2024-11-03,scheduled,wsdc_dump,dump:competitionevents:3055,"Scandinavian Open WCS ""SNOW""",,dump_competitionevents_series_id,2026-09-24 17:14:37.922596+00,2026-09-24 17:14:37.922596+00
330,Simply Adelaide West Coast Swing,2024,11,2024-10-31,2024-11-04,scheduled,wsdc_dump,dump:competitionevents:3068,Simply Adelaide West Coast Swing 2024,,dump_competitionevents_series_id,2026-09-24 17:14:37.922596+00,2026-09-24 17:14:37.922596+00
270,Westie's Angels,2024,11,2024-10-31,2024-11-04,scheduled,wsdc_dump,dump:competitionevents:3059,Westie's Angels,,dump_competitionevents_series_id,2026-09-24 17:14:37.922596+00,2026-09-24 17:14:37.922596+00
323,Westies on the Water,2024,11,2024-10-31,2024-11-03,scheduled,wsdc_dump,dump:competitionevents:3058,Rocket City Swing,,dump_competitionevents_series_id,2026-09-24 17:14:37.922596+00,2026-09-24 17:14:37.922596+00
346,Swingside Invitational,2024,10,2024-10-25,2024-10-27,scheduled,wsdc_dump,dump:competitionevents:3052,Swingside Invitational,,dump_competitionevents_series_id,2026-09-24 17:14:37.922596+00,2026-09-24 17:14:37.922596+00
65,Halloween SwingThing,2024,10,2024-10-24,2024-10-27,scheduled,wsdc_dump,dump:competitionevents:3049,Halloween Swingthing,,dump_competitionevents_series_id,2026-09-24 17:14:37.922596+00,2026-09-24 17:14:37.922596+00
125,Swing City Chicago,2024,10,2024-10-24,2024-10-27,scheduled,wsdc_dump,dump:competitionevents:3050,Swing City Chicago,,dump_competitionevents_series_id,2026-09-24 17:14:37.922596+00,2026-09-24 17:14:37.922596+00
236,Warsaw Halloween Swing,2024,10,2024-10-24,2024-10-28,scheduled,wsdc_dump,dump:competitionevents:3051,Warsaw Halloween Swing,,dump_competitionevents_series_id,2026-09-24 17:14:37.922596+00,2026-09-24 17:14:37.922596+00
267,Swustlicious,2024,10,2024-10-18,2024-10-20,scheduled,wsdc_dump,dump:competitionevents:3082,Swustlicious,,dump_competitionevents_series_id,2026-09-24 17:14:37.922596+00,2026-09-24 17:14:37.922596+00
350,Augsburg Westie Station,2024,10,2024-10-17,2024-10-20,scheduled,wsdc_dump,dump:competitionevents:3092,Augsburg Westie Station,,dump_competitionevents_series_id,2026-09-24 17:12:21.309728+00,2026-09-24 17:12:21.309728+00
322,Milan Modern Swing,2024,10,2024-10-17,2024-10-20,scheduled,wsdc_dump,dump:competitionevents:3048,Milan Modern Swing,,dump_competitionevents_series_id,2026-09-24 17:14:37.922596+00,2026-09-24 17:14:37.922596+00
43,Paradise Dance Festival,2024,10,2024-10-17,2024-10-20,scheduled,wsdc_dump,dump:competitionevents:3067,Paradise Dance Festival,,dump_competitionevents_series_id,2026-09-24 17:14:37.922596+00,2026-09-24 17:14:37.922596+00
367,Go West SwingFest,2024,10,2024-10-11,2024-10-13,scheduled,wsdc_dump,dump:competitionevents:2818,Go West Swingfest,,dump_competitionevents_series_id,2026-09-24 17:13:13.714247+00,2026-09-24 17:13:13.714247+00
286,WCS Festival,2024,10,2024-10-11,2024-10-13,scheduled,wsdc_dump,dump:competitionevents:3045,WCS Festival,,dump_competitionevents_series_id,2026-09-24 17:14:37.922596+00,2026-09-24 17:14:37.922596+00
8,Boogie By The Bay,2024,10,2024-10-10,2024-10-14,scheduled,wsdc_dump,dump:competitionevents:3115,Boogie by the Bay,,dump_competitionevents_series_id,2026-09-24 17:12:21.309728+00,2026-09-24 17:12:21.309728+00
178,Montreal Westie Fest,2024,10,2024-10-10,2024-10-14,scheduled,wsdc_dump,dump:competitionevents:3066,Montreal Westie Fest,,dump_competitionevents_series_id,2026-09-24 17:14:37.922596+00,2026-09-24 17:14:37.922596+00
211,Atlanta Swing Classic,2024,10,2024-10-03,2024-10-06,scheduled,wsdc_dump,dump:competitionevents:2965,Atlanta Swing Classic,,dump_competitionevents_series_id,2026-09-24 17:14:17.257014+00,2026-09-24 17:14:17.257014+00
300,Austin Rocks,2024,9,2024-09-27,2024-09-29,scheduled,wsdc_dump,dump:competitionevents:2943,Austin Rocks 2024 ,,dump_competitionevents_series_id,2026-09-24 17:14:17.257014+00,2026-09-24 17:14:17.257014+00
268,Korea Westival,2024,9,2024-09-26,2024-09-29,scheduled,wsdc_dump,dump:competitionevents:3042,Korea Westival,,dump_competitionevents_series_id,2026-09-24 17:14:37.922596+00,2026-09-24 17:14:37.922596+00
165,Midland Swing Open,2024,9,2024-09-26,2024-09-30,scheduled,wsdc_dump,dump:competitionevents:2987,Midland Swing Open,,dump_competitionevents_series_id,2026-09-24 17:14:17.257014+00,2026-09-24 17:14:17.257014+00
254,Finnfest,2024,9,2024-09-20,2024-09-23,scheduled,wsdc_dump,dump:competitionevents:3041,Finnfest,,dump_competitionevents_series_id,2026-09-24 17:14:37.922596+00,2026-09-24 17:14:37.922596+00
131,Meet Me In St Louis,2024,9,2024-09-19,2024-09-22,scheduled,wsdc_dump,dump:competitionevents:2957,Meet Me in St Louis Swing Dance Championships,,dump_competitionevents_series_id,2026-09-24 17:14:17.257014+00,2026-09-24 17:14:17.257014+00
234,Philly Swing Classic,2024,9,2024-09-13,2024-09-15,scheduled,wsdc_dump,dump:competitionevents:3038,Philly Swing Dance Classic,,dump_competitionevents_series_id,2026-09-24 17:14:37.922596+00,2026-09-24 17:14:37.922596+00
233,Bavarian Open,2024,9,2024-09-12,2024-09-15,scheduled,wsdc_dump,dump:competitionevents:2985,Bavarian Open West Coast Swing Championships,,dump_competitionevents_series_id,2026-09-24 17:14:30.417918+00,2026-09-24 17:14:30.417918+00
167,Best of the Best WCS,2024,9,2024-09-12,2024-09-15,scheduled,wsdc_dump,dump:competitionevents:3036,Best of the Best WCS,,dump_competitionevents_series_id,2026-09-24 17:14:37.922596+00,2026-09-24 17:14:37.922596+00
231,Trilogy Swing,2024,9,2024-09-05,2024-09-08,scheduled,wsdc_dump,dump:competitionevents:3086,Trilogy Swing,,dump_competitionevents_series_id,2026-09-24 17:14:37.922596+00,2026-09-24 17:14:37.922596+00
338,Sea Dance Fest,2024,9,2024-09-01,2024-09-08,scheduled,wsdc_dump,dump:competitionevents:3035,Sea Dance Fest,,dump_competitionevents_series_id,2026-09-24 17:14:37.922596+00,2026-09-24 17:14:37.922596+00
135,Desert City Swing,2024,9,2024-08-29,2024-09-02,scheduled,wsdc_dump,dump:competitionevents:3032,Desert City Swing,,dump_competitionevents_series_id,2026-09-24 17:14:30.417918+00,2026-09-24 17:14:30.417918+00
177,River City Swing,2024,9,2024-08-29,2024-09-02,scheduled,wsdc_dump,dump:competitionevents:3034,Jax Westie Fest,,dump_competitionevents_series_id,2026-09-24 17:14:30.417918+00,2026-09-24 17:14:30.417918+00
313,Rolling Swing,2024,9,2024-08-29,2024-09-02,scheduled,wsdc_dump,dump:competitionevents:3033,Rolling Swing,,dump_competitionevents_series_id,2026-09-24 17:14:30.417918+00,2026-09-24 17:14:30.417918+00
48,South Bay Dance Fling,2024,9,2024-08-29,2024-09-02,scheduled,wsdc_dump,dump:competitionevents:3073,South Bay Dance Fling,,dump_competitionevents_series_id,2026-09-24 17:14:37.922596+00,2026-09-24 17:14:37.922596+00
298,Shakedown Swing,2024,8,2024-08-23,2024-08-25,scheduled,wsdc_dump,dump:competitionevents:3031,Shakedown Swing,,dump_competitionevents_series_id,2026-09-24 17:14:30.417918+00,2026-09-24 17:14:30.417918+00
53,Summer Hummer,2024,8,2024-08-22,2024-08-25,scheduled,wsdc_dump,dump:competitionevents:3030,Summer Hummer,,dump_competitionevents_series_id,2026-09-24 17:14:30.417918+00,2026-09-24 17:14:30.417918+00
119,Chicagoland Country and Swing Dance Festival,2024,8,2024-08-16,2024-08-18,scheduled,wsdc_dump,dump:competitionevents:3029,Chicagoland Country and Swing Dance Festival,,dump_competitionevents_series_id,2026-09-24 17:14:30.417918+00,2026-09-24 17:14:30.417918+00
47,SwingTime Denver,2024,8,2024-08-15,2024-08-18,scheduled,wsdc_dump,dump:competitionevents:3077,SwingTime Denver,,dump_competitionevents_series_id,2026-09-24 17:14:37.922596+00,2026-09-24 17:14:37.922596+00
339,Bristol Swing Fiesta,2024,8,2024-08-09,2024-08-11,scheduled,wsdc_dump,dump:competitionevents:3027,Bristol Swing Fiesta,,dump_competitionevents_series_id,2026-09-24 17:14:30.417918+00,2026-09-24 17:14:30.417918+00
264,UpTown Swing,2024,8,2024-08-09,2024-08-12,scheduled,wsdc_dump,dump:competitionevents:3026,UpTown Swing,,dump_competitionevents_series_id,2026-09-24 17:14:30.417918+00,2026-09-24 17:14:30.417918+00
120,Lone Star Invitational,2024,8,2024-08-08,2024-08-11,scheduled,wsdc_dump,dump:competitionevents:3028,Lonestar Invitational,,dump_competitionevents_series_id,2026-09-24 17:14:30.417918+00,2026-09-24 17:14:30.417918+00
59,Swing Fling,2024,8,2024-08-08,2024-08-12,scheduled,wsdc_dump,dump:competitionevents:2752,Swing Fling 2024,,dump_competitionevents_series_id,2026-09-24 17:12:43.602598+00,2026-09-24 17:12:43.602598+00
77,Arizona Dance Classic,2024,8,2024-08-01,2024-08-04,scheduled,wsdc_dump,dump:competitionevents:2940,Arizona Dance Classic,,dump_competitionevents_series_id,2026-09-24 17:14:17.257014+00,2026-09-24 17:14:17.257014+00
282,German Open,2024,8,2024-08-01,2024-08-04,scheduled,wsdc_dump,dump:competitionevents:3078,The German Open WCS Championships,,dump_competitionevents_series_id,2026-09-24 17:14:37.922596+00,2026-09-24 17:14:37.922596+00
157,New England Dance Festival,2024,8,2024-08-01,2024-08-04,scheduled,wsdc_dump,dump:competitionevents:3024,New England Dance Festival,,dump_competitionevents_series_id,2026-09-24 17:14:30.417918+00,2026-09-24 17:14:30.417918+00
227,Swingtacular: The Galactic Open,2024,8,2024-08-01,2024-08-04,scheduled,wsdc_dump,dump:competitionevents:3075,Swingtacular: The Galactic Open,,dump_competitionevents_series_id,2026-09-24 17:14:37.922596+00,2026-09-24 17:14:37.922596+00
164,Sea Sun and Swing,2024,8,2024-07-27,2024-08-03,scheduled,wsdc_dump,dump:competitionevents:3074,Sea Sun & Swing Camp,,dump_competitionevents_series_id,2026-09-24 17:14:37.922596+00,2026-09-24 17:14:37.922596+00
148,Dance Mardi Gras,2024,7,2024-07-25,2024-07-28,scheduled,wsdc_dump,dump:competitionevents:3095,Dance Mardi Gras,,dump_competitionevents_series_id,2026-09-24 17:12:21.309728+00,2026-09-24 17:12:21.309728+00
263,Riga Summer Swing,2024,7,2024-07-25,2024-07-29,scheduled,wsdc_dump,dump:competitionevents:3076,Riga Summer Swing,,dump_competitionevents_series_id,2026-09-24 17:14:37.922596+00,2026-09-24 17:14:37.922596+00
224,Midwest Westie Fest,2024,7,2024-07-18,2024-07-21,scheduled,wsdc_dump,dump:competitionevents:2984,Midwest Westie Fest,,dump_competitionevents_series_id,2026-09-24 17:14:30.417918+00,2026-09-24 17:14:30.417918+00
256,Rock the Barn,2024,7,2024-07-18,2024-07-21,scheduled,wsdc_dump,dump:competitionevents:2981,Rock The Barn,,dump_competitionevents_series_id,2026-09-24 17:14:30.417918+00,2026-09-24 17:14:30.417918+00
280,Saint Petersburg WCS Nights,2024,7,2024-07-18,2024-07-21,scheduled,wsdc_dump,dump:competitionevents:3080,St.Petersburg WCS Nights,,dump_competitionevents_series_id,2026-09-24 17:14:37.922596+00,2026-09-24 17:14:37.922596+00
156,Big Apple Dance Festival,2024,7,2024-07-11,2024-07-14,scheduled,wsdc_dump,dump:competitionevents:2960,Big Apple Dance Festival,,dump_competitionevents_series_id,2026-09-24 17:14:17.257014+00,2026-09-24 17:14:17.257014+00
303,Odyssey West Coast Swing,2024,7,2024-07-11,2024-07-14,scheduled,wsdc_dump,dump:competitionevents:3023,Odyssey West Coast Swing,,dump_competitionevents_series_id,2026-09-24 17:14:30.417918+00,2026-09-24 17:14:30.417918+00
147,Toronto Open Swing & Hustle Championships,2024,7,2024-07-11,2024-07-14,scheduled,wsdc_dump,dump:competitionevents:3079,Toronto Open Swing and Hustle Championships,,dump_competitionevents_series_id,2026-09-24 17:14:37.922596+00,2026-09-24 17:14:37.922596+00
1,4TH of July Convention,2024,7,2024-07-04,2024-07-07,scheduled,wsdc_dump,dump:competitionevents:3081,Phoenix 4th of July,,dump_competitionevents_series_id,2026-09-24 17:14:37.922596+00,2026-09-24 17:14:37.922596+00
278,Americano Dance Camp,2024,7,2024-07-04,2024-07-08,scheduled,wsdc_dump,dump:competitionevents:2937,Americano Dance camp,,dump_competitionevents_series_id,2026-09-24 17:14:17.257014+00,2026-09-24 17:14:17.257014+00
225,Wild Wild Westie,2024,7,2024-07-04,2024-07-07,scheduled,wsdc_dump,dump:competitionevents:3021,Wild Wild Westie,,dump_competitionevents_series_id,2026-09-24 17:14:30.417918+00,2026-09-24 17:14:30.417918+00
331,Swing Fiction,2024,6,2024-06-28,2024-06-30,scheduled,wsdc_dump,dump:competitionevents:3020,Swing Fiction 2024,,dump_competitionevents_series_id,2026-09-24 17:14:30.417918+00,2026-09-24 17:14:30.417918+00
96,Liberty Swing Dance Championships,2024,6,2024-06-27,2024-06-30,scheduled,wsdc_dump,dump:competitionevents:2968,Liberty Swing Dance Championships,,dump_competitionevents_series_id,2026-09-24 17:14:17.257014+00,2026-09-24 17:14:17.257014+00
261,Neverland Swing,2024,7,2024-06-27,2024-07-01,scheduled,wsdc_dump,dump:competitionevents:3018,NeverlandSwing,,dump_competitionevents_series_id,2026-09-24 17:14:30.417918+00,2026-09-24 17:14:30.417918+00
162,Swingapalooza,2024,6,2024-06-21,2024-06-23,scheduled,wsdc_dump,dump:competitionevents:2983,SWINGAPALOOZA,,dump_competitionevents_series_id,2026-09-24 17:14:30.417918+00,2026-09-24 17:14:30.417918+00
109,Colorado Country Classic,2024,6,2024-06-20,2024-06-23,scheduled,wsdc_dump,dump:competitionevents:3100,Colorado Country Classic,,dump_competitionevents_series_id,2026-09-24 17:14:17.257014+00,2026-09-24 17:14:17.257014+00
220,D-Town Swing,2024,6,2024-06-14,2024-06-16,scheduled,wsdc_dump,dump:competitionevents:2956,D-TOWNSWING,,dump_competitionevents_series_id,2026-09-24 17:14:17.257014+00,2026-09-24 17:14:17.257014+00
207,Dance N Play,2024,6,2024-06-13,2024-06-16,scheduled,wsdc_dump,dump:competitionevents:2961,Dance N Play,,dump_competitionevents_series_id,2026-09-24 17:14:17.257014+00,2026-09-24 17:14:17.257014+00
222,Baltic Swing,2024,6,2024-06-06,2024-06-10,scheduled,wsdc_dump,dump:competitionevents:3097,Baltic Swing,,dump_competitionevents_series_id,2026-09-24 17:12:21.309728+00,2026-09-24 17:12:21.309728+00
25,J&J O'Rama,2024,6,2024-06-06,2024-06-10,scheduled,wsdc_dump,dump:competitionevents:2954,Jack & Jill O'Rama,,dump_competitionevents_series_id,2026-09-24 17:14:17.257014+00,2026-09-24 17:14:17.257014+00
117,Orange Blossom Dance Festival,2024,6,2024-06-06,2024-06-09,scheduled,wsdc_dump,dump:competitionevents:2953,Orange Blossom Dance Festival,,dump_competitionevents_series_id,2026-09-24 17:14:17.257014+00,2026-09-24 17:14:17.257014+00
206,Hungarian Open,2024,6,2024-05-31,2024-06-02,scheduled,wsdc_dump,dump:competitionevents:3016,Hungarian Open,,dump_competitionevents_series_id,2026-09-24 17:14:30.417918+00,2026-09-24 17:14:30.417918+00
76,Michigan Dance Classic,2024,6,2024-05-30,2024-06-02,scheduled,wsdc_dump,dump:competitionevents:2921,Michigan Classic,,dump_competitionevents_series_id,2026-09-24 17:14:17.257014+00,2026-09-24 17:14:17.257014+00
22,USA Grand Nationals,2024,5,2024-05-23,2024-05-27,scheduled,wsdc_dump,dump:competitionevents:2955,USA Grand Nationals Dance Championship,,dump_competitionevents_series_id,2026-09-24 17:14:17.257014+00,2026-09-24 17:14:17.257014+00
105,Canadian Swing Championships,2024,5,2024-05-17,2024-05-20,scheduled,wsdc_dump,dump:competitionevents:3015,Canadian Swing Championships,,dump_competitionevents_series_id,2026-09-24 17:14:30.417918+00,2026-09-24 17:14:30.417918+00
221,Show Me Showdown,2024,5,2024-05-17,2024-05-19,scheduled,wsdc_dump,dump:competitionevents:3106,Show Me Showdown,,dump_competitionevents_series_id,2026-09-24 17:12:21.309728+00,2026-09-24 17:12:21.309728+00
121,The Texas Classic,2024,5,2024-05-17,2024-05-19,scheduled,wsdc_dump,dump:competitionevents:3012,Texas Classic,,dump_competitionevents_series_id,2026-09-24 17:14:30.417918+00,2026-09-24 17:14:30.417918+00
205,SOswing,2024,5,2024-05-16,2024-05-19,scheduled,wsdc_dump,dump:competitionevents:2976,SOswing,,dump_competitionevents_series_id,2026-09-24 17:14:30.417918+00,2026-09-24 17:14:30.417918+00
174,Swingsation,2024,5,2024-05-10,2024-05-12,scheduled,wsdc_dump,dump:competitionevents:2978,Swingsation 2024,,dump_competitionevents_series_id,2026-09-24 17:14:30.417918+00,2026-09-24 17:14:30.417918+00
175,French Open West Coast Swing,2024,5,2024-05-08,2024-05-13,scheduled,wsdc_dump,dump:competitionevents:2973,French Open WCS,,dump_competitionevents_series_id,2026-09-24 17:14:30.417918+00,2026-09-24 17:14:30.417918+00
134,Swing Dance America,2024,5,2024-05-02,2024-05-06,scheduled,wsdc_dump,dump:competitionevents:2964,Swing Dance America (SDA),,dump_competitionevents_series_id,2026-09-24 17:14:17.257014+00,2026-09-24 17:14:17.257014+00
144,Swingin' Into Spring,2024,5,2024-05-02,2024-05-05,scheduled,wsdc_dump,dump:competitionevents:3010,Swingin' Into Spring,,dump_competitionevents_series_id,2026-09-24 17:14:30.417918+00,2026-09-24 17:14:30.417918+00
253,Nordic WCS Championships,2024,4,2024-04-25,2024-04-29,scheduled,wsdc_dump,dump:competitionevents:3011,Nordic WCS Championships,,dump_competitionevents_series_id,2026-09-24 17:14:30.417918+00,2026-09-24 17:14:30.417918+00
218,Asia West Coast Swing Open,2024,4,2024-04-18,2024-04-21,scheduled,wsdc_dump,dump:competitionevents:2935,Asia WCS Open XI,,dump_competitionevents_series_id,2026-09-24 17:14:17.257014+00,2026-09-24 17:14:17.257014+00
203,Detonation Dance,2024,4,2024-04-18,2024-04-22,scheduled,wsdc_dump,dump:competitionevents:2948,Detonation Dance,,dump_competitionevents_series_id,2026-09-24 17:14:17.257014+00,2026-09-24 17:14:17.257014+00
345,HONEY FEST,2024,4,2024-04-18,2024-04-21,scheduled,wsdc_dump,dump:competitionevents:2962,HONEY FEST,,dump_competitionevents_series_id,2026-09-24 17:14:17.257014+00,2026-09-24 17:14:17.257014+00
259,Swingover,2024,4,2024-04-18,2024-04-21,scheduled,wsdc_dump,dump:competitionevents:2972,Swingover,,dump_competitionevents_series_id,2026-09-24 17:14:30.417918+00,2026-09-24 17:14:30.417918+00
210,Korean Open WCS Championships,2024,4,2024-04-12,2024-04-14,scheduled,wsdc_dump,dump:competitionevents:2949,Korean Open WCS Championsips,,dump_competitionevents_series_id,2026-09-24 17:14:17.257014+00,2026-09-24 17:14:17.257014+00
116,Calgary Dance Stampede,2024,4,2024-04-11,2024-04-14,scheduled,wsdc_dump,dump:competitionevents:2950,Calgary Dance Stampede,,dump_competitionevents_series_id,2026-09-24 17:14:17.257014+00,2026-09-24 17:14:17.257014+00
187,City of Angels WCS,2024,4,2024-04-11,2024-04-14,scheduled,wsdc_dump,dump:competitionevents:2929,City of Angels Swing Event,,dump_competitionevents_series_id,2026-09-24 17:14:17.257014+00,2026-09-24 17:14:17.257014+00
293,Westy Nantes,2024,4,2024-04-11,2024-04-13,scheduled,wsdc_dump,dump:competitionevents:2959,Westy Nantes,,dump_competitionevents_series_id,2026-09-24 17:14:17.257014+00,2026-09-24 17:14:17.257014+00
275,Dutch Open West Coast Swing,2024,4,2024-04-04,2024-04-07,scheduled,wsdc_dump,dump:competitionevents:2975,Dutch Open West Coast Swing 2024,,dump_competitionevents_series_id,2026-09-24 17:14:30.417918+00,2026-09-24 17:14:30.417918+00
132,Tulsa Spring Swing,2024,3,2024-03-29,2024-03-31,scheduled,wsdc_dump,dump:competitionevents:2865,Tulsa Spring Swing,,dump_competitionevents_series_id,2026-09-24 17:13:47.217776+00,2026-09-24 17:13:47.217776+00
324,Calgary Town Open,2024,3,2024-03-28,2024-03-31,scheduled,wsdc_dump,dump:competitionevents:3004,BTO Open,,dump_competitionevents_series_id,2026-09-24 17:14:30.417918+00,2026-09-24 17:14:30.417918+00
18,Easter Swing,2024,4,2024-03-28,2024-04-01,scheduled,wsdc_dump,dump:competitionevents:3002,Easter Swing,,dump_competitionevents_series_id,2026-09-24 17:14:30.417918+00,2026-09-24 17:14:30.417918+00
153,Novice Invitational,2024,3,2024-03-22,2024-03-24,scheduled,wsdc_dump,dump:competitionevents:3043,Novice Invitational,,dump_competitionevents_series_id,2026-09-24 17:14:37.922596+00,2026-09-24 17:14:37.922596+00
197,5280 Westival,2024,3,2024-03-21,2024-03-25,scheduled,wsdc_dump,dump:competitionevents:2938,5280 Westival,,dump_competitionevents_series_id,2026-09-24 17:14:17.257014+00,2026-09-24 17:14:17.257014+00
9,Boston Tea Party,2024,3,2024-03-21,2024-03-25,scheduled,wsdc_dump,dump:competitionevents:3039,The Boston Tea Party,,dump_competitionevents_series_id,2026-09-24 17:14:37.922596+00,2026-09-24 17:14:37.922596+00
292,King Swing,2024,3,2024-03-21,2024-03-25,scheduled,wsdc_dump,dump:competitionevents:2925,King Swing,,dump_competitionevents_series_id,2026-09-24 17:14:17.257014+00,2026-09-24 17:14:17.257014+00
217,San Diego Dance Festival,2024,3,2024-03-21,2024-03-24,scheduled,wsdc_dump,dump:competitionevents:3005,San Diego Dance Festival,,dump_competitionevents_series_id,2026-09-24 17:14:30.417918+00,2026-09-24 17:14:30.417918+00
318,All Star SwingJam,2024,3,2024-03-14,2024-03-17,scheduled,wsdc_dump,dump:competitionevents:2888,All Star SwingJam,,dump_competitionevents_series_id,2026-09-24 17:13:47.217776+00,2026-09-24 17:13:47.217776+00
142,The Chicago Classic,2024,3,2024-03-14,2024-03-17,scheduled,wsdc_dump,dump:competitionevents:2996,The Chicago Classic,,dump_competitionevents_series_id,2026-09-24 17:14:30.417918+00,2026-09-24 17:14:30.417918+00
314,Westie Spring Thing,2024,3,2024-03-14,2024-03-16,scheduled,wsdc_dump,dump:competitionevents:2997,Westie Spring Thing,,dump_competitionevents_series_id,2026-09-24 17:14:30.417918+00,2026-09-24 17:14:30.417918+00
143,High Desert Dance Classic,2024,3,2024-03-08,2024-03-10,scheduled,wsdc_dump,dump:competitionevents:2933,High Desert Dance Classic,,dump_competitionevents_series_id,2026-09-24 17:14:17.257014+00,2026-09-24 17:14:17.257014+00
186,West in Lyon,2024,3,2024-03-07,2024-03-10,scheduled,wsdc_dump,dump:competitionevents:2994,West in Lyon,,dump_competitionevents_series_id,2026-09-24 17:14:30.417918+00,2026-09-24 17:14:30.417918+00
333,Swingvasion,2024,3,2024-03-01,2024-03-03,scheduled,wsdc_dump,dump:competitionevents:2963,Swingvasion,,dump_competitionevents_series_id,2026-09-24 17:14:17.257014+00,2026-09-24 17:14:17.257014+00
92,MADjam,2024,3,2024-02-29,2024-03-03,scheduled,wsdc_dump,dump:competitionevents:2868,MADjam (Mid Atlantic Dance Jam),,dump_competitionevents_series_id,2026-09-24 17:13:47.217776+00,2026-09-24 17:13:47.217776+00
244,Rose City Swing,2024,2,2024-02-22,2024-02-25,scheduled,wsdc_dump,dump:competitionevents:2970,Rose City Swing,,dump_competitionevents_series_id,2026-09-24 17:14:17.257014+00,2026-09-24 17:14:17.257014+00
297,Winter Coast Swing,2024,2,2024-02-22,2024-02-25,scheduled,wsdc_dump,dump:competitionevents:2885,Winter Coast Swing,,dump_competitionevents_series_id,2026-09-24 17:13:47.217776+00,2026-09-24 17:13:47.217776+00
310,Valentine Swing,2024,2,2024-02-16,2024-02-18,scheduled,wsdc_dump,dump:competitionevents:2979,Valentine Swing,,dump_competitionevents_series_id,2026-09-24 17:14:30.417918+00,2026-09-24 17:14:30.417918+00
12,Capital Swing Dance Convention,2024,2,2024-02-15,2024-02-18,scheduled,wsdc_dump,dump:competitionevents:2992,Capital Swing Convention,,dump_competitionevents_series_id,2026-09-24 17:14:30.417918+00,2026-09-24 17:14:30.417918+00
258,Swingtzerland,2024,2,2024-02-08,2024-02-11,scheduled,wsdc_dump,dump:competitionevents:2788,Swingtzerland,,dump_competitionevents_series_id,2026-09-24 17:12:43.602598+00,2026-09-24 17:12:43.602598+00
272,Paris Westie Fest,2024,2,2024-02-02,2024-02-04,scheduled,wsdc_dump,dump:competitionevents:2982,Paris Swing Classic,,dump_competitionevents_series_id,2026-09-24 17:14:30.417918+00,2026-09-24 17:14:30.417918+00
273,Charlotte Westie Fest,2024,2,2024-02-01,2024-02-04,scheduled,wsdc_dump,dump:competitionevents:2887,Charlotte WestieFest,,dump_competitionevents_series_id,2026-09-24 17:13:47.217776+00,2026-09-24 17:13:47.217776+00
215,Swing & Snow,2024,2,2024-02-01,2024-02-04,scheduled,wsdc_dump,dump:competitionevents:2967,Swing & Snow,,dump_competitionevents_series_id,2026-09-24 17:14:17.257014+00,2026-09-24 17:14:17.257014+00
301,Swing Resolution,2024,1,2024-01-26,2024-01-29,scheduled,wsdc_dump,dump:competitionevents:2890,Swing Resolution,,dump_competitionevents_series_id,2026-09-24 17:13:47.217776+00,2026-09-24 17:13:47.217776+00
183,Freedom Swing Dance Challenge,2024,1,2024-01-19,2024-01-21,scheduled,wsdc_dump,dump:competitionevents:2971,Freedom Swing Dance Challenge,,dump_competitionevents_series_id,2026-09-24 17:14:30.417918+00,2026-09-24 17:14:30.417918+00
242,Derby City Swing,2024,1,2024-01-18,2024-01-21,scheduled,wsdc_dump,dump:competitionevents:2883,Derby City Swing,,dump_competitionevents_series_id,2026-09-24 17:13:47.217776+00,2026-09-24 17:13:47.217776+00
309,Avignon City Swing,2024,1,2024-01-12,2024-01-14,scheduled,wsdc_dump,dump:competitionevents:2932,Avignon City Swing,,dump_competitionevents_series_id,2026-09-24 17:14:17.257014+00,2026-09-24 17:14:17.257014+00
200,Austin Swing Dance Championships,2024,1,2024-01-11,2024-01-14,scheduled,wsdc_dump,dump:competitionevents:2969,Austin Swing Dance Championships (ASDC),,dump_competitionevents_series_id,2026-09-24 17:14:17.257014+00,2026-09-24 17:14:17.257014+00
62,Monterey SwingFest,2024,1,2024-01-10,2024-01-15,scheduled,wsdc_dump,dump:competitionevents:2977,Monterey Swing Fest 2024,,dump_competitionevents_series_id,2026-09-24 17:14:30.417918+00,2026-09-24 17:14:30.417918+00
184,BudaFest Open WCS Championships,2024,1,2024-01-03,2024-01-07,scheduled,wsdc_dump,dump:competitionevents:2931,BudaFest Open WCS Championships,,dump_competitionevents_series_id,2026-09-24 17:14:17.257014+00,2026-09-24 17:14:17.257014+00
75,UCWDC Country Dance World Championship,2024,1,2023-12-31,2024-01-07,scheduled,wsdc_dump,dump:competitionevents:2989,UCWDC Country Dance World Championships,,dump_competitionevents_series_id,2026-09-24 17:14:30.417918+00,2026-09-24 17:14:30.417918+00
334,Countdown Swing Boston,2024,1,2023-12-28,2024-01-01,scheduled,wsdc_dump,dump:competitionevents:2834,Countdown Swing Boston ,,dump_competitionevents_series_id,2026-09-24 17:13:13.714247+00,2026-09-24 17:13:13.714247+00
42,Floorplay Swing Vacation,2024,1,2023-12-28,2024-01-01,scheduled,wsdc_dump,dump:competitionevents:2839,Floor Play Swing Vacation ,,dump_competitionevents_series_id,2026-09-24 17:13:13.714247+00,2026-09-24 17:13:13.714247+00
141,Spotlight New Year's Celebration,2024,1,2023-12-28,2024-01-01,scheduled,wsdc_dump,dump:competitionevents:2872,Spotlight New Year's Celebration,,dump_competitionevents_series_id,2026-09-24 17:12:43.602598+00,2026-09-24 17:12:43.602598+00
196,SwingCouver,2024,1,2023-12-28,2024-01-01,scheduled,wsdc_dump,dump:competitionevents:2826,SwingCouver ,,dump_competitionevents_series_id,2026-09-24 17:13:13.714247+00,2026-09-24 17:13:13.714247+00
240,Westie Gala,2024,1,2023-12-28,2024-01-01,scheduled,wsdc_dump,dump:competitionevents:3093,Westie Gala,,dump_competitionevents_series_id,2026-09-24 17:12:21.309728+00,2026-09-24 17:12:21.309728+00
342,Global Grand Prix - West Coast Swing Reunion,2023,12,2023-12-15,2023-12-18,scheduled,wsdc_dump,dump:competitionevents:2928,Global Grand Prix - West Coast Swing Reunion,,dump_competitionevents_series_id,2026-09-24 17:14:17.257014+00,2026-09-24 17:14:17.257014+00
271,Berlin Swing Revolution,2023,12,2023-12-07,2023-12-10,scheduled,wsdc_dump,dump:competitionevents:2897,Berlin Swing Revolution,,dump_competitionevents_series_id,2026-09-24 17:13:47.217776+00,2026-09-24 17:13:47.217776+00
290,Shooba Dooba Swing,2023,12,2023-12-01,2023-12-04,scheduled,wsdc_dump,dump:competitionevents:2910,Shooba Dooba Swing,,dump_competitionevents_series_id,2026-09-24 17:13:47.217776+00,2026-09-24 17:13:47.217776+00
212,The After Party (TAP),2023,12,2023-11-30,2023-12-03,scheduled,wsdc_dump,dump:competitionevents:2958,The After Party \u201cTAP\u201d,,dump_competitionevents_series_id,2026-09-24 17:14:17.257014+00,2026-09-24 17:14:17.257014+00
238,Winter White,2023,12,2023-11-30,2023-12-03,scheduled,wsdc_dump,dump:competitionevents:2827,Winter White WCS,,dump_competitionevents_series_id,2026-09-24 17:13:13.714247+00,2026-09-24 17:13:13.714247+00
87,CASH Bash,2023,11,2023-11-23,2023-11-26,scheduled,wsdc_dump,dump:competitionevents:2854,C.A.S.H. Bash,,dump_competitionevents_series_id,2026-09-24 17:13:47.217776+00,2026-09-24 17:13:47.217776+00
68,US Open Swing Dance Championships,2023,11,2023-11-22,2023-11-26,scheduled,wsdc_dump,dump:competitionevents:2847,US Open Swing Dance Championships,,dump_competitionevents_series_id,2026-09-24 17:13:13.714247+00,2026-09-24 17:13:13.714247+00
181,DC Swing eXperience (DCSX),2023,11,2023-11-16,2023-11-19,scheduled,wsdc_dump,dump:competitionevents:2806,DC Swing eXperience  (DCSX),,dump_competitionevents_series_id,2026-09-24 17:13:13.714247+00,2026-09-24 17:13:13.714247+00
270,Westie's Angels,2023,11,2023-11-16,2023-11-20,scheduled,wsdc_dump,dump:competitionevents:2860,Westie's Angels,,dump_competitionevents_series_id,2026-09-24 17:13:47.217776+00,2026-09-24 17:13:47.217776+00
269,Autumn Swing Challenge,2023,11,2023-11-10,2023-11-12,scheduled,wsdc_dump,dump:competitionevents:2896,Autumn Swing Challenge,,dump_competitionevents_series_id,2026-09-24 17:13:47.217776+00,2026-09-24 17:13:47.217776+00
79,Sea to Sky,2023,11,2023-11-09,2023-11-12,scheduled,wsdc_dump,dump:competitionevents:2795,Sea to Sky Seattle WCS,,dump_competitionevents_series_id,2026-09-24 17:12:43.602598+00,2026-09-24 17:12:43.602598+00
312,Westie Pink City,2023,11,2023-11-09,2023-11-12,scheduled,wsdc_dump,dump:competitionevents:2918,Westie Pink City,,dump_competitionevents_series_id,2026-09-24 17:14:17.257014+00,2026-09-24 17:14:17.257014+00
323,Westies on the Water,2023,11,2023-11-09,2023-11-12,scheduled,wsdc_dump,dump:competitionevents:2866,Westies on the Water,,dump_competitionevents_series_id,2026-09-24 17:13:47.217776+00,2026-09-24 17:13:47.217776+00
288,Midnight Madness,2023,11,2023-11-03,2023-11-05,scheduled,wsdc_dump,dump:competitionevents:2864,Midnight Madness,,dump_competitionevents_series_id,2026-09-24 17:13:47.217776+00,2026-09-24 17:13:47.217776+00
194,Moscow Westie Fest,2023,11,2023-11-03,2023-11-06,scheduled,wsdc_dump,dump:competitionevents:2810,Moscow Westie Fest,,dump_competitionevents_series_id,2026-09-24 17:13:13.714247+00,2026-09-24 17:13:13.714247+00
229,Scandinavian Open,2023,11,2023-11-03,2023-11-05,scheduled,wsdc_dump,dump:competitionevents:2908,"Scandinavian Open WCS ""SNOW""",,dump_competitionevents_series_id,2026-09-24 17:13:47.217776+00,2026-09-24 17:13:47.217776+00
137,Tampa Bay Classic,2023,11,2023-11-03,2023-11-05,scheduled,wsdc_dump,dump:competitionevents:2765,Tampa Bay Classic,,dump_competitionevents_series_id,2026-09-24 17:12:43.602598+00,2026-09-24 17:12:43.602598+00
31,Mountain Magic,2023,11,2023-11-02,2023-11-05,scheduled,wsdc_dump,dump:competitionevents:2901,Mountain Magic Dance Convention,,dump_competitionevents_series_id,2026-09-24 17:13:47.217776+00,2026-09-24 17:13:47.217776+00
65,Halloween SwingThing,2023,10,2023-10-26,2023-10-29,scheduled,wsdc_dump,dump:competitionevents:2858,Halloween Swingthing,,dump_competitionevents_series_id,2026-09-24 17:13:47.217776+00,2026-09-24 17:13:47.217776+00
330,Simply Adelaide West Coast Swing,2023,10,2023-10-26,2023-10-29,scheduled,wsdc_dump,dump:competitionevents:2877,Simply Adelaide West Coast Swing 2023,,dump_competitionevents_series_id,2026-09-24 17:13:47.217776+00,2026-09-24 17:13:47.217776+00
125,Swing City Chicago,2023,10,2023-10-26,2023-10-29,scheduled,wsdc_dump,dump:competitionevents:2825,Swing City Chicago,,dump_competitionevents_series_id,2026-09-24 17:13:13.714247+00,2026-09-24 17:13:13.714247+00
236,Warsaw Halloween Swing,2023,10,2023-10-26,2023-10-29,scheduled,wsdc_dump,dump:competitionevents:2797,Warsaw Halloween Swing,,dump_competitionevents_series_id,2026-09-24 17:12:43.602598+00,2026-09-24 17:12:43.602598+00
267,Swustlicious,2023,10,2023-10-20,2023-10-22,scheduled,wsdc_dump,dump:competitionevents:2879,Swustlicious,,dump_competitionevents_series_id,2026-09-24 17:13:47.217776+00,2026-09-24 17:13:47.217776+00
322,Milan Modern Swing,2023,10,2023-10-19,2023-10-22,scheduled,wsdc_dump,dump:competitionevents:2850,Milan Modern Swing,,dump_competitionevents_series_id,2026-09-24 17:13:13.714247+00,2026-09-24 17:13:13.714247+00
178,Montreal Westie Fest,2023,10,2023-10-19,2023-10-22,scheduled,wsdc_dump,dump:competitionevents:2845,Montreal Westie Fest,,dump_competitionevents_series_id,2026-09-24 17:13:13.714247+00,2026-09-24 17:13:13.714247+00
43,Paradise Dance Festival,2023,10,2023-10-19,2023-10-22,scheduled,wsdc_dump,dump:competitionevents:2930,Paradise Dance Festival,,dump_competitionevents_series_id,2026-09-24 17:14:17.257014+00,2026-09-24 17:14:17.257014+00
179,New Zealand Open Swing Dance Championships,2023,10,2023-10-13,2023-10-15,scheduled,wsdc_dump,dump:competitionevents:2853,New Zealand Open,,dump_competitionevents_series_id,2026-09-24 17:13:47.217776+00,2026-09-24 17:13:47.217776+00
286,WCS Festival,2023,10,2023-10-12,2023-10-15,scheduled,wsdc_dump,dump:competitionevents:2776,WCS Festival,,dump_competitionevents_series_id,2026-09-24 17:12:43.602598+00,2026-09-24 17:12:43.602598+00
8,Boogie By The Bay,2023,10,2023-10-05,2023-10-08,scheduled,wsdc_dump,dump:competitionevents:2801,Boogie By The Bay,,dump_competitionevents_series_id,2026-09-24 17:13:13.714247+00,2026-09-24 17:13:13.714247+00
211,Atlanta Swing Classic,2023,10,2023-09-28,2023-10-01,scheduled,wsdc_dump,dump:competitionevents:2966,Atlanta Swing Classic,,dump_competitionevents_series_id,2026-09-24 17:14:17.257014+00,2026-09-24 17:14:17.257014+00
254,Finnfest,2023,9,2023-09-22,2023-09-25,scheduled,wsdc_dump,dump:competitionevents:2876,Finnfest,,dump_competitionevents_series_id,2026-09-24 17:13:47.217776+00,2026-09-24 17:13:47.217776+00
268,Korea Westival,2023,9,2023-09-22,2023-09-24,scheduled,wsdc_dump,dump:competitionevents:2893,Korea Westival,,dump_competitionevents_series_id,2026-09-24 17:13:47.217776+00,2026-09-24 17:13:47.217776+00
10,Bridgetown Swing Boogie,2023,9,2023-09-21,2023-09-24,scheduled,wsdc_dump,dump:competitionevents:2804,BridgeTown Swing,,dump_competitionevents_series_id,2026-09-24 17:13:13.714247+00,2026-09-24 17:13:13.714247+00
131,Meet Me In St Louis,2023,9,2023-09-21,2023-09-25,scheduled,wsdc_dump,dump:competitionevents:2780,Meet Me in St Louis Swing Dance Championships,,dump_competitionevents_series_id,2026-09-24 17:12:43.602598+00,2026-09-24 17:12:43.602598+00
165,Midland Swing Open,2023,9,2023-09-21,2023-09-24,scheduled,wsdc_dump,dump:competitionevents:2856,Midland Swing Open,,dump_competitionevents_series_id,2026-09-24 17:13:47.217776+00,2026-09-24 17:13:47.217776+00
167,Best of the Best WCS,2023,9,2023-09-14,2023-09-18,scheduled,wsdc_dump,dump:competitionevents:2832,Best of the Best,,dump_competitionevents_series_id,2026-09-24 17:13:13.714247+00,2026-09-24 17:13:13.714247+00
231,Trilogy Swing,2023,9,2023-09-07,2023-09-10,scheduled,wsdc_dump,dump:competitionevents:2809,Trilogy Swing,,dump_competitionevents_series_id,2026-09-24 17:13:13.714247+00,2026-09-24 17:13:13.714247+00
233,Bavarian Open,2023,9,2023-08-31,2023-09-03,scheduled,wsdc_dump,dump:competitionevents:2770,Bavarian Open West Coast Swing Championships,,dump_competitionevents_series_id,2026-09-24 17:12:43.602598+00,2026-09-24 17:12:43.602598+00
135,Desert City Swing,2023,9,2023-08-31,2023-09-04,scheduled,wsdc_dump,dump:competitionevents:2867,Desert City Swing,,dump_competitionevents_series_id,2026-09-24 17:13:47.217776+00,2026-09-24 17:13:47.217776+00
177,River City Swing,2023,9,2023-08-31,2023-09-03,scheduled,wsdc_dump,dump:competitionevents:2774,River City Swing,,dump_competitionevents_series_id,2026-09-24 17:12:43.602598+00,2026-09-24 17:12:43.602598+00
313,Rolling Swing,2023,9,2023-08-31,2023-09-04,scheduled,wsdc_dump,dump:competitionevents:2861,Rolling Swing,,dump_competitionevents_series_id,2026-09-24 17:13:47.217776+00,2026-09-24 17:13:47.217776+00
48,South Bay Dance Fling,2023,9,2023-08-31,2023-09-04,scheduled,wsdc_dump,dump:competitionevents:2892,South Bay Dance Fling,,dump_competitionevents_series_id,2026-09-24 17:13:47.217776+00,2026-09-24 17:13:47.217776+00
298,Shakedown Swing,2023,8,2023-08-25,2023-08-27,scheduled,wsdc_dump,dump:competitionevents:2882,Shakedown Swing,,dump_competitionevents_series_id,2026-09-24 17:13:47.217776+00,2026-09-24 17:13:47.217776+00
119,Chicagoland Country and Swing Dance Festival,2023,8,2023-08-18,2023-08-20,scheduled,wsdc_dump,dump:competitionevents:2808,Chicagoland Dance Festival,,dump_competitionevents_series_id,2026-09-24 17:13:13.714247+00,2026-09-24 17:13:13.714247+00
47,SwingTime Denver,2023,8,2023-08-17,2023-08-21,scheduled,wsdc_dump,dump:competitionevents:2842,SwingTime Denver,,dump_competitionevents_series_id,2026-09-24 17:13:13.714247+00,2026-09-24 17:13:13.714247+00
120,Lone Star Invitational,2023,8,2023-08-11,2023-08-13,scheduled,wsdc_dump,dump:competitionevents:2926,LoneStar Invitational,,dump_competitionevents_series_id,2026-09-24 17:14:17.257014+00,2026-09-24 17:14:17.257014+00
264,UpTown Swing,2023,8,2023-08-11,2023-08-14,scheduled,wsdc_dump,dump:competitionevents:2859,UpTown Swing,,dump_competitionevents_series_id,2026-09-24 17:13:47.217776+00,2026-09-24 17:13:47.217776+00
283,Kazan EL Fest,2023,8,2023-08-10,2023-08-13,scheduled,wsdc_dump,dump:competitionevents:2889,Kazan EL Fest,,dump_competitionevents_series_id,2026-09-24 17:13:47.217776+00,2026-09-24 17:13:47.217776+00
59,Swing Fling,2023,8,2023-08-10,2023-08-14,scheduled,wsdc_dump,dump:competitionevents:2878,Swing Fling,,dump_competitionevents_series_id,2026-09-24 17:13:47.217776+00,2026-09-24 17:13:47.217776+00
77,Arizona Dance Classic,2023,8,2023-08-04,2023-08-06,scheduled,wsdc_dump,dump:competitionevents:2895,Arizona Dance Classic ,,dump_competitionevents_series_id,2026-09-24 17:13:47.217776+00,2026-09-24 17:13:47.217776+00
282,German Open,2023,8,2023-08-03,2023-08-06,scheduled,wsdc_dump,dump:competitionevents:2753,German Open Championships,,dump_competitionevents_series_id,2026-09-24 17:12:43.602598+00,2026-09-24 17:12:43.602598+00
157,New England Dance Festival,2023,8,2023-08-03,2023-08-06,scheduled,wsdc_dump,dump:competitionevents:2902,New England Dance Festival,,dump_competitionevents_series_id,2026-09-24 17:13:47.217776+00,2026-09-24 17:13:47.217776+00
164,Sea Sun and Swing,2023,8,2023-08-03,2023-08-06,scheduled,wsdc_dump,dump:competitionevents:2813,Sea Sun & Swing Camp,,dump_competitionevents_series_id,2026-09-24 17:13:13.714247+00,2026-09-24 17:13:13.714247+00
227,Swingtacular: The Galactic Open,2023,8,2023-08-03,2023-08-06,scheduled,wsdc_dump,dump:competitionevents:2443,Swingtacular: The Galactic Open 2023,,dump_competitionevents_series_id,2026-09-24 17:10:08.801865+00,2026-09-24 17:10:08.801865+00
303,Odyssey West Coast Swing,2023,7,2023-07-21,2023-07-23,scheduled,wsdc_dump,dump:competitionevents:2855,Odyssey West Coast Swing,,dump_competitionevents_series_id,2026-09-24 17:13:47.217776+00,2026-09-24 17:13:47.217776+00
256,Rock the Barn,2023,7,2023-07-21,2023-07-23,scheduled,wsdc_dump,dump:competitionevents:2828,Rock The Barn,,dump_competitionevents_series_id,2026-09-24 17:13:13.714247+00,2026-09-24 17:13:13.714247+00
148,Dance Mardi Gras,2023,7,2023-07-20,2023-07-23,scheduled,wsdc_dump,dump:competitionevents:2836,Dance Mardi Gras,,dump_competitionevents_series_id,2026-09-24 17:13:13.714247+00,2026-09-24 17:13:13.714247+00
280,Saint Petersburg WCS Nights,2023,7,2023-07-20,2023-07-23,scheduled,wsdc_dump,dump:competitionevents:2871,St.Petersburg WCS Nights,,dump_competitionevents_series_id,2026-09-24 17:13:47.217776+00,2026-09-24 17:13:47.217776+00
224,Midwest Westie Fest,2023,7,2023-07-13,2023-07-16,scheduled,wsdc_dump,dump:competitionevents:2782,Midwest Westie Fest,,dump_competitionevents_series_id,2026-09-24 17:12:43.602598+00,2026-09-24 17:12:43.602598+00
147,Toronto Open Swing & Hustle Championships,2023,7,2023-07-13,2023-07-16,scheduled,wsdc_dump,dump:competitionevents:2784,Toronto Open Swing and Hustle Championships,,dump_competitionevents_series_id,2026-09-24 17:12:43.602598+00,2026-09-24 17:12:43.602598+00
278,Americano Dance Camp,2023,7,2023-07-06,2023-07-10,scheduled,wsdc_dump,dump:competitionevents:2891,Americano Dance Camp,,dump_competitionevents_series_id,2026-09-24 17:13:47.217776+00,2026-09-24 17:13:47.217776+00
156,Big Apple Dance Festival,2023,7,2023-07-06,2023-07-09,scheduled,wsdc_dump,dump:competitionevents:2852,Big Apple Dance Festival,,dump_competitionevents_series_id,2026-09-24 17:13:47.217776+00,2026-09-24 17:13:47.217776+00
225,Wild Wild Westie,2023,7,2023-07-06,2023-07-09,scheduled,wsdc_dump,dump:competitionevents:2830,Wild Wild Westie,,dump_competitionevents_series_id,2026-09-24 17:13:13.714247+00,2026-09-24 17:13:13.714247+00
1,4TH of July Convention,2023,7,2023-06-30,2023-07-04,scheduled,wsdc_dump,dump:competitionevents:2763,Phoenix 4th of July,,dump_competitionevents_series_id,2026-09-24 17:12:43.602598+00,2026-09-24 17:12:43.602598+00
331,Swing Fiction,2023,7,2023-06-30,2023-07-02,scheduled,wsdc_dump,dump:competitionevents:2799,Swing Fiction,,dump_competitionevents_series_id,2026-09-24 17:13:13.714247+00,2026-09-24 17:13:13.714247+00
255,Indy Dance Explosion,2023,7,2023-06-29,2023-07-02,scheduled,wsdc_dump,dump:competitionevents:2880,Indy Dance Explosion,,dump_competitionevents_series_id,2026-09-24 17:13:47.217776+00,2026-09-24 17:13:47.217776+00
96,Liberty Swing Dance Championships,2023,7,2023-06-29,2023-07-02,scheduled,wsdc_dump,dump:competitionevents:2767,Liberty Swing Dance Championships,,dump_competitionevents_series_id,2026-09-24 17:12:43.602598+00,2026-09-24 17:12:43.602598+00
261,Neverland Swing,2023,7,2023-06-29,2023-07-03,scheduled,wsdc_dump,dump:competitionevents:2849,Neverland Swing,,dump_competitionevents_series_id,2026-09-24 17:13:13.714247+00,2026-09-24 17:13:13.714247+00
220,D-Town Swing,2023,6,2023-06-23,2023-06-25,scheduled,wsdc_dump,dump:competitionevents:2951,D-Townswing,,dump_competitionevents_series_id,2026-09-24 17:14:17.257014+00,2026-09-24 17:14:17.257014+00
162,Swingapalooza,2023,6,2023-06-16,2023-06-18,scheduled,wsdc_dump,dump:competitionevents:2833,Swingapalooza,,dump_competitionevents_series_id,2026-09-24 17:13:13.714247+00,2026-09-24 17:13:13.714247+00
222,Baltic Swing,2023,6,2023-06-15,2023-06-19,scheduled,wsdc_dump,dump:competitionevents:2798,Baltic Swing,,dump_competitionevents_series_id,2026-09-24 17:13:13.714247+00,2026-09-24 17:13:13.714247+00
25,J&J O'Rama,2023,6,2023-06-08,2023-06-12,scheduled,wsdc_dump,dump:competitionevents:2757,Jack & Jill O'Rama,,dump_competitionevents_series_id,2026-09-24 17:12:43.602598+00,2026-09-24 17:12:43.602598+00
206,Hungarian Open,2023,6,2023-06-02,2023-06-04,scheduled,wsdc_dump,dump:competitionevents:2831,Hungarian Open,,dump_competitionevents_series_id,2026-09-24 17:13:13.714247+00,2026-09-24 17:13:13.714247+00
117,Orange Blossom Dance Festival,2023,6,2023-06-01,2023-06-04,scheduled,wsdc_dump,dump:competitionevents:2744,Orange Blossom Dance Festival,,dump_competitionevents_series_id,2026-09-24 17:12:05.750553+00,2026-09-24 17:12:05.750553+00
22,USA Grand Nationals,2023,5,2023-05-25,2023-05-29,scheduled,wsdc_dump,dump:competitionevents:2815,USA Grand National Dance Championships,,dump_competitionevents_series_id,2026-09-24 17:13:13.714247+00,2026-09-24 17:13:13.714247+00
105,Canadian Swing Championships,2023,5,2023-05-19,2023-05-22,scheduled,wsdc_dump,dump:competitionevents:2803,Canadian Swing Championships,,dump_competitionevents_series_id,2026-09-24 17:13:13.714247+00,2026-09-24 17:13:13.714247+00
175,French Open West Coast Swing,2023,5,2023-05-18,2023-05-22,scheduled,wsdc_dump,dump:competitionevents:2863,French Open West Coast Swing,,dump_competitionevents_series_id,2026-09-24 17:13:47.217776+00,2026-09-24 17:13:47.217776+00
205,SOswing,2023,5,2023-05-18,2023-05-21,scheduled,wsdc_dump,dump:competitionevents:2848,SOswing,,dump_competitionevents_series_id,2026-09-24 17:13:13.714247+00,2026-09-24 17:13:13.714247+00
174,Swingsation,2023,5,2023-05-12,2023-05-14,scheduled,wsdc_dump,dump:competitionevents:2802,Swingsation,,dump_competitionevents_series_id,2026-09-24 17:13:13.714247+00,2026-09-24 17:13:13.714247+00
121,The Texas Classic,2023,5,2023-05-12,2023-05-14,scheduled,wsdc_dump,dump:competitionevents:2884,Texas Classic,,dump_competitionevents_series_id,2026-09-24 17:13:47.217776+00,2026-09-24 17:13:47.217776+00
311,TLV SwingFest,2023,5,2023-05-12,2023-05-14,scheduled,wsdc_dump,dump:competitionevents:2748,TLV SwingFest,,dump_competitionevents_series_id,2026-09-24 17:12:43.602598+00,2026-09-24 17:12:43.602598+00
253,Nordic WCS Championships,2023,5,2023-04-28,2023-05-01,scheduled,wsdc_dump,dump:competitionevents:2814,Nordic WCS Championships,,dump_competitionevents_series_id,2026-09-24 17:13:13.714247+00,2026-09-24 17:13:13.714247+00
134,Swing Dance America,2023,5,2023-04-27,2023-05-01,scheduled,wsdc_dump,dump:competitionevents:2771,Swing Dance America,,dump_competitionevents_series_id,2026-09-24 17:12:43.602598+00,2026-09-24 17:12:43.602598+00
218,Asia West Coast Swing Open,2023,4,2023-04-20,2023-04-23,scheduled,wsdc_dump,dump:competitionevents:2738,Asia WCS Open - 10th Anniversary,,dump_competitionevents_series_id,2026-09-24 17:12:05.750553+00,2026-09-24 17:12:05.750553+00
203,Detonation Dance,2023,4,2023-04-20,2023-04-23,scheduled,wsdc_dump,dump:competitionevents:2778,Detonation Dance,,dump_competitionevents_series_id,2026-09-24 17:12:43.602598+00,2026-09-24 17:12:43.602598+00
210,Korean Open WCS Championships,2023,4,2023-04-14,2023-04-16,scheduled,wsdc_dump,dump:competitionevents:2838,Korean Open WCS Championsips,,dump_competitionevents_series_id,2026-09-24 17:13:13.714247+00,2026-09-24 17:13:13.714247+00
259,Swingover,2023,4,2023-04-14,2023-04-16,scheduled,wsdc_dump,dump:competitionevents:2713,Swingover,,dump_competitionevents_series_id,2026-09-24 17:12:05.750553+00,2026-09-24 17:12:05.750553+00
293,Westy Nantes,2023,4,2023-04-14,2023-04-16,scheduled,wsdc_dump,dump:competitionevents:2811,WESTY NANTES,,dump_competitionevents_series_id,2026-09-24 17:13:13.714247+00,2026-09-24 17:13:13.714247+00
18,Easter Swing,2023,4,2023-04-06,2023-04-09,scheduled,wsdc_dump,dump:competitionevents:2789,Easter Swing,,dump_competitionevents_series_id,2026-09-24 17:12:43.602598+00,2026-09-24 17:12:43.602598+00
324,Calgary Town Open,2023,4,2023-03-30,2023-04-02,scheduled,wsdc_dump,dump:competitionevents:2654,BTO Open,,dump_competitionevents_series_id,2026-09-24 17:11:27.808569+00,2026-09-24 17:11:27.808569+00
187,City of Angels WCS,2023,4,2023-03-30,2023-04-02,scheduled,wsdc_dump,dump:competitionevents:2787,City of Angels Swing Event,,dump_competitionevents_series_id,2026-09-24 17:12:43.602598+00,2026-09-24 17:12:43.602598+00
153,Novice Invitational,2023,3,2023-03-24,2023-03-26,scheduled,wsdc_dump,dump:competitionevents:2820,Novice Invitational,,dump_competitionevents_series_id,2026-09-24 17:13:13.714247+00,2026-09-24 17:13:13.714247+00
197,5280 Westival,2023,3,2023-03-23,2023-03-27,scheduled,wsdc_dump,dump:competitionevents:2760,5280 Westival,,dump_competitionevents_series_id,2026-09-24 17:12:43.602598+00,2026-09-24 17:12:43.602598+00
275,Dutch Open West Coast Swing,2023,3,2023-03-23,2023-03-26,scheduled,wsdc_dump,dump:competitionevents:2703,DOWCS,,dump_competitionevents_series_id,2026-09-24 17:12:05.750553+00,2026-09-24 17:12:05.750553+00
318,All Star SwingJam,2023,3,2023-03-16,2023-03-19,scheduled,wsdc_dump,dump:competitionevents:2783,All Star SwingJam,,dump_competitionevents_series_id,2026-09-24 17:12:43.602598+00,2026-09-24 17:12:43.602598+00
292,King Swing,2023,3,2023-03-16,2023-03-19,scheduled,wsdc_dump,dump:competitionevents:2823,King Swing,,dump_competitionevents_series_id,2026-09-24 17:13:13.714247+00,2026-09-24 17:13:13.714247+00
142,The Chicago Classic,2023,3,2023-03-16,2023-03-19,scheduled,wsdc_dump,dump:competitionevents:2747,The Chicago Classic,,dump_competitionevents_series_id,2026-09-24 17:12:05.750553+00,2026-09-24 17:12:05.750553+00
186,West in Lyon,2023,3,2023-03-09,2023-03-12,scheduled,wsdc_dump,dump:competitionevents:2816,West In Lyon,,dump_competitionevents_series_id,2026-09-24 17:13:13.714247+00,2026-09-24 17:13:13.714247+00
314,Westie Spring Thing,2023,3,2023-03-09,2023-03-12,scheduled,wsdc_dump,dump:competitionevents:2840,Westie Spring Thing,,dump_competitionevents_series_id,2026-09-24 17:13:13.714247+00,2026-09-24 17:13:13.714247+00
92,MADjam,2023,3,2023-03-02,2022-03-07,scheduled,wsdc_dump,dump:competitionevents:2705,MADjam (Mid Atlantic Dance Jam),,dump_competitionevents_series_id,2026-09-24 17:12:05.750553+00,2026-09-24 17:12:05.750553+00
244,Rose City Swing,2023,2,2023-02-23,2023-02-26,scheduled,wsdc_dump,dump:competitionevents:2749,Rose City Swing,,dump_competitionevents_series_id,2026-09-24 17:12:43.602598+00,2026-09-24 17:12:43.602598+00
297,Winter Coast Swing,2023,2,2023-02-23,2023-02-26,scheduled,wsdc_dump,dump:competitionevents:2660,Winter Coast Swing,,dump_competitionevents_series_id,2026-09-24 17:11:27.808569+00,2026-09-24 17:11:27.808569+00
310,Valentine Swing,2023,2,2023-02-17,2023-02-19,scheduled,wsdc_dump,dump:competitionevents:2822,Valentine Swing,,dump_competitionevents_series_id,2026-09-24 17:13:13.714247+00,2026-09-24 17:13:13.714247+00
12,Capital Swing Dance Convention,2023,2,2023-02-16,2023-02-19,scheduled,wsdc_dump,dump:competitionevents:2796,Capital Swing Dancers' President's Day,,dump_competitionevents_series_id,2026-09-24 17:12:43.602598+00,2026-09-24 17:12:43.602598+00
302,WesterOz Swing,2023,2,2023-02-10,2023-02-12,scheduled,wsdc_dump,dump:competitionevents:2653,WesterOz Swing,,dump_competitionevents_series_id,2026-09-24 17:11:27.808569+00,2026-09-24 17:11:27.808569+00
272,Paris Westie Fest,2023,2,2023-02-03,2023-02-05,scheduled,wsdc_dump,dump:competitionevents:2786,Paris Swing Classic,,dump_competitionevents_series_id,2026-09-24 17:12:43.602598+00,2026-09-24 17:12:43.602598+00
273,Charlotte Westie Fest,2023,2,2023-02-02,2023-02-05,scheduled,wsdc_dump,dump:competitionevents:2758,Charlotte WestieFest,,dump_competitionevents_series_id,2026-09-24 17:12:43.602598+00,2026-09-24 17:12:43.602598+00
215,Swing & Snow,2023,2,2023-02-02,2023-02-05,scheduled,wsdc_dump,dump:competitionevents:2772,Swing & Snow,,dump_competitionevents_series_id,2026-09-24 17:12:43.602598+00,2026-09-24 17:12:43.602598+00
183,Freedom Swing Dance Challenge,2023,1,2023-01-20,2023-01-22,scheduled,wsdc_dump,dump:competitionevents:2775,Freedom Swing Dance Challenge,,dump_competitionevents_series_id,2026-09-24 17:12:43.602598+00,2026-09-24 17:12:43.602598+00
301,Swing Resolution,2023,1,2023-01-20,2023-01-23,scheduled,wsdc_dump,dump:competitionevents:2741,Swing Resolution,,dump_competitionevents_series_id,2026-09-24 17:12:05.750553+00,2026-09-24 17:12:05.750553+00
242,Derby City Swing,2023,1,2023-01-19,2023-01-22,scheduled,wsdc_dump,dump:competitionevents:2681,Derby City Swing,,dump_competitionevents_series_id,2026-09-24 17:11:27.808569+00,2026-09-24 17:11:27.808569+00
184,BudaFest Open WCS Championships,2023,1,2023-01-11,2023-01-15,scheduled,wsdc_dump,dump:competitionevents:2729,BudaFest Open WCS Championships,,dump_competitionevents_series_id,2026-09-24 17:12:05.750553+00,2026-09-24 17:12:05.750553+00
62,Monterey SwingFest,2023,1,2023-01-11,2023-01-16,scheduled,wsdc_dump,dump:competitionevents:2759,Monterey Swing Fest,,dump_competitionevents_series_id,2026-09-24 17:12:43.602598+00,2026-09-24 17:12:43.602598+00
309,Avignon City Swing,2023,1,2023-01-06,2023-01-08,scheduled,wsdc_dump,dump:competitionevents:2774,Avignon City Swing,,dump_competitionevents_series_id,2026-09-24 17:12:43.602598+00,2026-09-24 17:12:43.602598+00
240,Westie Gala,2023,1,2023-01-06,2023-01-09,scheduled,wsdc_dump,dump:competitionevents:2766,Westie Gala,,dump_competitionevents_series_id,2026-09-24 17:12:43.602598+00,2026-09-24 17:12:43.602598+00
75,UCWDC Country Dance World Championship,2023,1,2023-01-01,2023-01-08,scheduled,wsdc_dump,dump:competitionevents:2812,Country Dance World Championships,,dump_competitionevents_series_id,2026-09-24 17:13:13.714247+00,2026-09-24 17:13:13.714247+00
334,Countdown Swing Boston,2023,1,2022-12-29,2023-01-02,scheduled,wsdc_dump,dump:competitionevents:2720,Countdown Swing Boston,,dump_competitionevents_series_id,2026-09-24 17:12:05.750553+00,2026-09-24 17:12:05.750553+00
42,Floorplay Swing Vacation,2023,1,2022-12-29,2023-01-01,scheduled,wsdc_dump,dump:competitionevents:2746,Floor Play Swing Vacation,,dump_competitionevents_series_id,2026-09-24 17:12:05.750553+00,2026-09-24 17:12:05.750553+00
196,SwingCouver,2023,1,2022-12-29,2023-01-01,scheduled,wsdc_dump,dump:competitionevents:2790,SwingCouver,,dump_competitionevents_series_id,2026-09-24 17:12:43.602598+00,2026-09-24 17:12:43.602598+00
289,SwingVester,2023,1,2022-12-29,2023-01-02,scheduled,wsdc_dump,dump:competitionevents:2737,Swingvester,,dump_competitionevents_series_id,2026-09-24 17:12:05.750553+00,2026-09-24 17:12:05.750553+00
290,Shooba Dooba Swing,2022,12,2022-12-23,2022-12-25,scheduled,wsdc_dump,dump:competitionevents:2768,Shooba Dooba Swing,,dump_competitionevents_series_id,2026-09-24 17:10:08.801865+00,2026-09-24 17:10:08.801865+00
213,Swingtimate,2022,12,2022-12-09,2022-12-11,scheduled,wsdc_dump,dump:competitionevents:2756,Swingtimate,,dump_competitionevents_series_id,2026-09-24 17:12:43.602598+00,2026-09-24 17:12:43.602598+00
271,Berlin Swing Revolution,2022,12,2022-12-08,2022-12-11,scheduled,wsdc_dump,dump:competitionevents:2777,Berlin Swing Revolution,,dump_competitionevents_series_id,2026-09-24 17:12:43.602598+00,2026-09-24 17:12:43.602598+00
212,The After Party (TAP),2022,12,2022-12-01,2022-12-04,scheduled,wsdc_dump,dump:competitionevents:2733,The After Party - TAP,,dump_competitionevents_series_id,2026-09-24 17:12:05.750553+00,2026-09-24 17:12:05.750553+00
238,Winter White,2022,12,2022-12-01,2022-12-05,scheduled,wsdc_dump,dump:competitionevents:2727,Winter White West Coast Swing,,dump_competitionevents_series_id,2026-09-24 17:12:05.750553+00,2026-09-24 17:12:05.750553+00
87,CASH Bash,2022,11,2022-11-24,2022-11-27,scheduled,wsdc_dump,dump:competitionevents:2700,CASH Bash,,dump_competitionevents_series_id,2026-09-24 17:12:05.750553+00,2026-09-24 17:12:05.750553+00
68,US Open Swing Dance Championships,2022,11,2022-11-23,2022-11-27,scheduled,wsdc_dump,dump:competitionevents:2675,US Open Swing Dance Championships,,dump_competitionevents_series_id,2026-09-24 17:11:27.808569+00,2026-09-24 17:11:27.808569+00
312,Westie Pink City,2022,11,2022-11-18,2022-11-20,scheduled,wsdc_dump,dump:competitionevents:2769,Westie Pink City,,dump_competitionevents_series_id,2026-09-24 17:12:43.602598+00,2026-09-24 17:12:43.602598+00
181,DC Swing eXperience (DCSX),2022,11,2022-11-17,2022-11-21,scheduled,wsdc_dump,dump:competitionevents:2555,DC Swing eXperience (DCSX),,dump_competitionevents_series_id,2026-09-24 17:10:39.614039+00,2026-09-24 17:10:39.614039+00
269,Autumn Swing Challenge,2022,11,2022-11-11,2022-11-13,scheduled,wsdc_dump,dump:competitionevents:2728,Autumn Swing Challenge,,dump_competitionevents_series_id,2026-09-24 17:12:05.750553+00,2026-09-24 17:12:05.750553+00
270,Westie's Angels,2022,11,2022-11-10,2022-11-14,scheduled,wsdc_dump,dump:competitionevents:2762,Westie's Angels,,dump_competitionevents_series_id,2026-09-24 17:12:43.602598+00,2026-09-24 17:12:43.602598+00
323,Westies on the Water,2022,11,2022-11-10,2022-11-13,scheduled,wsdc_dump,dump:competitionevents:2725,Westies on The Water,,dump_competitionevents_series_id,2026-09-24 17:12:05.750553+00,2026-09-24 17:12:05.750553+00
288,Midnight Madness,2022,11,2022-11-04,2022-11-06,scheduled,wsdc_dump,dump:competitionevents:2651,Midnight Madness,,dump_competitionevents_series_id,2026-09-24 17:11:27.808569+00,2026-09-24 17:11:27.808569+00
194,Moscow Westie Fest,2022,11,2022-11-04,2022-11-06,scheduled,wsdc_dump,dump:competitionevents:2755,Moscow Westie Fest,,dump_competitionevents_series_id,2026-09-24 17:12:43.602598+00,2026-09-24 17:12:43.602598+00
330,Simply Adelaide West Coast Swing,2022,11,2022-11-04,2022-11-06,scheduled,wsdc_dump,dump:competitionevents:2716,Simply Adelaide West Coast Swing 2022,,dump_competitionevents_series_id,2026-09-24 17:12:05.750553+00,2026-09-24 17:12:05.750553+00
31,Mountain Magic,2022,11,2022-11-03,2022-11-06,scheduled,wsdc_dump,dump:competitionevents:2734,Mountain Magic Dance Convention,,dump_competitionevents_series_id,2026-09-24 17:12:05.750553+00,2026-09-24 17:12:05.750553+00
229,Scandinavian Open,2022,11,2022-11-03,2022-11-06,scheduled,wsdc_dump,dump:competitionevents:2690,Scandinavian Open WCS 2022,,dump_competitionevents_series_id,2026-09-24 17:11:27.808569+00,2026-09-24 17:11:27.808569+00
65,Halloween SwingThing,2022,10,2022-10-27,2022-10-30,scheduled,wsdc_dump,dump:competitionevents:2754,Halloween SwingThing,,dump_competitionevents_series_id,2026-09-24 17:12:43.602598+00,2026-09-24 17:12:43.602598+00
236,Warsaw Halloween Swing,2022,10,2022-10-27,2022-10-31,scheduled,wsdc_dump,dump:competitionevents:2719,Warsaw Halloween Swing,,dump_competitionevents_series_id,2026-09-24 17:12:05.750553+00,2026-09-24 17:12:05.750553+00
43,Paradise Dance Festival,2022,10,2022-10-20,2022-10-23,scheduled,wsdc_dump,dump:competitionevents:2745,Paradise Country Dance Festival,,dump_competitionevents_series_id,2026-09-24 17:12:05.750553+00,2026-09-24 17:12:05.750553+00
125,Swing City Chicago,2022,10,2022-10-20,2022-10-23,scheduled,wsdc_dump,dump:competitionevents:2658,Swing City Chicago,,dump_competitionevents_series_id,2026-09-24 17:11:27.808569+00,2026-09-24 17:11:27.808569+00
179,New Zealand Open Swing Dance Championships,2022,10,2022-10-14,2022-10-16,scheduled,wsdc_dump,dump:competitionevents:2712,The New Zealand Open,,dump_competitionevents_series_id,2026-09-24 17:12:05.750553+00,2026-09-24 17:12:05.750553+00
267,Swustlicious,2022,10,2022-10-14,2022-10-16,scheduled,wsdc_dump,dump:competitionevents:2724,Swustlicious,,dump_competitionevents_series_id,2026-09-24 17:12:05.750553+00,2026-09-24 17:12:05.750553+00
286,WCS Festival,2022,10,2022-10-14,2022-10-16,scheduled,wsdc_dump,dump:competitionevents:2630,WCS Festival,,dump_competitionevents_series_id,2026-09-24 17:10:39.614039+00,2026-09-24 17:10:39.614039+00
322,Milan Modern Swing,2022,10,2022-10-13,2022-10-16,scheduled,wsdc_dump,dump:competitionevents:2714,Milan Modern Swing,,dump_competitionevents_series_id,2026-09-24 17:12:05.750553+00,2026-09-24 17:12:05.750553+00
8,Boogie By The Bay,2022,10,2022-10-06,2022-10-09,scheduled,wsdc_dump,dump:competitionevents:2676,Boogie By The Bay,,dump_competitionevents_series_id,2026-09-24 17:11:27.808569+00,2026-09-24 17:11:27.808569+00
211,Atlanta Swing Classic,2022,10,2022-09-29,2022-10-02,scheduled,wsdc_dump,dump:competitionevents:2701,Atlanta Swing Classic,,dump_competitionevents_series_id,2026-09-24 17:12:05.750553+00,2026-09-24 17:12:05.750553+00
165,Midland Swing Open,2022,10,2022-09-29,2022-10-03,scheduled,wsdc_dump,dump:competitionevents:2742,Midland Swing Open,,dump_competitionevents_series_id,2026-09-24 17:12:05.750553+00,2026-09-24 17:12:05.750553+00
254,Finnfest,2022,9,2022-09-23,2022-09-25,scheduled,wsdc_dump,dump:competitionevents:2731,Finnfest,,dump_competitionevents_series_id,2026-09-24 17:12:05.750553+00,2026-09-24 17:12:05.750553+00
167,Best of the Best WCS,2022,9,2022-09-22,2022-09-25,scheduled,wsdc_dump,dump:competitionevents:2689,Best of the Best WCS,,dump_competitionevents_series_id,2026-09-24 17:11:27.808569+00,2026-09-24 17:11:27.808569+00
10,Bridgetown Swing Boogie,2022,9,2022-09-22,2022-09-25,scheduled,wsdc_dump,dump:competitionevents:2657,BridgeTown Swing,,dump_competitionevents_series_id,2026-09-24 17:11:27.808569+00,2026-09-24 17:11:27.808569+00
131,Meet Me In St Louis,2022,9,2022-09-22,2022-09-25,scheduled,wsdc_dump,dump:competitionevents:2656,Meet Me in St Louis Swing Dance Championships,,dump_competitionevents_series_id,2026-09-24 17:11:27.808569+00,2026-09-24 17:11:27.808569+00
234,Philly Swing Classic,2022,9,2022-09-16,2022-09-18,scheduled,wsdc_dump,dump:competitionevents:2698,Philly Swing Classic ,,dump_competitionevents_series_id,2026-09-24 17:12:05.750553+00,2026-09-24 17:12:05.750553+00
233,Bavarian Open,2022,9,2022-09-08,2022-09-11,scheduled,wsdc_dump,dump:competitionevents:2526,Bavarian Open,,dump_competitionevents_series_id,2026-09-24 17:10:39.614039+00,2026-09-24 17:10:39.614039+00
231,Trilogy Swing,2022,9,2022-09-08,2022-09-11,scheduled,wsdc_dump,dump:competitionevents:2688,Trilogy Swing,,dump_competitionevents_series_id,2026-09-24 17:11:27.808569+00,2026-09-24 17:11:27.808569+00
313,Rolling Swing,2022,9,2022-09-02,2022-09-04,scheduled,wsdc_dump,dump:competitionevents:2761,Rolling Swing,,dump_competitionevents_series_id,2026-09-24 17:12:43.602598+00,2026-09-24 17:12:43.602598+00
135,Desert City Swing,2022,9,2022-09-01,2022-09-05,scheduled,wsdc_dump,dump:competitionevents:2687,Desert City Swing,,dump_competitionevents_series_id,2026-09-24 17:11:27.808569+00,2026-09-24 17:11:27.808569+00
48,South Bay Dance Fling,2022,9,2022-09-01,2022-09-05,scheduled,wsdc_dump,dump:competitionevents:2732,South Bay Dance Fling,,dump_competitionevents_series_id,2026-09-24 17:12:05.750553+00,2026-09-24 17:12:05.750553+00
119,Chicagoland Country and Swing Dance Festival,2022,8,2022-08-19,2022-08-21,scheduled,wsdc_dump,dump:competitionevents:2723,Chicagoland Country and Swing Dance Festival,,dump_competitionevents_series_id,2026-09-24 17:12:05.750553+00,2026-09-24 17:12:05.750553+00
264,UpTown Swing,2022,8,2022-08-12,2022-08-15,scheduled,wsdc_dump,dump:competitionevents:2743,UpTown Swing,,dump_competitionevents_series_id,2026-09-24 17:12:05.750553+00,2026-09-24 17:12:05.750553+00
283,Kazan EL Fest,2022,8,2022-08-11,2022-08-14,scheduled,wsdc_dump,dump:competitionevents:2715,Kazan EL Fest,,dump_competitionevents_series_id,2026-09-24 17:12:05.750553+00,2026-09-24 17:12:05.750553+00
120,Lone Star Invitational,2022,8,2022-08-11,2022-08-14,scheduled,wsdc_dump,dump:competitionevents:2704,LoneStar Invitational,,dump_competitionevents_series_id,2026-09-24 17:12:05.750553+00,2026-09-24 17:12:05.750553+00
59,Swing Fling,2022,8,2022-08-11,2022-08-15,scheduled,wsdc_dump,dump:competitionevents:2554,Swing Fling,,dump_competitionevents_series_id,2026-09-24 17:10:39.614039+00,2026-09-24 17:10:39.614039+00
77,Arizona Dance Classic,2022,8,2022-08-04,2022-08-07,scheduled,wsdc_dump,dump:competitionevents:2730,Arizona Dance Classic,,dump_competitionevents_series_id,2026-09-24 17:12:05.750553+00,2026-09-24 17:12:05.750553+00
282,German Open,2022,8,2022-08-04,2022-08-07,scheduled,wsdc_dump,dump:competitionevents:2722,German Open Championships,,dump_competitionevents_series_id,2026-09-24 17:12:05.750553+00,2026-09-24 17:12:05.750553+00
157,New England Dance Festival,2022,8,2022-08-04,2022-08-07,scheduled,wsdc_dump,dump:competitionevents:2692,New England Dance Festival,,dump_competitionevents_series_id,2026-09-24 17:11:27.808569+00,2026-09-24 17:11:27.808569+00
256,Rock the Barn,2022,8,2022-08-04,2022-08-07,scheduled,wsdc_dump,dump:competitionevents:2652,Rock The Barn,,dump_competitionevents_series_id,2026-09-24 17:11:27.808569+00,2026-09-24 17:11:27.808569+00
227,Swingtacular: The Galactic Open,2022,8,2022-08-04,2022-08-07,scheduled,wsdc_dump,dump:competitionevents:2442,Swingtacular: The Galactic Open 2022,,dump_competitionevents_series_id,2026-09-24 17:10:08.801865+00,2026-09-24 17:10:08.801865+00
47,SwingTime Denver,2022,7,2022-07-22,2022-07-24,scheduled,wsdc_dump,dump:competitionevents:2598,SwingTime,,dump_competitionevents_series_id,2026-09-24 17:10:39.614039+00,2026-09-24 17:10:39.614039+00
148,Dance Mardi Gras,2022,7,2022-07-21,2022-07-24,scheduled,wsdc_dump,dump:competitionevents:2691,Dance Mardi Gras,,dump_competitionevents_series_id,2026-09-24 17:11:27.808569+00,2026-09-24 17:11:27.808569+00
280,Saint Petersburg WCS Nights,2022,7,2022-07-21,2022-07-24,scheduled,wsdc_dump,dump:competitionevents:2631,St.Petersburg WCS Nights,,dump_competitionevents_series_id,2026-09-24 17:10:39.614039+00,2026-09-24 17:10:39.614039+00
149,Florida Dance Magic,2022,7,2022-07-14,2022-07-18,scheduled,wsdc_dump,dump:competitionevents:2708,Florida Dance Magic,,dump_competitionevents_series_id,2026-09-24 17:10:39.614039+00,2026-09-24 17:10:39.614039+00
156,Big Apple Dance Festival,2022,7,2022-07-07,2022-07-10,scheduled,wsdc_dump,dump:competitionevents:2718,Big Apple Dance Festival,,dump_competitionevents_series_id,2026-09-24 17:12:05.750553+00,2026-09-24 17:12:05.750553+00
278,Americano Dance Camp,2022,7,2022-07-06,2022-07-10,scheduled,wsdc_dump,dump:competitionevents:2726,Americano Dance Camp,,dump_competitionevents_series_id,2026-09-24 17:12:05.750553+00,2026-09-24 17:12:05.750553+00
1,4TH of July Convention,2022,7,2022-06-30,2022-07-04,scheduled,wsdc_dump,dump:competitionevents:2659,Phoenix 4th of July,,dump_competitionevents_series_id,2026-09-24 17:11:27.808569+00,2026-09-24 17:11:27.808569+00
261,Neverland Swing,2022,7,2022-06-30,2022-07-04,scheduled,wsdc_dump,dump:competitionevents:2648,Neverland Swing,,dump_competitionevents_series_id,2026-09-24 17:11:27.808569+00,2026-09-24 17:11:27.808569+00
225,Wild Wild Westie,2022,7,2022-06-30,2022-07-04,scheduled,wsdc_dump,dump:competitionevents:2702,Wild Wild Westie,,dump_competitionevents_series_id,2026-09-24 17:12:05.750553+00,2026-09-24 17:12:05.750553+00
222,Baltic Swing,2022,6,2022-06-23,2022-06-27,scheduled,wsdc_dump,dump:competitionevents:2678,Baltic Swing,,dump_competitionevents_series_id,2026-09-24 17:11:27.808569+00,2026-09-24 17:11:27.808569+00
109,Colorado Country Classic,2022,6,2022-06-23,2022-06-26,scheduled,wsdc_dump,dump:competitionevents:2686,Colorado Country Classic,,dump_competitionevents_series_id,2026-09-24 17:11:27.808569+00,2026-09-24 17:11:27.808569+00
255,Indy Dance Explosion,2022,6,2022-06-23,2022-06-26,scheduled,wsdc_dump,dump:competitionevents:2717,Indy Dance Explosion,,dump_competitionevents_series_id,2026-09-24 17:12:05.750553+00,2026-09-24 17:12:05.750553+00
96,Liberty Swing Dance Championships,2022,6,2022-06-23,2022-06-27,scheduled,wsdc_dump,dump:competitionevents:2674,Liberty Swing Dance Championships,,dump_competitionevents_series_id,2026-09-24 17:11:27.808569+00,2026-09-24 17:11:27.808569+00
220,D-Town Swing,2022,6,2022-06-17,2022-06-19,scheduled,wsdc_dump,dump:competitionevents:2629,D-Town Swing,,dump_competitionevents_series_id,2026-09-24 17:10:39.614039+00,2026-09-24 17:10:39.614039+00
162,Swingapalooza,2022,6,2022-06-17,2022-06-19,scheduled,wsdc_dump,dump:competitionevents:2666,Swingapalooza,,dump_competitionevents_series_id,2026-09-24 17:11:27.808569+00,2026-09-24 17:11:27.808569+00
117,Orange Blossom Dance Festival,2022,6,2022-06-03,2022-06-05,scheduled,wsdc_dump,dump:competitionevents:2710,Orange Blossom Dance Festival,,dump_competitionevents_series_id,2026-09-24 17:12:05.750553+00,2026-09-24 17:12:05.750553+00
121,The Texas Classic,2022,5,2022-05-27,2022-05-29,scheduled,wsdc_dump,dump:competitionevents:2694,Texas Classic ,,dump_competitionevents_series_id,2026-09-24 17:11:27.808569+00,2026-09-24 17:11:27.808569+00
175,French Open West Coast Swing,2022,5,2022-05-26,2022-05-30,scheduled,wsdc_dump,dump:competitionevents:2665,French Open West Coast Swing,,dump_competitionevents_series_id,2026-09-24 17:11:27.808569+00,2026-09-24 17:11:27.808569+00
205,SOswing,2022,5,2022-05-19,2022-05-22,scheduled,wsdc_dump,dump:competitionevents:2679,SOswing 2022,,dump_competitionevents_series_id,2026-09-24 17:11:27.808569+00,2026-09-24 17:11:27.808569+00
253,Nordic WCS Championships,2022,5,2022-05-06,2022-05-09,scheduled,wsdc_dump,dump:competitionevents:2695,Nordic WCS Championships,,dump_competitionevents_series_id,2026-09-24 17:11:27.808569+00,2026-09-24 17:11:27.808569+00
134,Swing Dance America,2022,5,2022-04-28,2022-05-02,scheduled,wsdc_dump,dump:competitionevents:2671,Swing Dance America,,dump_competitionevents_series_id,2026-09-24 17:11:27.808569+00,2026-09-24 17:11:27.808569+00
144,Swingin' Into Spring,2022,5,2022-04-28,2022-05-01,scheduled,wsdc_dump,dump:competitionevents:2696,Swingin' Into Spring,,dump_competitionevents_series_id,2026-09-24 17:12:05.750553+00,2026-09-24 17:12:05.750553+00
203,Detonation Dance,2022,4,2022-04-21,2022-04-25,scheduled,wsdc_dump,dump:competitionevents:2668,Detonation Dance,,dump_competitionevents_series_id,2026-09-24 17:11:27.808569+00,2026-09-24 17:11:27.808569+00
18,Easter Swing,2022,4,2022-04-14,2022-04-17,scheduled,wsdc_dump,dump:competitionevents:2661,Easter Swing,,dump_competitionevents_series_id,2026-09-24 17:11:27.808569+00,2026-09-24 17:11:27.808569+00
259,Swingover,2022,4,2022-04-08,2022-04-10,scheduled,wsdc_dump,dump:competitionevents:2582,Swingover,,dump_competitionevents_series_id,2026-09-24 17:10:39.614039+00,2026-09-24 17:10:39.614039+00
293,Westy Nantes,2022,4,2022-04-08,2022-04-10,scheduled,wsdc_dump,dump:competitionevents:2641,Westy Nantes,,dump_competitionevents_series_id,2026-09-24 17:11:27.808569+00,2026-09-24 17:11:27.808569+00
187,City of Angels WCS,2022,4,2022-03-31,2022-04-03,scheduled,wsdc_dump,dump:competitionevents:2644,City of Angels Swing Event,,dump_competitionevents_series_id,2026-09-24 17:11:27.808569+00,2026-09-24 17:11:27.808569+00
153,Novice Invitational,2022,3,2022-03-25,2022-03-27,scheduled,wsdc_dump,dump:competitionevents:2605,Novice Invitational ,,dump_competitionevents_series_id,2026-09-24 17:10:39.614039+00,2026-09-24 17:10:39.614039+00
197,5280 Westival,2022,3,2022-03-24,2022-03-28,scheduled,wsdc_dump,dump:competitionevents:2642,5280 Westival,,dump_competitionevents_series_id,2026-09-24 17:11:27.808569+00,2026-09-24 17:11:27.808569+00
318,All Star SwingJam,2022,3,2022-03-17,2022-03-20,scheduled,wsdc_dump,dump:competitionevents:2667,All Star SwingJam,,dump_competitionevents_series_id,2026-09-24 17:11:27.808569+00,2026-09-24 17:11:27.808569+00
292,King Swing,2022,3,2022-03-17,2022-03-21,scheduled,wsdc_dump,dump:competitionevents:2672,King Swing,,dump_competitionevents_series_id,2026-09-24 17:11:27.808569+00,2026-09-24 17:11:27.808569+00
142,The Chicago Classic,2022,3,2022-03-17,2022-03-20,scheduled,wsdc_dump,dump:competitionevents:2601,The Chicago Classic,,dump_competitionevents_series_id,2026-09-24 17:10:39.614039+00,2026-09-24 17:10:39.614039+00
314,Westie Spring Thing,2022,3,2022-03-11,2022-03-13,scheduled,wsdc_dump,dump:competitionevents:2685,Westie Spring Thing,,dump_competitionevents_series_id,2026-09-24 17:11:27.808569+00,2026-09-24 17:11:27.808569+00
186,West in Lyon,2022,3,2022-03-10,2022-03-13,scheduled,wsdc_dump,dump:competitionevents:2670,West In Lyon,,dump_competitionevents_series_id,2026-09-24 17:11:27.808569+00,2026-09-24 17:11:27.808569+00
92,MADjam,2022,3,2022-03-03,2022-03-06,scheduled,wsdc_dump,dump:competitionevents:2553,Mid-Atlantic Dance Jam,,dump_competitionevents_series_id,2026-09-24 17:10:39.614039+00,2026-09-24 17:10:39.614039+00
244,Rose City Swing,2022,2,2022-02-24,2022-02-27,scheduled,wsdc_dump,dump:competitionevents:2639,Rose City Swing,,dump_competitionevents_series_id,2026-09-24 17:10:39.614039+00,2026-09-24 17:10:39.614039+00
273,Charlotte Westie Fest,2022,2,2022-02-03,2022-02-06,scheduled,wsdc_dump,dump:competitionevents:2611,Charlotte Westie Fest,,dump_competitionevents_series_id,2026-09-24 17:10:39.614039+00,2026-09-24 17:10:39.614039+00
215,Swing & Snow,2022,2,2022-02-03,2022-02-06,scheduled,wsdc_dump,dump:competitionevents:2585,Swing&Snow,,dump_competitionevents_series_id,2026-09-24 17:10:39.614039+00,2026-09-24 17:10:39.614039+00
183,Freedom Swing Dance Challenge,2022,1,2022-01-21,2022-01-23,scheduled,wsdc_dump,dump:competitionevents:2649,Freedom Swing Dance Challenge,,dump_competitionevents_series_id,2026-09-24 17:11:27.808569+00,2026-09-24 17:11:27.808569+00
62,Monterey SwingFest,2022,1,2022-01-13,2022-01-17,scheduled,wsdc_dump,dump:competitionevents:2544,Monterey SwingFest,,dump_competitionevents_series_id,2026-09-24 17:10:39.614039+00,2026-09-24 17:10:39.614039+00
184,BudaFest Open WCS Championships,2022,1,2022-01-05,2022-01-09,scheduled,wsdc_dump,dump:competitionevents:2615,BudaFest Open WCS Championships,,dump_competitionevents_series_id,2026-09-24 17:10:39.614039+00,2026-09-24 17:10:39.614039+00
75,UCWDC Country Dance World Championship,2022,1,2022-01-02,2022-01-09,scheduled,wsdc_dump,dump:competitionevents:2640,UCWDC Country Dance World Championships,,dump_competitionevents_series_id,2026-09-24 17:10:39.614039+00,2026-09-24 17:10:39.614039+00
334,Countdown Swing Boston,2022,1,2021-12-31,2022-01-02,scheduled,wsdc_dump,dump:competitionevents:2643,Countdown Swing Boston,,dump_competitionevents_series_id,2026-09-24 17:11:27.808569+00,2026-09-24 17:11:27.808569+00
42,Floorplay Swing Vacation,2022,1,2021-12-30,2022-01-02,scheduled,wsdc_dump,dump:competitionevents:2613,Floorplay New Years Swing Vacation,,dump_competitionevents_series_id,2026-09-24 17:10:39.614039+00,2026-09-24 17:10:39.614039+00
290,Shooba Dooba Swing,2021,12,2021-12-24,2021-12-26,scheduled,wsdc_dump,dump:competitionevents:2650,Shooba Dooba Swing,,dump_competitionevents_series_id,2026-09-24 17:11:27.808569+00,2026-09-24 17:11:27.808569+00
212,The After Party (TAP),2021,12,2021-12-02,2021-12-05,scheduled,wsdc_dump,dump:competitionevents:2597,The After Party,,dump_competitionevents_series_id,2026-09-24 17:10:39.614039+00,2026-09-24 17:10:39.614039+00
330,Simply Adelaide West Coast Swing,2021,11,2021-11-18,2021-11-21,scheduled,wsdc_dump,dump:competitionevents:2638,Simply Adelaide West Coast Swing,,dump_competitionevents_series_id,2026-09-24 17:10:39.614039+00,2026-09-24 17:10:39.614039+00
197,5280 Westival,2021,11,2021-11-11,2021-11-15,scheduled,wsdc_dump,dump:competitionevents:2614,5280 Westival,,dump_competitionevents_series_id,2026-09-24 17:10:39.614039+00,2026-09-24 17:10:39.614039+00
312,Westie Pink City,2021,11,2021-11-11,2021-11-14,scheduled,wsdc_dump,dump:competitionevents:2587,Westie Pink City,,dump_competitionevents_series_id,2026-09-24 17:10:39.614039+00,2026-09-24 17:10:39.614039+00
270,Westie's Angels,2021,11,2021-11-11,2021-11-14,scheduled,wsdc_dump,dump:competitionevents:2633,Westie's Angels,,dump_competitionevents_series_id,2026-09-24 17:10:39.614039+00,2026-09-24 17:10:39.614039+00
323,Westies on the Water,2021,11,2021-11-11,2021-11-14,scheduled,wsdc_dump,dump:competitionevents:2618,Westies on the Water,,dump_competitionevents_series_id,2026-09-24 17:10:08.801865+00,2026-09-24 17:10:08.801865+00
288,Midnight Madness,2021,11,2021-11-05,2021-11-07,scheduled,wsdc_dump,dump:competitionevents:2621,Midnight Madness,,dump_competitionevents_series_id,2026-09-24 17:10:39.614039+00,2026-09-24 17:10:39.614039+00
236,Warsaw Halloween Swing,2021,11,2021-10-28,2021-11-01,scheduled,wsdc_dump,dump:competitionevents:2536,Warsaw Halloween Swing,,dump_competitionevents_series_id,2026-09-24 17:10:39.614039+00,2026-09-24 17:10:39.614039+00
194,Moscow Westie Fest,2021,10,2021-10-01,2021-10-04,scheduled,wsdc_dump,dump:competitionevents:2634,Moscow Westie Dance Fest,,dump_competitionevents_series_id,2026-09-24 17:10:39.614039+00,2026-09-24 17:10:39.614039+00
211,Atlanta Swing Classic,2021,10,2021-09-30,2021-10-03,scheduled,wsdc_dump,dump:competitionevents:2509,Atlanta Swing Classic,,dump_competitionevents_series_id,2026-09-24 17:10:08.801865+00,2026-09-24 17:10:08.801865+00
165,Midland Swing Open,2021,9,2021-09-23,2021-09-26,scheduled,wsdc_dump,dump:competitionevents:2550,Midland Swing Open,,dump_competitionevents_series_id,2026-09-24 17:10:39.614039+00,2026-09-24 17:10:39.614039+00
234,Philly Swing Classic,2021,9,2021-09-17,2021-09-19,scheduled,wsdc_dump,dump:competitionevents:2507,Philly Swing Classic,,dump_competitionevents_series_id,2026-09-24 17:10:08.801865+00,2026-09-24 17:10:08.801865+00
135,Desert City Swing,2021,9,2021-09-02,2021-09-05,scheduled,wsdc_dump,dump:competitionevents:2385,Desert City Swing Dance Championships,,dump_competitionevents_series_id,2026-09-24 17:10:08.801865+00,2026-09-24 17:10:08.801865+00
313,Rolling Swing,2021,9,2021-09-02,2021-09-06,scheduled,wsdc_dump,dump:competitionevents:2586,Rolling Swing,,dump_competitionevents_series_id,2026-09-24 17:10:39.614039+00,2026-09-24 17:10:39.614039+00
119,Chicagoland Country and Swing Dance Festival,2021,8,2021-08-20,2021-08-22,scheduled,wsdc_dump,dump:competitionevents:2500,Chicagoland Country and Swing Dance Festival,,dump_competitionevents_series_id,2026-09-24 17:10:08.801865+00,2026-09-24 17:10:08.801865+00
120,Lone Star Invitational,2021,8,2021-08-13,2021-08-15,scheduled,wsdc_dump,dump:competitionevents:2610,Lone Star Invitational,,dump_competitionevents_series_id,2026-09-24 17:10:39.614039+00,2026-09-24 17:10:39.614039+00
77,Arizona Dance Classic,2021,8,2021-08-05,2021-08-08,scheduled,wsdc_dump,dump:competitionevents:2502,Arizona Dance Classic,,dump_competitionevents_series_id,2026-09-24 17:10:08.801865+00,2026-09-24 17:10:08.801865+00
280,Saint Petersburg WCS Nights,2021,7,2021-07-15,2021-07-18,scheduled,wsdc_dump,dump:competitionevents:2522,Saint Petersburg WCS Nights,,dump_competitionevents_series_id,2026-09-24 17:10:39.614039+00,2026-09-24 17:10:39.614039+00
156,Big Apple Dance Festival,2021,7,2021-07-08,2021-07-11,scheduled,wsdc_dump,dump:competitionevents:2608,Big Apple Dance Festival,,dump_competitionevents_series_id,2026-09-24 17:10:39.614039+00,2026-09-24 17:10:39.614039+00
225,Wild Wild Westie,2021,7,2021-07-01,2021-07-04,scheduled,wsdc_dump,dump:competitionevents:2576,Wild Wild Westie,,dump_competitionevents_series_id,2026-09-24 17:10:39.614039+00,2026-09-24 17:10:39.614039+00
278,Americano Dance Camp,2021,7,2021-06-30,2021-07-04,scheduled,wsdc_dump,dump:competitionevents:2593,Americano Dance Camp,,dump_competitionevents_series_id,2026-09-24 17:10:39.614039+00,2026-09-24 17:10:39.614039+00
174,Swingsation,2021,6,2021-06-04,2021-06-06,scheduled,wsdc_dump,dump:competitionevents:2592,Swingsation,,dump_competitionevents_series_id,2026-09-24 17:10:39.614039+00,2026-09-24 17:10:39.614039+00
117,Orange Blossom Dance Festival,2021,6,2021-06-03,2021-06-06,scheduled,wsdc_dump,dump:competitionevents:2532,Orange Blossom Dance Festival,,dump_competitionevents_series_id,2026-09-24 17:10:39.614039+00,2026-09-24 17:10:39.614039+00
170,Russian Open WCS Championships,2021,4,2021-04-23,2021-04-25,scheduled,wsdc_dump,dump:competitionevents:2583,Russian Open WCS Championship,,dump_competitionevents_series_id,2026-09-24 17:10:39.614039+00,2026-09-24 17:10:39.614039+00
215,Swing & Snow,2021,2,2021-02-04,2021-02-07,scheduled,wsdc_dump,dump:competitionevents:2466,Swing & Snow,,dump_competitionevents_series_id,2026-09-24 17:10:08.801865+00,2026-09-24 17:10:08.801865+00
290,Shooba Dooba Swing,2020,12,2020-12-25,2020-12-27,scheduled,wsdc_dump,dump:competitionevents:2514,Shooba Dooba Swing,,dump_competitionevents_series_id,2026-09-24 17:10:39.614039+00,2026-09-24 17:10:39.614039+00
213,Swingtimate,2020,12,2020-12-11,2020-12-13,scheduled,wsdc_dump,dump:competitionevents:2434,Swingtimate 2020,,dump_competitionevents_series_id,2026-09-24 17:10:08.801865+00,2026-09-24 17:10:08.801865+00
330,Simply Adelaide West Coast Swing,2020,11,2020-11-12,2020-11-15,scheduled,wsdc_dump,dump:competitionevents:2387,Simply Adelaide West Coast Swing,,dump_competitionevents_series_id,2026-09-24 17:10:08.801865+00,2026-09-24 17:10:08.801865+00
194,Moscow Westie Fest,2020,11,2020-10-29,2020-11-01,scheduled,wsdc_dump,dump:competitionevents:2523,Moscow Westie Fest,,dump_competitionevents_series_id,2026-09-24 17:10:39.614039+00,2026-09-24 17:10:39.614039+00
179,New Zealand Open Swing Dance Championships,2020,10,2020-10-16,2020-10-18,scheduled,wsdc_dump,dump:competitionevents:2476,New Zealand Open,,dump_competitionevents_series_id,2026-09-24 17:10:08.801865+00,2026-09-24 17:10:08.801865+00
92,MADjam,2020,3,2020-03-05,2020-03-08,scheduled,wsdc_dump,dump:competitionevents:2318,MADjam (Mid Atlantic Dance Jam),,dump_competitionevents_series_id,2026-09-24 17:09:17.475519+00,2026-09-24 17:09:17.475519+00
297,Winter Coast Swing,2020,2,2020-02-21,2020-02-23,scheduled,wsdc_dump,dump:competitionevents:2386,Winter Coast Swing,,dump_competitionevents_series_id,2026-09-24 17:10:08.801865+00,2026-09-24 17:10:08.801865+00
244,Rose City Swing,2020,2,2020-02-20,2020-02-23,scheduled,wsdc_dump,dump:competitionevents:2402,Rose City Swing,,dump_competitionevents_series_id,2026-09-24 17:10:08.801865+00,2026-09-24 17:10:08.801865+00
310,Valentine Swing,2020,2,2020-02-14,2020-02-16,scheduled,wsdc_dump,dump:competitionevents:2417,Valentine Swing,,dump_competitionevents_series_id,2026-09-24 17:10:08.801865+00,2026-09-24 17:10:08.801865+00
12,Capital Swing Dance Convention,2020,2,2020-02-13,2020-02-16,scheduled,wsdc_dump,dump:competitionevents:2352,Capital Swing Presidents' Day Convention ,,dump_competitionevents_series_id,2026-09-24 17:10:08.801865+00,2026-09-24 17:10:08.801865+00
302,WesterOz Swing,2020,2,2020-02-07,2020-02-09,scheduled,wsdc_dump,dump:competitionevents:2316,WesterOz Swing,,dump_competitionevents_series_id,2026-09-24 17:09:17.475519+00,2026-09-24 17:09:17.475519+00
258,Swingtzerland,2020,2,2020-02-06,2020-02-09,scheduled,wsdc_dump,dump:competitionevents:2414,Swingtzerland,,dump_competitionevents_series_id,2026-09-24 17:10:08.801865+00,2026-09-24 17:10:08.801865+00
272,Paris Westie Fest,2020,2,2020-01-31,2020-02-02,scheduled,wsdc_dump,dump:competitionevents:2293,Paris Westie Fest,,dump_competitionevents_series_id,2026-09-24 17:09:17.475519+00,2026-09-24 17:09:17.475519+00
273,Charlotte Westie Fest,2020,2,2020-01-30,2020-02-03,scheduled,wsdc_dump,dump:competitionevents:2356,Charlotte Westie Fest,,dump_competitionevents_series_id,2026-09-24 17:10:08.801865+00,2026-09-24 17:10:08.801865+00
215,Swing & Snow,2020,2,2020-01-30,2020-02-02,scheduled,wsdc_dump,dump:competitionevents:2307,Swing & Snow,,dump_competitionevents_series_id,2026-09-24 17:09:17.475519+00,2026-09-24 17:09:17.475519+00
242,Derby City Swing,2020,1,2020-01-23,2020-01-26,scheduled,wsdc_dump,dump:competitionevents:2360,Derby City Swing,,dump_competitionevents_series_id,2026-09-24 17:10:08.801865+00,2026-09-24 17:10:08.801865+00
291,Municorn Swing,2020,1,2020-01-23,2020-01-27,scheduled,wsdc_dump,dump:competitionevents:2291,Municorn Swing,,dump_competitionevents_series_id,2026-09-24 17:09:17.475519+00,2026-09-24 17:09:17.475519+00
309,Avignon City Swing,2020,1,2020-01-17,2020-01-19,scheduled,wsdc_dump,dump:competitionevents:2315,Avignon City Swing,,dump_competitionevents_series_id,2026-09-24 17:09:17.475519+00,2026-09-24 17:09:17.475519+00
183,Freedom Swing Dance Challenge,2020,1,2020-01-17,2020-01-20,scheduled,wsdc_dump,dump:competitionevents:2375,Freedom Swing Dance Challenge,,dump_competitionevents_series_id,2026-09-24 17:10:08.801865+00,2026-09-24 17:10:08.801865+00
301,Swing Resolution,2020,1,2020-01-17,2020-01-20,scheduled,wsdc_dump,dump:competitionevents:2354,Swing Resolution,,dump_competitionevents_series_id,2026-09-24 17:10:08.801865+00,2026-09-24 17:10:08.801865+00
200,Austin Swing Dance Championships,2020,1,2020-01-16,2020-01-19,scheduled,wsdc_dump,dump:competitionevents:2287,Austin Swing Dance Championships,,dump_competitionevents_series_id,2026-09-24 17:09:17.475519+00,2026-09-24 17:09:17.475519+00
62,Monterey SwingFest,2020,1,2020-01-16,2020-01-19,scheduled,wsdc_dump,dump:competitionevents:2272,Monterey Swingfest (Cancelled due to Covid-19),,dump_competitionevents_series_id,2026-09-24 17:09:17.475519+00,2026-09-24 17:09:17.475519+00
240,Westie Gala,2020,1,2020-01-10,2020-01-13,scheduled,wsdc_dump,dump:competitionevents:2384,Westie Gala,,dump_competitionevents_series_id,2026-09-24 17:10:08.801865+00,2026-09-24 17:10:08.801865+00
196,SwingCouver,2020,1,2020-01-09,2020-01-13,scheduled,wsdc_dump,dump:competitionevents:2395,SwingCouver 2020 - The 10th Episode,,dump_competitionevents_series_id,2026-09-24 17:10:08.801865+00,2026-09-24 17:10:08.801865+00
184,BudaFest Open WCS Championships,2020,1,2020-01-02,2020-01-05,scheduled,wsdc_dump,dump:competitionevents:2361,BudaFest Open WCS Championships,,dump_competitionevents_series_id,2026-09-24 17:10:08.801865+00,2026-09-24 17:10:08.801865+00
75,UCWDC Country Dance World Championship,2020,1,2020-01-01,2020-01-05,scheduled,wsdc_dump,dump:competitionevents:2264,Country Dance World Championships,,dump_competitionevents_series_id,2026-09-24 17:08:29.059517+00,2026-09-24 17:08:29.059517+00
334,Countdown Swing Boston,2020,1,2019-12-31,2020-01-05,scheduled,wsdc_dump,dump:competitionevents:2418,Countdown Swing Boston,,dump_competitionevents_series_id,2026-09-24 17:10:08.801865+00,2026-09-24 17:10:08.801865+00
214,New Year's Swing Fling,2020,1,2019-12-28,2020-01-01,scheduled,wsdc_dump,dump:competitionevents:2317,New Year's Swing Fling,,dump_competitionevents_series_id,2026-09-24 17:09:17.475519+00,2026-09-24 17:09:17.475519+00
141,Spotlight New Year's Celebration,2020,1,2019-12-28,2020-01-01,scheduled,wsdc_dump,dump:competitionevents:2265,Spotlight New Year's Celebration ,,dump_competitionevents_series_id,2026-09-24 17:08:29.059517+00,2026-09-24 17:08:29.059517+00
42,Floorplay Swing Vacation,2019,12,2019-12-27,2019-12-30,scheduled,wsdc_dump,dump:competitionevents:2258,Floor Play Swing Vacation,,dump_competitionevents_series_id,2026-09-24 17:08:29.059517+00,2026-09-24 17:08:29.059517+00
195,Palm Springs New Years Swing Dance Classic,2020,1,2019-12-27,2020-01-01,scheduled,wsdc_dump,dump:competitionevents:2368,Palm Springs New Years Swing Dance Classic,,dump_competitionevents_series_id,2026-09-24 17:10:08.801865+00,2026-09-24 17:10:08.801865+00
289,SwingVester,2020,1,2019-12-27,2020-01-01,scheduled,wsdc_dump,dump:competitionevents:2271,Swingvester,,dump_competitionevents_series_id,2026-09-24 17:09:17.475519+00,2026-09-24 17:09:17.475519+00
290,Shooba Dooba Swing,2019,12,2019-12-20,2019-12-22,scheduled,wsdc_dump,dump:competitionevents:2422,Shooba Dooba Swing,,dump_competitionevents_series_id,2026-09-24 17:10:08.801865+00,2026-09-24 17:10:08.801865+00
213,Swingtimate,2019,12,2019-12-13,2019-12-15,scheduled,wsdc_dump,dump:competitionevents:2077,Swingtimate,,dump_competitionevents_series_id,2026-09-24 17:03:22.635691+00,2026-09-24 17:03:22.635691+00
271,Berlin Swing Revolution,2019,12,2019-12-12,2019-12-15,scheduled,wsdc_dump,dump:competitionevents:2263,Berlin Swing Revolution,,dump_competitionevents_series_id,2026-09-24 17:08:29.059517+00,2026-09-24 17:08:29.059517+00
238,Winter White,2019,12,2019-12-12,2019-12-15,scheduled,wsdc_dump,dump:competitionevents:2278,Winter White WCS,,dump_competitionevents_series_id,2026-09-24 17:09:17.475519+00,2026-09-24 17:09:17.475519+00
212,The After Party (TAP),2019,12,2019-12-05,2019-12-08,scheduled,wsdc_dump,dump:competitionevents:2257,The After Party,,dump_competitionevents_series_id,2026-09-24 17:08:29.059517+00,2026-09-24 17:08:29.059517+00
265,Upstate Dance Challenge,2019,12,2019-12-05,2019-12-08,scheduled,wsdc_dump,dump:competitionevents:2217,Upstate Dance Challenge,,dump_competitionevents_series_id,2026-09-24 17:08:00.399168+00,2026-09-24 17:08:00.399168+00
87,CASH Bash,2019,12,2019-11-28,2019-12-01,scheduled,wsdc_dump,dump:competitionevents:2285,C.A.S.H. Bash Weekend,,dump_competitionevents_series_id,2026-09-24 17:09:17.475519+00,2026-09-24 17:09:17.475519+00
68,US Open Swing Dance Championships,2019,12,2019-11-28,2019-12-01,scheduled,wsdc_dump,dump:competitionevents:2242,US Open Swing Dance Championships,,dump_competitionevents_series_id,2026-09-24 17:08:29.059517+00,2026-09-24 17:08:29.059517+00
312,Westie Pink City,2019,11,2019-11-22,2019-11-24,scheduled,wsdc_dump,dump:competitionevents:2394,Westie Pink City,,dump_competitionevents_series_id,2026-09-24 17:10:08.801865+00,2026-09-24 17:10:08.801865+00
181,DC Swing eXperience (DCSX),2019,11,2019-11-14,2019-11-17,scheduled,wsdc_dump,dump:competitionevents:2254,DC Swing eXperience (DCSX),,dump_competitionevents_series_id,2026-09-24 17:08:29.059517+00,2026-09-24 17:08:29.059517+00
166,London SwingVitational,2019,11,2019-11-14,2019-11-18,scheduled,wsdc_dump,dump:competitionevents:2234,London SwingVitational,,dump_competitionevents_series_id,2026-09-24 17:08:29.059517+00,2026-09-24 17:08:29.059517+00
269,Autumn Swing Challenge,2019,11,2019-11-08,2019-11-10,scheduled,wsdc_dump,dump:competitionevents:2325,Autumn Swing Challenge,,dump_competitionevents_series_id,2026-09-24 17:10:08.801865+00,2026-09-24 17:10:08.801865+00
288,Midnight Madness,2019,11,2019-11-08,2019-11-10,scheduled,wsdc_dump,dump:competitionevents:2355,Midnight Madness,,dump_competitionevents_series_id,2026-09-24 17:10:08.801865+00,2026-09-24 17:10:08.801865+00
79,Sea to Sky,2019,11,2019-11-07,2019-11-11,scheduled,wsdc_dump,dump:competitionevents:2223,Sea To Sky - Seattle,,dump_competitionevents_series_id,2026-09-24 17:08:00.399168+00,2026-09-24 17:08:00.399168+00
194,Moscow Westie Fest,2019,11,2019-11-01,2019-11-04,scheduled,wsdc_dump,dump:competitionevents:2342,Moscow Westie Fest,,dump_competitionevents_series_id,2026-09-24 17:10:08.801865+00,2026-09-24 17:10:08.801865+00
31,Mountain Magic,2019,11,2019-10-31,2019-11-03,scheduled,wsdc_dump,dump:competitionevents:2266,Mountain Magic Dance Convention,,dump_competitionevents_series_id,2026-09-24 17:08:29.059517+00,2026-09-24 17:08:29.059517+00
229,Scandinavian Open,2019,11,2019-10-31,2019-11-03,scheduled,wsdc_dump,dump:competitionevents:2304,Scandinavian Open,,dump_competitionevents_series_id,2026-09-24 17:09:17.475519+00,2026-09-24 17:09:17.475519+00
137,Tampa Bay Classic,2019,11,2019-10-31,2019-11-03,scheduled,wsdc_dump,dump:competitionevents:2380,Tampa Bay Classic,,dump_competitionevents_series_id,2026-09-24 17:10:08.801865+00,2026-09-24 17:10:08.801865+00
236,Warsaw Halloween Swing,2019,11,2019-10-31,2019-11-04,scheduled,wsdc_dump,dump:competitionevents:2226,Warsaw Halloween Swing,,dump_competitionevents_series_id,2026-09-24 17:08:00.399168+00,2026-09-24 17:08:00.399168+00
270,Westie's Angels,2019,11,2019-10-31,2019-11-03,scheduled,wsdc_dump,dump:competitionevents:2231,Westie's Angels,,dump_competitionevents_series_id,2026-09-24 17:08:29.059517+00,2026-09-24 17:08:29.059517+00
179,New Zealand Open Swing Dance Championships,2019,10,2019-10-25,2019-10-27,scheduled,wsdc_dump,dump:competitionevents:2211,New Zealand Open Swing Dance Championships,,dump_competitionevents_series_id,2026-09-24 17:08:00.399168+00,2026-09-24 17:08:00.399168+00
65,Halloween SwingThing,2019,10,2019-10-24,2019-10-27,scheduled,wsdc_dump,dump:competitionevents:2245,Halloween Swingthing,,dump_competitionevents_series_id,2026-09-24 17:08:29.059517+00,2026-09-24 17:08:29.059517+00
125,Swing City Chicago,2019,10,2019-10-24,2019-10-27,scheduled,wsdc_dump,dump:competitionevents:2220,Swing City Chicago,,dump_competitionevents_series_id,2026-09-24 17:08:00.399168+00,2026-09-24 17:08:00.399168+00
294,European Swing Challenge,2019,10,2019-10-18,2019-10-21,scheduled,wsdc_dump,dump:competitionevents:2218,European Swing Challenge,,dump_competitionevents_series_id,2026-09-24 17:08:00.399168+00,2026-09-24 17:08:00.399168+00
178,Montreal Westie Fest,2019,10,2019-10-18,2019-10-20,scheduled,wsdc_dump,dump:competitionevents:2365,Montreal Westie Fest,,dump_competitionevents_series_id,2026-09-24 17:10:08.801865+00,2026-09-24 17:10:08.801865+00
267,Swustlicious,2019,10,2019-10-18,2019-10-20,scheduled,wsdc_dump,dump:competitionevents:2228,Swustlicious,,dump_competitionevents_series_id,2026-09-24 17:08:29.059517+00,2026-09-24 17:08:29.059517+00
43,Paradise Dance Festival,2019,10,2019-10-17,2019-10-20,scheduled,wsdc_dump,dump:competitionevents:2247,Paradise Country and Swing Dance Festival,,dump_competitionevents_series_id,2026-09-24 17:08:29.059517+00,2026-09-24 17:08:29.059517+00
322,Milan Modern Swing,2019,10,2019-10-11,2019-10-14,scheduled,wsdc_dump,dump:competitionevents:2322,Milan Modern Swing,,dump_competitionevents_series_id,2026-09-24 17:09:17.475519+00,2026-09-24 17:09:17.475519+00
286,WCS Festival,2019,10,2019-10-11,2019-10-13,scheduled,wsdc_dump,dump:competitionevents:2221,WCS Festival,,dump_competitionevents_series_id,2026-09-24 17:08:00.399168+00,2026-09-24 17:08:00.399168+00
211,Atlanta Swing Classic,2019,10,2019-10-10,2019-10-14,scheduled,wsdc_dump,dump:competitionevents:2267,Atlanta Swing Classic,,dump_competitionevents_series_id,2026-09-24 17:08:29.059517+00,2026-09-24 17:08:29.059517+00
8,Boogie By The Bay,2019,10,2019-10-03,2019-10-06,scheduled,wsdc_dump,dump:competitionevents:2252,Boogie by the Bay,,dump_competitionevents_series_id,2026-09-24 17:08:29.059517+00,2026-09-24 17:08:29.059517+00
234,Philly Swing Classic,2019,9,2019-09-27,2019-09-29,scheduled,wsdc_dump,dump:competitionevents:2262,Philly Swing Classic,,dump_competitionevents_series_id,2026-09-24 17:08:29.059517+00,2026-09-24 17:08:29.059517+00
216,The Brazilian Open,2019,9,2019-09-27,2019-09-29,scheduled,wsdc_dump,dump:competitionevents:2294,The Brazilian Open Championships (Cancelled due to Coronavirus),,dump_competitionevents_series_id,2026-09-24 17:09:17.475519+00,2026-09-24 17:09:17.475519+00
10,Bridgetown Swing Boogie,2019,9,2019-09-26,2019-09-29,scheduled,wsdc_dump,dump:competitionevents:2219,BridgeTown Swing,,dump_competitionevents_series_id,2026-09-24 17:08:00.399168+00,2026-09-24 17:08:00.399168+00
131,Meet Me In St Louis,2019,9,2019-09-26,2019-09-29,scheduled,wsdc_dump,dump:competitionevents:2295,Meet Me in St. Louis Swing Dance Championships,,dump_competitionevents_series_id,2026-09-24 17:09:17.475519+00,2026-09-24 17:09:17.475519+00
165,Midland Swing Open,2019,9,2019-09-26,2019-09-30,scheduled,wsdc_dump,dump:competitionevents:2233,Midland Swing Open,,dump_competitionevents_series_id,2026-09-24 17:08:29.059517+00,2026-09-24 17:08:29.059517+00
284,Citadel Swing,2019,9,2019-09-20,2019-09-22,scheduled,wsdc_dump,dump:competitionevents:2343,Citadel Swing (Cancelled due to Covid-19),,dump_competitionevents_series_id,2026-09-24 17:10:08.801865+00,2026-09-24 17:10:08.801865+00
167,Best of the Best WCS,2019,9,2019-09-19,2019-09-22,scheduled,wsdc_dump,dump:competitionevents:2309,Best of the Best,,dump_competitionevents_series_id,2026-09-24 17:09:17.475519+00,2026-09-24 17:09:17.475519+00
300,Austin Rocks,2019,9,2019-09-13,2019-09-15,scheduled,wsdc_dump,dump:competitionevents:2215,Austin Rocks,,dump_competitionevents_series_id,2026-09-24 17:08:00.399168+00,2026-09-24 17:08:00.399168+00
233,Bavarian Open,2019,9,2019-09-12,2019-09-15,scheduled,wsdc_dump,dump:competitionevents:2207,Bavarian Open WCS,,dump_competitionevents_series_id,2026-09-24 17:08:00.399168+00,2026-09-24 17:08:00.399168+00
232,Norway Westie Fest,2019,9,2019-09-12,2019-09-15,scheduled,wsdc_dump,dump:competitionevents:2210,Norway Westie Fest,,dump_competitionevents_series_id,2026-09-24 17:08:00.399168+00,2026-09-24 17:08:00.399168+00
231,Trilogy Swing,2019,9,2019-09-05,2019-09-08,scheduled,wsdc_dump,dump:competitionevents:2249,Trilogy Swing,,dump_competitionevents_series_id,2026-09-24 17:08:29.059517+00,2026-09-24 17:08:29.059517+00
313,Rolling Swing,2019,9,2019-08-30,2019-09-02,scheduled,wsdc_dump,dump:competitionevents:2251,Rolling Swing,,dump_competitionevents_series_id,2026-09-24 17:08:29.059517+00,2026-09-24 17:08:29.059517+00
135,Desert City Swing,2019,9,2019-08-29,2019-09-02,scheduled,wsdc_dump,dump:competitionevents:2208,Desert City Swing,,dump_competitionevents_series_id,2026-09-24 17:08:00.399168+00,2026-09-24 17:08:00.399168+00
177,River City Swing,2019,9,2019-08-29,2019-09-02,scheduled,wsdc_dump,dump:competitionevents:2203,River City Swing,,dump_competitionevents_series_id,2026-09-24 17:08:00.399168+00,2026-09-24 17:08:00.399168+00
298,Shakedown Swing,2019,8,2019-08-23,2019-08-26,scheduled,wsdc_dump,dump:competitionevents:2306,Shakedown Swing,,dump_competitionevents_series_id,2026-09-24 17:09:17.475519+00,2026-09-24 17:09:17.475519+00
53,Summer Hummer,2019,8,2019-08-22,2019-08-25,scheduled,wsdc_dump,dump:competitionevents:2280,Summer Hummer,,dump_competitionevents_series_id,2026-09-24 17:09:17.475519+00,2026-09-24 17:09:17.475519+00
299,Ukrainian Open,2019,8,2019-08-22,2019-08-26,scheduled,wsdc_dump,dump:competitionevents:2340,Ukrainian Open,,dump_competitionevents_series_id,2026-09-24 17:10:08.801865+00,2026-09-24 17:10:08.801865+00
119,Chicagoland Country and Swing Dance Festival,2019,8,2019-08-16,2019-08-18,scheduled,wsdc_dump,dump:competitionevents:2339,Chicagoland Country and Swing Dance Festival,,dump_competitionevents_series_id,2026-09-24 17:10:08.801865+00,2026-09-24 17:10:08.801865+00
264,UpTown Swing,2019,8,2019-08-16,2019-08-19,scheduled,wsdc_dump,dump:competitionevents:2151,UpTown Swing ,,dump_competitionevents_series_id,2026-09-24 17:06:00.875206+00,2026-09-24 17:06:00.875206+00
51,Palm Springs Summer Dance Classic,2019,8,2019-08-15,2019-08-19,scheduled,wsdc_dump,dump:competitionevents:2246,Palm Springs Swing Dance Classic,,dump_competitionevents_series_id,2026-09-24 17:08:29.059517+00,2026-09-24 17:08:29.059517+00
282,German Open,2019,8,2019-08-08,2019-08-11,scheduled,wsdc_dump,dump:competitionevents:2236,German Open WCS Championships,,dump_competitionevents_series_id,2026-09-24 17:08:29.059517+00,2026-09-24 17:08:29.059517+00
120,Lone Star Invitational,2019,8,2019-08-08,2019-08-11,scheduled,wsdc_dump,dump:competitionevents:2243,LoneStar Invitational,,dump_competitionevents_series_id,2026-09-24 17:08:29.059517+00,2026-09-24 17:08:29.059517+00
59,Swing Fling,2019,8,2019-08-08,2019-08-11,scheduled,wsdc_dump,dump:competitionevents:2255,Swing Fling,,dump_competitionevents_series_id,2026-09-24 17:08:29.059517+00,2026-09-24 17:08:29.059517+00
283,Kazan EL Fest,2019,8,2019-08-02,2019-08-04,scheduled,wsdc_dump,dump:competitionevents:2627,Kazan EL Fest,,dump_competitionevents_series_id,2026-09-24 17:10:39.614039+00,2026-09-24 17:10:39.614039+00
77,Arizona Dance Classic,2019,8,2019-08-01,2019-08-04,scheduled,wsdc_dump,dump:competitionevents:2314,Arizona Dance Classic (Cancelled due to Covid-19),,dump_competitionevents_series_id,2026-09-24 17:09:17.475519+00,2026-09-24 17:09:17.475519+00
157,New England Dance Festival,2019,8,2019-08-01,2019-08-04,scheduled,wsdc_dump,dump:competitionevents:2347,New England Dance Festival,,dump_competitionevents_series_id,2026-09-24 17:10:08.801865+00,2026-09-24 17:10:08.801865+00
263,Riga Summer Swing,2019,8,2019-08-01,2019-08-05,scheduled,wsdc_dump,dump:competitionevents:2229,Riga Summer Swing,,dump_competitionevents_series_id,2026-09-24 17:08:29.059517+00,2026-09-24 17:08:29.059517+00
227,Swingtacular: The Galactic Open,2019,8,2019-08-01,2019-08-04,scheduled,wsdc_dump,dump:competitionevents:2269,Swingtacular: The Galactic Open,,dump_competitionevents_series_id,2026-09-24 17:09:17.475519+00,2026-09-24 17:09:17.475519+00
303,Odyssey West Coast Swing,2019,7,2019-07-26,2019-07-28,scheduled,wsdc_dump,dump:competitionevents:2324,Odyssey West Coast Swing,,dump_competitionevents_series_id,2026-09-24 17:08:29.059517+00,2026-09-24 17:08:29.059517+00
164,Sea Sun and Swing,2019,7,2019-07-25,2019-07-28,scheduled,wsdc_dump,dump:competitionevents:2282,Sea Sun & Swing Camp,,dump_competitionevents_series_id,2026-09-24 17:09:17.475519+00,2026-09-24 17:09:17.475519+00
47,SwingTime Denver,2019,7,2019-07-25,2019-07-28,scheduled,wsdc_dump,dump:competitionevents:2276,SwingTime,,dump_competitionevents_series_id,2026-09-24 17:09:17.475519+00,2026-09-24 17:09:17.475519+00
149,Florida Dance Magic,2019,7,2019-07-18,2019-07-22,scheduled,wsdc_dump,dump:competitionevents:2241,Florida Dance Magic,,dump_competitionevents_series_id,2026-09-24 17:08:29.059517+00,2026-09-24 17:08:29.059517+00
224,Midwest Westie Fest,2019,7,2019-07-18,2019-07-21,scheduled,wsdc_dump,dump:competitionevents:2268,Midwest Westie Fest,,dump_competitionevents_series_id,2026-09-24 17:09:17.475519+00,2026-09-24 17:09:17.475519+00
256,Rock the Barn,2019,7,2019-07-18,2019-07-21,scheduled,wsdc_dump,dump:competitionevents:2259,Rock the Barn,,dump_competitionevents_series_id,2026-09-24 17:08:29.059517+00,2026-09-24 17:08:29.059517+00
280,Saint Petersburg WCS Nights,2019,7,2019-07-18,2019-07-21,scheduled,wsdc_dump,dump:competitionevents:2277,Saint Petersburg WCS Nights,,dump_competitionevents_series_id,2026-09-24 17:09:17.475519+00,2026-09-24 17:09:17.475519+00
156,Big Apple Dance Festival,2019,7,2019-07-11,2019-07-14,scheduled,wsdc_dump,dump:competitionevents:2182,Big Apple Dance Festival,,dump_competitionevents_series_id,2026-09-24 17:08:00.399168+00,2026-09-24 17:08:00.399168+00
44,Portland Dance Festival,2019,7,2019-07-11,2019-07-14,scheduled,wsdc_dump,dump:competitionevents:2200,Portland Dance Festival,,dump_competitionevents_series_id,2026-09-24 17:08:00.399168+00,2026-09-24 17:08:00.399168+00
147,Toronto Open Swing & Hustle Championships,2019,7,2019-07-11,2019-07-14,scheduled,wsdc_dump,dump:competitionevents:2165,Toronto Open Swing & Hustle Championships,,dump_competitionevents_series_id,2026-09-24 17:06:00.875206+00,2026-09-24 17:06:00.875206+00
109,Colorado Country Classic,2019,7,2019-07-04,2019-07-07,scheduled,wsdc_dump,dump:competitionevents:2273,Colorado Country Classic,,dump_competitionevents_series_id,2026-09-24 17:09:17.475519+00,2026-09-24 17:09:17.475519+00
225,Wild Wild Westie,2019,7,2019-07-04,2019-07-07,scheduled,wsdc_dump,dump:competitionevents:2275,Wild Wild Westie,,dump_competitionevents_series_id,2026-09-24 17:09:17.475519+00,2026-09-24 17:09:17.475519+00
1,4TH of July Convention,2019,7,2019-07-03,2019-07-07,scheduled,wsdc_dump,dump:competitionevents:2240,Phoenix 4th of July,,dump_competitionevents_series_id,2026-09-24 17:08:29.059517+00,2026-09-24 17:08:29.059517+00
278,Americano Dance Camp,2019,7,2019-06-27,2019-07-01,scheduled,wsdc_dump,dump:competitionevents:2331,Americano Dance Camp,,dump_competitionevents_series_id,2026-09-24 17:10:08.801865+00,2026-09-24 17:10:08.801865+00
255,Indy Dance Explosion,2019,6,2019-06-27,2019-06-30,scheduled,wsdc_dump,dump:competitionevents:2296,Indy Dance Explosion,,dump_competitionevents_series_id,2026-09-24 17:09:17.475519+00,2026-09-24 17:09:17.475519+00
96,Liberty Swing Dance Championships,2019,6,2019-06-27,2019-06-30,scheduled,wsdc_dump,dump:competitionevents:2260,Liberty Swing Dance Championships,,dump_competitionevents_series_id,2026-09-24 17:08:29.059517+00,2026-09-24 17:08:29.059517+00
261,Neverland Swing,2019,7,2019-06-27,2019-07-01,scheduled,wsdc_dump,dump:competitionevents:2238,Neverland Swing,,dump_competitionevents_series_id,2026-09-24 17:08:29.059517+00,2026-09-24 17:08:29.059517+00
268,Korea Westival,2019,6,2019-06-21,2019-06-24,scheduled,wsdc_dump,dump:competitionevents:2321,Korea Westival,,dump_competitionevents_series_id,2026-09-24 17:09:17.475519+00,2026-09-24 17:09:17.475519+00
162,Swingapalooza,2019,6,2019-06-14,2019-06-16,scheduled,wsdc_dump,dump:competitionevents:2270,Swingapalooza,,dump_competitionevents_series_id,2026-09-24 17:09:17.475519+00,2026-09-24 17:09:17.475519+00
220,D-Town Swing,2019,6,2019-06-13,2019-06-16,scheduled,wsdc_dump,dump:competitionevents:2163,D-Townswing,,dump_competitionevents_series_id,2026-09-24 17:06:00.875206+00,2026-09-24 17:06:00.875206+00
207,Dance N Play,2019,6,2019-06-13,2019-06-16,scheduled,wsdc_dump,dump:competitionevents:2261,Dance N Play,,dump_competitionevents_series_id,2026-09-24 17:08:29.059517+00,2026-09-24 17:08:29.059517+00
254,Finnfest,2019,6,2019-06-13,2019-06-17,scheduled,wsdc_dump,dump:competitionevents:2237,Finnfest,,dump_competitionevents_series_id,2026-09-24 17:08:29.059517+00,2026-09-24 17:08:29.059517+00
222,Baltic Swing,2019,6,2019-06-06,2019-06-10,scheduled,wsdc_dump,dump:competitionevents:2224,Baltic Swing,,dump_competitionevents_series_id,2026-09-24 17:08:00.399168+00,2026-09-24 17:08:00.399168+00
25,J&J O'Rama,2019,6,2019-06-06,2019-06-09,scheduled,wsdc_dump,dump:competitionevents:2244,Jack & Jill O'Rama,,dump_competitionevents_series_id,2026-09-24 17:08:29.059517+00,2026-09-24 17:08:29.059517+00
188,NSW West Coast Swing Dance Championships,2019,6,2019-05-31,2019-06-02,scheduled,wsdc_dump,dump:competitionevents:2284,NSW West Coast Swing Dance Championships,,dump_competitionevents_series_id,2026-09-24 17:09:17.475519+00,2026-09-24 17:09:17.475519+00
175,French Open West Coast Swing,2019,6,2019-05-30,2019-06-02,scheduled,wsdc_dump,dump:competitionevents:2154,French Open West Coast Swing,,dump_competitionevents_series_id,2026-09-24 17:06:00.875206+00,2026-09-24 17:06:00.875206+00
76,Michigan Dance Classic,2019,6,2019-05-30,2019-06-02,scheduled,wsdc_dump,dump:competitionevents:2158,Michigan Dance Classic,,dump_competitionevents_series_id,2026-09-24 17:06:00.875206+00,2026-09-24 17:06:00.875206+00
117,Orange Blossom Dance Festival,2019,6,2019-05-30,2019-06-02,scheduled,wsdc_dump,dump:competitionevents:2308,Orange Blossom Dance Festival,,dump_competitionevents_series_id,2026-09-24 17:09:17.475519+00,2026-09-24 17:09:17.475519+00
206,Hungarian Open,2019,5,2019-05-24,2019-05-26,scheduled,wsdc_dump,dump:competitionevents:2250,Hungarian Open,,dump_competitionevents_series_id,2026-09-24 17:08:29.059517+00,2026-09-24 17:08:29.059517+00
221,Show Me Showdown,2019,5,2019-05-24,2019-05-27,scheduled,wsdc_dump,dump:competitionevents:2253,Show Me Showdown,,dump_competitionevents_series_id,2026-09-24 17:08:29.059517+00,2026-09-24 17:08:29.059517+00
20,FreZno Dance Classic,2019,5,2019-05-23,2019-05-27,scheduled,wsdc_dump,dump:competitionevents:2283,FreZno Dance Classic,,dump_competitionevents_series_id,2026-09-24 17:09:17.475519+00,2026-09-24 17:09:17.475519+00
22,USA Grand Nationals,2019,5,2019-05-23,2019-05-27,scheduled,wsdc_dump,dump:competitionevents:2180,USA Grand Nationals Dance Championships,,dump_competitionevents_series_id,2026-09-24 17:08:00.399168+00,2026-09-24 17:08:00.399168+00
105,Canadian Swing Championships,2019,5,2019-05-17,2019-05-20,scheduled,wsdc_dump,dump:competitionevents:2094,Canadian Swing Championships (CSC),,dump_competitionevents_series_id,2026-09-24 17:05:15.644791+00,2026-09-24 17:05:15.644791+00
277,Scotland Swing Classic,2019,5,2019-05-17,2019-05-20,scheduled,wsdc_dump,dump:competitionevents:2205,Scotland Swing Classic,,dump_competitionevents_series_id,2026-09-24 17:08:00.399168+00,2026-09-24 17:08:00.399168+00
121,The Texas Classic,2019,5,2019-05-17,2019-05-19,scheduled,wsdc_dump,dump:competitionevents:2320,The Texas Classic,,dump_competitionevents_series_id,2026-09-24 17:09:17.475519+00,2026-09-24 17:09:17.475519+00
205,SOswing,2019,5,2019-05-16,2019-05-19,scheduled,wsdc_dump,dump:competitionevents:2230,SOswing,,dump_competitionevents_series_id,2026-09-24 17:08:29.059517+00,2026-09-24 17:08:29.059517+00
174,Swingsation,2019,5,2019-05-16,2019-05-19,scheduled,wsdc_dump,dump:competitionevents:2348,Swingsation,,dump_competitionevents_series_id,2026-09-24 17:10:08.801865+00,2026-09-24 17:10:08.801865+00
61,SwingDiego,2019,5,2019-05-10,2019-05-13,scheduled,wsdc_dump,dump:competitionevents:2126,SwingDiego (The Superbowl of Swing),,dump_competitionevents_series_id,2026-09-24 17:05:15.644791+00,2026-09-24 17:05:15.644791+00
219,KIWI Fest,2019,5,2019-05-03,2019-05-05,scheduled,wsdc_dump,dump:competitionevents:2214,KIWI Fest,,dump_competitionevents_series_id,2026-09-24 17:08:00.399168+00,2026-09-24 17:08:00.399168+00
311,TLV SwingFest,2019,5,2019-05-03,2019-05-05,scheduled,wsdc_dump,dump:competitionevents:2216,TLV SwingFest,,dump_competitionevents_series_id,2026-09-24 17:08:00.399168+00,2026-09-24 17:08:00.399168+00
144,Swingin' Into Spring,2019,5,2019-05-02,2019-05-05,scheduled,wsdc_dump,dump:competitionevents:2311,Swingin' Into Spring,,dump_competitionevents_series_id,2026-09-24 17:09:17.475519+00,2026-09-24 17:09:17.475519+00
203,Detonation Dance,2019,4,2019-04-26,2019-04-29,scheduled,wsdc_dump,dump:competitionevents:2092,Detonation Dance,,dump_competitionevents_series_id,2026-09-24 17:03:22.635691+00,2026-09-24 17:03:22.635691+00
306,Go West SwingFest,2019,4,2019-04-26,2019-04-28,scheduled,wsdc_dump,dump:competitionevents:2191,Go West Swing Fest,,dump_competitionevents_series_id,2026-09-24 17:08:00.399168+00,2026-09-24 17:08:00.399168+00
253,Nordic WCS Championships,2019,4,2019-04-26,2019-04-28,scheduled,wsdc_dump,dump:competitionevents:2319,Nordic WCS Championships,,dump_competitionevents_series_id,2026-09-24 17:09:17.475519+00,2026-09-24 17:09:17.475519+00
134,Swing Dance America,2019,4,2019-04-25,2019-04-29,scheduled,wsdc_dump,dump:competitionevents:2093,Swing Dance America,,dump_competitionevents_series_id,2026-09-24 17:03:22.635691+00,2026-09-24 17:03:22.635691+00
132,Tulsa Spring Swing,2019,4,2019-04-19,2019-04-21,scheduled,wsdc_dump,dump:competitionevents:2289,Tulsa Spring Swing,,dump_competitionevents_series_id,2026-09-24 17:09:17.475519+00,2026-09-24 17:09:17.475519+00
218,Asia West Coast Swing Open,2019,4,2019-04-18,2019-04-21,scheduled,wsdc_dump,dump:competitionevents:2091,Asia West Coast Swing Open,,dump_competitionevents_series_id,2026-09-24 17:03:22.635691+00,2026-09-24 17:03:22.635691+00
18,Easter Swing,2019,4,2019-04-18,2019-04-22,scheduled,wsdc_dump,dump:competitionevents:2197,Easter Swing,,dump_competitionevents_series_id,2026-09-24 17:08:00.399168+00,2026-09-24 17:08:00.399168+00
217,San Diego Dance Festival,2019,4,2019-04-18,2019-04-21,scheduled,wsdc_dump,dump:competitionevents:2286,San Diego Dance Festival,,dump_competitionevents_series_id,2026-09-24 17:09:17.475519+00,2026-09-24 17:09:17.475519+00
304,Swing In Capital,2019,4,2019-04-18,2019-04-21,scheduled,wsdc_dump,dump:competitionevents:2183,Swing In Capital,,dump_competitionevents_series_id,2026-09-24 17:08:00.399168+00,2026-09-24 17:08:00.399168+00
187,City of Angels WCS,2019,4,2019-04-11,2019-04-14,scheduled,wsdc_dump,dump:competitionevents:2198,City of Angels,,dump_competitionevents_series_id,2026-09-24 17:08:00.399168+00,2026-09-24 17:08:00.399168+00
154,UK WCS Championships,2019,4,2019-04-11,2019-04-15,scheduled,wsdc_dump,dump:competitionevents:2136,U.K. & European WCS Championships ,,dump_competitionevents_series_id,2026-09-24 17:06:00.875206+00,2026-09-24 17:06:00.875206+00
293,Westy Nantes,2019,4,2019-04-05,2019-04-07,scheduled,wsdc_dump,dump:competitionevents:2138,Westy Nantes,,dump_competitionevents_series_id,2026-09-24 17:06:00.875206+00,2026-09-24 17:06:00.875206+00
276,Anchor Festival,2019,3,2019-03-28,2019-03-31,scheduled,wsdc_dump,dump:competitionevents:2185,Anchor Festival,,dump_competitionevents_series_id,2026-09-24 17:08:00.399168+00,2026-09-24 17:08:00.399168+00
170,Russian Open WCS Championships,2019,3,2019-03-28,2019-03-31,scheduled,wsdc_dump,dump:competitionevents:2192,Russian Open WCS Championships,,dump_competitionevents_series_id,2026-09-24 17:08:00.399168+00,2026-09-24 17:08:00.399168+00
259,Swingover,2019,3,2019-03-28,2019-03-31,scheduled,wsdc_dump,dump:competitionevents:2096,Swing Over,,dump_competitionevents_series_id,2026-09-24 17:05:15.644791+00,2026-09-24 17:05:15.644791+00
153,Novice Invitational,2019,3,2019-03-22,2019-03-24,scheduled,wsdc_dump,dump:competitionevents:2239,Novice Invitational,,dump_competitionevents_series_id,2026-09-24 17:08:29.059517+00,2026-09-24 17:08:29.059517+00
197,5280 Westival,2019,3,2019-03-21,2019-03-25,scheduled,wsdc_dump,dump:competitionevents:2225,5280 Swing Dance Championships,,dump_competitionevents_series_id,2026-09-24 17:08:00.399168+00,2026-09-24 17:08:00.399168+00
9,Boston Tea Party,2019,3,2019-03-21,2019-03-24,scheduled,wsdc_dump,dump:competitionevents:2248,The Boston Tea Party,,dump_competitionevents_series_id,2026-09-24 17:08:29.059517+00,2026-09-24 17:08:29.059517+00
275,Dutch Open West Coast Swing,2019,3,2019-03-21,2019-03-24,scheduled,wsdc_dump,dump:competitionevents:2186,Dutch Open West Coast Swing,,dump_competitionevents_series_id,2026-09-24 17:08:00.399168+00,2026-09-24 17:08:00.399168+00
292,King Swing,2019,3,2019-03-21,2019-03-25,scheduled,wsdc_dump,dump:competitionevents:2256,King Swing,,dump_competitionevents_series_id,2026-09-24 17:08:29.059517+00,2026-09-24 17:08:29.059517+00
246,Swing Escape,2019,3,2019-03-15,2019-03-17,scheduled,wsdc_dump,dump:competitionevents:2288,Swing Escape,,dump_competitionevents_series_id,2026-09-24 17:09:17.475519+00,2026-09-24 17:09:17.475519+00
314,Westie Spring Thing,2019,3,2019-03-15,2019-03-17,scheduled,wsdc_dump,dump:competitionevents:2281,Westie Spring Thing,,dump_competitionevents_series_id,2026-09-24 17:09:17.475519+00,2026-09-24 17:09:17.475519+00
186,West in Lyon,2019,3,2019-03-14,2019-03-17,scheduled,wsdc_dump,dump:competitionevents:2135,West In Lyon,,dump_competitionevents_series_id,2026-09-24 17:05:15.644791+00,2026-09-24 17:05:15.644791+00
143,High Desert Dance Classic,2019,3,2019-03-08,2019-03-10,scheduled,wsdc_dump,dump:competitionevents:2157,High Desert Dance Classic,,dump_competitionevents_series_id,2026-09-24 17:06:00.875206+00,2026-09-24 17:06:00.875206+00
142,The Chicago Classic,2019,3,2019-03-07,2019-03-11,scheduled,wsdc_dump,dump:competitionevents:2161,The Chicago Classic,,dump_competitionevents_series_id,2026-09-24 17:06:00.875206+00,2026-09-24 17:06:00.875206+00
92,MADjam,2019,3,2019-02-28,2019-03-03,scheduled,wsdc_dump,dump:competitionevents:2089,Mid Atlantic Dance Jam (MADjam),,dump_competitionevents_series_id,2026-09-24 17:03:22.635691+00,2026-09-24 17:03:22.635691+00
244,Rose City Swing,2019,2,2019-02-21,2019-02-24,scheduled,wsdc_dump,dump:competitionevents:2235,Rose City Swing ,,dump_competitionevents_series_id,2026-09-24 17:08:29.059517+00,2026-09-24 17:08:29.059517+00
297,Winter Coast Swing,2019,2,2019-02-21,2019-02-25,scheduled,wsdc_dump,dump:competitionevents:2140,Winter Coast Swing,,dump_competitionevents_series_id,2026-09-24 17:06:00.875206+00,2026-09-24 17:06:00.875206+00
310,Valentine Swing,2019,2,2019-02-15,2019-02-17,scheduled,wsdc_dump,dump:competitionevents:2212,Valentine Swing,,dump_competitionevents_series_id,2026-09-24 17:08:00.399168+00,2026-09-24 17:08:00.399168+00
302,WesterOz Swing,2019,2,2019-02-15,2019-02-17,scheduled,wsdc_dump,dump:competitionevents:2164,WesterOz Swing,,dump_competitionevents_series_id,2026-09-24 17:06:00.875206+00,2026-09-24 17:06:00.875206+00
12,Capital Swing Dance Convention,2019,2,2019-02-14,2019-02-17,scheduled,wsdc_dump,dump:competitionevents:2181,Capital Swing Dance Convention,,dump_competitionevents_series_id,2026-09-24 17:08:00.399168+00,2026-09-24 17:08:00.399168+00
169,Dance Camp Chicago,2019,2,2019-02-08,2019-02-10,scheduled,wsdc_dump,dump:competitionevents:2159,Dance Camp Chicago,,dump_competitionevents_series_id,2026-09-24 17:06:00.875206+00,2026-09-24 17:06:00.875206+00
258,Swingtzerland,2019,2,2019-02-07,2019-02-10,scheduled,wsdc_dump,dump:competitionevents:2088,Swingtzerland,,dump_competitionevents_series_id,2026-09-24 17:03:22.635691+00,2026-09-24 17:03:22.635691+00
272,Paris Westie Fest,2019,2,2019-02-01,2019-02-03,scheduled,wsdc_dump,dump:competitionevents:2115,Paris Westie Fest,,dump_competitionevents_series_id,2026-09-24 17:05:15.644791+00,2026-09-24 17:05:15.644791+00
273,Charlotte Westie Fest,2019,2,2019-01-31,2019-02-03,scheduled,wsdc_dump,dump:competitionevents:2085,Charlotte Westie Fest,,dump_competitionevents_series_id,2026-09-24 17:03:22.635691+00,2026-09-24 17:03:22.635691+00
215,Swing & Snow,2019,2,2019-01-31,2019-02-03,scheduled,wsdc_dump,dump:competitionevents:2128,Swing & Snow,,dump_competitionevents_series_id,2026-09-24 17:05:15.644791+00,2026-09-24 17:05:15.644791+00
291,Municorn Swing,2019,1,2019-01-25,2019-01-27,scheduled,wsdc_dump,dump:competitionevents:2134,Municorn Swing,,dump_competitionevents_series_id,2026-09-24 17:05:15.644791+00,2026-09-24 17:05:15.644791+00
242,Derby City Swing,2019,1,2019-01-24,2019-01-27,scheduled,wsdc_dump,dump:competitionevents:2213,Derby City Swing,,dump_competitionevents_series_id,2026-09-24 17:08:00.399168+00,2026-09-24 17:08:00.399168+00
196,SwingCouver,2019,1,2019-01-24,2019-01-27,scheduled,wsdc_dump,dump:competitionevents:2087,SwingCouver,,dump_competitionevents_series_id,2026-09-24 17:03:22.635691+00,2026-09-24 17:03:22.635691+00
183,Freedom Swing Dance Challenge,2019,1,2019-01-18,2019-01-20,scheduled,wsdc_dump,dump:competitionevents:2162,Freedom Swing Dance Challenge,,dump_competitionevents_series_id,2026-09-24 17:06:00.875206+00,2026-09-24 17:06:00.875206+00
301,Swing Resolution,2019,1,2019-01-18,2019-01-21,scheduled,wsdc_dump,dump:competitionevents:2139,Swing Resolution,,dump_competitionevents_series_id,2026-09-24 17:06:00.875206+00,2026-09-24 17:06:00.875206+00
200,Austin Swing Dance Championships,2019,1,2019-01-17,2019-01-20,scheduled,wsdc_dump,dump:competitionevents:2153,Austin Swing Dance Championships,,dump_competitionevents_series_id,2026-09-24 17:06:00.875206+00,2026-09-24 17:06:00.875206+00
62,Monterey SwingFest,2019,1,2019-01-10,2019-01-13,scheduled,wsdc_dump,dump:competitionevents:2086,Monterey Swingfest,,dump_competitionevents_series_id,2026-09-24 17:03:22.635691+00,2026-09-24 17:03:22.635691+00
184,BudaFest Open WCS Championships,2019,1,2019-01-04,2019-01-06,scheduled,wsdc_dump,dump:competitionevents:2152,BudaFest Open WCS Championships,,dump_competitionevents_series_id,2026-09-24 17:06:00.875206+00,2026-09-24 17:06:00.875206+00
290,Shooba Dooba Swing,2019,1,2019-01-02,2019-01-04,scheduled,wsdc_dump,dump:competitionevents:2206,Shooba Dooba Swing,,dump_competitionevents_series_id,2026-09-24 17:08:00.399168+00,2026-09-24 17:08:00.399168+00
75,UCWDC Country Dance World Championship,2019,1,2018-12-31,2019-01-06,scheduled,wsdc_dump,dump:competitionevents:2199,Worlds UCWDC,,dump_competitionevents_series_id,2026-09-24 17:08:00.399168+00,2026-09-24 17:08:00.399168+00
334,Countdown Swing Boston,2019,1,2018-12-28,2019-01-01,scheduled,wsdc_dump,dump:competitionevents:2201,New Year's Dance Extravaganza,,dump_competitionevents_series_id,2026-09-24 17:08:00.399168+00,2026-09-24 17:08:00.399168+00
42,Floorplay Swing Vacation,2019,1,2018-12-28,2019-01-01,scheduled,wsdc_dump,dump:competitionevents:2075,FloorPlay New Years Swing Vacation,,dump_competitionevents_series_id,2026-09-24 17:03:22.635691+00,2026-09-24 17:03:22.635691+00
195,Palm Springs New Years Swing Dance Classic,2019,1,2018-12-28,2019-01-01,scheduled,wsdc_dump,dump:competitionevents:2116,Palm Springs New Year,,dump_competitionevents_series_id,2026-09-24 17:05:15.644791+00,2026-09-24 17:05:15.644791+00
141,Spotlight New Year's Celebration,2019,1,2018-12-28,2019-01-01,scheduled,wsdc_dump,dump:competitionevents:2156,Spotlight Dance Challenge,,dump_competitionevents_series_id,2026-09-24 17:06:00.875206+00,2026-09-24 17:06:00.875206+00
289,SwingVester,2019,1,2018-12-28,2019-01-01,scheduled,wsdc_dump,dump:competitionevents:2160,Swingvester,,dump_competitionevents_series_id,2026-09-24 17:06:00.875206+00,2026-09-24 17:06:00.875206+00
214,New Year's Swing Fling,2019,1,2018-12-27,2019-01-01,scheduled,wsdc_dump,dump:competitionevents:2144,New Year's Swing Fling,,dump_competitionevents_series_id,2026-09-24 17:06:00.875206+00,2026-09-24 17:06:00.875206+00
213,Swingtimate,2018,12,2018-12-07,2018-12-09,scheduled,wsdc_dump,dump:competitionevents:2149,Swingtimate,,dump_competitionevents_series_id,2026-09-24 17:06:00.875206+00,2026-09-24 17:06:00.875206+00
271,Berlin Swing Revolution,2018,12,2018-12-06,2018-12-09,scheduled,wsdc_dump,dump:competitionevents:2078,Berlin Swing Revolution,,dump_competitionevents_series_id,2026-09-24 17:03:22.635691+00,2026-09-24 17:03:22.635691+00
265,Upstate Dance Challenge,2018,12,2018-12-06,2018-12-09,scheduled,wsdc_dump,dump:competitionevents:2109,Upstate Dance Challenge,,dump_competitionevents_series_id,2026-09-24 17:05:15.644791+00,2026-09-24 17:05:15.644791+00
238,Winter White,2018,12,2018-11-30,2018-12-02,scheduled,wsdc_dump,dump:competitionevents:2119,Winter White WCS,,dump_competitionevents_series_id,2026-09-24 17:05:15.644791+00,2026-09-24 17:05:15.644791+00
212,The After Party (TAP),2018,12,2018-11-29,2018-12-02,scheduled,wsdc_dump,dump:competitionevents:2137,The After Party (TAP),,dump_competitionevents_series_id,2026-09-24 17:06:00.875206+00,2026-09-24 17:06:00.875206+00
87,CASH Bash,2018,11,2018-11-23,2018-11-25,scheduled,wsdc_dump,dump:competitionevents:2184,C.A.S.H. Bash Weekend,,dump_competitionevents_series_id,2026-09-24 17:08:00.399168+00,2026-09-24 17:08:00.399168+00
68,US Open Swing Dance Championships,2018,11,2018-11-22,2018-11-25,scheduled,wsdc_dump,dump:competitionevents:2124,US Open Swing Dance Championships,,dump_competitionevents_series_id,2026-09-24 17:05:15.644791+00,2026-09-24 17:05:15.644791+00
312,Westie Pink City,2018,11,2018-11-16,2018-11-18,scheduled,wsdc_dump,dump:competitionevents:2222,Westie Pink City,,dump_competitionevents_series_id,2026-09-24 17:08:00.399168+00,2026-09-24 17:08:00.399168+00
181,DC Swing eXperience (DCSX),2018,11,2018-11-15,2018-11-18,scheduled,wsdc_dump,dump:competitionevents:2132,DC Swing Experience (DCSX),,dump_competitionevents_series_id,2026-09-24 17:05:15.644791+00,2026-09-24 17:05:15.644791+00
166,London SwingVitational,2018,11,2018-11-15,2018-11-18,scheduled,wsdc_dump,dump:competitionevents:2133,London SWINGvitational,,dump_competitionevents_series_id,2026-09-24 17:05:15.644791+00,2026-09-24 17:05:15.644791+00
269,Autumn Swing Challenge,2018,11,2018-11-09,2018-11-11,scheduled,wsdc_dump,dump:competitionevents:2129,Autumn Swing Challenge,,dump_competitionevents_series_id,2026-09-24 17:05:15.644791+00,2026-09-24 17:05:15.644791+00
288,Midnight Madness,2018,11,2018-11-09,2018-11-11,scheduled,wsdc_dump,dump:competitionevents:2145,Midnight Madness,,dump_competitionevents_series_id,2026-09-24 17:06:00.875206+00,2026-09-24 17:06:00.875206+00
79,Sea to Sky,2018,11,2018-11-08,2018-11-12,scheduled,wsdc_dump,dump:competitionevents:2117,Sea To Sky - Seattle,,dump_competitionevents_series_id,2026-09-24 17:05:15.644791+00,2026-09-24 17:05:15.644791+00
63,Swingin' New England Dance Festival,2018,11,2018-11-08,2018-11-11,scheduled,wsdc_dump,dump:competitionevents:2150,Swingin' New England,,dump_competitionevents_series_id,2026-09-24 17:06:00.875206+00,2026-09-24 17:06:00.875206+00
287,Florida Westie Fest,2018,11,2018-11-02,2018-11-04,scheduled,wsdc_dump,dump:competitionevents:2189,Florida Westie Fest,,dump_competitionevents_series_id,2026-09-24 17:08:00.399168+00,2026-09-24 17:08:00.399168+00
194,Moscow Westie Fest,2018,11,2018-11-01,2018-11-04,scheduled,wsdc_dump,dump:competitionevents:2146,Moscow Westie Fest,,dump_competitionevents_series_id,2026-09-24 17:06:00.875206+00,2026-09-24 17:06:00.875206+00
31,Mountain Magic,2018,11,2018-11-01,2018-11-04,scheduled,wsdc_dump,dump:competitionevents:2123,Mountain Magic Dance Convention,,dump_competitionevents_series_id,2026-09-24 17:05:15.644791+00,2026-09-24 17:05:15.644791+00
229,Scandinavian Open,2018,11,2018-11-01,2018-11-04,scheduled,wsdc_dump,dump:competitionevents:2083,Scandinavian Open WCS,,dump_competitionevents_series_id,2026-09-24 17:03:22.635691+00,2026-09-24 17:03:22.635691+00
236,Warsaw Halloween Swing,2018,11,2018-11-01,2018-11-05,scheduled,wsdc_dump,dump:competitionevents:2076,Warsaw Halloween Swing,,dump_competitionevents_series_id,2026-09-24 17:03:22.635691+00,2026-09-24 17:03:22.635691+00
270,Westie's Angels,2018,11,2018-11-01,2018-11-04,scheduled,wsdc_dump,dump:competitionevents:2155,Westie's Angels,,dump_competitionevents_series_id,2026-09-24 17:06:00.875206+00,2026-09-24 17:06:00.875206+00
65,Halloween SwingThing,2018,10,2018-10-25,2018-10-28,scheduled,wsdc_dump,dump:competitionevents:2141,Halloween Swingthing,,dump_competitionevents_series_id,2026-09-24 17:06:00.875206+00,2026-09-24 17:06:00.875206+00
125,Swing City Chicago,2018,10,2018-10-25,2018-10-28,scheduled,wsdc_dump,dump:competitionevents:2082,Swing City Chicago,,dump_competitionevents_series_id,2026-09-24 17:03:22.635691+00,2026-09-24 17:03:22.635691+00
294,European Swing Challenge,2018,10,2018-10-19,2018-10-22,scheduled,wsdc_dump,dump:competitionevents:2127,European Swing Challenge,,dump_competitionevents_series_id,2026-09-24 17:05:15.644791+00,2026-09-24 17:05:15.644791+00
267,Swustlicious,2018,10,2018-10-19,2018-10-21,scheduled,wsdc_dump,dump:competitionevents:2120,Swustlicious,,dump_competitionevents_series_id,2026-09-24 17:05:15.644791+00,2026-09-24 17:05:15.644791+00
43,Paradise Dance Festival,2018,10,2018-10-18,2018-10-21,scheduled,wsdc_dump,dump:competitionevents:2125,Paradise Country & Swing Dance Festival,,dump_competitionevents_series_id,2026-09-24 17:05:15.644791+00,2026-09-24 17:05:15.644791+00
286,WCS Festival,2018,10,2018-10-18,2018-10-21,scheduled,wsdc_dump,dump:competitionevents:2142,WCS Festival,,dump_competitionevents_series_id,2026-09-24 17:06:00.875206+00,2026-09-24 17:06:00.875206+00
178,Montreal Westie Fest,2018,10,2018-10-12,2018-10-15,scheduled,wsdc_dump,dump:competitionevents:2081,Montreal Westie Fest,,dump_competitionevents_series_id,2026-09-24 17:03:22.635691+00,2026-09-24 17:03:22.635691+00
8,Boogie By The Bay,2018,10,2018-10-04,2018-10-08,scheduled,wsdc_dump,dump:competitionevents:2122,Boogie By The Bay,,dump_competitionevents_series_id,2026-09-24 17:05:15.644791+00,2026-09-24 17:05:15.644791+00
216,The Brazilian Open,2018,9,2018-09-28,2018-09-30,scheduled,wsdc_dump,dump:competitionevents:2090,The Brazilian Open,,dump_competitionevents_series_id,2026-09-24 17:03:22.635691+00,2026-09-24 17:03:22.635691+00
211,Atlanta Swing Classic,2018,10,2018-09-27,2018-10-01,scheduled,wsdc_dump,dump:competitionevents:2113,Atlanta Swing Classic,,dump_competitionevents_series_id,2026-09-24 17:05:15.644791+00,2026-09-24 17:05:15.644791+00
10,Bridgetown Swing Boogie,2018,9,2018-09-27,2018-09-30,scheduled,wsdc_dump,dump:competitionevents:2110,BridgeTown Swing,,dump_competitionevents_series_id,2026-09-24 17:05:15.644791+00,2026-09-24 17:05:15.644791+00
165,Midland Swing Open,2018,9,2018-09-27,2018-09-30,scheduled,wsdc_dump,dump:competitionevents:2114,Midland Swing Open,,dump_competitionevents_series_id,2026-09-24 17:05:15.644791+00,2026-09-24 17:05:15.644791+00
285,Old Town Swing,2018,10,2018-09-27,2018-10-01,scheduled,wsdc_dump,dump:competitionevents:2118,Old Town Swing,,dump_competitionevents_series_id,2026-09-24 17:05:15.644791+00,2026-09-24 17:05:15.644791+00
284,Citadel Swing,2018,9,2018-09-21,2018-09-23,scheduled,wsdc_dump,dump:competitionevents:2097,Citadel Swing,,dump_competitionevents_series_id,2026-09-24 17:05:15.644791+00,2026-09-24 17:05:15.644791+00
234,Philly Swing Classic,2018,9,2018-09-21,2018-09-23,scheduled,wsdc_dump,dump:competitionevents:2112,Philly Swing Classic,,dump_competitionevents_series_id,2026-09-24 17:05:15.644791+00,2026-09-24 17:05:15.644791+00
167,Best of the Best WCS,2018,9,2018-09-20,2018-09-23,scheduled,wsdc_dump,dump:competitionevents:2108,Best of the Best,,dump_competitionevents_series_id,2026-09-24 17:05:15.644791+00,2026-09-24 17:05:15.644791+00
131,Meet Me In St Louis,2018,9,2018-09-20,2018-09-23,scheduled,wsdc_dump,dump:competitionevents:2111,Meet Me in St. Louis Swing Dance Championships,,dump_competitionevents_series_id,2026-09-24 17:05:15.644791+00,2026-09-24 17:05:15.644791+00
300,Austin Rocks,2018,9,2018-09-14,2018-09-16,scheduled,wsdc_dump,dump:competitionevents:2148,Austin Rocks,,dump_competitionevents_series_id,2026-09-24 17:06:00.875206+00,2026-09-24 17:06:00.875206+00
266,Rocky Mountain 5 Dance,2018,9,2018-09-14,2018-09-16,scheduled,wsdc_dump,dump:competitionevents:2079,Rocky Mountain Five Dance (RM5),,dump_competitionevents_series_id,2026-09-24 17:03:22.635691+00,2026-09-24 17:03:22.635691+00
299,Ukrainian Open,2018,9,2018-09-14,2018-09-16,scheduled,wsdc_dump,dump:competitionevents:2147,Ukrainian Open,,dump_competitionevents_series_id,2026-09-24 17:06:00.875206+00,2026-09-24 17:06:00.875206+00
232,Norway Westie Fest,2018,9,2018-09-13,2018-09-16,scheduled,wsdc_dump,dump:competitionevents:2080,Norway Westie Fest,,dump_competitionevents_series_id,2026-09-24 17:03:22.635691+00,2026-09-24 17:03:22.635691+00
296,Fall Fall in Swing,2018,9,2018-09-07,2018-09-09,scheduled,wsdc_dump,dump:competitionevents:2131,Fall Fall in Swing,,dump_competitionevents_series_id,2026-09-24 17:05:15.644791+00,2026-09-24 17:05:15.644791+00
233,Bavarian Open,2018,9,2018-09-06,2018-09-09,scheduled,wsdc_dump,dump:competitionevents:2107,Bavarian Open WCS,,dump_competitionevents_series_id,2026-09-24 17:05:15.644791+00,2026-09-24 17:05:15.644791+00
231,Trilogy Swing,2018,9,2018-09-06,2018-09-09,scheduled,wsdc_dump,dump:competitionevents:2098,Trilogy Swing,,dump_competitionevents_series_id,2026-09-24 17:05:15.644791+00,2026-09-24 17:05:15.644791+00
15,Dallas D.A.N.C.E.,2018,9,2018-08-31,2018-09-03,scheduled,wsdc_dump,dump:competitionevents:2106,Dallas D.A.N.C.E.,,dump_competitionevents_series_id,2026-09-24 17:05:15.644791+00,2026-09-24 17:05:15.644791+00
135,Desert City Swing,2018,9,2018-08-30,2018-09-02,scheduled,wsdc_dump,dump:competitionevents:2104,Desert City Swing,,dump_competitionevents_series_id,2026-09-24 17:05:15.644791+00,2026-09-24 17:05:15.644791+00
177,River City Swing,2018,9,2018-08-30,2018-09-03,scheduled,wsdc_dump,dump:competitionevents:2084,River City Swing,,dump_competitionevents_series_id,2026-09-24 17:03:22.635691+00,2026-09-24 17:03:22.635691+00
48,South Bay Dance Fling,2018,9,2018-08-30,2018-09-03,scheduled,wsdc_dump,dump:competitionevents:2105,South Bay Dance Fling,,dump_competitionevents_series_id,2026-09-24 17:05:15.644791+00,2026-09-24 17:05:15.644791+00
298,Shakedown Swing,2018,8,2018-08-24,2018-08-26,scheduled,wsdc_dump,dump:competitionevents:2143,Shakedown Swing,,dump_competitionevents_series_id,2026-09-24 17:06:00.875206+00,2026-09-24 17:06:00.875206+00
53,Summer Hummer,2018,8,2018-08-23,2018-08-26,scheduled,wsdc_dump,dump:competitionevents:2103,Summer Hummer,,dump_competitionevents_series_id,2026-09-24 17:05:15.644791+00,2026-09-24 17:05:15.644791+00
119,Chicagoland Country and Swing Dance Festival,2018,8,2018-08-17,2018-08-19,scheduled,wsdc_dump,dump:competitionevents:2102,Chicagoland Country & Swing Dance Festival,,dump_competitionevents_series_id,2026-09-24 17:05:15.644791+00,2026-09-24 17:05:15.644791+00
264,UpTown Swing,2018,8,2018-08-17,2018-08-20,scheduled,wsdc_dump,dump:competitionevents:2166,Swedish Swing Summer Camp,,dump_competitionevents_series_id,2026-09-24 17:06:00.875206+00,2026-09-24 17:06:00.875206+00
51,Palm Springs Summer Dance Classic,2018,8,2018-08-16,2018-08-19,scheduled,wsdc_dump,dump:competitionevents:2074,Palm Springs Summer Dance Camp Classic,,dump_competitionevents_series_id,2026-09-24 17:03:22.635691+00,2026-09-24 17:03:22.635691+00
282,German Open,2018,8,2018-08-09,2018-08-12,scheduled,wsdc_dump,dump:competitionevents:2121,German Open WCS Championships,,dump_competitionevents_series_id,2026-09-24 17:05:15.644791+00,2026-09-24 17:05:15.644791+00
120,Lone Star Invitational,2018,8,2018-08-09,2018-08-12,scheduled,wsdc_dump,dump:competitionevents:2100,LoneStar Invitational,,dump_competitionevents_series_id,2026-09-24 17:05:15.644791+00,2026-09-24 17:05:15.644791+00
263,Riga Summer Swing,2018,8,2018-08-09,2018-08-13,scheduled,wsdc_dump,dump:competitionevents:2101,Riga Summer Swing,,dump_competitionevents_series_id,2026-09-24 17:05:15.644791+00,2026-09-24 17:05:15.644791+00
59,Swing Fling,2018,8,2018-08-09,2018-08-12,scheduled,wsdc_dump,dump:competitionevents:2099,Swing Fling,,dump_competitionevents_series_id,2026-09-24 17:05:15.644791+00,2026-09-24 17:05:15.644791+00
227,Swingtacular: The Galactic Open,2018,8,2018-08-03,2018-08-05,scheduled,wsdc_dump,dump:competitionevents:2188,Swingtacular,,dump_competitionevents_series_id,2026-09-24 17:08:00.399168+00,2026-09-24 17:08:00.399168+00
77,Arizona Dance Classic,2018,8,2018-08-02,2018-08-05,scheduled,wsdc_dump,dump:competitionevents:2176,Arizona Dance Classic,,dump_competitionevents_series_id,2026-09-24 17:06:00.875206+00,2026-09-24 17:06:00.875206+00
224,Midwest Westie Fest,2018,8,2018-08-02,2018-08-05,scheduled,wsdc_dump,dump:competitionevents:2169,Midwest Westie Fest,,dump_competitionevents_series_id,2026-09-24 17:06:00.875206+00,2026-09-24 17:06:00.875206+00
157,New England Dance Festival,2018,8,2018-08-02,2018-08-05,scheduled,wsdc_dump,dump:competitionevents:2172,New England Dance Festival,,dump_competitionevents_series_id,2026-09-24 17:06:00.875206+00,2026-09-24 17:06:00.875206+00
137,Tampa Bay Classic,2018,8,2018-08-02,2018-08-05,scheduled,wsdc_dump,dump:competitionevents:2170,Tampa Bay Classic,,dump_competitionevents_series_id,2026-09-24 17:06:00.875206+00,2026-09-24 17:06:00.875206+00
303,Odyssey West Coast Swing,2018,7,2018-07-27,2018-07-29,scheduled,wsdc_dump,dump:competitionevents:2171,Odyssey West Coast Swing,,dump_competitionevents_series_id,2026-09-24 17:06:00.875206+00,2026-09-24 17:06:00.875206+00
47,SwingTime Denver,2018,7,2018-07-26,2018-07-29,scheduled,wsdc_dump,dump:competitionevents:2167,Swingtime in the Rockies,,dump_competitionevents_series_id,2026-09-24 17:06:00.875206+00,2026-09-24 17:06:00.875206+00
256,Rock the Barn,2018,7,2018-07-20,2018-07-22,scheduled,wsdc_dump,dump:competitionevents:2070,Rock The Barn,,dump_competitionevents_series_id,2026-09-24 17:03:22.635691+00,2026-09-24 17:03:22.635691+00
148,Dance Mardi Gras,2018,7,2018-07-19,2018-07-22,scheduled,wsdc_dump,dump:competitionevents:2173,New Orleans Dance Mardi Gras,,dump_competitionevents_series_id,2026-09-24 17:06:00.875206+00,2026-09-24 17:06:00.875206+00
149,Florida Dance Magic,2018,7,2018-07-19,2018-07-22,scheduled,wsdc_dump,dump:competitionevents:2174,Florida Dance Magic,,dump_competitionevents_series_id,2026-09-24 17:06:00.875206+00,2026-09-24 17:06:00.875206+00
262,Swing It Like It's Hot,2018,7,2018-07-19,2018-07-22,scheduled,wsdc_dump,dump:competitionevents:2178,Swing It Like It's Hot,,dump_competitionevents_series_id,2026-09-24 17:08:00.399168+00,2026-09-24 17:08:00.399168+00
156,Big Apple Dance Festival,2018,7,2018-07-13,2018-07-15,scheduled,wsdc_dump,dump:competitionevents:2177,Big Apple Dance Festival,,dump_competitionevents_series_id,2026-09-24 17:08:00.399168+00,2026-09-24 17:08:00.399168+00
44,Portland Dance Festival,2018,7,2018-07-13,2018-07-15,scheduled,wsdc_dump,dump:competitionevents:2067,Portland Dance Festival,,dump_competitionevents_series_id,2026-09-24 17:03:22.635691+00,2026-09-24 17:03:22.635691+00
280,Saint Petersburg WCS Nights,2018,7,2018-07-13,2018-07-15,scheduled,wsdc_dump,dump:competitionevents:2065,Saint Petersburg WCS Nights,,dump_competitionevents_series_id,2026-09-24 17:03:22.635691+00,2026-09-24 17:03:22.635691+00
147,Toronto Open Swing & Hustle Championships,2018,7,2018-07-13,2018-07-15,scheduled,wsdc_dump,dump:competitionevents:2069,Toronto Open Swing & Hustle Championships,,dump_competitionevents_series_id,2026-09-24 17:03:22.635691+00,2026-09-24 17:03:22.635691+00
1,4TH of July Convention,2018,7,2018-07-06,2018-07-08,scheduled,wsdc_dump,dump:competitionevents:2062,4TH of July Convention,,dump_competitionevents_series_id,2026-09-24 17:03:22.635691+00,2026-09-24 17:03:22.635691+00
255,Indy Dance Explosion,2018,7,2018-07-06,2018-07-08,scheduled,wsdc_dump,dump:competitionevents:2068,Indy Dance Explosion,,dump_competitionevents_series_id,2026-09-24 17:03:22.635691+00,2026-09-24 17:03:22.635691+00
225,Wild Wild Westie,2018,7,2018-07-06,2018-07-08,scheduled,wsdc_dump,dump:competitionevents:2066,Wild Wild Westie,,dump_competitionevents_series_id,2026-09-24 17:03:22.635691+00,2026-09-24 17:03:22.635691+00
226,Ft. Lauderdale Swing & Shag Beach Bash,2018,7,2018-07-05,2018-07-08,scheduled,wsdc_dump,dump:competitionevents:2175,Ft. Lauderdale Swing & Shag Beach Bash,,dump_competitionevents_series_id,2026-09-24 17:06:00.875206+00,2026-09-24 17:06:00.875206+00
278,Americano Dance Camp,2018,7,2018-06-29,2018-07-01,scheduled,wsdc_dump,dump:competitionevents:2061,Americano Dance Camp,,dump_competitionevents_series_id,2026-09-24 17:03:22.635691+00,2026-09-24 17:03:22.635691+00
96,Liberty Swing Dance Championships,2018,7,2018-06-29,2018-07-01,scheduled,wsdc_dump,dump:competitionevents:2059,Liberty Swing Dance Championships,,dump_competitionevents_series_id,2026-09-24 17:03:22.635691+00,2026-09-24 17:03:22.635691+00
261,Neverland Swing,2018,7,2018-06-29,2018-07-01,scheduled,wsdc_dump,dump:competitionevents:2064,Neverland Swing,,dump_competitionevents_series_id,2026-09-24 17:03:22.635691+00,2026-09-24 17:03:22.635691+00
268,Korea Westival,2018,6,2018-06-22,2018-06-24,scheduled,wsdc_dump,dump:competitionevents:2063,Korea Westival,,dump_competitionevents_series_id,2026-09-24 17:03:22.635691+00,2026-09-24 17:03:22.635691+00
179,New Zealand Open Swing Dance Championships,2018,6,2018-06-22,2018-06-24,scheduled,wsdc_dump,dump:competitionevents:2060,New Zealand Open Swing Dance Championships,,dump_competitionevents_series_id,2026-09-24 17:03:22.635691+00,2026-09-24 17:03:22.635691+00
220,D-Town Swing,2018,6,2018-06-15,2018-06-17,scheduled,wsdc_dump,dump:competitionevents:2053,D-Townswing,,dump_competitionevents_series_id,2026-09-24 17:03:22.635691+00,2026-09-24 17:03:22.635691+00
207,Dance N Play,2018,6,2018-06-15,2018-06-17,scheduled,wsdc_dump,dump:competitionevents:2055,Dance N Play,,dump_competitionevents_series_id,2026-09-24 17:03:22.635691+00,2026-09-24 17:03:22.635691+00
254,Finnfest,2018,6,2018-06-15,2018-06-17,scheduled,wsdc_dump,dump:competitionevents:2056,Finnfest,,dump_competitionevents_series_id,2026-09-24 17:03:22.635691+00,2026-09-24 17:03:22.635691+00
188,NSW West Coast Swing Dance Championships,2018,6,2018-06-15,2018-06-17,scheduled,wsdc_dump,dump:competitionevents:2054,NSW West Coast Swing Dance Championships,,dump_competitionevents_series_id,2026-09-24 17:03:22.635691+00,2026-09-24 17:03:22.635691+00
162,Swingapalooza,2018,6,2018-06-15,2018-06-17,scheduled,wsdc_dump,dump:competitionevents:2057,Swingapalooza,,dump_competitionevents_series_id,2026-09-24 17:03:22.635691+00,2026-09-24 17:03:22.635691+00
222,Baltic Swing,2018,6,2018-06-08,2018-06-10,scheduled,wsdc_dump,dump:competitionevents:2052,Baltic Swing,,dump_competitionevents_series_id,2026-09-24 17:03:22.635691+00,2026-09-24 17:03:22.635691+00
25,J&J O'Rama,2018,6,2018-06-08,2018-06-10,scheduled,wsdc_dump,dump:competitionevents:2058,J&J O'Rama,,dump_competitionevents_series_id,2026-09-24 17:03:22.635691+00,2026-09-24 17:03:22.635691+00
76,Michigan Dance Classic,2018,6,2018-06-01,2018-06-03,scheduled,wsdc_dump,dump:competitionevents:2050,Michigan Dance Classic,,dump_competitionevents_series_id,2026-09-24 17:15:02.361913+00,2026-09-24 17:15:02.361913+00
117,Orange Blossom Dance Festival,2018,6,2018-06-01,2018-06-03,scheduled,wsdc_dump,dump:competitionevents:2051,Orange Blossom Dance Festival,,dump_competitionevents_series_id,2026-09-24 17:15:02.361913+00,2026-09-24 17:15:02.361913+00
20,FreZno Dance Classic,2018,5,2018-05-25,2018-05-27,scheduled,wsdc_dump,dump:competitionevents:2042,FreZno Dance Classic,,dump_competitionevents_series_id,2026-09-24 17:15:02.361913+00,2026-09-24 17:15:02.361913+00
206,Hungarian Open,2018,5,2018-05-25,2018-05-27,scheduled,wsdc_dump,dump:competitionevents:2045,Hungarian Open,,dump_competitionevents_series_id,2026-09-24 17:15:02.361913+00,2026-09-24 17:15:02.361913+00
221,Show Me Showdown,2018,5,2018-05-25,2018-05-27,scheduled,wsdc_dump,dump:competitionevents:2049,Show-Me Showdown,,dump_competitionevents_series_id,2026-09-24 17:15:02.361913+00,2026-09-24 17:15:02.361913+00
174,Swingsation,2018,5,2018-05-25,2018-05-27,scheduled,wsdc_dump,dump:competitionevents:2040,Swingsation,,dump_competitionevents_series_id,2026-09-24 17:15:02.361913+00,2026-09-24 17:15:02.361913+00
22,USA Grand Nationals,2018,5,2018-05-25,2018-05-27,scheduled,wsdc_dump,dump:competitionevents:2048,USA Grand Nationals,,dump_competitionevents_series_id,2026-09-24 17:15:02.361913+00,2026-09-24 17:15:02.361913+00
105,Canadian Swing Championships,2018,5,2018-05-18,2018-05-20,scheduled,wsdc_dump,dump:competitionevents:2043,Canadian Swing Championships,,dump_competitionevents_series_id,2026-09-24 17:15:02.361913+00,2026-09-24 17:15:02.361913+00
175,French Open West Coast Swing,2018,5,2018-05-18,2018-05-20,scheduled,wsdc_dump,dump:competitionevents:2071,French Open West Coast Swing,,dump_competitionevents_series_id,2026-09-24 17:03:22.635691+00,2026-09-24 17:03:22.635691+00
121,The Texas Classic,2018,5,2018-05-18,2018-05-20,scheduled,wsdc_dump,dump:competitionevents:2044,The Texas Classic,,dump_competitionevents_series_id,2026-09-24 17:15:02.361913+00,2026-09-24 17:15:02.361913+00
277,Scotland Swing Classic,2018,5,2018-05-11,2018-05-13,scheduled,wsdc_dump,dump:competitionevents:2041,Scotland Swing Classic,,dump_competitionevents_series_id,2026-09-24 17:15:02.361913+00,2026-09-24 17:15:02.361913+00
61,SwingDiego,2018,5,2018-05-11,2018-05-13,scheduled,wsdc_dump,dump:competitionevents:2039,SwingDiego,,dump_competitionevents_series_id,2026-09-24 17:15:02.361913+00,2026-09-24 17:15:02.361913+00
219,KIWI Fest,2018,5,2018-05-04,2018-05-06,scheduled,wsdc_dump,dump:competitionevents:2037,KIWI Fest,,dump_competitionevents_series_id,2026-09-24 17:15:02.361913+00,2026-09-24 17:15:02.361913+00
144,Swingin' Into Spring,2018,5,2018-05-04,2018-05-06,scheduled,wsdc_dump,dump:competitionevents:2038,Swingin' Into Spring,,dump_competitionevents_series_id,2026-09-24 17:15:02.361913+00,2026-09-24 17:15:02.361913+00
253,Nordic WCS Championships,2018,4,2018-04-27,2018-04-29,scheduled,wsdc_dump,dump:competitionevents:2036,Nordic WCS Championships,,dump_competitionevents_series_id,2026-09-24 17:15:02.361913+00,2026-09-24 17:15:02.361913+00
205,SOswing,2018,4,2018-04-27,2018-04-29,scheduled,wsdc_dump,dump:competitionevents:2034,SOswing,,dump_competitionevents_series_id,2026-09-24 17:15:02.361913+00,2026-09-24 17:15:02.361913+00
134,Swing Dance America,2018,4,2018-04-27,2018-04-29,scheduled,wsdc_dump,dump:competitionevents:2035,Swing Dance America,,dump_competitionevents_series_id,2026-09-24 17:15:02.361913+00,2026-09-24 17:15:02.361913+00
218,Asia West Coast Swing Open,2018,4,2018-04-20,2018-04-22,scheduled,wsdc_dump,dump:competitionevents:2032,Asia West Coast Swing Open,,dump_competitionevents_series_id,2026-09-24 17:15:02.361913+00,2026-09-24 17:15:02.361913+00
203,Detonation Dance,2018,4,2018-04-20,2018-04-22,scheduled,wsdc_dump,dump:competitionevents:2031,Detonation Dance ,,dump_competitionevents_series_id,2026-09-24 17:15:02.361913+00,2026-09-24 17:15:02.361913+00
187,City of Angels WCS,2018,4,2018-04-13,2018-04-15,scheduled,wsdc_dump,dump:competitionevents:2030,City of Angels,,dump_competitionevents_series_id,2026-09-24 17:15:02.361913+00,2026-09-24 17:15:02.361913+00
293,Westy Nantes,2018,4,2018-04-13,2018-04-15,scheduled,wsdc_dump,dump:competitionevents:2033,Westy Nantes,,dump_competitionevents_series_id,2026-09-24 17:15:02.361913+00,2026-09-24 17:15:02.361913+00
154,UK WCS Championships,2018,4,2018-04-05,2018-04-08,scheduled,wsdc_dump,dump:competitionevents:2029,UK & European WCS Championships,,dump_competitionevents_series_id,2026-09-24 17:15:02.361913+00,2026-09-24 17:15:02.361913+00
276,Anchor Festival,2018,4,2018-03-30,2018-04-02,scheduled,wsdc_dump,dump:competitionevents:2028,Anchor Festival,,dump_competitionevents_series_id,2026-09-24 17:15:02.361913+00,2026-09-24 17:15:02.361913+00
18,Easter Swing,2018,4,2018-03-29,2018-04-01,scheduled,wsdc_dump,dump:competitionevents:2025,Seattle's Easter Swing,,dump_competitionevents_series_id,2026-09-24 17:15:02.361913+00,2026-09-24 17:15:02.361913+00
217,San Diego Dance Festival,2018,4,2018-03-29,2018-04-01,scheduled,wsdc_dump,dump:competitionevents:2027,San Diego Dance Festival,,dump_competitionevents_series_id,2026-09-24 17:15:02.361913+00,2026-09-24 17:15:02.361913+00
197,5280 Westival,2018,3,2018-03-23,2018-03-25,scheduled,wsdc_dump,dump:competitionevents:2026,5280 Swing Dance Championships,,dump_competitionevents_series_id,2026-09-24 17:15:02.361913+00,2026-09-24 17:15:02.361913+00
153,Novice Invitational,2018,3,2018-03-23,2018-03-25,scheduled,wsdc_dump,dump:competitionevents:2022,Novice Invitational,,dump_competitionevents_series_id,2026-09-24 17:15:02.361913+00,2026-09-24 17:15:02.361913+00
9,Boston Tea Party,2018,3,2018-03-22,2018-03-25,scheduled,wsdc_dump,dump:competitionevents:2024,Boston Tea Party,,dump_competitionevents_series_id,2026-09-24 17:15:02.361913+00,2026-09-24 17:15:02.361913+00
292,King Swing,2018,3,2018-03-22,2018-03-25,scheduled,wsdc_dump,dump:competitionevents:2019,King Swing,,dump_competitionevents_series_id,2026-09-24 17:15:02.361913+00,2026-09-24 17:15:02.361913+00
259,Swingover,2018,3,2018-03-22,2018-03-25,scheduled,wsdc_dump,dump:competitionevents:2020,Swing Over Orlando,,dump_competitionevents_series_id,2026-09-24 17:15:02.361913+00,2026-09-24 17:15:02.361913+00
246,Swing Escape,2018,3,2018-03-16,2018-03-18,scheduled,wsdc_dump,dump:competitionevents:2018,Swing Escape,,dump_competitionevents_series_id,2026-09-24 17:15:02.361913+00,2026-09-24 17:15:02.361913+00
275,Dutch Open West Coast Swing,2018,3,2018-03-15,2018-03-18,scheduled,wsdc_dump,dump:competitionevents:2021,Dutch Open West Coast Swing,,dump_competitionevents_series_id,2026-09-24 17:15:02.361913+00,2026-09-24 17:15:02.361913+00
143,High Desert Dance Classic,2018,3,2018-03-09,2018-03-11,scheduled,wsdc_dump,dump:competitionevents:2023,High Desert Dance Classic,,dump_competitionevents_series_id,2026-09-24 17:15:02.361913+00,2026-09-24 17:15:02.361913+00
142,The Chicago Classic,2018,3,2018-03-08,2018-03-11,scheduled,wsdc_dump,dump:competitionevents:2015,The Chicago Classic,,dump_competitionevents_series_id,2026-09-24 17:15:02.361913+00,2026-09-24 17:15:02.361913+00
186,West in Lyon,2018,3,2018-03-08,2018-03-11,scheduled,wsdc_dump,dump:competitionevents:2016,West In Lyon,,dump_competitionevents_series_id,2026-09-24 17:15:02.361913+00,2026-09-24 17:15:02.361913+00
92,MADjam,2018,3,2018-03-01,2018-03-04,scheduled,wsdc_dump,dump:competitionevents:2012,Mid-Atlantic Dance Jam,,dump_competitionevents_series_id,2026-09-24 17:15:02.361913+00,2026-09-24 17:15:02.361913+00
170,Russian Open WCS Championships,2018,3,2018-03-01,2018-03-04,scheduled,wsdc_dump,dump:competitionevents:2014,Russian Open WCS Championships,,dump_competitionevents_series_id,2026-09-24 17:15:02.361913+00,2026-09-24 17:15:02.361913+00
244,Rose City Swing,2018,2,2018-02-23,2018-02-25,scheduled,wsdc_dump,dump:competitionevents:2013,Rose City Swing,,dump_competitionevents_series_id,2026-09-24 17:15:02.361913+00,2026-09-24 17:15:02.361913+00
12,Capital Swing Dance Convention,2018,2,2018-02-16,2018-02-18,scheduled,wsdc_dump,dump:competitionevents:2008,Capital Swing Dance Convention,,dump_competitionevents_series_id,2026-09-24 17:14:52.082819+00,2026-09-24 17:14:52.082819+00
185,Sweetheart Swing Classic,2018,2,2018-02-16,2018-02-18,scheduled,wsdc_dump,dump:competitionevents:2011,Sweetheart Swing Classic,,dump_competitionevents_series_id,2026-09-24 17:15:02.361913+00,2026-09-24 17:15:02.361913+00
169,Dance Camp Chicago,2018,2,2018-02-09,2018-02-11,scheduled,wsdc_dump,dump:competitionevents:2010,Dance Camp Chicago,,dump_competitionevents_series_id,2026-09-24 17:15:02.361913+00,2026-09-24 17:15:02.361913+00
258,Swingtzerland,2018,2,2018-02-09,2018-02-11,scheduled,wsdc_dump,dump:competitionevents:2009,Swingtzerland,,dump_competitionevents_series_id,2026-09-24 17:15:02.361913+00,2026-09-24 17:15:02.361913+00
273,Charlotte Westie Fest,2018,2,2018-02-02,2018-02-04,scheduled,wsdc_dump,dump:competitionevents:2006,Charlotte Westie Fest,,dump_competitionevents_series_id,2026-09-24 17:14:52.082819+00,2026-09-24 17:14:52.082819+00
215,Swing & Snow,2018,2,2018-02-02,2018-02-04,scheduled,wsdc_dump,dump:competitionevents:2005,Swing & Snow,,dump_competitionevents_series_id,2026-09-24 17:14:52.082819+00,2026-09-24 17:14:52.082819+00
242,Derby City Swing,2018,1,2018-01-26,2018-01-28,scheduled,wsdc_dump,dump:competitionevents:2003,Derby City Swing,,dump_competitionevents_series_id,2026-09-24 17:14:52.082819+00,2026-09-24 17:14:52.082819+00
291,Municorn Swing,2018,1,2018-01-26,2018-01-28,scheduled,wsdc_dump,dump:competitionevents:2004,Municorn Swing,,dump_competitionevents_series_id,2026-09-24 17:14:52.082819+00,2026-09-24 17:14:52.082819+00
272,Paris Westie Fest,2018,1,2018-01-19,2018-01-21,scheduled,wsdc_dump,dump:competitionevents:2002,Paris Westie Fest,,dump_competitionevents_series_id,2026-09-24 17:14:52.082819+00,2026-09-24 17:14:52.082819+00
196,SwingCouver,2018,1,2018-01-19,2018-01-21,scheduled,wsdc_dump,dump:competitionevents:1999,SwingCouver,,dump_competitionevents_series_id,2026-09-24 17:14:52.082819+00,2026-09-24 17:14:52.082819+00
200,Austin Swing Dance Championships,2018,1,2018-01-12,2018-01-14,scheduled,wsdc_dump,dump:competitionevents:1996,Austin Swing Dance Championships,,dump_competitionevents_series_id,2026-09-24 17:14:52.082819+00,2026-09-24 17:14:52.082819+00
184,BudaFest Open WCS Championships,2018,1,2018-01-12,2018-01-14,scheduled,wsdc_dump,dump:competitionevents:2000,BudaFest Open WCS Championships,,dump_competitionevents_series_id,2026-09-24 17:14:52.082819+00,2026-09-24 17:14:52.082819+00
183,Freedom Swing Dance Challenge,2018,1,2018-01-12,2018-01-14,scheduled,wsdc_dump,dump:competitionevents:1997,Freedom Swing Dance Challenge,,dump_competitionevents_series_id,2026-09-24 17:14:52.082819+00,2026-09-24 17:14:52.082819+00
62,Monterey SwingFest,2018,1,2018-01-12,2018-01-14,scheduled,wsdc_dump,dump:competitionevents:2001,Monterey SwingFest,,dump_competitionevents_series_id,2026-09-24 17:14:52.082819+00,2026-09-24 17:14:52.082819+00
75,UCWDC Country Dance World Championship,2018,1,2018-01-06,2018-01-07,scheduled,wsdc_dump,dump:competitionevents:1995,Worlds UCWDC,,dump_competitionevents_series_id,2026-09-24 17:14:52.082819+00,2026-09-24 17:14:52.082819+00
290,Shooba Dooba Swing,2018,1,2018-01-05,2018-01-07,scheduled,wsdc_dump,dump:competitionevents:1998,Shooba Dooba Swing,,dump_competitionevents_series_id,2026-09-24 17:14:52.082819+00,2026-09-24 17:14:52.082819+00
240,Westie Gala,2018,1,2018-01-05,2018-01-07,scheduled,wsdc_dump,dump:competitionevents:1994,Sweden Westie Gala,,dump_competitionevents_series_id,2026-09-24 17:14:52.082819+00,2026-09-24 17:14:52.082819+00
289,SwingVester,2018,1,2017-12-30,2018-01-01,scheduled,wsdc_dump,dump:competitionevents:1993,Swingvester,,dump_competitionevents_series_id,2026-09-24 17:14:52.082819+00,2026-09-24 17:14:52.082819+00
195,Palm Springs New Years Swing Dance Classic,2018,1,2017-12-29,2018-01-01,scheduled,wsdc_dump,dump:competitionevents:1988,Palm Springs New Years Swing Dance Classic,,dump_competitionevents_series_id,2026-09-24 17:14:52.082819+00,2026-09-24 17:14:52.082819+00
334,Countdown Swing Boston,2018,1,2017-12-28,2018-01-01,scheduled,wsdc_dump,dump:competitionevents:1991,New Year's Dance Extravaganza,,dump_competitionevents_series_id,2026-09-24 17:14:52.082819+00,2026-09-24 17:14:52.082819+00
42,Floorplay Swing Vacation,2017,12,2017-12-28,2017-12-31,scheduled,wsdc_dump,dump:competitionevents:1989,Floorplay New Years Swing Vacation,,dump_competitionevents_series_id,2026-09-24 17:14:52.082819+00,2026-09-24 17:14:52.082819+00
214,New Year's Swing Fling,2017,12,2017-12-28,2017-12-31,scheduled,wsdc_dump,dump:competitionevents:1992,New Year's Swing Fling,,dump_competitionevents_series_id,2026-09-24 17:14:52.082819+00,2026-09-24 17:14:52.082819+00
141,Spotlight New Year's Celebration,2017,12,2017-12-28,2017-12-31,scheduled,wsdc_dump,dump:competitionevents:1990,Spotlight Dance Challenge,,dump_competitionevents_series_id,2026-09-24 17:14:52.082819+00,2026-09-24 17:14:52.082819+00
271,Berlin Swing Revolution,2017,12,2017-12-08,2017-12-10,scheduled,wsdc_dump,dump:competitionevents:1987,Berlin Swing Revolution,,dump_competitionevents_series_id,2026-09-24 17:14:52.082819+00,2026-09-24 17:14:52.082819+00
213,Swingtimate,2017,12,2017-12-08,2017-12-10,scheduled,wsdc_dump,dump:competitionevents:1983,Swingtimate,,dump_competitionevents_series_id,2026-09-24 17:14:52.082819+00,2026-09-24 17:14:52.082819+00
212,The After Party (TAP),2017,12,2017-12-01,2017-12-03,scheduled,wsdc_dump,dump:competitionevents:1985,The After Party,,dump_competitionevents_series_id,2026-09-24 17:14:52.082819+00,2026-09-24 17:14:52.082819+00
238,Winter White,2017,12,2017-12-01,2017-12-03,scheduled,wsdc_dump,dump:competitionevents:1984,Winter White,,dump_competitionevents_series_id,2026-09-24 17:14:52.082819+00,2026-09-24 17:14:52.082819+00
87,CASH Bash,2017,11,2017-11-24,2017-11-26,scheduled,wsdc_dump,dump:competitionevents:1981,C.A.S.H. Bash Weekend,,dump_competitionevents_series_id,2026-09-24 17:14:52.082819+00,2026-09-24 17:14:52.082819+00
68,US Open Swing Dance Championships,2017,11,2017-11-24,2017-11-26,scheduled,wsdc_dump,dump:competitionevents:1979,US Open Swing Dance Championships,,dump_competitionevents_series_id,2026-09-24 17:14:52.082819+00,2026-09-24 17:14:52.082819+00
181,DC Swing eXperience (DCSX),2017,11,2017-11-17,2017-11-19,scheduled,wsdc_dump,dump:competitionevents:1976,DC Swing eXperience,,dump_competitionevents_series_id,2026-09-24 17:14:52.082819+00,2026-09-24 17:14:52.082819+00
166,London SwingVitational,2017,11,2017-11-17,2017-11-19,scheduled,wsdc_dump,dump:competitionevents:1986,London SWINGvitational,,dump_competitionevents_series_id,2026-09-24 17:14:52.082819+00,2026-09-24 17:14:52.082819+00
269,Autumn Swing Challenge,2017,11,2017-11-10,2017-11-12,scheduled,wsdc_dump,dump:competitionevents:1977,Autumn Swing Challenge,,dump_competitionevents_series_id,2026-09-24 17:14:52.082819+00,2026-09-24 17:14:52.082819+00
288,Midnight Madness,2017,11,2017-11-10,2017-11-12,scheduled,wsdc_dump,dump:competitionevents:1980,Midnight Madness,,dump_competitionevents_series_id,2026-09-24 17:14:52.082819+00,2026-09-24 17:14:52.082819+00
79,Sea to Sky,2017,11,2017-11-10,2017-11-12,scheduled,wsdc_dump,dump:competitionevents:1975,Sea to Sky,,dump_competitionevents_series_id,2026-09-24 17:14:52.082819+00,2026-09-24 17:14:52.082819+00
63,Swingin' New England Dance Festival,2017,11,2017-11-10,2017-11-12,scheduled,wsdc_dump,dump:competitionevents:1978,Swingin' New England Dance Festival,,dump_competitionevents_series_id,2026-09-24 17:14:52.082819+00,2026-09-24 17:14:52.082819+00
287,Florida Westie Fest,2017,11,2017-11-03,2017-11-05,scheduled,wsdc_dump,dump:competitionevents:1971,Florida Westie Fest,,dump_competitionevents_series_id,2026-09-24 17:14:52.082819+00,2026-09-24 17:14:52.082819+00
229,Scandinavian Open,2017,11,2017-11-03,2017-11-05,scheduled,wsdc_dump,dump:competitionevents:1972,Scandinavian Open,,dump_competitionevents_series_id,2026-09-24 17:14:52.082819+00,2026-09-24 17:14:52.082819+00
237,WCS Helsinki,2017,11,2017-11-03,2017-11-05,scheduled,wsdc_dump,dump:competitionevents:1982,WCS Helsinki,,dump_competitionevents_series_id,2026-09-24 17:14:52.082819+00,2026-09-24 17:14:52.082819+00
270,Westie's Angels,2017,11,2017-11-03,2017-11-05,scheduled,wsdc_dump,dump:competitionevents:1973,Westie's Angels,,dump_competitionevents_series_id,2026-09-24 17:14:52.082819+00,2026-09-24 17:14:52.082819+00
194,Moscow Westie Fest,2017,11,2017-11-02,2017-11-05,scheduled,wsdc_dump,dump:competitionevents:1970,Moscow Westie Dance Fest,,dump_competitionevents_series_id,2026-09-24 17:14:52.082819+00,2026-09-24 17:14:52.082819+00
31,Mountain Magic,2017,11,2017-11-02,2017-11-05,scheduled,wsdc_dump,dump:competitionevents:1974,Mountain Magic,,dump_competitionevents_series_id,2026-09-24 17:14:52.082819+00,2026-09-24 17:14:52.082819+00
211,Atlanta Swing Classic,2017,10,2017-10-27,2017-10-01,scheduled,wsdc_dump,dump:competitionevents:1955,Atlanta Swing Classic,,dump_competitionevents_series_id,2026-09-24 16:53:19.198315+00,2026-09-24 16:53:19.198315+00
65,Halloween SwingThing,2017,10,2017-10-27,2017-10-29,scheduled,wsdc_dump,dump:competitionevents:1966,Halloween SwingThing,,dump_competitionevents_series_id,2026-09-24 16:53:19.198315+00,2026-09-24 16:53:19.198315+00
285,Old Town Swing,2017,10,2017-10-27,2017-10-29,scheduled,wsdc_dump,dump:competitionevents:1958,Old Town Swing,,dump_competitionevents_series_id,2026-09-24 16:53:19.198315+00,2026-09-24 16:53:19.198315+00
236,Warsaw Halloween Swing,2017,10,2017-10-27,2017-10-29,scheduled,wsdc_dump,dump:competitionevents:1968,Warsaw Halloween Swing,,dump_competitionevents_series_id,2026-09-24 17:14:52.082819+00,2026-09-24 17:14:52.082819+00
125,Swing City Chicago,2017,10,2017-10-26,2017-10-29,scheduled,wsdc_dump,dump:competitionevents:1967,Swing City Chicago,,dump_competitionevents_series_id,2026-09-24 16:53:19.198315+00,2026-09-24 16:53:19.198315+00
267,Swustlicious,2017,10,2017-10-20,2017-10-22,scheduled,wsdc_dump,dump:competitionevents:1969,Swustlicious,,dump_competitionevents_series_id,2026-09-24 17:14:52.082819+00,2026-09-24 17:14:52.082819+00
286,WCS Festival,2017,10,2017-10-20,2017-10-22,scheduled,wsdc_dump,dump:competitionevents:1962,WCS Festival,,dump_competitionevents_series_id,2026-09-24 16:53:19.198315+00,2026-09-24 16:53:19.198315+00
43,Paradise Dance Festival,2017,10,2017-10-19,2017-10-22,scheduled,wsdc_dump,dump:competitionevents:1965,Paradise Country Dance Festival,,dump_competitionevents_series_id,2026-09-24 16:53:19.198315+00,2026-09-24 16:53:19.198315+00
167,Best of the Best WCS,2017,10,2017-10-13,2017-10-15,scheduled,wsdc_dump,dump:competitionevents:1961,Best of the Best,,dump_competitionevents_series_id,2026-09-24 16:53:19.198315+00,2026-09-24 16:53:19.198315+00
257,Italian Open,2017,10,2017-10-13,2017-10-15,scheduled,wsdc_dump,dump:competitionevents:1964,Italian Open,,dump_competitionevents_series_id,2026-09-24 16:53:19.198315+00,2026-09-24 16:53:19.198315+00
178,Montreal Westie Fest,2017,10,2017-10-13,2017-10-15,scheduled,wsdc_dump,dump:competitionevents:1963,Montreal WCS Fest,,dump_competitionevents_series_id,2026-09-24 16:53:19.198315+00,2026-09-24 16:53:19.198315+00
8,Boogie By The Bay,2017,10,2017-10-06,2017-10-08,scheduled,wsdc_dump,dump:competitionevents:1960,Boogie By The Bay,,dump_competitionevents_series_id,2026-09-24 16:53:19.198315+00,2026-09-24 16:53:19.198315+00
165,Midland Swing Open,2017,10,2017-09-29,2017-10-02,scheduled,wsdc_dump,dump:competitionevents:1959,Midland Swing Open,,dump_competitionevents_series_id,2026-09-24 16:53:19.198315+00,2026-09-24 16:53:19.198315+00
10,Bridgetown Swing Boogie,2017,9,2017-09-22,2017-09-24,scheduled,wsdc_dump,dump:competitionevents:1953,Bridgetown Swing Boogie,,dump_competitionevents_series_id,2026-09-24 16:53:19.198315+00,2026-09-24 16:53:19.198315+00
284,Citadel Swing,2017,9,2017-09-22,2017-09-24,scheduled,wsdc_dump,dump:competitionevents:1957,Citadel Swing,,dump_competitionevents_series_id,2026-09-24 16:53:19.198315+00,2026-09-24 16:53:19.198315+00
234,Philly Swing Classic,2017,9,2017-09-22,2017-09-24,scheduled,wsdc_dump,dump:competitionevents:1952,Philly Swing Classic,,dump_competitionevents_series_id,2026-09-24 16:53:19.198315+00,2026-09-24 16:53:19.198315+00
131,Meet Me In St Louis,2017,9,2017-09-21,2017-09-24,scheduled,wsdc_dump,dump:competitionevents:1954,Meet Me In St Louis,,dump_competitionevents_series_id,2026-09-24 16:53:19.198315+00,2026-09-24 16:53:19.198315+00
232,Norway Westie Fest,2017,9,2017-09-14,2017-09-17,scheduled,wsdc_dump,dump:competitionevents:1951,Norway Westie Fest,,dump_competitionevents_series_id,2026-09-24 16:53:19.198315+00,2026-09-24 16:53:19.198315+00
231,Trilogy Swing,2017,9,2017-09-08,2017-09-10,scheduled,wsdc_dump,dump:competitionevents:1950,Swing Trilogy,,dump_competitionevents_series_id,2026-09-24 16:53:19.198315+00,2026-09-24 16:53:19.198315+00
265,Upstate Dance Challenge,2017,9,2017-09-08,2017-09-10,scheduled,wsdc_dump,dump:competitionevents:1956,Upstate Dance Challenge,,dump_competitionevents_series_id,2026-09-24 16:53:19.198315+00,2026-09-24 16:53:19.198315+00
233,Bavarian Open,2017,9,2017-09-07,2017-09-10,scheduled,wsdc_dump,dump:competitionevents:1949,Bavarian Open,,dump_competitionevents_series_id,2026-09-24 16:53:19.198315+00,2026-09-24 16:53:19.198315+00
15,Dallas D.A.N.C.E.,2017,9,2017-09-01,2017-09-03,scheduled,wsdc_dump,dump:competitionevents:1944,Dallas D.A.N.C.E.,,dump_competitionevents_series_id,2026-09-24 16:53:19.198315+00,2026-09-24 16:53:19.198315+00
177,River City Swing,2017,9,2017-09-01,2017-09-03,scheduled,wsdc_dump,dump:competitionevents:1945,River City Swing,,dump_competitionevents_series_id,2026-09-24 16:53:19.198315+00,2026-09-24 16:53:19.198315+00
48,South Bay Dance Fling,2017,9,2017-09-01,2017-09-03,scheduled,wsdc_dump,dump:competitionevents:1946,South Bay CW Dance Festival,,dump_competitionevents_series_id,2026-09-24 16:53:19.198315+00,2026-09-24 16:53:19.198315+00
135,Desert City Swing,2017,9,2017-08-31,2017-09-03,scheduled,wsdc_dump,dump:competitionevents:1943,Desert City Swing,,dump_competitionevents_series_id,2026-09-24 16:53:19.198315+00,2026-09-24 16:53:19.198315+00
53,Summer Hummer,2017,8,2017-08-24,2017-08-27,scheduled,wsdc_dump,dump:competitionevents:1947,Summer Hummer,,dump_competitionevents_series_id,2026-09-24 16:53:19.198315+00,2026-09-24 16:53:19.198315+00
119,Chicagoland Country and Swing Dance Festival,2017,8,2017-08-18,2017-08-20,scheduled,wsdc_dump,dump:competitionevents:1941,Chicagoland Dance Festival,,dump_competitionevents_series_id,2026-09-24 16:53:19.198315+00,2026-09-24 16:53:19.198315+00
264,UpTown Swing,2017,8,2017-08-18,2017-08-20,scheduled,wsdc_dump,dump:competitionevents:1937,Swedish Swing Summer Camp,,dump_competitionevents_series_id,2026-09-24 16:53:19.198315+00,2026-09-24 16:53:19.198315+00
282,German Open,2017,8,2017-08-11,2017-08-13,scheduled,wsdc_dump,dump:competitionevents:1924,German Open,,dump_competitionevents_series_id,2026-09-24 16:51:16.413398+00,2026-09-24 16:51:16.413398+00
120,Lone Star Invitational,2017,8,2017-08-11,2017-08-13,scheduled,wsdc_dump,dump:competitionevents:1939,Lone Star Invitational,,dump_competitionevents_series_id,2026-09-24 16:53:19.198315+00,2026-09-24 16:53:19.198315+00
263,Riga Summer Swing,2017,8,2017-08-11,2017-08-13,scheduled,wsdc_dump,dump:competitionevents:1931,Riga Summer Swing,,dump_competitionevents_series_id,2026-09-24 16:53:19.198315+00,2026-09-24 16:53:19.198315+00
59,Swing Fling,2017,8,2017-08-10,2017-08-13,scheduled,wsdc_dump,dump:competitionevents:1936,Swing Fling,,dump_competitionevents_series_id,2026-09-24 16:53:19.198315+00,2026-09-24 16:53:19.198315+00
283,Kazan EL Fest,2017,8,2017-08-04,2017-08-06,scheduled,wsdc_dump,dump:competitionevents:1929,Kazan EL Fest,,dump_competitionevents_series_id,2026-09-24 16:53:19.198315+00,2026-09-24 16:53:19.198315+00
224,Midwest Westie Fest,2017,8,2017-08-04,2017-08-06,scheduled,wsdc_dump,dump:competitionevents:1925,Midwest Westie Fest,,dump_competitionevents_series_id,2026-09-24 16:51:16.413398+00,2026-09-24 16:51:16.413398+00
157,New England Dance Festival,2017,8,2017-08-04,2017-08-06,scheduled,wsdc_dump,dump:competitionevents:1942,New England Dance Festival,,dump_competitionevents_series_id,2026-09-24 16:53:19.198315+00,2026-09-24 16:53:19.198315+00
227,Swingtacular: The Galactic Open,2017,8,2017-08-04,2017-08-06,scheduled,wsdc_dump,dump:competitionevents:1928,Swingtacular,,dump_competitionevents_series_id,2026-09-24 16:53:19.198315+00,2026-09-24 16:53:19.198315+00
137,Tampa Bay Classic,2017,8,2017-08-04,2017-08-06,scheduled,wsdc_dump,dump:competitionevents:1926,Tampa Bay Classic,,dump_competitionevents_series_id,2026-09-24 16:53:19.198315+00,2026-09-24 16:53:19.198315+00
164,Sea Sun and Swing,2017,7,2017-07-28,2017-07-31,scheduled,wsdc_dump,dump:competitionevents:1934,Sea Sun and Swing,,dump_competitionevents_series_id,2026-09-24 16:53:19.198315+00,2026-09-24 16:53:19.198315+00
77,Arizona Dance Classic,2017,7,2017-07-27,2017-07-30,scheduled,wsdc_dump,dump:competitionevents:1948,Arizona Dance Classic,,dump_competitionevents_series_id,2026-09-24 16:53:19.198315+00,2026-09-24 16:53:19.198315+00
51,Palm Springs Summer Dance Classic,2017,7,2017-07-27,2017-07-30,scheduled,wsdc_dump,dump:competitionevents:1933,Palm Springs Summer Dance Classic,,dump_competitionevents_series_id,2026-09-24 16:53:19.198315+00,2026-09-24 16:53:19.198315+00
256,Rock the Barn,2017,7,2017-07-21,2017-07-23,scheduled,wsdc_dump,dump:competitionevents:1921,Rock The Barn,,dump_competitionevents_series_id,2026-09-24 16:51:16.413398+00,2026-09-24 16:51:16.413398+00
281,Sacramento All Swing,2017,7,2017-07-21,2017-07-24,scheduled,wsdc_dump,dump:competitionevents:1919,Sacramento All Swing,,dump_competitionevents_series_id,2026-09-24 16:51:16.413398+00,2026-09-24 16:51:16.413398+00
47,SwingTime Denver,2017,7,2017-07-21,2017-07-24,scheduled,wsdc_dump,dump:competitionevents:1932,Swingtime in the Rockies,,dump_competitionevents_series_id,2026-09-24 16:53:19.198315+00,2026-09-24 16:53:19.198315+00
148,Dance Mardi Gras,2017,7,2017-07-20,2017-07-23,scheduled,wsdc_dump,dump:competitionevents:1930,New Orleans Dance Mardi Gras,,dump_competitionevents_series_id,2026-09-24 16:53:19.198315+00,2026-09-24 16:53:19.198315+00
262,Swing It Like It's Hot,2017,7,2017-07-20,2017-07-23,scheduled,wsdc_dump,dump:competitionevents:1940,Swing It Like It's Hot,,dump_competitionevents_series_id,2026-09-24 16:53:19.198315+00,2026-09-24 16:53:19.198315+00
149,Florida Dance Magic,2017,7,2017-07-14,2017-07-16,scheduled,wsdc_dump,dump:competitionevents:1918,Florida Dance Magic,,dump_competitionevents_series_id,2026-09-24 16:51:16.413398+00,2026-09-24 16:51:16.413398+00
147,Toronto Open Swing & Hustle Championships,2017,7,2017-07-14,2017-07-16,scheduled,wsdc_dump,dump:competitionevents:1922,Toronto Open Swing & Hustle Championships,,dump_competitionevents_series_id,2026-09-24 16:51:16.413398+00,2026-09-24 16:51:16.413398+00
280,Saint Petersburg WCS Nights,2017,7,2017-07-13,2017-07-16,scheduled,wsdc_dump,dump:competitionevents:1917,Saint Petersburg WCS Nights,,dump_competitionevents_series_id,2026-09-24 16:51:16.413398+00,2026-09-24 16:51:16.413398+00
1,4TH of July Convention,2017,7,2017-07-07,2017-07-09,scheduled,wsdc_dump,dump:competitionevents:1927,4TH of July Convention,,dump_competitionevents_series_id,2026-09-24 16:53:19.198315+00,2026-09-24 16:53:19.198315+00
156,Big Apple Dance Festival,2017,7,2017-07-07,2017-07-09,scheduled,wsdc_dump,dump:competitionevents:1911,Big Apple Dance Festival,,dump_competitionevents_series_id,2026-09-24 16:51:16.413398+00,2026-09-24 16:51:16.413398+00
226,Ft. Lauderdale Swing & Shag Beach Bash,2017,7,2017-07-07,2017-07-09,scheduled,wsdc_dump,dump:competitionevents:1915,Ft. Lauderdale Swing & Shag Beach Bash,,dump_competitionevents_series_id,2026-09-24 16:51:16.413398+00,2026-09-24 16:51:16.413398+00
44,Portland Dance Festival,2017,7,2017-07-07,2017-07-09,scheduled,wsdc_dump,dump:competitionevents:1910,Portland Dance Festival,,dump_competitionevents_series_id,2026-09-24 16:51:16.413398+00,2026-09-24 16:51:16.413398+00
225,Wild Wild Westie,2017,7,2017-07-07,2017-07-09,scheduled,wsdc_dump,dump:competitionevents:1916,Wild Wild Westie,,dump_competitionevents_series_id,2026-09-24 16:51:16.413398+00,2026-09-24 16:51:16.413398+00
255,Indy Dance Explosion,2017,7,2017-06-30,2017-07-02,scheduled,wsdc_dump,dump:competitionevents:1923,Indy Dance Explosion,,dump_competitionevents_series_id,2026-09-24 16:51:16.413398+00,2026-09-24 16:51:16.413398+00
261,Neverland Swing,2017,7,2017-06-30,2017-07-02,scheduled,wsdc_dump,dump:competitionevents:1920,Neverland Swing,,dump_competitionevents_series_id,2026-09-24 16:51:16.413398+00,2026-09-24 16:51:16.413398+00
179,New Zealand Open Swing Dance Championships,2017,7,2017-06-30,2017-07-02,scheduled,wsdc_dump,dump:competitionevents:1914,New Zealand Open Swing Dance Championships,,dump_competitionevents_series_id,2026-09-24 16:51:16.413398+00,2026-09-24 16:51:16.413398+00
278,Americano Dance Camp,2017,7,2017-06-29,2017-07-02,scheduled,wsdc_dump,dump:competitionevents:1912,Americano Dance Camp,,dump_competitionevents_series_id,2026-09-24 16:51:16.413398+00,2026-09-24 16:51:16.413398+00
96,Liberty Swing Dance Championships,2017,7,2017-06-29,2017-07-02,scheduled,wsdc_dump,dump:competitionevents:1908,Liberty Swing Dance Championships,,dump_competitionevents_series_id,2026-09-24 16:51:16.413398+00,2026-09-24 16:51:16.413398+00
268,Korea Westival,2017,6,2017-06-23,2017-06-25,scheduled,wsdc_dump,dump:competitionevents:1909,Korea Westival,,dump_competitionevents_series_id,2026-09-24 16:51:16.413398+00,2026-09-24 16:51:16.413398+00
109,Colorado Country Classic,2017,6,2017-06-16,2017-06-18,scheduled,wsdc_dump,dump:competitionevents:1907,Colorado Country Classic,,dump_competitionevents_series_id,2026-09-24 16:51:16.413398+00,2026-09-24 16:51:16.413398+00
220,D-Town Swing,2017,6,2017-06-16,2017-06-18,scheduled,wsdc_dump,dump:competitionevents:1903,D-Townswing,,dump_competitionevents_series_id,2026-09-24 16:51:16.413398+00,2026-09-24 16:51:16.413398+00
207,Dance N Play,2017,6,2017-06-16,2017-06-18,scheduled,wsdc_dump,dump:competitionevents:1904,Dance N Play,,dump_competitionevents_series_id,2026-09-24 16:51:16.413398+00,2026-09-24 16:51:16.413398+00
254,Finnfest,2017,6,2017-06-16,2017-06-18,scheduled,wsdc_dump,dump:competitionevents:1905,Finnfest,,dump_competitionevents_series_id,2026-09-24 16:51:16.413398+00,2026-09-24 16:51:16.413398+00
162,Swingapalooza,2017,6,2017-06-16,2017-06-18,scheduled,wsdc_dump,dump:competitionevents:1906,Swingapalooza,,dump_competitionevents_series_id,2026-09-24 16:51:16.413398+00,2026-09-24 16:51:16.413398+00
222,Baltic Swing,2017,6,2017-06-09,2017-06-11,scheduled,wsdc_dump,dump:competitionevents:1902,Baltic Swing,,dump_competitionevents_series_id,2026-09-24 16:51:16.413398+00,2026-09-24 16:51:16.413398+00
25,J&J O'Rama,2017,6,2017-06-09,2017-06-11,scheduled,wsdc_dump,dump:competitionevents:1900,J&J O'Rama,,dump_competitionevents_series_id,2026-09-24 16:51:16.413398+00,2026-09-24 16:51:16.413398+00
283,Kazan EL Fest,2017,6,2017-06-09,2017-06-11,scheduled,wsdc_dump,dump:competitionevents:1913,Swing Open Kazan,,dump_competitionevents_series_id,2026-09-24 16:51:16.413398+00,2026-09-24 16:51:16.413398+00
188,NSW West Coast Swing Dance Championships,2017,6,2017-06-02,2017-06-04,scheduled,wsdc_dump,dump:competitionevents:1893,NSW West Coast Swing Dance Championships,,dump_competitionevents_series_id,2026-09-24 16:51:16.413398+00,2026-09-24 16:51:16.413398+00
76,Michigan Dance Classic,2017,6,2017-06-01,2017-06-04,scheduled,wsdc_dump,dump:competitionevents:1901,Michigan Dance Classic,,dump_competitionevents_series_id,2026-09-24 16:51:16.413398+00,2026-09-24 16:51:16.413398+00
117,Orange Blossom Dance Festival,2017,6,2017-06-01,2017-06-04,scheduled,wsdc_dump,dump:competitionevents:1897,Orange Blossom Dance Festival,,dump_competitionevents_series_id,2026-09-24 16:51:16.413398+00,2026-09-24 16:51:16.413398+00
206,Hungarian Open,2017,5,2017-05-26,2017-05-28,scheduled,wsdc_dump,dump:competitionevents:1892,Hungarian Open,,dump_competitionevents_series_id,2026-09-24 16:51:16.413398+00,2026-09-24 16:51:16.413398+00
221,Show Me Showdown,2017,5,2017-05-26,2017-05-28,scheduled,wsdc_dump,dump:competitionevents:1899,Show-Me Showdown,,dump_competitionevents_series_id,2026-09-24 16:51:16.413398+00,2026-09-24 16:51:16.413398+00
175,French Open West Coast Swing,2017,5,2017-05-25,2017-05-28,scheduled,wsdc_dump,dump:competitionevents:1896,French Open West Coast Swing,,dump_competitionevents_series_id,2026-09-24 16:51:16.413398+00,2026-09-24 16:51:16.413398+00
20,FreZno Dance Classic,2017,5,2017-05-25,2017-05-29,scheduled,wsdc_dump,dump:competitionevents:1891,FreZno Dance Classic,,dump_competitionevents_series_id,2026-09-24 16:51:16.413398+00,2026-09-24 16:51:16.413398+00
22,USA Grand Nationals,2017,5,2017-05-25,2017-05-28,scheduled,wsdc_dump,dump:competitionevents:1895,USA Grand Nationals,,dump_competitionevents_series_id,2026-09-24 16:51:16.413398+00,2026-09-24 16:51:16.413398+00
105,Canadian Swing Championships,2017,5,2017-05-19,2017-05-21,scheduled,wsdc_dump,dump:competitionevents:1898,Canadian Swing Championships,,dump_competitionevents_series_id,2026-09-24 16:51:16.413398+00,2026-09-24 16:51:16.413398+00
205,SOswing,2017,5,2017-05-19,2017-05-21,scheduled,wsdc_dump,dump:competitionevents:1887,SOswing,,dump_competitionevents_series_id,2026-09-24 16:51:16.413398+00,2026-09-24 16:51:16.413398+00
174,Swingsation,2017,5,2017-05-18,2017-05-21,scheduled,wsdc_dump,dump:competitionevents:1888,Swingsation,,dump_competitionevents_series_id,2026-09-24 16:51:16.413398+00,2026-09-24 16:51:16.413398+00
121,The Texas Classic,2017,5,2017-05-18,2017-05-22,scheduled,wsdc_dump,dump:competitionevents:1890,The Texas Classic,,dump_competitionevents_series_id,2026-09-24 16:51:16.413398+00,2026-09-24 16:51:16.413398+00
219,KIWI Fest,2017,5,2017-05-05,2017-05-07,scheduled,wsdc_dump,dump:competitionevents:1886,KIWI Fest,,dump_competitionevents_series_id,2026-09-24 16:51:16.413398+00,2026-09-24 16:51:16.413398+00
61,SwingDiego,2017,5,2017-05-05,2017-05-07,scheduled,wsdc_dump,dump:competitionevents:1894,SwingDiego,,dump_competitionevents_series_id,2026-09-24 16:51:16.413398+00,2026-09-24 16:51:16.413398+00
277,Scotland Swing Classic,2017,5,2017-05-04,2017-05-08,scheduled,wsdc_dump,dump:competitionevents:1885,Scotland Swing Classic,,dump_competitionevents_series_id,2026-09-24 16:46:53.951637+00,2026-09-24 16:46:53.951637+00
144,Swingin' Into Spring,2017,5,2017-05-04,2017-05-07,scheduled,wsdc_dump,dump:competitionevents:1884,Swingin' Into Spring,,dump_competitionevents_series_id,2026-09-24 16:46:53.951637+00,2026-09-24 16:46:53.951637+00
253,Nordic WCS Championships,2017,4,2017-04-27,2017-04-30,scheduled,wsdc_dump,dump:competitionevents:1882,Nordic WCS Championships,,dump_competitionevents_series_id,2026-09-24 16:46:53.951637+00,2026-09-24 16:46:53.951637+00
134,Swing Dance America,2017,4,2017-04-27,2017-04-30,scheduled,wsdc_dump,dump:competitionevents:1889,Swing Dance America,,dump_competitionevents_series_id,2026-09-24 16:51:16.413398+00,2026-09-24 16:51:16.413398+00
218,Asia West Coast Swing Open,2017,4,2017-04-20,2017-04-23,scheduled,wsdc_dump,dump:competitionevents:1883,Asia West Coast Swing Open,,dump_competitionevents_series_id,2026-09-24 16:46:53.951637+00,2026-09-24 16:46:53.951637+00
203,Detonation Dance,2017,4,2017-04-20,2017-04-23,scheduled,wsdc_dump,dump:competitionevents:1881,Detonation Dance ,,dump_competitionevents_series_id,2026-09-24 16:46:53.951637+00,2026-09-24 16:46:53.951637+00
18,Easter Swing,2017,4,2017-04-14,2017-04-16,scheduled,wsdc_dump,dump:competitionevents:1878,Seattle's Easter Swing,,dump_competitionevents_series_id,2026-09-24 16:46:53.951637+00,2026-09-24 16:46:53.951637+00
132,Tulsa Spring Swing,2017,4,2017-04-14,2017-04-16,scheduled,wsdc_dump,dump:competitionevents:1879,Tulsa Spring Swing,,dump_competitionevents_series_id,2026-09-24 16:46:53.951637+00,2026-09-24 16:46:53.951637+00
217,San Diego Dance Festival,2017,4,2017-04-13,2017-04-16,scheduled,wsdc_dump,dump:competitionevents:1877,San Diego Dance Festival,,dump_competitionevents_series_id,2026-09-24 16:46:53.951637+00,2026-09-24 16:46:53.951637+00
154,UK WCS Championships,2017,4,2017-04-06,2017-04-09,scheduled,wsdc_dump,dump:competitionevents:1875,UK & European WCS Championships,,dump_competitionevents_series_id,2026-09-24 16:46:53.951637+00,2026-09-24 16:46:53.951637+00
276,Anchor Festival,2017,4,2017-03-31,2017-04-02,scheduled,wsdc_dump,dump:competitionevents:1880,Anchor Festival,,dump_competitionevents_series_id,2026-09-24 16:46:53.951637+00,2026-09-24 16:46:53.951637+00
187,City of Angels WCS,2017,4,2017-03-30,2017-04-02,scheduled,wsdc_dump,dump:competitionevents:1873,City of Angels,,dump_competitionevents_series_id,2026-09-24 16:46:53.951637+00,2026-09-24 16:46:53.951637+00
170,Russian Open WCS Championships,2017,4,2017-03-30,2017-04-02,scheduled,wsdc_dump,dump:competitionevents:1874,Russian Open WCS Championships,,dump_competitionevents_series_id,2026-09-24 16:46:53.951637+00,2026-09-24 16:46:53.951637+00
9,Boston Tea Party,2017,3,2017-03-24,2017-03-26,scheduled,wsdc_dump,dump:competitionevents:1876,Boston Tea Party,,dump_competitionevents_series_id,2026-09-24 16:46:53.951637+00,2026-09-24 16:46:53.951637+00
153,Novice Invitational,2017,3,2017-03-24,2017-03-26,scheduled,wsdc_dump,dump:competitionevents:1870,Novice Invitational,,dump_competitionevents_series_id,2026-09-24 16:46:53.951637+00,2026-09-24 16:46:53.951637+00
259,Swingover,2017,3,2017-03-24,2017-03-26,scheduled,wsdc_dump,dump:competitionevents:1869,Swing Over Orlando,,dump_competitionevents_series_id,2026-09-24 16:46:53.951637+00,2026-09-24 16:46:53.951637+00
247,Austrian WCS Spectacle,2017,3,2017-03-23,2017-03-26,scheduled,wsdc_dump,dump:competitionevents:1872,Austrian WCS Spectacle,,dump_competitionevents_series_id,2026-09-24 16:46:53.951637+00,2026-09-24 16:46:53.951637+00
246,Swing Escape,2017,3,2017-03-17,2017-03-19,scheduled,wsdc_dump,dump:competitionevents:1867,Swing Escape,,dump_competitionevents_series_id,2026-09-24 16:46:53.951637+00,2026-09-24 16:46:53.951637+00
275,Dutch Open West Coast Swing,2017,3,2017-03-16,2017-03-19,scheduled,wsdc_dump,dump:competitionevents:1871,Dutch Open West Coast Swing,,dump_competitionevents_series_id,2026-09-24 16:46:53.951637+00,2026-09-24 16:46:53.951637+00
143,High Desert Dance Classic,2017,3,2017-03-10,2017-03-12,scheduled,wsdc_dump,dump:competitionevents:1866,High Desert Dance Classic,,dump_competitionevents_series_id,2026-09-24 16:46:53.951637+00,2026-09-24 16:46:53.951637+00
186,West in Lyon,2017,3,2017-03-09,2017-03-12,scheduled,wsdc_dump,dump:competitionevents:1868,West In Lyon,,dump_competitionevents_series_id,2026-09-24 16:46:53.951637+00,2026-09-24 16:46:53.951637+00
92,MADjam,2017,3,2017-03-02,2017-03-05,scheduled,wsdc_dump,dump:competitionevents:1865,Mid-Atlantic Dance Jam,,dump_competitionevents_series_id,2026-09-24 16:46:53.951637+00,2026-09-24 16:46:53.951637+00
197,5280 Westival,2017,2,2017-02-24,2017-02-26,scheduled,wsdc_dump,dump:competitionevents:1862,5280 Swing Dance Championships,,dump_competitionevents_series_id,2026-09-24 16:46:53.951637+00,2026-09-24 16:46:53.951637+00
274,Australasian WCS & Zouk Champs,2017,2,2017-02-23,2017-02-27,scheduled,wsdc_dump,dump:competitionevents:1861,Australasian WCS & Zouk Champs,,dump_competitionevents_series_id,2026-09-24 16:46:53.951637+00,2026-09-24 16:46:53.951637+00
244,Rose City Swing,2017,2,2017-02-23,2017-02-26,scheduled,wsdc_dump,dump:competitionevents:1863,Rose City Swing,,dump_competitionevents_series_id,2026-09-24 16:46:53.951637+00,2026-09-24 16:46:53.951637+00
12,Capital Swing Dance Convention,2017,2,2017-02-17,2017-02-19,scheduled,wsdc_dump,dump:competitionevents:1859,Capital Swing Dance Convention,,dump_competitionevents_series_id,2026-09-24 16:46:53.951637+00,2026-09-24 16:46:53.951637+00
185,Sweetheart Swing Classic,2017,2,2017-02-16,2017-02-19,scheduled,wsdc_dump,dump:competitionevents:1860,Sweetheart Swing Classic,,dump_competitionevents_series_id,2026-09-24 16:46:53.951637+00,2026-09-24 16:46:53.951637+00
169,Dance Camp Chicago,2017,2,2017-02-10,2017-02-12,scheduled,wsdc_dump,dump:competitionevents:1858,Dance Camp Chicago,,dump_competitionevents_series_id,2026-09-24 16:46:53.951637+00,2026-09-24 16:46:53.951637+00
258,Swingtzerland,2017,2,2017-02-09,2017-02-12,scheduled,wsdc_dump,dump:competitionevents:1857,Swingtzerland,,dump_competitionevents_series_id,2026-09-24 16:46:53.951637+00,2026-09-24 16:46:53.951637+00
273,Charlotte Westie Fest,2017,2,2017-02-03,2017-02-05,scheduled,wsdc_dump,dump:competitionevents:1856,Charlotte Westie Fest,,dump_competitionevents_series_id,2026-09-24 16:46:53.951637+00,2026-09-24 16:46:53.951637+00
215,Swing & Snow,2017,2,2017-02-02,2017-02-06,scheduled,wsdc_dump,dump:competitionevents:1855,Swing & Snow,,dump_competitionevents_series_id,2026-09-24 16:46:53.951637+00,2026-09-24 16:46:53.951637+00
242,Derby City Swing,2017,1,2017-01-26,2017-01-29,scheduled,wsdc_dump,dump:competitionevents:1853,Derby City Swing,,dump_competitionevents_series_id,2026-09-24 16:46:53.951637+00,2026-09-24 16:46:53.951637+00
272,Paris Westie Fest,2017,1,2017-01-20,2017-01-22,scheduled,wsdc_dump,dump:competitionevents:1851,Paris Westie Fest,,dump_competitionevents_series_id,2026-09-24 16:46:53.951637+00,2026-09-24 16:46:53.951637+00
196,SwingCouver,2017,1,2017-01-20,2017-01-22,scheduled,wsdc_dump,dump:competitionevents:1854,SwingCouver,,dump_competitionevents_series_id,2026-09-24 16:46:53.951637+00,2026-09-24 16:46:53.951637+00
183,Freedom Swing Dance Challenge,2017,1,2017-01-13,2017-01-15,scheduled,wsdc_dump,dump:competitionevents:1850,Freedom Swing Dance Challenge,,dump_competitionevents_series_id,2026-09-24 16:46:53.951637+00,2026-09-24 16:46:53.951637+00
62,Monterey SwingFest,2017,1,2017-01-13,2017-01-16,scheduled,wsdc_dump,dump:competitionevents:1848,Monterey SwingFest,,dump_competitionevents_series_id,2026-09-24 16:46:53.951637+00,2026-09-24 16:46:53.951637+00
200,Austin Swing Dance Championships,2017,1,2017-01-12,2017-01-15,scheduled,wsdc_dump,dump:competitionevents:1849,Austin Swing Dance Championships,,dump_competitionevents_series_id,2026-09-24 16:46:53.951637+00,2026-09-24 16:46:53.951637+00
184,BudaFest Open WCS Championships,2017,1,2017-01-06,2017-01-08,scheduled,wsdc_dump,dump:competitionevents:1846,BudaFest Open WCS Championships,,dump_competitionevents_series_id,2026-09-24 16:46:53.951637+00,2026-09-24 16:46:53.951637+00
241,Moscow Xmas Dance Camp,2017,1,2017-01-06,2017-01-08,scheduled,wsdc_dump,dump:competitionevents:1845,Moscow Xmas Dance Camp,,dump_competitionevents_series_id,2026-09-24 16:46:53.951637+00,2026-09-24 16:46:53.951637+00
240,Westie Gala,2017,1,2017-01-06,2017-01-08,scheduled,wsdc_dump,dump:competitionevents:1844,Sweden Westie Gala,,dump_competitionevents_series_id,2026-09-24 16:45:51.329369+00,2026-09-24 16:45:51.329369+00
75,UCWDC Country Dance World Championship,2017,1,2017-01-01,2017-01-08,scheduled,wsdc_dump,dump:competitionevents:1852,Worlds UCWDC,,dump_competitionevents_series_id,2026-09-24 16:46:53.951637+00,2026-09-24 16:46:53.951637+00
42,Floorplay Swing Vacation,2017,1,2016-12-30,2017-01-02,scheduled,wsdc_dump,dump:competitionevents:1840,Floorplay New Years Swing Vacation,,dump_competitionevents_series_id,2026-09-24 16:45:51.329369+00,2026-09-24 16:45:51.329369+00
141,Spotlight New Year's Celebration,2017,1,2016-12-30,2017-01-02,scheduled,wsdc_dump,dump:competitionevents:1842,Spotlight Dance Challenge,,dump_competitionevents_series_id,2026-09-24 16:45:51.329369+00,2026-09-24 16:45:51.329369+00
334,Countdown Swing Boston,2017,1,2016-12-29,2017-01-01,scheduled,wsdc_dump,dump:competitionevents:1843,New Year's Dance Extravaganza,,dump_competitionevents_series_id,2026-09-24 16:45:51.329369+00,2026-09-24 16:45:51.329369+00
195,Palm Springs New Years Swing Dance Classic,2017,1,2016-12-29,2017-01-02,scheduled,wsdc_dump,dump:competitionevents:1841,Palm Springs New Years Swing Dance Classic,,dump_competitionevents_series_id,2026-09-24 16:45:51.329369+00,2026-09-24 16:45:51.329369+00
214,New Year's Swing Fling,2017,1,2016-12-27,2017-01-01,scheduled,wsdc_dump,dump:competitionevents:1847,New Year's Swing Fling,,dump_competitionevents_series_id,2026-09-24 16:46:53.951637+00,2026-09-24 16:46:53.951637+00
271,Berlin Swing Revolution,2016,12,2016-12-08,2016-12-11,scheduled,wsdc_dump,dump:competitionevents:1839,Berlin Swing Revolution,,dump_competitionevents_series_id,2026-09-24 16:45:51.329369+00,2026-09-24 16:45:51.329369+00
213,Swingtimate,2016,12,2016-12-08,2016-12-11,scheduled,wsdc_dump,dump:competitionevents:1836,Swingtimate,,dump_competitionevents_series_id,2026-09-24 16:45:51.329369+00,2026-09-24 16:45:51.329369+00
238,Winter White,2016,12,2016-12-02,2016-12-04,scheduled,wsdc_dump,dump:competitionevents:1837,Winter White,,dump_competitionevents_series_id,2026-09-24 16:45:51.329369+00,2026-09-24 16:45:51.329369+00
212,The After Party (TAP),2016,12,2016-12-01,2016-12-04,scheduled,wsdc_dump,dump:competitionevents:1834,The After Party,,dump_competitionevents_series_id,2026-09-24 16:45:51.329369+00,2026-09-24 16:45:51.329369+00
87,CASH Bash,2016,11,2016-11-25,2016-11-27,scheduled,wsdc_dump,dump:competitionevents:1835,C.A.S.H. Bash Weekend,,dump_competitionevents_series_id,2026-09-24 16:45:51.329369+00,2026-09-24 16:45:51.329369+00
68,US Open Swing Dance Championships,2016,11,2016-11-24,2016-11-27,scheduled,wsdc_dump,dump:competitionevents:1832,US Open Swing Dance Championships,,dump_competitionevents_series_id,2026-09-24 16:45:51.329369+00,2026-09-24 16:45:51.329369+00
181,DC Swing eXperience (DCSX),2016,11,2016-11-17,2016-11-20,scheduled,wsdc_dump,dump:competitionevents:1831,DC Swing eXperience,,dump_competitionevents_series_id,2026-09-24 16:45:51.329369+00,2026-09-24 16:45:51.329369+00
269,Autumn Swing Challenge,2016,11,2016-11-11,2016-11-13,scheduled,wsdc_dump,dump:competitionevents:1833,Autumn Swing Challenge,,dump_competitionevents_series_id,2026-09-24 16:45:51.329369+00,2026-09-24 16:45:51.329369+00
63,Swingin' New England Dance Festival,2016,11,2016-11-11,2016-11-13,scheduled,wsdc_dump,dump:competitionevents:1828,Swingin' New England Dance Festival,,dump_competitionevents_series_id,2026-09-24 16:45:51.329369+00,2026-09-24 16:45:51.329369+00
270,Westie's Angels,2016,11,2016-11-10,2016-11-13,scheduled,wsdc_dump,dump:competitionevents:1838,Westie's Angels,,dump_competitionevents_series_id,2026-09-24 16:45:51.329369+00,2026-09-24 16:45:51.329369+00
229,Scandinavian Open,2016,11,2016-11-04,2016-11-06,scheduled,wsdc_dump,dump:competitionevents:1827,Scandinavian Open,,dump_competitionevents_series_id,2026-09-24 16:45:51.329369+00,2026-09-24 16:45:51.329369+00
79,Sea to Sky,2016,11,2016-11-04,2016-11-06,scheduled,wsdc_dump,dump:competitionevents:1824,Sea to Sky,,dump_competitionevents_series_id,2026-09-24 16:45:51.329369+00,2026-09-24 16:45:51.329369+00
237,WCS Helsinki,2016,11,2016-11-04,2016-11-06,scheduled,wsdc_dump,dump:competitionevents:1825,WCS Helsinki,,dump_competitionevents_series_id,2026-09-24 16:45:51.329369+00,2026-09-24 16:45:51.329369+00
194,Moscow Westie Fest,2016,11,2016-11-03,2016-11-06,scheduled,wsdc_dump,dump:competitionevents:1830,Moscow Westie Dance Fest,,dump_competitionevents_series_id,2026-09-24 16:45:51.329369+00,2026-09-24 16:45:51.329369+00
31,Mountain Magic,2016,11,2016-11-03,2016-11-06,scheduled,wsdc_dump,dump:competitionevents:1829,Mountain Magic,,dump_competitionevents_series_id,2026-09-24 16:45:51.329369+00,2026-09-24 16:45:51.329369+00
65,Halloween SwingThing,2016,10,2016-10-28,2016-10-30,scheduled,wsdc_dump,dump:competitionevents:1822,Halloween SwingThing,,dump_competitionevents_series_id,2026-09-24 16:45:51.329369+00,2026-09-24 16:45:51.329369+00
125,Swing City Chicago,2016,10,2016-10-28,2016-10-30,scheduled,wsdc_dump,dump:competitionevents:1823,Swing City Chicago,,dump_competitionevents_series_id,2026-09-24 16:45:51.329369+00,2026-09-24 16:45:51.329369+00
236,Warsaw Halloween Swing,2016,10,2016-10-28,2016-10-30,scheduled,wsdc_dump,dump:competitionevents:1826,Warsaw Halloween Swing,,dump_competitionevents_series_id,2026-09-24 16:45:51.329369+00,2026-09-24 16:45:51.329369+00
268,Korea Westival,2016,10,2016-10-21,2016-10-23,scheduled,wsdc_dump,dump:competitionevents:1821,Korea Westival,,dump_competitionevents_series_id,2026-09-24 16:45:51.329369+00,2026-09-24 16:45:51.329369+00
43,Paradise Dance Festival,2016,10,2016-10-21,2016-10-23,scheduled,wsdc_dump,dump:competitionevents:1818,Paradise Country Dance Festival,,dump_competitionevents_series_id,2026-09-24 16:45:51.329369+00,2026-09-24 16:45:51.329369+00
178,Montreal Westie Fest,2016,10,2016-10-14,2016-10-16,scheduled,wsdc_dump,dump:competitionevents:1820,Montreal WCS Fest,,dump_competitionevents_series_id,2026-09-24 16:45:51.329369+00,2026-09-24 16:45:51.329369+00
179,New Zealand Open Swing Dance Championships,2016,10,2016-10-14,2016-10-16,scheduled,wsdc_dump,dump:competitionevents:1817,New Zealand Open Swing Dance Championships,,dump_competitionevents_series_id,2026-09-24 16:45:51.329369+00,2026-09-24 16:45:51.329369+00
267,Swustlicious,2016,10,2016-10-14,2016-10-16,scheduled,wsdc_dump,dump:competitionevents:1819,Swustlicious,,dump_competitionevents_series_id,2026-09-24 16:45:51.329369+00,2026-09-24 16:45:51.329369+00
257,Italian Open,2016,10,2016-10-13,2016-10-16,scheduled,wsdc_dump,dump:competitionevents:1815,Italian Open,,dump_competitionevents_series_id,2026-09-24 16:45:51.329369+00,2026-09-24 16:45:51.329369+00
8,Boogie By The Bay,2016,10,2016-10-06,2016-10-09,scheduled,wsdc_dump,dump:competitionevents:1814,Boogie By The Bay,,dump_competitionevents_series_id,2026-09-24 16:45:51.329369+00,2026-09-24 16:45:51.329369+00
211,Atlanta Swing Classic,2016,10,2016-09-30,2016-10-02,scheduled,wsdc_dump,dump:competitionevents:1812,Atlanta Swing Classic,,dump_competitionevents_series_id,2026-09-24 16:45:51.329369+00,2026-09-24 16:45:51.329369+00
165,Midland Swing Open,2016,10,2016-09-30,2016-10-02,scheduled,wsdc_dump,dump:competitionevents:1813,Midland Swing Open,,dump_competitionevents_series_id,2026-09-24 16:45:51.329369+00,2026-09-24 16:45:51.329369+00
234,Philly Swing Classic,2016,9,2016-09-23,2016-09-25,scheduled,wsdc_dump,dump:competitionevents:1811,Philly Swing Classic,,dump_competitionevents_series_id,2026-09-24 16:45:51.329369+00,2026-09-24 16:45:51.329369+00
131,Meet Me In St Louis,2016,9,2016-09-22,2016-09-25,scheduled,wsdc_dump,dump:competitionevents:1810,Meet Me In St Louis,,dump_competitionevents_series_id,2026-09-24 16:45:51.329369+00,2026-09-24 16:45:51.329369+00
266,Rocky Mountain 5 Dance,2016,9,2016-09-16,2016-09-18,scheduled,wsdc_dump,dump:competitionevents:1809,Rocky Mountain 5 Dance,,dump_competitionevents_series_id,2026-09-24 16:45:51.329369+00,2026-09-24 16:45:51.329369+00
167,Best of the Best WCS,2016,9,2016-09-15,2016-09-18,scheduled,wsdc_dump,dump:competitionevents:1808,Best of the Best,,dump_competitionevents_series_id,2026-09-24 16:45:51.329369+00,2026-09-24 16:45:51.329369+00
10,Bridgetown Swing Boogie,2016,10,2016-09-15,2016-10-18,scheduled,wsdc_dump,dump:competitionevents:1816,Bridgetown Swing Boogie,,dump_competitionevents_series_id,2026-09-24 16:45:51.329369+00,2026-09-24 16:45:51.329369+00
232,Norway Westie Fest,2016,9,2016-09-15,2016-09-18,scheduled,wsdc_dump,dump:competitionevents:1806,Norway Westie Fest,,dump_competitionevents_series_id,2026-09-24 16:45:51.329369+00,2026-09-24 16:45:51.329369+00
265,Upstate Dance Challenge,2016,9,2016-09-09,2016-09-11,scheduled,wsdc_dump,dump:competitionevents:1807,Upstate Dance Challenge,,dump_competitionevents_series_id,2026-09-24 16:45:51.329369+00,2026-09-24 16:45:51.329369+00
233,Bavarian Open,2016,9,2016-09-08,2016-09-11,scheduled,wsdc_dump,dump:competitionevents:1803,Bavarian Open,,dump_competitionevents_series_id,2026-09-24 16:43:41.811282+00,2026-09-24 16:43:41.811282+00
231,Trilogy Swing,2016,9,2016-09-08,2016-09-11,scheduled,wsdc_dump,dump:competitionevents:1804,Swing Trilogy,,dump_competitionevents_series_id,2026-09-24 16:43:41.811282+00,2026-09-24 16:43:41.811282+00
230,Sunny Side Dance Camp,2016,9,2016-09-04,2016-09-11,scheduled,wsdc_dump,dump:competitionevents:1805,Sunny Side Dance Camp,,dump_competitionevents_series_id,2026-09-24 16:45:51.329369+00,2026-09-24 16:45:51.329369+00
15,Dallas D.A.N.C.E.,2016,9,2016-09-02,2016-09-04,scheduled,wsdc_dump,dump:competitionevents:1799,Dallas D.A.N.C.E.,,dump_competitionevents_series_id,2026-09-24 16:43:41.811282+00,2026-09-24 16:43:41.811282+00
135,Desert City Swing,2016,9,2016-09-02,2016-09-04,scheduled,wsdc_dump,dump:competitionevents:1801,Desert City Swing,,dump_competitionevents_series_id,2026-09-24 16:43:41.811282+00,2026-09-24 16:43:41.811282+00
177,River City Swing,2016,9,2016-09-02,2016-09-04,scheduled,wsdc_dump,dump:competitionevents:1802,River City Swing,,dump_competitionevents_series_id,2026-09-24 16:43:41.811282+00,2026-09-24 16:43:41.811282+00
48,South Bay Dance Fling,2016,9,2016-09-01,2016-09-04,scheduled,wsdc_dump,dump:competitionevents:1800,South Bay CW Dance Festival,,dump_competitionevents_series_id,2026-09-24 16:43:41.811282+00,2026-09-24 16:43:41.811282+00
53,Summer Hummer,2016,8,2016-08-25,2016-08-28,scheduled,wsdc_dump,dump:competitionevents:1798,Summer Hummer,,dump_competitionevents_series_id,2026-09-24 16:43:41.811282+00,2026-09-24 16:43:41.811282+00
119,Chicagoland Country and Swing Dance Festival,2016,8,2016-08-19,2016-08-21,scheduled,wsdc_dump,dump:competitionevents:1795,Chicagoland Dance Festival,,dump_competitionevents_series_id,2026-09-24 16:43:41.811282+00,2026-09-24 16:43:41.811282+00
264,UpTown Swing,2016,8,2016-08-19,2016-08-21,scheduled,wsdc_dump,dump:competitionevents:1794,Swedish Swing Summer Camp,,dump_competitionevents_series_id,2026-09-24 16:43:41.811282+00,2026-09-24 16:43:41.811282+00
120,Lone Star Invitational,2016,8,2016-08-12,2016-08-14,scheduled,wsdc_dump,dump:competitionevents:1791,Lone Star Invitational,,dump_competitionevents_series_id,2026-09-24 16:43:41.811282+00,2026-09-24 16:43:41.811282+00
157,New England Dance Festival,2016,8,2016-08-11,2016-08-14,scheduled,wsdc_dump,dump:competitionevents:1790,New England Dance Festival,,dump_competitionevents_series_id,2026-09-24 16:43:41.811282+00,2026-09-24 16:43:41.811282+00
51,Palm Springs Summer Dance Classic,2016,8,2016-08-11,2016-08-15,scheduled,wsdc_dump,dump:competitionevents:1796,Palm Springs Summer Dance Classic,,dump_competitionevents_series_id,2026-09-24 16:43:41.811282+00,2026-09-24 16:43:41.811282+00
263,Riga Summer Swing,2016,8,2016-08-11,2016-08-14,scheduled,wsdc_dump,dump:competitionevents:1793,Riga Summer Swing,,dump_competitionevents_series_id,2026-09-24 16:43:41.811282+00,2026-09-24 16:43:41.811282+00
59,Swing Fling,2016,8,2016-08-11,2016-08-14,scheduled,wsdc_dump,dump:competitionevents:1792,Swing Fling,,dump_competitionevents_series_id,2026-09-24 16:43:41.811282+00,2026-09-24 16:43:41.811282+00
224,Midwest Westie Fest,2016,8,2016-08-05,2016-08-07,scheduled,wsdc_dump,dump:competitionevents:1788,Midwest Westie Fest,,dump_competitionevents_series_id,2026-09-24 16:43:41.811282+00,2026-09-24 16:43:41.811282+00
227,Swingtacular: The Galactic Open,2016,8,2016-08-05,2016-08-07,scheduled,wsdc_dump,dump:competitionevents:1789,Swingtacular,,dump_competitionevents_series_id,2026-09-24 16:43:41.811282+00,2026-09-24 16:43:41.811282+00
137,Tampa Bay Classic,2016,8,2016-08-04,2016-08-07,scheduled,wsdc_dump,dump:competitionevents:1787,Tampa Bay Classic,,dump_competitionevents_series_id,2026-09-24 16:43:41.811282+00,2026-09-24 16:43:41.811282+00
164,Sea Sun and Swing,2016,8,2016-07-29,2016-08-06,scheduled,wsdc_dump,dump:competitionevents:1785,Sea Sun and Swing,,dump_competitionevents_series_id,2026-09-24 16:43:41.811282+00,2026-09-24 16:43:41.811282+00
77,Arizona Dance Classic,2016,7,2016-07-28,2016-07-31,scheduled,wsdc_dump,dump:competitionevents:1786,Arizona Dance Classic,,dump_competitionevents_series_id,2026-09-24 16:43:41.811282+00,2026-09-24 16:43:41.811282+00
148,Dance Mardi Gras,2016,7,2016-07-21,2016-07-24,scheduled,wsdc_dump,dump:competitionevents:1782,New Orleans Dance Mardi Gras,,dump_competitionevents_series_id,2026-09-24 16:43:41.811282+00,2026-09-24 16:43:41.811282+00
256,Rock the Barn,2016,7,2016-07-21,2016-07-24,scheduled,wsdc_dump,dump:competitionevents:1797,Rock The Barn,,dump_competitionevents_series_id,2026-09-24 16:43:41.811282+00,2026-09-24 16:43:41.811282+00
262,Swing It Like It's Hot,2016,7,2016-07-21,2016-07-24,scheduled,wsdc_dump,dump:competitionevents:1784,Swing It Like It's Hot,,dump_competitionevents_series_id,2026-09-24 16:43:41.811282+00,2026-09-24 16:43:41.811282+00
47,SwingTime Denver,2016,7,2016-07-21,2016-07-24,scheduled,wsdc_dump,dump:competitionevents:1780,Swingtime in the Rockies,,dump_competitionevents_series_id,2026-09-24 16:43:41.811282+00,2026-09-24 16:43:41.811282+00
149,Florida Dance Magic,2016,7,2016-07-14,2016-07-17,scheduled,wsdc_dump,dump:competitionevents:1776,Florida Dance Magic,,dump_competitionevents_series_id,2026-09-24 16:43:41.811282+00,2026-09-24 16:43:41.811282+00
147,Toronto Open Swing & Hustle Championships,2016,7,2016-07-14,2016-07-17,scheduled,wsdc_dump,dump:competitionevents:1779,Toronto Open Swing & Hustle Championships,,dump_competitionevents_series_id,2026-09-24 16:43:41.811282+00,2026-09-24 16:43:41.811282+00
44,Portland Dance Festival,2016,7,2016-07-08,2016-07-10,scheduled,wsdc_dump,dump:competitionevents:1777,Portland Dance Festival,,dump_competitionevents_series_id,2026-09-24 16:43:41.811282+00,2026-09-24 16:43:41.811282+00
260,Sao Paulo Swing Dance Championships,2016,7,2016-07-01,2016-07-03,scheduled,wsdc_dump,dump:competitionevents:1772,Sao Paulo Swing Dance Championships,,dump_competitionevents_series_id,2026-09-24 16:43:41.811282+00,2026-09-24 16:43:41.811282+00
1,4TH of July Convention,2016,7,2016-06-30,2016-07-03,scheduled,wsdc_dump,dump:competitionevents:1778,4TH of July Convention,,dump_competitionevents_series_id,2026-09-24 16:43:41.811282+00,2026-09-24 16:43:41.811282+00
156,Big Apple Dance Festival,2016,7,2016-06-30,2016-07-03,scheduled,wsdc_dump,dump:competitionevents:1769,Big Apple Dance Festival,,dump_competitionevents_series_id,2026-09-24 16:43:41.811282+00,2026-09-24 16:43:41.811282+00
226,Ft. Lauderdale Swing & Shag Beach Bash,2016,7,2016-06-30,2016-07-04,scheduled,wsdc_dump,dump:competitionevents:1773,Ft. Lauderdale Swing & Shag Beach Bash,,dump_competitionevents_series_id,2026-09-24 16:43:41.811282+00,2026-09-24 16:43:41.811282+00
255,Indy Dance Explosion,2016,7,2016-06-30,2016-07-03,scheduled,wsdc_dump,dump:competitionevents:1774,Indy Dance Explosion,,dump_competitionevents_series_id,2026-09-24 16:43:41.811282+00,2026-09-24 16:43:41.811282+00
225,Wild Wild Westie,2016,7,2016-06-30,2016-07-03,scheduled,wsdc_dump,dump:competitionevents:1771,Wild Wild Westie,,dump_competitionevents_series_id,2026-09-24 16:43:41.811282+00,2026-09-24 16:43:41.811282+00
109,Colorado Country Classic,2016,6,2016-06-25,2016-06-29,scheduled,wsdc_dump,dump:competitionevents:1768,Colorado Country Classic,,dump_competitionevents_series_id,2026-09-24 16:43:41.811282+00,2026-09-24 16:43:41.811282+00
96,Liberty Swing Dance Championships,2016,6,2016-06-23,2016-06-26,scheduled,wsdc_dump,dump:competitionevents:1767,Liberty Swing Dance Championships,,dump_competitionevents_series_id,2026-09-24 16:43:41.811282+00,2026-09-24 16:43:41.811282+00
207,Dance N Play,2016,6,2016-06-17,2016-06-19,scheduled,wsdc_dump,dump:competitionevents:1762,Dance N Play,,dump_competitionevents_series_id,2026-09-24 16:39:31.430953+00,2026-09-24 16:39:31.430953+00
254,Finnfest,2016,6,2016-06-17,2016-06-19,scheduled,wsdc_dump,dump:competitionevents:1764,Finnfest,,dump_competitionevents_series_id,2026-09-24 16:43:41.811282+00,2026-09-24 16:43:41.811282+00
162,Swingapalooza,2016,6,2016-06-17,2016-06-19,scheduled,wsdc_dump,dump:competitionevents:1766,Swingapalooza,,dump_competitionevents_series_id,2026-09-24 16:43:41.811282+00,2026-09-24 16:43:41.811282+00
220,D-Town Swing,2016,6,2016-06-16,2016-06-20,scheduled,wsdc_dump,dump:competitionevents:1770,D-Townswing,,dump_competitionevents_series_id,2026-09-24 16:43:41.811282+00,2026-09-24 16:43:41.811282+00
25,J&J O'Rama,2016,6,2016-06-10,2016-06-12,scheduled,wsdc_dump,dump:competitionevents:1760,J&J O'Rama,,dump_competitionevents_series_id,2026-09-24 16:39:31.430953+00,2026-09-24 16:39:31.430953+00
188,NSW West Coast Swing Dance Championships,2016,6,2016-06-10,2016-06-12,scheduled,wsdc_dump,dump:competitionevents:1761,NSW West Coast Swing Dance Championships,,dump_competitionevents_series_id,2026-09-24 16:39:31.430953+00,2026-09-24 16:39:31.430953+00
117,Orange Blossom Dance Festival,2016,6,2016-06-10,2016-06-12,scheduled,wsdc_dump,dump:competitionevents:1765,Orange Blossom Dance Festival,,dump_competitionevents_series_id,2026-09-24 16:43:41.811282+00,2026-09-24 16:43:41.811282+00
222,Baltic Swing,2016,6,2016-06-03,2016-06-05,scheduled,wsdc_dump,dump:competitionevents:1757,Baltic Swing,,dump_competitionevents_series_id,2026-09-24 16:39:31.430953+00,2026-09-24 16:39:31.430953+00
261,Neverland Swing,2016,6,2016-06-03,2016-06-05,scheduled,wsdc_dump,dump:competitionevents:1775,Neverland Swing,,dump_competitionevents_series_id,2026-09-24 16:43:41.811282+00,2026-09-24 16:43:41.811282+00
76,Michigan Dance Classic,2016,6,2016-06-02,2016-06-05,scheduled,wsdc_dump,dump:competitionevents:1756,Michigan Dance Classic,,dump_competitionevents_series_id,2026-09-24 16:39:31.430953+00,2026-09-24 16:39:31.430953+00
223,Slingshot Swing,2016,6,2016-06-02,2016-06-05,scheduled,wsdc_dump,dump:competitionevents:1758,Slingshot Swing,,dump_competitionevents_series_id,2026-09-24 16:39:31.430953+00,2026-09-24 16:39:31.430953+00
20,FreZno Dance Classic,2016,5,2016-05-27,2016-05-30,scheduled,wsdc_dump,dump:competitionevents:1751,FreZno Dance Classic,,dump_competitionevents_series_id,2026-09-24 16:39:31.430953+00,2026-09-24 16:39:31.430953+00
206,Hungarian Open,2016,5,2016-05-26,2016-05-29,scheduled,wsdc_dump,dump:competitionevents:1754,Hungarian Open,,dump_competitionevents_series_id,2026-09-24 16:39:31.430953+00,2026-09-24 16:39:31.430953+00
22,USA Grand Nationals,2016,5,2016-05-26,2016-05-29,scheduled,wsdc_dump,dump:competitionevents:1753,USA Grand Nationals,,dump_competitionevents_series_id,2026-09-24 16:39:31.430953+00,2026-09-24 16:39:31.430953+00
221,Show Me Showdown,2016,5,2016-05-25,2016-05-27,scheduled,wsdc_dump,dump:competitionevents:1759,Show-Me Showdown,,dump_competitionevents_series_id,2026-09-24 16:39:31.430953+00,2026-09-24 16:39:31.430953+00
105,Canadian Swing Championships,2016,5,2016-05-20,2016-05-23,scheduled,wsdc_dump,dump:competitionevents:1763,Canadian Swing Championships,,dump_competitionevents_series_id,2026-09-24 16:39:31.430953+00,2026-09-24 16:39:31.430953+00
205,SOswing,2016,5,2016-05-20,2016-05-22,scheduled,wsdc_dump,dump:competitionevents:1749,SOswing,,dump_competitionevents_series_id,2026-09-24 16:39:31.430953+00,2026-09-24 16:39:31.430953+00
174,Swingsation,2016,5,2016-05-20,2016-05-22,scheduled,wsdc_dump,dump:competitionevents:1750,Swingsation,,dump_competitionevents_series_id,2026-09-24 16:39:31.430953+00,2026-09-24 16:39:31.430953+00
121,The Texas Classic,2016,5,2016-05-20,2016-05-22,scheduled,wsdc_dump,dump:competitionevents:1748,The Texas Classic,,dump_competitionevents_series_id,2026-09-24 16:39:31.430953+00,2026-09-24 16:39:31.430953+00
61,SwingDiego,2016,5,2016-05-12,2016-05-15,scheduled,wsdc_dump,dump:competitionevents:1752,SwingDiego,,dump_competitionevents_series_id,2026-09-24 16:39:31.430953+00,2026-09-24 16:39:31.430953+00
219,KIWI Fest,2016,5,2016-05-06,2016-05-08,scheduled,wsdc_dump,dump:competitionevents:1747,KIWI Fest,,dump_competitionevents_series_id,2026-09-24 16:39:31.430953+00,2026-09-24 16:39:31.430953+00
175,French Open West Coast Swing,2016,5,2016-05-05,2016-05-08,scheduled,wsdc_dump,dump:competitionevents:1781,French Open West Coast Swing,,dump_competitionevents_series_id,2026-09-24 16:43:41.811282+00,2026-09-24 16:43:41.811282+00
134,Swing Dance America,2016,5,2016-04-29,2016-05-01,scheduled,wsdc_dump,dump:competitionevents:1743,Swing Dance America,,dump_competitionevents_series_id,2026-09-24 16:39:31.430953+00,2026-09-24 16:39:31.430953+00
144,Swingin' Into Spring,2016,5,2016-04-29,2016-05-01,scheduled,wsdc_dump,dump:competitionevents:1745,Swingin' Into Spring,,dump_competitionevents_series_id,2026-09-24 16:39:31.430953+00,2026-09-24 16:39:31.430953+00
201,MidAtlantic Dance Classic,2016,5,2016-04-28,2016-05-01,scheduled,wsdc_dump,dump:competitionevents:1755,MidAtlantic Dance Classic,,dump_competitionevents_series_id,2026-09-24 16:39:31.430953+00,2026-09-24 16:39:31.430953+00
253,Nordic WCS Championships,2016,5,2016-04-28,2016-05-02,scheduled,wsdc_dump,dump:competitionevents:1746,Nordic WCS Championships,,dump_competitionevents_series_id,2026-09-24 16:39:31.430953+00,2026-09-24 16:39:31.430953+00
132,Tulsa Spring Swing,2016,4,2016-04-22,2016-04-24,scheduled,wsdc_dump,dump:competitionevents:1739,Tulsa Spring Swing,,dump_competitionevents_series_id,2026-09-24 16:39:31.430953+00,2026-09-24 16:39:31.430953+00
218,Asia West Coast Swing Open,2016,4,2016-04-21,2016-04-24,scheduled,wsdc_dump,dump:competitionevents:1744,Asia West Coast Swing Open,,dump_competitionevents_series_id,2026-09-24 16:39:31.430953+00,2026-09-24 16:39:31.430953+00
203,Detonation Dance,2016,4,2016-04-21,2016-04-24,scheduled,wsdc_dump,dump:competitionevents:1742,Detonation Dance ,,dump_competitionevents_series_id,2026-09-24 16:39:31.430953+00,2026-09-24 16:39:31.430953+00
247,Austrian WCS Spectacle,2016,4,2016-04-08,2016-04-10,scheduled,wsdc_dump,dump:competitionevents:1741,Austrian WCS Spectacle,,dump_competitionevents_series_id,2026-09-24 16:39:31.430953+00,2026-09-24 16:39:31.430953+00
246,Swing Escape,2016,4,2016-04-01,2016-04-03,scheduled,wsdc_dump,dump:competitionevents:1738,Swing Escape,,dump_competitionevents_series_id,2026-09-24 16:39:31.430953+00,2026-09-24 16:39:31.430953+00
187,City of Angels WCS,2016,4,2016-03-31,2016-04-03,scheduled,wsdc_dump,dump:competitionevents:1740,City of Angels,,dump_competitionevents_series_id,2026-09-24 16:39:31.430953+00,2026-09-24 16:39:31.430953+00
154,UK WCS Championships,2016,4,2016-03-31,2016-04-04,scheduled,wsdc_dump,dump:competitionevents:1736,UK & European WCS Championships,,dump_competitionevents_series_id,2026-09-24 16:39:31.430953+00,2026-09-24 16:39:31.430953+00
259,Swingover,2016,3,2016-03-25,2016-03-27,scheduled,wsdc_dump,dump:competitionevents:1733,Swing Over Orlando,,dump_competitionevents_series_id,2026-09-24 16:28:21.064647+00,2026-09-24 16:28:21.064647+00
18,Easter Swing,2016,3,2016-03-24,2016-03-27,scheduled,wsdc_dump,dump:competitionevents:1732,Seattle's Easter Swing,,dump_competitionevents_series_id,2026-09-24 16:28:21.064647+00,2026-09-24 16:28:21.064647+00
170,Russian Open WCS Championships,2016,3,2016-03-24,2016-03-27,scheduled,wsdc_dump,dump:competitionevents:1734,Russian Open WCS Championships,,dump_competitionevents_series_id,2026-09-24 16:28:21.064647+00,2026-09-24 16:28:21.064647+00
217,San Diego Dance Festival,2016,3,2016-03-24,2016-03-27,scheduled,wsdc_dump,dump:competitionevents:1731,San Diego Dance Festival,,dump_competitionevents_series_id,2026-09-24 16:28:21.064647+00,2026-09-24 16:28:21.064647+00
153,Novice Invitational,2016,3,2016-03-18,2016-03-20,scheduled,wsdc_dump,dump:competitionevents:1730,Novice Invitational,,dump_competitionevents_series_id,2026-09-24 16:28:21.064647+00,2026-09-24 16:28:21.064647+00
216,The Brazilian Open,2016,3,2016-03-18,2016-03-20,scheduled,wsdc_dump,dump:competitionevents:1737,The Brazilian Open Championships,,dump_competitionevents_series_id,2026-09-24 16:39:31.430953+00,2026-09-24 16:39:31.430953+00
9,Boston Tea Party,2016,3,2016-03-17,2016-03-21,scheduled,wsdc_dump,dump:competitionevents:1735,Boston Tea Party,,dump_competitionevents_series_id,2026-09-24 16:28:21.064647+00,2026-09-24 16:28:21.064647+00
143,High Desert Dance Classic,2016,3,2016-03-11,2016-03-13,scheduled,wsdc_dump,dump:competitionevents:1727,High Desert Dance Classic,,dump_competitionevents_series_id,2026-09-24 16:28:21.064647+00,2026-09-24 16:28:21.064647+00
142,The Chicago Classic,2016,3,2016-03-11,2016-03-13,scheduled,wsdc_dump,dump:competitionevents:1729,The Chicago Classic,,dump_competitionevents_series_id,2026-09-24 16:28:21.064647+00,2026-09-24 16:28:21.064647+00
186,West in Lyon,2016,3,2016-03-11,2016-03-13,scheduled,wsdc_dump,dump:competitionevents:1728,West In Lyon,,dump_competitionevents_series_id,2026-09-24 16:28:21.064647+00,2026-09-24 16:28:21.064647+00
92,MADjam,2016,3,2016-03-03,2016-03-06,scheduled,wsdc_dump,dump:competitionevents:1726,Mid-Atlantic Dance Jam,,dump_competitionevents_series_id,2026-09-24 16:28:21.064647+00,2026-09-24 16:28:21.064647+00
169,Dance Camp Chicago,2016,2,2016-02-26,2016-02-28,scheduled,wsdc_dump,dump:competitionevents:1725,Dance Camp Chicago,,dump_competitionevents_series_id,2026-09-24 16:28:21.064647+00,2026-09-24 16:28:21.064647+00
244,Rose City Swing,2016,2,2016-02-25,2016-02-28,scheduled,wsdc_dump,dump:competitionevents:1724,Rose City Swing,,dump_competitionevents_series_id,2026-09-24 16:28:21.064647+00,2026-09-24 16:28:21.064647+00
197,5280 Westival,2016,2,2016-02-18,2016-02-21,scheduled,wsdc_dump,dump:competitionevents:1721,5280 Swing Dance Championships,,dump_competitionevents_series_id,2026-09-24 16:28:21.064647+00,2026-09-24 16:28:21.064647+00
245,Holy Land Open,2016,2,2016-02-18,2016-02-22,scheduled,wsdc_dump,dump:competitionevents:1722,Holy Land Open,,dump_competitionevents_series_id,2026-09-24 16:28:21.064647+00,2026-09-24 16:28:21.064647+00
12,Capital Swing Dance Convention,2016,2,2016-02-11,2016-02-14,scheduled,wsdc_dump,dump:competitionevents:1723,Capital Swing Dance Convention,,dump_competitionevents_series_id,2026-09-24 16:28:21.064647+00,2026-09-24 16:28:21.064647+00
185,Sweetheart Swing Classic,2016,2,2016-02-11,2016-02-14,scheduled,wsdc_dump,dump:competitionevents:1719,Sweetheart Swing Classic,,dump_competitionevents_series_id,2026-09-24 16:28:21.064647+00,2026-09-24 16:28:21.064647+00
215,Swing & Snow,2016,2,2016-02-04,2016-02-08,scheduled,wsdc_dump,dump:competitionevents:1717,Swing & Snow,,dump_competitionevents_series_id,2026-09-24 16:28:21.064647+00,2026-09-24 16:28:21.064647+00
258,Swingtzerland,2016,2,2016-02-04,2016-02-07,scheduled,wsdc_dump,dump:competitionevents:1718,Swingtzerland,,dump_competitionevents_series_id,2026-09-24 16:28:21.064647+00,2026-09-24 16:28:21.064647+00
242,Derby City Swing,2016,1,2016-01-28,2016-01-31,scheduled,wsdc_dump,dump:competitionevents:1715,Derby City Swing,,dump_competitionevents_series_id,2026-09-24 16:28:21.064647+00,2026-09-24 16:28:21.064647+00
196,SwingCouver,2016,1,2016-01-26,2016-01-26,scheduled,wsdc_dump,dump:competitionevents:1716,SwingCouver,,dump_competitionevents_series_id,2026-09-24 16:28:21.064647+00,2026-09-24 16:28:21.064647+00
183,Freedom Swing Dance Challenge,2016,1,2016-01-22,2016-01-24,scheduled,wsdc_dump,dump:competitionevents:1713,Freedom Swing Dance Challenge,,dump_competitionevents_series_id,2026-09-24 16:28:21.321356+00,2026-09-24 16:28:21.321356+00
200,Austin Swing Dance Championships,2016,1,2016-01-15,2016-01-17,scheduled,wsdc_dump,dump:competitionevents:1712,Austin Swing Dance Championships,,dump_competitionevents_series_id,2026-09-24 16:28:21.321356+00,2026-09-24 16:28:21.321356+00
62,Monterey SwingFest,2016,1,2016-01-15,2016-01-17,scheduled,wsdc_dump,dump:competitionevents:1709,Monterey SwingFest,,dump_competitionevents_series_id,2026-09-24 16:28:21.064647+00,2026-09-24 16:28:21.064647+00
184,BudaFest Open WCS Championships,2016,1,2016-01-08,2016-01-10,scheduled,wsdc_dump,dump:competitionevents:1710,BudaFest Open WCS Championships,,dump_competitionevents_series_id,2026-09-24 16:28:21.064647+00,2026-09-24 16:28:21.064647+00
240,Westie Gala,2016,1,2016-01-07,2016-01-10,scheduled,wsdc_dump,dump:competitionevents:1711,Sweden Westie Gala,,dump_competitionevents_series_id,2026-09-24 16:28:21.064647+00,2026-09-24 16:28:21.064647+00
241,Moscow Xmas Dance Camp,2016,1,2016-01-03,2016-01-08,scheduled,wsdc_dump,dump:competitionevents:1705,Moscow Xmas Dance Camp,,dump_competitionevents_series_id,2026-09-24 16:28:21.064647+00,2026-09-24 16:28:21.064647+00
75,UCWDC Country Dance World Championship,2016,1,2016-01-03,2016-01-16,scheduled,wsdc_dump,dump:competitionevents:1720,Worlds UCWDC,,dump_competitionevents_series_id,2026-09-24 16:28:21.064647+00,2026-09-24 16:28:21.064647+00
334,Countdown Swing Boston,2016,1,2015-12-31,2016-01-02,scheduled,wsdc_dump,dump:competitionevents:1704,New Year's Dance Extravaganza,,dump_competitionevents_series_id,2026-09-24 16:28:21.064647+00,2026-09-24 16:28:21.064647+00
42,Floorplay Swing Vacation,2016,1,2015-12-31,2016-01-03,scheduled,wsdc_dump,dump:competitionevents:1707,Floorplay New Years Swing Vacation,,dump_competitionevents_series_id,2026-09-24 16:28:21.064647+00,2026-09-24 16:28:21.064647+00
195,Palm Springs New Years Swing Dance Classic,2016,1,2015-12-31,2016-01-04,scheduled,wsdc_dump,dump:competitionevents:1714,Palm Springs New Years Swing Dance Classic,,dump_competitionevents_series_id,2026-09-24 16:28:21.064647+00,2026-09-24 16:28:21.064647+00
141,Spotlight New Year's Celebration,2016,1,2015-12-31,2016-01-03,scheduled,wsdc_dump,dump:competitionevents:1706,Spotlight Dance Challenge,,dump_competitionevents_series_id,2026-09-24 16:28:21.064647+00,2026-09-24 16:28:21.064647+00
214,New Year's Swing Fling,2016,1,2015-12-29,2016-01-03,scheduled,wsdc_dump,dump:competitionevents:1708,New Year's Swing Fling,,dump_competitionevents_series_id,2026-09-24 16:28:21.064647+00,2026-09-24 16:28:21.064647+00
239,The Challenge,2015,12,2015-12-10,2015-12-13,scheduled,wsdc_dump,dump:competitionevents:1699,The Challenge,,dump_competitionevents_series_id,2026-09-24 16:28:21.064647+00,2026-09-24 16:28:21.064647+00
238,Winter White,2015,12,2015-12-04,2015-12-06,scheduled,wsdc_dump,dump:competitionevents:1698,Winter White,,dump_competitionevents_series_id,2026-09-24 16:28:21.064647+00,2026-09-24 16:28:21.064647+00
212,The After Party (TAP),2015,12,2015-12-03,2015-12-06,scheduled,wsdc_dump,dump:competitionevents:1703,The After Party,,dump_competitionevents_series_id,2026-09-24 16:28:21.064647+00,2026-09-24 16:28:21.064647+00
87,CASH Bash,2015,11,2015-11-27,2015-11-29,scheduled,wsdc_dump,dump:competitionevents:1695,C.A.S.H. Bash Weekend,,dump_competitionevents_series_id,2026-09-24 16:28:21.064647+00,2026-09-24 16:28:21.064647+00
68,US Open Swing Dance Championships,2015,11,2015-11-25,2015-11-29,scheduled,wsdc_dump,dump:competitionevents:1696,US Open Swing Dance Championships,,dump_competitionevents_series_id,2026-09-24 16:28:21.064647+00,2026-09-24 16:28:21.064647+00
181,DC Swing eXperience (DCSX),2015,11,2015-11-20,2015-11-22,scheduled,wsdc_dump,dump:competitionevents:1694,DC Swing eXperience,,dump_competitionevents_series_id,2026-09-24 16:27:52.585771+00,2026-09-24 16:27:52.585771+00
166,London SwingVitational,2015,11,2015-11-19,2015-11-23,scheduled,wsdc_dump,dump:competitionevents:1700,London SWINGvitational,,dump_competitionevents_series_id,2026-09-24 16:28:21.064647+00,2026-09-24 16:28:21.064647+00
194,Moscow Westie Fest,2015,11,2015-11-13,2015-11-15,scheduled,wsdc_dump,dump:competitionevents:1701,Moscow Westie Dance Fest,,dump_competitionevents_series_id,2026-09-24 16:28:21.064647+00,2026-09-24 16:28:21.064647+00
63,Swingin' New England Dance Festival,2015,11,2015-11-12,2015-11-15,scheduled,wsdc_dump,dump:competitionevents:1693,Swingin' New England Dance Festival,,dump_competitionevents_series_id,2026-09-24 16:27:52.585771+00,2026-09-24 16:27:52.585771+00
79,Sea to Sky,2015,11,2015-11-05,2015-11-08,scheduled,wsdc_dump,dump:competitionevents:1702,Sea to Sky,,dump_competitionevents_series_id,2026-09-24 16:28:21.064647+00,2026-09-24 16:28:21.064647+00
31,Mountain Magic,2015,11,2015-11-03,2015-11-05,scheduled,wsdc_dump,dump:competitionevents:1691,Mountain Magic,,dump_competitionevents_series_id,2026-09-24 16:27:52.585771+00,2026-09-24 16:27:52.585771+00
65,Halloween SwingThing,2015,11,2015-10-30,2015-11-01,scheduled,wsdc_dump,dump:competitionevents:1688,Halloween SwingThing,,dump_competitionevents_series_id,2026-09-24 16:27:52.585771+00,2026-09-24 16:27:52.585771+00
236,Warsaw Halloween Swing,2015,11,2015-10-30,2015-11-02,scheduled,wsdc_dump,dump:competitionevents:1690,Warsaw Halloween Swing,,dump_competitionevents_series_id,2026-09-24 16:27:52.585771+00,2026-09-24 16:27:52.585771+00
125,Swing City Chicago,2015,11,2015-10-29,2015-11-01,scheduled,wsdc_dump,dump:competitionevents:1697,Swing City Chicago,,dump_competitionevents_series_id,2026-09-24 16:28:21.064647+00,2026-09-24 16:28:21.064647+00
43,Paradise Dance Festival,2015,10,2015-10-23,2015-10-25,scheduled,wsdc_dump,dump:competitionevents:1689,Paradise Country Dance Festival,,dump_competitionevents_series_id,2026-09-24 16:27:52.585771+00,2026-09-24 16:27:52.585771+00
229,Scandinavian Open,2015,10,2015-10-23,2015-10-25,scheduled,wsdc_dump,dump:competitionevents:1692,Scandinavian Open,,dump_competitionevents_series_id,2026-09-24 16:27:52.585771+00,2026-09-24 16:27:52.585771+00
180,Australian Open Swing Dance Championships,2015,10,2015-10-22,2015-10-25,scheduled,wsdc_dump,dump:competitionevents:1687,Australian Open Swing Dance Championships,,dump_competitionevents_series_id,2026-09-24 16:27:52.585771+00,2026-09-24 16:27:52.585771+00
257,Italian Open,2015,10,2015-10-16,2015-10-18,scheduled,wsdc_dump,dump:competitionevents:1686,Italian Open,,dump_competitionevents_series_id,2026-09-24 16:27:52.585771+00,2026-09-24 16:27:52.585771+00
178,Montreal Westie Fest,2015,10,2015-10-16,2015-10-18,scheduled,wsdc_dump,dump:competitionevents:1685,Montreal WCS Fest,,dump_competitionevents_series_id,2026-09-24 16:27:52.585771+00,2026-09-24 16:27:52.585771+00
179,New Zealand Open Swing Dance Championships,2015,10,2015-10-16,2015-10-19,scheduled,wsdc_dump,dump:competitionevents:1684,New Zealand Open Swing Dance Championships,,dump_competitionevents_series_id,2026-09-24 16:27:52.585771+00,2026-09-24 16:27:52.585771+00
237,WCS Helsinki,2015,10,2015-10-16,2015-10-18,scheduled,wsdc_dump,dump:competitionevents:1682,WCS Helsinki,,dump_competitionevents_series_id,2026-09-24 16:27:52.585771+00,2026-09-24 16:27:52.585771+00
8,Boogie By The Bay,2015,10,2015-10-08,2015-10-11,scheduled,wsdc_dump,dump:competitionevents:1683,Boogie By The Bay,,dump_competitionevents_series_id,2026-09-24 16:27:52.585771+00,2026-09-24 16:27:52.585771+00
234,Philly Swing Classic,2015,10,2015-10-02,2015-10-04,scheduled,wsdc_dump,dump:competitionevents:1681,Philly Swing Classic,,dump_competitionevents_series_id,2026-09-24 16:27:52.585771+00,2026-09-24 16:27:52.585771+00
211,Atlanta Swing Classic,2015,10,2015-10-01,2015-10-04,scheduled,wsdc_dump,dump:competitionevents:1680,Atlanta Swing Classic,,dump_competitionevents_series_id,2026-09-24 16:27:52.585771+00,2026-09-24 16:27:52.585771+00
10,Bridgetown Swing Boogie,2015,9,2015-09-24,2015-09-27,scheduled,wsdc_dump,dump:competitionevents:1675,Bridgetown Swing Boogie,,dump_competitionevents_series_id,2026-09-24 16:27:52.585771+00,2026-09-24 16:27:52.585771+00
131,Meet Me In St Louis,2015,9,2015-09-24,2015-09-27,scheduled,wsdc_dump,dump:competitionevents:1678,Meet Me In St Louis,,dump_competitionevents_series_id,2026-09-24 16:27:52.585771+00,2026-09-24 16:27:52.585771+00
165,Midland Swing Open,2015,9,2015-09-24,2015-09-28,scheduled,wsdc_dump,dump:competitionevents:1676,Midland Swing Open,,dump_competitionevents_series_id,2026-09-24 16:27:52.585771+00,2026-09-24 16:27:52.585771+00
137,Tampa Bay Classic,2015,9,2015-09-17,2015-09-20,scheduled,wsdc_dump,dump:competitionevents:1666,Tampa Bay Classic,,dump_competitionevents_series_id,2026-09-24 16:27:52.585771+00,2026-09-24 16:27:52.585771+00
167,Best of the Best WCS,2015,9,2015-09-13,2015-09-15,scheduled,wsdc_dump,dump:competitionevents:1674,Best of the Best,,dump_competitionevents_series_id,2026-09-24 16:27:52.585771+00,2026-09-24 16:27:52.585771+00
233,Bavarian Open,2015,9,2015-09-10,2015-09-13,scheduled,wsdc_dump,dump:competitionevents:1671,Bavarian Open,,dump_competitionevents_series_id,2026-09-24 16:27:52.585771+00,2026-09-24 16:27:52.585771+00
232,Norway Westie Fest,2015,9,2015-09-10,2015-09-13,scheduled,wsdc_dump,dump:competitionevents:1668,Norway Westie Fest,,dump_competitionevents_series_id,2026-09-24 16:27:52.585771+00,2026-09-24 16:27:52.585771+00
190,Vermont Swing Dance Championships,2015,9,2015-09-10,2015-09-13,scheduled,wsdc_dump,dump:competitionevents:1669,Vermont Swing Dance Championships,,dump_competitionevents_series_id,2026-09-24 16:27:52.585771+00,2026-09-24 16:27:52.585771+00
135,Desert City Swing,2015,9,2015-09-04,2015-09-06,scheduled,wsdc_dump,dump:competitionevents:1664,Desert City Swing,,dump_competitionevents_series_id,2026-09-24 16:27:52.585771+00,2026-09-24 16:27:52.585771+00
177,River City Swing,2015,9,2015-09-04,2015-09-06,scheduled,wsdc_dump,dump:competitionevents:1672,River City Swing,,dump_competitionevents_series_id,2026-09-24 16:27:52.585771+00,2026-09-24 16:27:52.585771+00
15,Dallas D.A.N.C.E.,2015,9,2015-09-03,2015-09-06,scheduled,wsdc_dump,dump:competitionevents:1670,Dallas D.A.N.C.E.,,dump_competitionevents_series_id,2026-09-24 16:27:52.585771+00,2026-09-24 16:27:52.585771+00
48,South Bay Dance Fling,2015,9,2015-09-03,2015-09-06,scheduled,wsdc_dump,dump:competitionevents:1673,South Bay CW Dance Festival,,dump_competitionevents_series_id,2026-09-24 16:27:52.585771+00,2026-09-24 16:27:52.585771+00
230,Sunny Side Dance Camp,2015,9,2015-08-30,2015-09-06,scheduled,wsdc_dump,dump:competitionevents:1667,Sunny Side Dance Camp,,dump_competitionevents_series_id,2026-09-24 16:27:52.585771+00,2026-09-24 16:27:52.585771+00
53,Summer Hummer,2015,8,2015-08-28,2015-08-30,scheduled,wsdc_dump,dump:competitionevents:1663,Summer Hummer,,dump_competitionevents_series_id,2026-09-24 16:27:52.585771+00,2026-09-24 16:27:52.585771+00
119,Chicagoland Country and Swing Dance Festival,2015,8,2015-08-21,2015-08-23,scheduled,wsdc_dump,dump:competitionevents:1660,Chicagoland Dance Festival,,dump_competitionevents_series_id,2026-09-24 16:27:52.585771+00,2026-09-24 16:27:52.585771+00
51,Palm Springs Summer Dance Classic,2015,8,2015-08-14,2015-08-17,scheduled,wsdc_dump,dump:competitionevents:1656,Palm Springs Summer Dance Classic,,dump_competitionevents_series_id,2026-09-24 16:27:52.585771+00,2026-09-24 16:27:52.585771+00
159,World Swing Masters,2015,8,2015-08-14,2015-08-16,scheduled,wsdc_dump,dump:competitionevents:1679,World Swing Masters,,dump_competitionevents_series_id,2026-09-24 16:27:52.585771+00,2026-09-24 16:27:52.585771+00
157,New England Dance Festival,2015,8,2015-08-13,2015-08-16,scheduled,wsdc_dump,dump:competitionevents:1662,New England Dance Festival,,dump_competitionevents_series_id,2026-09-24 16:27:52.585771+00,2026-09-24 16:27:52.585771+00
227,Swingtacular: The Galactic Open,2015,8,2015-08-08,2015-08-12,scheduled,wsdc_dump,dump:competitionevents:1661,Swingtacular,,dump_competitionevents_series_id,2026-09-24 16:27:52.585771+00,2026-09-24 16:27:52.585771+00
77,Arizona Dance Classic,2015,8,2015-08-07,2015-08-09,scheduled,wsdc_dump,dump:competitionevents:1655,Arizona Dance Classic,,dump_competitionevents_series_id,2026-09-24 16:26:38.454896+00,2026-09-24 16:26:38.454896+00
120,Lone Star Invitational,2015,8,2015-08-07,2015-08-12,scheduled,wsdc_dump,dump:competitionevents:1659,Lone Star Invitational,,dump_competitionevents_series_id,2026-09-24 16:27:52.585771+00,2026-09-24 16:27:52.585771+00
228,Summer Swing Classic,2015,8,2015-08-06,2015-08-09,scheduled,wsdc_dump,dump:competitionevents:1665,Summer Swing Classic,,dump_competitionevents_series_id,2026-09-24 16:27:52.585771+00,2026-09-24 16:27:52.585771+00
59,Swing Fling,2015,8,2015-07-31,2015-08-02,scheduled,wsdc_dump,dump:competitionevents:1654,Swing Fling,,dump_competitionevents_series_id,2026-09-24 16:26:38.454896+00,2026-09-24 16:26:38.454896+00
47,SwingTime Denver,2015,7,2015-07-24,2015-07-26,scheduled,wsdc_dump,dump:competitionevents:1652,Swingtime in the Rockies,,dump_competitionevents_series_id,2026-09-24 16:26:38.454896+00,2026-09-24 16:26:38.454896+00
148,Dance Mardi Gras,2015,7,2015-07-17,2015-07-19,scheduled,wsdc_dump,dump:competitionevents:1657,New Orleans Dance Mardi Gras,,dump_competitionevents_series_id,2026-09-24 16:27:52.585771+00,2026-09-24 16:27:52.585771+00
256,Rock the Barn,2015,7,2015-07-17,2015-07-19,scheduled,wsdc_dump,dump:competitionevents:1648,Rock The Barn,,dump_competitionevents_series_id,2026-09-24 16:26:38.454896+00,2026-09-24 16:26:38.454896+00
149,Florida Dance Magic,2015,7,2015-07-16,2015-07-20,scheduled,wsdc_dump,dump:competitionevents:1650,Florida Dance Magic,,dump_competitionevents_series_id,2026-09-24 16:26:38.454896+00,2026-09-24 16:26:38.454896+00
44,Portland Dance Festival,2015,7,2015-07-10,2015-07-12,scheduled,wsdc_dump,dump:competitionevents:1649,Portland Dance Festival,,dump_competitionevents_series_id,2026-09-24 16:26:38.454896+00,2026-09-24 16:26:38.454896+00
209,SinCity Swing,2015,7,2015-07-10,2015-07-12,scheduled,wsdc_dump,dump:competitionevents:1658,SinCity Swing,,dump_competitionevents_series_id,2026-09-24 16:27:52.585771+00,2026-09-24 16:27:52.585771+00
1,4TH of July Convention,2015,7,2015-07-02,2015-07-05,scheduled,wsdc_dump,dump:competitionevents:1653,4TH of July Convention,,dump_competitionevents_series_id,2026-09-24 16:26:38.454896+00,2026-09-24 16:26:38.454896+00
156,Big Apple Dance Festival,2015,7,2015-07-02,2015-07-05,scheduled,wsdc_dump,dump:competitionevents:1643,Big Apple Dance Festival,,dump_competitionevents_series_id,2026-09-24 16:26:38.454896+00,2026-09-24 16:26:38.454896+00
226,Ft. Lauderdale Swing & Shag Beach Bash,2015,7,2015-07-02,2015-07-06,scheduled,wsdc_dump,dump:competitionevents:1646,Ft. Lauderdale Swing & Shag Beach Bash,,dump_competitionevents_series_id,2026-09-24 16:26:38.454896+00,2026-09-24 16:26:38.454896+00
255,Indy Dance Explosion,2015,7,2015-07-02,2015-07-05,scheduled,wsdc_dump,dump:competitionevents:1645,Indy Dance Explosion,,dump_competitionevents_series_id,2026-09-24 16:26:38.454896+00,2026-09-24 16:26:38.454896+00
225,Wild Wild Westie,2015,7,2015-07-02,2015-07-05,scheduled,wsdc_dump,dump:competitionevents:1647,Wild Wild Westie,,dump_competitionevents_series_id,2026-09-24 16:26:38.454896+00,2026-09-24 16:26:38.454896+00
109,Colorado Country Classic,2015,6,2015-06-25,2015-06-29,scheduled,wsdc_dump,dump:competitionevents:1642,Colorado Country Classic,,dump_competitionevents_series_id,2026-09-24 16:26:38.454896+00,2026-09-24 16:26:38.454896+00
96,Liberty Swing Dance Championships,2015,6,2015-06-25,2015-06-29,scheduled,wsdc_dump,dump:competitionevents:1641,Liberty Swing Dance Championships,,dump_competitionevents_series_id,2026-09-24 16:26:38.454896+00,2026-09-24 16:26:38.454896+00
162,Swingapalooza,2015,6,2015-06-19,2015-06-21,scheduled,wsdc_dump,dump:competitionevents:1640,Swingapalooza,,dump_competitionevents_series_id,2026-09-24 16:26:38.454896+00,2026-09-24 16:26:38.454896+00
220,D-Town Swing,2015,6,2015-06-18,2015-06-21,scheduled,wsdc_dump,dump:competitionevents:1639,D-Townswing,,dump_competitionevents_series_id,2026-09-24 16:26:38.454896+00,2026-09-24 16:26:38.454896+00
207,Dance N Play,2015,6,2015-06-18,2015-06-21,scheduled,wsdc_dump,dump:competitionevents:1644,Dance N Play,,dump_competitionevents_series_id,2026-09-24 16:26:38.454896+00,2026-09-24 16:26:38.454896+00
254,Finnfest,2015,6,2015-06-12,2015-06-14,scheduled,wsdc_dump,dump:competitionevents:1638,Finnfest,,dump_competitionevents_series_id,2026-09-24 16:26:38.454896+00,2026-09-24 16:26:38.454896+00
25,J&J O'Rama,2015,6,2015-06-12,2015-06-14,scheduled,wsdc_dump,dump:competitionevents:1633,J&J O'Rama,,dump_competitionevents_series_id,2026-09-24 16:26:38.454896+00,2026-09-24 16:26:38.454896+00
188,NSW West Coast Swing Dance Championships,2015,6,2015-06-06,2015-06-07,scheduled,wsdc_dump,dump:competitionevents:1634,NSW West Coast Swing Dance Championships,,dump_competitionevents_series_id,2026-09-24 16:26:38.454896+00,2026-09-24 16:26:38.454896+00
222,Baltic Swing,2015,6,2015-06-05,2015-06-07,scheduled,wsdc_dump,dump:competitionevents:1636,Baltic Swing,,dump_competitionevents_series_id,2026-09-24 16:26:38.454896+00,2026-09-24 16:26:38.454896+00
117,Orange Blossom Dance Festival,2015,6,2015-06-05,2015-06-07,scheduled,wsdc_dump,dump:competitionevents:1635,Orange Blossom Dance Festival,,dump_competitionevents_series_id,2026-09-24 16:26:38.454896+00,2026-09-24 16:26:38.454896+00
206,Hungarian Open,2015,5,2015-05-29,2015-05-31,scheduled,wsdc_dump,dump:competitionevents:1628,Hungarian Open,,dump_competitionevents_series_id,2026-09-24 16:26:38.454896+00,2026-09-24 16:26:38.454896+00
76,Michigan Dance Classic,2015,5,2015-05-28,2015-05-31,scheduled,wsdc_dump,dump:competitionevents:1627,Michigan Dance Classic,,dump_competitionevents_series_id,2026-09-24 16:26:38.454896+00,2026-09-24 16:26:38.454896+00
221,Show Me Showdown,2015,5,2015-05-24,2015-05-26,scheduled,wsdc_dump,dump:competitionevents:1632,Show-Me Showdown,,dump_competitionevents_series_id,2026-09-24 16:26:38.454896+00,2026-09-24 16:26:38.454896+00
20,FreZno Dance Classic,2015,5,2015-05-23,2015-05-25,scheduled,wsdc_dump,dump:competitionevents:1625,FreZno Dance Classic,,dump_competitionevents_series_id,2026-09-24 16:26:38.454896+00,2026-09-24 16:26:38.454896+00
22,USA Grand Nationals,2015,5,2015-05-21,2015-05-25,scheduled,wsdc_dump,dump:competitionevents:1626,USA Grand Nationals,,dump_competitionevents_series_id,2026-09-24 16:26:38.454896+00,2026-09-24 16:26:38.454896+00
105,Canadian Swing Championships,2015,5,2015-05-15,2015-05-18,scheduled,wsdc_dump,dump:competitionevents:1623,Canadian Swing Championships,,dump_competitionevents_series_id,2026-09-24 16:26:38.454896+00,2026-09-24 16:26:38.454896+00
174,Swingsation,2015,5,2015-05-15,2015-05-17,scheduled,wsdc_dump,dump:competitionevents:1616,Swingsation,,dump_competitionevents_series_id,2026-09-24 16:26:38.454896+00,2026-09-24 16:26:38.454896+00
121,The Texas Classic,2015,5,2015-05-15,2015-05-17,scheduled,wsdc_dump,dump:competitionevents:1620,The Texas Classic,,dump_competitionevents_series_id,2026-09-24 16:26:38.454896+00,2026-09-24 16:26:38.454896+00
175,French Open West Coast Swing,2015,5,2015-05-14,2015-05-17,scheduled,wsdc_dump,dump:competitionevents:1651,French Open West Coast Swing,,dump_competitionevents_series_id,2026-09-24 16:26:38.454896+00,2026-09-24 16:26:38.454896+00
61,SwingDiego,2015,5,2015-05-07,2015-05-10,scheduled,wsdc_dump,dump:competitionevents:1624,SwingDiego,,dump_competitionevents_series_id,2026-09-24 16:26:38.454896+00,2026-09-24 16:26:38.454896+00
219,KIWI Fest,2015,5,2015-05-01,2015-05-03,scheduled,wsdc_dump,dump:competitionevents:1614,KIWI Fest,,dump_competitionevents_series_id,2026-09-24 16:26:38.454896+00,2026-09-24 16:26:38.454896+00
253,Nordic WCS Championships,2015,5,2015-05-01,2015-05-04,scheduled,wsdc_dump,dump:competitionevents:1613,Nordic WCS Championships,,dump_competitionevents_series_id,2026-09-24 16:26:38.454896+00,2026-09-24 16:26:38.454896+00
201,MidAtlantic Dance Classic,2015,5,2015-04-30,2015-05-03,scheduled,wsdc_dump,dump:competitionevents:1618,MidAtlantic Dance Classic,,dump_competitionevents_series_id,2026-09-24 16:26:38.454896+00,2026-09-24 16:26:38.454896+00
144,Swingin' Into Spring,2015,5,2015-04-30,2015-05-03,scheduled,wsdc_dump,dump:competitionevents:1615,Swingin' Into Spring,,dump_competitionevents_series_id,2026-09-24 16:26:38.454896+00,2026-09-24 16:26:38.454896+00
203,Detonation Dance,2015,4,2015-04-24,2015-04-26,scheduled,wsdc_dump,dump:competitionevents:1611,Detonation Dance ,,dump_competitionevents_series_id,2026-09-24 16:27:52.585771+00,2026-09-24 16:27:52.585771+00
218,Asia West Coast Swing Open,2015,4,2015-04-23,2015-04-26,scheduled,wsdc_dump,dump:competitionevents:1622,Asia West Coast Swing Open,,dump_competitionevents_series_id,2026-09-24 16:26:38.454896+00,2026-09-24 16:26:38.454896+00
134,Swing Dance America,2015,4,2015-04-23,2015-04-26,scheduled,wsdc_dump,dump:competitionevents:1612,Swing Dance America,,dump_competitionevents_series_id,2026-09-24 16:26:38.454896+00,2026-09-24 16:26:38.454896+00
187,City of Angels WCS,2015,4,2015-04-09,2015-04-11,scheduled,wsdc_dump,dump:competitionevents:1610,City of Angels,,dump_competitionevents_series_id,2026-09-24 16:27:52.585771+00,2026-09-24 16:27:52.585771+00
154,UK WCS Championships,2015,4,2015-04-09,2015-04-13,scheduled,wsdc_dump,dump:competitionevents:1600,UK & European WCS Championships,,dump_competitionevents_series_id,2026-09-24 16:39:13.314497+00,2026-09-24 16:39:13.314497+00
247,Austrian WCS Spectacle,2015,4,2015-04-03,2015-04-05,scheduled,wsdc_dump,dump:competitionevents:1598,Austrian WCS Spectacle,,dump_competitionevents_series_id,2026-09-24 16:39:13.314497+00,2026-09-24 16:39:13.314497+00
217,San Diego Dance Festival,2015,4,2015-04-03,2015-04-05,scheduled,wsdc_dump,dump:competitionevents:1609,San Diego Dance Festival,,dump_competitionevents_series_id,2026-09-24 16:26:38.454896+00,2026-09-24 16:26:38.454896+00
18,Easter Swing,2015,4,2015-04-02,2015-04-05,scheduled,wsdc_dump,dump:competitionevents:1599,Seattle's Easter Swing,,dump_competitionevents_series_id,2026-09-24 16:39:13.314497+00,2026-09-24 16:39:13.314497+00
132,Tulsa Spring Swing,2015,4,2015-04-02,2015-04-05,scheduled,wsdc_dump,dump:competitionevents:1617,Tulsa Spring Swing,,dump_competitionevents_series_id,2026-09-24 16:26:38.454896+00,2026-09-24 16:26:38.454896+00
246,Swing Escape,2015,3,2015-03-27,2015-03-29,scheduled,wsdc_dump,dump:competitionevents:1594,Swing Escape,,dump_competitionevents_series_id,2026-09-24 16:39:13.314497+00,2026-09-24 16:39:13.314497+00
197,5280 Westival,2015,3,2015-03-26,2015-03-30,scheduled,wsdc_dump,dump:competitionevents:1596,5280 Swing Dance Championships,,dump_competitionevents_series_id,2026-09-24 16:39:13.314497+00,2026-09-24 16:39:13.314497+00
170,Russian Open WCS Championships,2015,3,2015-03-26,2015-03-29,scheduled,wsdc_dump,dump:competitionevents:1595,Russian Open WCS Championships,,dump_competitionevents_series_id,2026-09-24 16:39:13.314497+00,2026-09-24 16:39:13.314497+00
153,Novice Invitational,2015,3,2015-03-20,2015-03-22,scheduled,wsdc_dump,dump:competitionevents:1592,Novice Invitational,,dump_competitionevents_series_id,2026-09-24 16:39:13.314497+00,2026-09-24 16:39:13.314497+00
216,The Brazilian Open,2015,3,2015-03-20,2015-03-22,scheduled,wsdc_dump,dump:competitionevents:1637,The Brazilian Open Championships,,dump_competitionevents_series_id,2026-09-24 16:26:38.454896+00,2026-09-24 16:26:38.454896+00
9,Boston Tea Party,2015,3,2015-03-19,2015-03-22,scheduled,wsdc_dump,dump:competitionevents:1597,Boston Tea Party,,dump_competitionevents_series_id,2026-09-24 16:39:13.314497+00,2026-09-24 16:39:13.314497+00
143,High Desert Dance Classic,2015,3,2015-03-13,2015-03-16,scheduled,wsdc_dump,dump:competitionevents:1593,High Desert Dance Classic,,dump_competitionevents_series_id,2026-09-24 16:39:13.314497+00,2026-09-24 16:39:13.314497+00
142,The Chicago Classic,2015,3,2015-03-12,2015-03-15,scheduled,wsdc_dump,dump:competitionevents:1589,The Chicago Classic,,dump_competitionevents_series_id,2026-09-24 16:39:13.314497+00,2026-09-24 16:39:13.314497+00
186,West in Lyon,2015,3,2015-03-12,2015-03-15,scheduled,wsdc_dump,dump:competitionevents:1591,West In Lyon,,dump_competitionevents_series_id,2026-09-24 16:39:13.314497+00,2026-09-24 16:39:13.314497+00
92,MADjam,2015,3,2015-03-06,2015-03-08,scheduled,wsdc_dump,dump:competitionevents:1588,Mid-Atlantic Dance Jam,,dump_competitionevents_series_id,2026-09-24 16:39:13.314497+00,2026-09-24 16:39:13.314497+00
169,Dance Camp Chicago,2015,3,2015-02-27,2015-03-01,scheduled,wsdc_dump,dump:competitionevents:1585,Dance Camp Chicago,,dump_competitionevents_series_id,2026-09-24 16:39:13.314497+00,2026-09-24 16:39:13.314497+00
245,Holy Land Open,2015,3,2015-02-27,2015-03-01,scheduled,wsdc_dump,dump:competitionevents:1590,Holy Land Open,,dump_competitionevents_series_id,2026-09-24 16:39:31.430953+00,2026-09-24 16:39:31.430953+00
244,Rose City Swing,2015,3,2015-02-26,2015-03-01,scheduled,wsdc_dump,dump:competitionevents:1586,Rose City Swing,,dump_competitionevents_series_id,2026-09-24 16:39:31.430953+00,2026-09-24 16:39:31.430953+00
243,Anti Valentines,2015,2,2015-02-13,2015-02-15,scheduled,wsdc_dump,dump:competitionevents:1584,Anti Valentines,,dump_competitionevents_series_id,2026-09-24 16:39:31.430953+00,2026-09-24 16:39:31.430953+00
12,Capital Swing Dance Convention,2015,2,2015-02-12,2015-02-15,scheduled,wsdc_dump,dump:competitionevents:1582,Capital Swing Dance Convention,,dump_competitionevents_series_id,2026-09-24 16:39:31.430953+00,2026-09-24 16:39:31.430953+00
185,Sweetheart Swing Classic,2015,2,2015-02-12,2015-02-15,scheduled,wsdc_dump,dump:competitionevents:1587,Sweetheart Swing Classic,,dump_competitionevents_series_id,2026-09-24 16:39:31.430953+00,2026-09-24 16:39:31.430953+00
215,Swing & Snow,2015,2,2015-02-05,2015-02-08,scheduled,wsdc_dump,dump:competitionevents:1581,Swing & Snow,,dump_competitionevents_series_id,2026-09-24 16:39:31.430953+00,2026-09-24 16:39:31.430953+00
242,Derby City Swing,2015,2,2015-01-30,2015-02-01,scheduled,wsdc_dump,dump:competitionevents:1580,Derby City Swing,,dump_competitionevents_series_id,2026-09-24 16:39:31.430953+00,2026-09-24 16:39:31.430953+00
183,Freedom Swing Dance Challenge,2015,1,2015-01-23,2015-01-25,scheduled,wsdc_dump,dump:competitionevents:1579,Freedom Swing Dance Challenge,,dump_competitionevents_series_id,2026-09-24 16:39:31.430953+00,2026-09-24 16:39:31.430953+00
196,SwingCouver,2015,1,2015-01-22,2015-01-25,scheduled,wsdc_dump,dump:competitionevents:1583,SwingCouver,,dump_competitionevents_series_id,2026-09-24 16:39:31.430953+00,2026-09-24 16:39:31.430953+00
200,Austin Swing Dance Championships,2015,1,2015-01-16,2015-01-18,scheduled,wsdc_dump,dump:competitionevents:1577,Austin Swing Dance Championships,,dump_competitionevents_series_id,2026-09-24 16:39:31.430953+00,2026-09-24 16:39:31.430953+00
62,Monterey SwingFest,2015,1,2015-01-16,2015-01-18,scheduled,wsdc_dump,dump:competitionevents:1575,Monterey SwingFest,,dump_competitionevents_series_id,2026-09-24 16:39:31.430953+00,2026-09-24 16:39:31.430953+00
184,BudaFest Open WCS Championships,2015,1,2015-01-09,2015-01-11,scheduled,wsdc_dump,dump:competitionevents:1578,BudaFest Open WCS Championships,,dump_competitionevents_series_id,2026-09-24 16:39:31.430953+00,2026-09-24 16:39:31.430953+00
241,Moscow Xmas Dance Camp,2015,1,2015-01-03,2015-01-08,scheduled,wsdc_dump,dump:competitionevents:1571,Moscow Xmas Dance Camp,,dump_competitionevents_series_id,2026-09-24 16:39:13.314497+00,2026-09-24 16:39:13.314497+00
240,Westie Gala,2015,1,2015-01-03,2015-01-05,scheduled,wsdc_dump,dump:competitionevents:1570,Sweden Westie Gala,,dump_competitionevents_series_id,2026-09-24 16:39:13.314497+00,2026-09-24 16:39:13.314497+00
334,Countdown Swing Boston,2015,1,2014-12-31,2015-01-03,scheduled,wsdc_dump,dump:competitionevents:1569,New Year's Dance Extravaganza,,dump_competitionevents_series_id,2026-09-24 16:39:13.314497+00,2026-09-24 16:39:13.314497+00
42,Floorplay Swing Vacation,2015,1,2014-12-31,2015-01-03,scheduled,wsdc_dump,dump:competitionevents:1573,Floorplay New Years Swing Vacation,,dump_competitionevents_series_id,2026-09-24 16:39:13.314497+00,2026-09-24 16:39:13.314497+00
195,Palm Springs New Years Swing Dance Classic,2015,1,2014-12-31,2015-01-04,scheduled,wsdc_dump,dump:competitionevents:1574,Palm Springs New Years Swing Dance Classic,,dump_competitionevents_series_id,2026-09-24 16:39:13.314497+00,2026-09-24 16:39:13.314497+00
141,Spotlight New Year's Celebration,2015,1,2014-12-31,2015-01-04,scheduled,wsdc_dump,dump:competitionevents:1568,Spotlight Dance Challenge,,dump_competitionevents_series_id,2026-09-24 16:39:13.314497+00,2026-09-24 16:39:13.314497+00
214,New Year's Swing Fling,2015,1,2014-12-27,2015-01-01,scheduled,wsdc_dump,dump:competitionevents:1576,New Year's Swing Fling,,dump_competitionevents_series_id,2026-09-24 16:39:13.314497+00,2026-09-24 16:39:13.314497+00
152,Worlds UCWDC,2015,1,2014-12-27,2015-01-03,scheduled,wsdc_dump,dump:competitionevents:1572,Worlds UCWDC,,dump_competitionevents_series_id,2026-09-24 16:39:13.314497+00,2026-09-24 16:39:13.314497+00
213,Swingtimate,2014,12,2014-12-12,2014-12-14,scheduled,wsdc_dump,dump:competitionevents:1566,Swingtimate,,dump_competitionevents_series_id,2026-09-24 16:39:13.314497+00,2026-09-24 16:39:13.314497+00
212,The After Party (TAP),2014,12,2014-12-05,2014-12-07,scheduled,wsdc_dump,dump:competitionevents:1567,The After Party,,dump_competitionevents_series_id,2026-09-24 16:39:13.314497+00,2026-09-24 16:39:13.314497+00
239,The Challenge,2014,12,2014-12-05,2014-12-07,scheduled,wsdc_dump,dump:competitionevents:1564,The Challenge,,dump_competitionevents_series_id,2026-09-24 16:39:13.314497+00,2026-09-24 16:39:13.314497+00
238,Winter White,2014,12,2014-12-05,2014-12-07,scheduled,wsdc_dump,dump:competitionevents:1562,Winter White,,dump_competitionevents_series_id,2026-09-24 16:39:13.314497+00,2026-09-24 16:39:13.314497+00
194,Moscow Westie Fest,2014,11,2014-12-01,2014-11-03,scheduled,wsdc_dump,dump:competitionevents:1552,Moscow Westie Dance Fest,,dump_competitionevents_series_id,2026-09-24 16:28:21.064647+00,2026-09-24 16:28:21.064647+00
87,CASH Bash,2014,11,2014-11-27,2014-11-30,scheduled,wsdc_dump,dump:competitionevents:1563,C.A.S.H. Bash Weekend,,dump_competitionevents_series_id,2026-09-24 16:39:13.314497+00,2026-09-24 16:39:13.314497+00
68,US Open Swing Dance Championships,2014,11,2014-11-26,2014-11-30,scheduled,wsdc_dump,dump:competitionevents:1559,US Open Swing Dance Championships,,dump_competitionevents_series_id,2026-09-24 16:39:13.314497+00,2026-09-24 16:39:13.314497+00
181,DC Swing eXperience (DCSX),2014,11,2014-11-13,2014-11-16,scheduled,wsdc_dump,dump:competitionevents:1556,DC Swing eXperience,,dump_competitionevents_series_id,2026-09-24 16:39:13.314497+00,2026-09-24 16:39:13.314497+00
63,Swingin' New England Dance Festival,2014,11,2014-11-13,2014-11-16,scheduled,wsdc_dump,dump:competitionevents:1555,Swingin' New England Dance Festival,,dump_competitionevents_series_id,2026-09-24 16:39:13.314497+00,2026-09-24 16:39:13.314497+00
79,Sea to Sky,2014,11,2014-11-07,2014-11-09,scheduled,wsdc_dump,dump:competitionevents:1554,Sea to Sky,,dump_competitionevents_series_id,2026-09-24 16:39:13.314497+00,2026-09-24 16:39:13.314497+00
137,Tampa Bay Classic,2014,11,2014-11-06,2014-11-09,scheduled,wsdc_dump,dump:competitionevents:1557,Tampa Bay Classic,,dump_competitionevents_series_id,2026-09-24 16:39:13.314497+00,2026-09-24 16:39:13.314497+00
31,Mountain Magic,2014,11,2014-10-31,2014-11-02,scheduled,wsdc_dump,dump:competitionevents:1553,Mountain Magic,,dump_competitionevents_series_id,2026-09-24 16:39:13.314497+00,2026-09-24 16:39:13.314497+00
236,Warsaw Halloween Swing,2014,11,2014-10-30,2014-11-02,scheduled,wsdc_dump,dump:competitionevents:1558,Warsaw Halloween Swing,,dump_competitionevents_series_id,2026-09-24 16:39:13.314497+00,2026-09-24 16:39:13.314497+00
65,Halloween SwingThing,2014,10,2014-10-24,2014-10-26,scheduled,wsdc_dump,dump:competitionevents:1550,Halloween SwingThing,,dump_competitionevents_series_id,2026-09-24 16:39:13.314497+00,2026-09-24 16:39:13.314497+00
125,Swing City Chicago,2014,10,2014-10-23,2014-10-26,scheduled,wsdc_dump,dump:competitionevents:1551,Swing City Chicago,,dump_competitionevents_series_id,2026-09-24 16:39:13.314497+00,2026-09-24 16:39:13.314497+00
180,Australian Open Swing Dance Championships,2014,10,2014-10-18,2014-10-20,scheduled,wsdc_dump,dump:competitionevents:1560,Australian Open Swing Dance Championships,,dump_competitionevents_series_id,2026-09-24 16:39:13.314497+00,2026-09-24 16:39:13.314497+00
237,WCS Helsinki,2014,10,2014-10-17,2014-10-19,scheduled,wsdc_dump,dump:competitionevents:1561,WCS Helsinki,,dump_competitionevents_series_id,2026-09-24 16:39:13.314497+00,2026-09-24 16:39:13.314497+00
43,Paradise Dance Festival,2014,10,2014-10-16,2014-10-19,scheduled,wsdc_dump,dump:competitionevents:1549,Paradise Country Dance Festival,,dump_competitionevents_series_id,2026-09-24 16:39:13.314497+00,2026-09-24 16:39:13.314497+00
8,Boogie By The Bay,2014,10,2014-10-10,2014-10-12,scheduled,wsdc_dump,dump:competitionevents:1547,Boogie By The Bay,,dump_competitionevents_series_id,2026-09-24 16:39:13.314497+00,2026-09-24 16:39:13.314497+00
179,New Zealand Open Swing Dance Championships,2014,10,2014-10-08,2014-10-11,scheduled,wsdc_dump,dump:competitionevents:1544,New Zealand Open Swing Dance Championships,,dump_competitionevents_series_id,2026-09-24 16:38:38.881364+00,2026-09-24 16:38:38.881364+00
211,Atlanta Swing Classic,2014,10,2014-10-02,2014-10-05,scheduled,wsdc_dump,dump:competitionevents:1545,Atlanta Swing Classic,,dump_competitionevents_series_id,2026-09-24 16:38:38.881364+00,2026-09-24 16:38:38.881364+00
165,Midland Swing Open,2014,9,2014-09-26,2014-09-29,scheduled,wsdc_dump,dump:competitionevents:1543,Midland Swing Open,,dump_competitionevents_series_id,2026-09-24 16:38:38.881364+00,2026-09-24 16:38:38.881364+00
100,New Mexico Dance Fiesta,2014,9,2014-09-26,2014-09-28,scheduled,wsdc_dump,dump:competitionevents:1548,New Mexico Dance Fiesta,,dump_competitionevents_series_id,2026-09-24 16:39:13.314497+00,2026-09-24 16:39:13.314497+00
10,Bridgetown Swing Boogie,2014,9,2014-09-25,2014-09-28,scheduled,wsdc_dump,dump:competitionevents:1546,Bridgetown Swing Boogie,,dump_competitionevents_series_id,2026-09-24 16:38:38.881364+00,2026-09-24 16:38:38.881364+00
131,Meet Me In St Louis,2014,9,2014-09-25,2014-09-28,scheduled,wsdc_dump,dump:competitionevents:1542,Meet Me In St Louis,,dump_competitionevents_series_id,2026-09-24 16:38:38.881364+00,2026-09-24 16:38:38.881364+00
234,Philly Swing Classic,2014,9,2014-09-19,2014-09-21,scheduled,wsdc_dump,dump:competitionevents:1540,Philly Swing Classic,,dump_competitionevents_series_id,2026-09-24 16:38:38.881364+00,2026-09-24 16:38:38.881364+00
232,Norway Westie Fest,2014,9,2014-09-12,2014-09-14,scheduled,wsdc_dump,dump:competitionevents:1536,Norway Westie Fest,,dump_competitionevents_series_id,2026-09-24 16:38:38.881364+00,2026-09-24 16:38:38.881364+00
231,Trilogy Swing,2014,9,2014-09-12,2014-09-14,scheduled,wsdc_dump,dump:competitionevents:1534,Swing Trilogy,,dump_competitionevents_series_id,2026-09-24 16:38:38.881364+00,2026-09-24 16:38:38.881364+00
190,Vermont Swing Dance Championships,2014,9,2014-09-12,2014-09-14,scheduled,wsdc_dump,dump:competitionevents:1539,Vermont Swing Dance Championships,,dump_competitionevents_series_id,2026-09-24 16:38:38.881364+00,2026-09-24 16:38:38.881364+00
233,Bavarian Open,2014,9,2014-09-11,2014-09-14,scheduled,wsdc_dump,dump:competitionevents:1538,Bavarian Open,,dump_competitionevents_series_id,2026-09-24 16:38:38.881364+00,2026-09-24 16:38:38.881364+00
135,Desert City Swing,2014,9,2014-09-05,2014-09-07,scheduled,wsdc_dump,dump:competitionevents:1532,Desert City Swing,,dump_competitionevents_series_id,2026-09-24 16:38:38.881364+00,2026-09-24 16:38:38.881364+00
230,Sunny Side Dance Camp,2014,9,2014-08-31,2014-09-07,scheduled,wsdc_dump,dump:competitionevents:1533,Sunny Side Dance Camp,,dump_competitionevents_series_id,2026-09-24 16:38:38.881364+00,2026-09-24 16:38:38.881364+00
15,Dallas D.A.N.C.E.,2014,9,2014-08-30,2014-09-01,scheduled,wsdc_dump,dump:competitionevents:1535,Dallas D.A.N.C.E.,,dump_competitionevents_series_id,2026-09-24 16:38:38.881364+00,2026-09-24 16:38:38.881364+00
229,Scandinavian Open,2014,8,2014-08-29,2014-08-31,scheduled,wsdc_dump,dump:competitionevents:1529,Scandinavian Open,,dump_competitionevents_series_id,2026-09-24 16:38:38.881364+00,2026-09-24 16:38:38.881364+00
177,River City Swing,2014,8,2014-08-28,2014-08-31,scheduled,wsdc_dump,dump:competitionevents:1531,River City Swing,,dump_competitionevents_series_id,2026-09-24 16:38:38.881364+00,2026-09-24 16:38:38.881364+00
48,South Bay Dance Fling,2014,8,2014-08-28,2014-08-31,scheduled,wsdc_dump,dump:competitionevents:1530,South Bay CW Dance Festival,,dump_competitionevents_series_id,2026-09-24 16:38:38.881364+00,2026-09-24 16:38:38.881364+00
53,Summer Hummer,2014,8,2014-08-21,2014-08-24,scheduled,wsdc_dump,dump:competitionevents:1528,Summer Hummer,,dump_competitionevents_series_id,2026-09-24 16:38:38.881364+00,2026-09-24 16:38:38.881364+00
119,Chicagoland Country and Swing Dance Festival,2014,8,2014-08-15,2014-08-17,scheduled,wsdc_dump,dump:competitionevents:1525,Chicagoland Dance Festival,,dump_competitionevents_series_id,2026-09-24 16:38:38.881364+00,2026-09-24 16:38:38.881364+00
159,World Swing Masters,2014,8,2014-08-15,2014-08-17,scheduled,wsdc_dump,dump:competitionevents:1537,World Swing Masters,,dump_competitionevents_series_id,2026-09-24 16:38:38.881364+00,2026-09-24 16:38:38.881364+00
51,Palm Springs Summer Dance Classic,2014,8,2014-08-14,2014-08-17,scheduled,wsdc_dump,dump:competitionevents:1527,Palm Springs Summer Dance Classic,,dump_competitionevents_series_id,2026-09-24 16:38:38.881364+00,2026-09-24 16:38:38.881364+00
120,Lone Star Invitational,2014,8,2014-08-08,2014-08-10,scheduled,wsdc_dump,dump:competitionevents:1522,Lone Star Invitational,,dump_competitionevents_series_id,2026-09-24 16:38:38.881364+00,2026-09-24 16:38:38.881364+00
164,Sea Sun and Swing,2014,8,2014-08-08,2014-08-10,scheduled,wsdc_dump,dump:competitionevents:1541,Sea Sun and Swing,,dump_competitionevents_series_id,2026-09-24 16:38:38.881364+00,2026-09-24 16:38:38.881364+00
227,Swingtacular: The Galactic Open,2014,8,2014-08-08,2014-08-10,scheduled,wsdc_dump,dump:competitionevents:1519,Swingtacular,,dump_competitionevents_series_id,2026-09-24 16:38:38.881364+00,2026-09-24 16:38:38.881364+00
157,New England Dance Festival,2014,8,2014-08-07,2014-08-10,scheduled,wsdc_dump,dump:competitionevents:1523,New England Dance Festival,,dump_competitionevents_series_id,2026-09-24 16:38:38.881364+00,2026-09-24 16:38:38.881364+00
228,Summer Swing Classic,2014,8,2014-08-07,2014-08-10,scheduled,wsdc_dump,dump:competitionevents:1524,Summer Swing Classic,,dump_competitionevents_series_id,2026-09-24 16:38:38.881364+00,2026-09-24 16:38:38.881364+00
77,Arizona Dance Classic,2014,8,2014-08-01,2014-08-03,scheduled,wsdc_dump,dump:competitionevents:1520,Arizona Dance Classic,,dump_competitionevents_series_id,2026-09-24 16:38:38.881364+00,2026-09-24 16:38:38.881364+00
59,Swing Fling,2014,8,2014-07-31,2014-08-03,scheduled,wsdc_dump,dump:competitionevents:1518,Swing Fling,,dump_competitionevents_series_id,2026-09-24 16:38:38.881364+00,2026-09-24 16:38:38.881364+00
149,Florida Dance Magic,2014,7,2014-07-29,2014-07-29,scheduled,wsdc_dump,dump:competitionevents:1512,Florida Dance Magic,,dump_competitionevents_series_id,2026-09-24 16:38:38.881364+00,2026-09-24 16:38:38.881364+00
148,Dance Mardi Gras,2014,7,2014-07-25,2014-07-27,scheduled,wsdc_dump,dump:competitionevents:1521,New Orleans Dance Mardi Gras,,dump_competitionevents_series_id,2026-09-24 16:38:38.881364+00,2026-09-24 16:38:38.881364+00
47,SwingTime Denver,2014,7,2014-07-17,2014-07-20,scheduled,wsdc_dump,dump:competitionevents:1515,Swingtime in the Rockies,,dump_competitionevents_series_id,2026-09-24 16:38:38.881364+00,2026-09-24 16:38:38.881364+00
147,Toronto Open Swing & Hustle Championships,2014,7,2014-07-17,2014-07-20,scheduled,wsdc_dump,dump:competitionevents:1513,Toronto Open Swing & Hustle Championships,,dump_competitionevents_series_id,2026-09-24 16:38:38.881364+00,2026-09-24 16:38:38.881364+00
44,Portland Dance Festival,2014,7,2014-07-11,2014-07-13,scheduled,wsdc_dump,dump:competitionevents:1514,Portland Dance Festival,,dump_competitionevents_series_id,2026-09-24 16:38:38.881364+00,2026-09-24 16:38:38.881364+00
156,Big Apple Dance Festival,2014,7,2014-07-10,2014-07-13,scheduled,wsdc_dump,dump:competitionevents:1517,Big Apple Dance Festival,,dump_competitionevents_series_id,2026-09-24 16:38:38.881364+00,2026-09-24 16:38:38.881364+00
209,SinCity Swing,2014,7,2014-07-10,2014-07-13,scheduled,wsdc_dump,dump:competitionevents:1516,SinCity Swing,,dump_competitionevents_series_id,2026-09-24 16:38:38.881364+00,2026-09-24 16:38:38.881364+00
226,Ft. Lauderdale Swing & Shag Beach Bash,2014,7,2014-07-03,2014-07-07,scheduled,wsdc_dump,dump:competitionevents:1510,Ft. Lauderdale Swing & Shag Beach Bash,,dump_competitionevents_series_id,2026-09-24 16:38:38.881364+00,2026-09-24 16:38:38.881364+00
225,Wild Wild Westie,2014,7,2014-07-03,2014-07-06,scheduled,wsdc_dump,dump:competitionevents:1509,Wild Wild Westie,,dump_competitionevents_series_id,2026-09-24 16:38:38.881364+00,2026-09-24 16:38:38.881364+00
1,4TH of July Convention,2014,7,2014-07-02,2014-07-06,scheduled,wsdc_dump,dump:competitionevents:1507,4TH of July Convention,,dump_competitionevents_series_id,2026-09-24 16:37:10.30938+00,2026-09-24 16:37:10.30938+00
109,Colorado Country Classic,2014,6,2014-06-26,2014-06-29,scheduled,wsdc_dump,dump:competitionevents:1511,Colorado Country Classic,,dump_competitionevents_series_id,2026-09-24 16:38:38.881364+00,2026-09-24 16:38:38.881364+00
96,Liberty Swing Dance Championships,2014,6,2014-06-25,2014-06-29,scheduled,wsdc_dump,dump:competitionevents:1508,Liberty Swing Dance Championships,,dump_competitionevents_series_id,2026-09-24 16:38:38.881364+00,2026-09-24 16:38:38.881364+00
207,Dance N Play,2014,6,2014-06-13,2014-06-15,scheduled,wsdc_dump,dump:competitionevents:1506,Dance N Play,,dump_competitionevents_series_id,2026-09-24 16:38:38.881364+00,2026-09-24 16:38:38.881364+00
25,J&J O'Rama,2014,6,2014-06-13,2014-06-15,scheduled,wsdc_dump,dump:competitionevents:1502,J&J O'Rama,,dump_competitionevents_series_id,2026-09-24 16:37:10.30938+00,2026-09-24 16:37:10.30938+00
117,Orange Blossom Dance Festival,2014,6,2014-06-13,2014-06-15,scheduled,wsdc_dump,dump:competitionevents:1500,Orange Blossom Dance Festival,,dump_competitionevents_series_id,2026-09-24 16:37:10.30938+00,2026-09-24 16:37:10.30938+00
223,Slingshot Swing,2014,6,2014-06-13,2014-06-15,scheduled,wsdc_dump,dump:competitionevents:1503,Slingshot Swing,,dump_competitionevents_series_id,2026-09-24 16:37:10.30938+00,2026-09-24 16:37:10.30938+00
222,Baltic Swing,2014,6,2014-06-06,2014-06-08,scheduled,wsdc_dump,dump:competitionevents:1501,Baltic Swing,,dump_competitionevents_series_id,2026-09-24 16:37:10.30938+00,2026-09-24 16:37:10.30938+00
188,NSW West Coast Swing Dance Championships,2014,6,2014-06-06,2014-06-08,scheduled,wsdc_dump,dump:competitionevents:1505,NSW West Coast Swing Dance Championships,,dump_competitionevents_series_id,2026-09-24 16:37:10.30938+00,2026-09-24 16:37:10.30938+00
224,Midwest Westie Fest,2014,6,2014-06-05,2014-06-08,scheduled,wsdc_dump,dump:competitionevents:1504,Midwest Westie Fest,,dump_competitionevents_series_id,2026-09-24 16:29:40.486315+00,2026-09-24 16:29:40.486315+00
175,French Open West Coast Swing,2014,6,2014-05-29,2014-06-01,scheduled,wsdc_dump,dump:competitionevents:1526,French Open West Coast Swing,,dump_competitionevents_series_id,2026-09-24 16:38:38.881364+00,2026-09-24 16:38:38.881364+00
76,Michigan Dance Classic,2014,6,2014-05-29,2014-06-01,scheduled,wsdc_dump,dump:competitionevents:1497,Michigan Dance Classic,,dump_competitionevents_series_id,2026-09-24 16:37:10.30938+00,2026-09-24 16:37:10.30938+00
163,DFW Pro Am Jam,2014,5,2014-05-24,2014-05-26,scheduled,wsdc_dump,dump:competitionevents:1499,DFW Pro Am Jam,,dump_competitionevents_series_id,2026-09-24 16:37:10.30938+00,2026-09-24 16:37:10.30938+00
221,Show Me Showdown,2014,5,2014-05-24,2014-05-26,scheduled,wsdc_dump,dump:competitionevents:1498,Show-Me Showdown,,dump_competitionevents_series_id,2026-09-24 16:37:10.30938+00,2026-09-24 16:37:10.30938+00
220,D-Town Swing,2014,5,2014-05-23,2014-05-25,scheduled,wsdc_dump,dump:competitionevents:1493,D-Townswing,,dump_competitionevents_series_id,2026-09-24 16:37:10.30938+00,2026-09-24 16:37:10.30938+00
20,FreZno Dance Classic,2014,5,2014-05-23,2014-05-26,scheduled,wsdc_dump,dump:competitionevents:1496,FreZno Dance Classic,,dump_competitionevents_series_id,2026-09-24 16:37:10.30938+00,2026-09-24 16:37:10.30938+00
22,USA Grand Nationals,2014,5,2014-05-23,2014-05-26,scheduled,wsdc_dump,dump:competitionevents:1495,USA Grand Nationals,,dump_competitionevents_series_id,2026-09-24 16:37:10.30938+00,2026-09-24 16:37:10.30938+00
105,Canadian Swing Championships,2014,5,2014-05-19,2014-05-19,scheduled,wsdc_dump,dump:competitionevents:1488,Canadian Swing Championships,,dump_competitionevents_series_id,2026-09-24 16:37:10.30938+00,2026-09-24 16:37:10.30938+00
206,Hungarian Open,2014,5,2014-05-16,2014-05-18,scheduled,wsdc_dump,dump:competitionevents:1492,Hungarian Open,,dump_competitionevents_series_id,2026-09-24 16:37:10.30938+00,2026-09-24 16:37:10.30938+00
205,SOswing,2014,5,2014-05-16,2014-05-18,scheduled,wsdc_dump,dump:competitionevents:1494,SOswing,,dump_competitionevents_series_id,2026-09-24 16:37:10.30938+00,2026-09-24 16:37:10.30938+00
121,The Texas Classic,2014,5,2014-05-16,2014-05-18,scheduled,wsdc_dump,dump:competitionevents:1487,The Texas Classic,,dump_competitionevents_series_id,2026-09-24 16:37:10.30938+00,2026-09-24 16:37:10.30938+00
174,Swingsation,2014,5,2014-05-15,2014-05-18,scheduled,wsdc_dump,dump:competitionevents:1489,Swingsation,,dump_competitionevents_series_id,2026-09-24 16:37:10.30938+00,2026-09-24 16:37:10.30938+00
201,MidAtlantic Dance Classic,2014,5,2014-05-08,2014-05-11,scheduled,wsdc_dump,dump:competitionevents:1486,MidAtlantic Dance Classic,,dump_competitionevents_series_id,2026-09-24 16:37:10.30938+00,2026-09-24 16:37:10.30938+00
61,SwingDiego,2014,5,2014-05-08,2014-05-11,scheduled,wsdc_dump,dump:competitionevents:1485,SwingDiego,,dump_competitionevents_series_id,2026-09-24 16:37:10.30938+00,2026-09-24 16:37:10.30938+00
162,Swingapalooza,2014,5,2014-05-02,2014-05-04,scheduled,wsdc_dump,dump:competitionevents:1484,Swingapalooza,,dump_competitionevents_series_id,2026-09-24 16:37:10.30938+00,2026-09-24 16:37:10.30938+00
172,International Hustle & Salsa Congress,2014,5,2014-05-01,2014-05-04,scheduled,wsdc_dump,dump:competitionevents:1490,International Hustle & Salsa Congress,,dump_competitionevents_series_id,2026-09-24 16:37:10.30938+00,2026-09-24 16:37:10.30938+00
204,Spring Swing,2014,5,2014-05-01,2014-05-04,scheduled,wsdc_dump,dump:competitionevents:1481,Spring Swing,,dump_competitionevents_series_id,2026-09-24 16:37:10.30938+00,2026-09-24 16:37:10.30938+00
144,Swingin' Into Spring,2014,5,2014-05-01,2014-05-04,scheduled,wsdc_dump,dump:competitionevents:1491,Swingin' Into Spring,,dump_competitionevents_series_id,2026-09-24 16:37:10.30938+00,2026-09-24 16:37:10.30938+00
203,Detonation Dance,2014,4,2014-04-25,2014-04-27,scheduled,wsdc_dump,dump:competitionevents:1479,Detonation Dance ,,dump_competitionevents_series_id,2026-09-24 16:37:10.30938+00,2026-09-24 16:37:10.30938+00
219,KIWI Fest,2014,4,2014-04-25,2014-04-27,scheduled,wsdc_dump,dump:competitionevents:1480,KIWI Fest,,dump_competitionevents_series_id,2026-09-24 16:37:10.30938+00,2026-09-24 16:37:10.30938+00
218,Asia West Coast Swing Open,2014,4,2014-04-24,2014-04-27,scheduled,wsdc_dump,dump:competitionevents:1477,Asia West Coast Swing Open,,dump_competitionevents_series_id,2026-09-24 16:37:10.30938+00,2026-09-24 16:37:10.30938+00
134,Swing Dance America,2014,4,2014-04-24,2014-04-27,scheduled,wsdc_dump,dump:competitionevents:1482,Swing Dance America,,dump_competitionevents_series_id,2026-09-24 16:37:10.30938+00,2026-09-24 16:37:10.30938+00
18,Easter Swing,2014,4,2014-04-17,2014-04-20,scheduled,wsdc_dump,dump:competitionevents:1476,Seattle's Easter Swing,,dump_competitionevents_series_id,2026-09-24 16:37:10.30938+00,2026-09-24 16:37:10.30938+00
217,San Diego Dance Festival,2014,4,2014-04-17,2014-04-20,scheduled,wsdc_dump,dump:competitionevents:1475,San Diego Dance Festival,,dump_competitionevents_series_id,2026-09-24 16:37:10.30938+00,2026-09-24 16:37:10.30938+00
132,Tulsa Spring Swing,2014,4,2014-04-17,2014-04-20,scheduled,wsdc_dump,dump:competitionevents:1478,Tulsa Spring Swing,,dump_competitionevents_series_id,2026-09-24 16:37:10.30938+00,2026-09-24 16:37:10.30938+00
200,Austin Swing Dance Championships,2014,4,2014-04-11,2014-04-13,scheduled,wsdc_dump,dump:competitionevents:1483,Austin Swing Dance Championships,,dump_competitionevents_series_id,2026-09-24 16:37:10.30938+00,2026-09-24 16:37:10.30938+00
154,UK WCS Championships,2014,4,2014-04-10,2014-04-14,scheduled,wsdc_dump,dump:competitionevents:1474,UK & European WCS Championships,,dump_competitionevents_series_id,2026-09-24 16:37:10.30938+00,2026-09-24 16:37:10.30938+00
187,City of Angels WCS,2014,4,2014-04-04,2014-04-06,scheduled,wsdc_dump,dump:competitionevents:1473,City of Angels,,dump_competitionevents_series_id,2026-09-24 16:37:10.30938+00,2026-09-24 16:37:10.30938+00
216,The Brazilian Open,2014,3,2014-03-28,2014-03-30,scheduled,wsdc_dump,dump:competitionevents:1472,The Brazilian Open Championships,,dump_competitionevents_series_id,2026-09-24 16:37:10.30938+00,2026-09-24 16:37:10.30938+00
170,Russian Open WCS Championships,2014,3,2014-03-27,2014-03-30,scheduled,wsdc_dump,dump:competitionevents:1471,Russian Open WCS Championships,,dump_competitionevents_series_id,2026-09-24 16:37:10.30938+00,2026-09-24 16:37:10.30938+00
9,Boston Tea Party,2014,3,2014-03-20,2014-03-24,scheduled,wsdc_dump,dump:competitionevents:1470,Boston Tea Party,,dump_competitionevents_series_id,2026-09-24 16:37:10.30938+00,2026-09-24 16:37:10.30938+00
143,High Desert Dance Classic,2014,3,2014-03-14,2014-03-16,scheduled,wsdc_dump,dump:competitionevents:1468,High Desert Dance Classic,,dump_competitionevents_series_id,2026-09-24 16:37:10.30938+00,2026-09-24 16:37:10.30938+00
153,Novice Invitational,2014,3,2014-03-14,2014-03-16,scheduled,wsdc_dump,dump:competitionevents:1469,Novice Invitational,,dump_competitionevents_series_id,2026-09-24 16:37:10.30938+00,2026-09-24 16:37:10.30938+00
142,The Chicago Classic,2014,3,2014-03-13,2014-03-16,scheduled,wsdc_dump,dump:competitionevents:1466,The Chicago Classic,,dump_competitionevents_series_id,2026-09-24 16:37:10.30938+00,2026-09-24 16:37:10.30938+00
186,West in Lyon,2014,3,2014-03-13,2014-03-16,scheduled,wsdc_dump,dump:competitionevents:1467,West In Lyon,,dump_competitionevents_series_id,2026-09-24 16:37:10.30938+00,2026-09-24 16:37:10.30938+00
92,MADjam,2014,3,2014-03-07,2014-03-09,scheduled,wsdc_dump,dump:competitionevents:1465,Mid-Atlantic Dance Jam,,dump_competitionevents_series_id,2026-09-24 16:35:35.994224+00,2026-09-24 16:35:35.994224+00
169,Dance Camp Chicago,2014,3,2014-02-28,2014-03-02,scheduled,wsdc_dump,dump:competitionevents:1464,Dance Camp Chicago,,dump_competitionevents_series_id,2026-09-24 16:35:35.994224+00,2026-09-24 16:35:35.994224+00
197,5280 Westival,2014,2,2014-02-20,2014-02-24,scheduled,wsdc_dump,dump:competitionevents:1463,5280 Swing Dance Championships,,dump_competitionevents_series_id,2026-09-24 16:35:35.994224+00,2026-09-24 16:35:35.994224+00
12,Capital Swing Dance Convention,2014,2,2014-02-14,2014-02-16,scheduled,wsdc_dump,dump:competitionevents:1460,Capital Swing Dance Convention,,dump_competitionevents_series_id,2026-09-24 16:35:35.994224+00,2026-09-24 16:35:35.994224+00
185,Sweetheart Swing Classic,2014,2,2014-02-13,2014-02-16,scheduled,wsdc_dump,dump:competitionevents:1462,Sweetheart Swing Classic,,dump_competitionevents_series_id,2026-09-24 16:35:35.994224+00,2026-09-24 16:35:35.994224+00
168,Scottish WCS Dance Championships,2014,2,2014-02-07,2014-02-09,scheduled,wsdc_dump,dump:competitionevents:1458,Scottish WCS Dance Championships,,dump_competitionevents_series_id,2026-09-24 16:35:35.994224+00,2026-09-24 16:35:35.994224+00
215,Swing & Snow,2014,2,2014-01-31,2014-02-02,scheduled,wsdc_dump,dump:competitionevents:1456,Swing & Snow,,dump_competitionevents_series_id,2026-09-24 16:35:35.994224+00,2026-09-24 16:35:35.994224+00
167,Best of the Best WCS,2014,2,2014-01-29,2014-02-02,scheduled,wsdc_dump,dump:competitionevents:1455,Best of the Best,,dump_competitionevents_series_id,2026-09-24 16:35:35.994224+00,2026-09-24 16:35:35.994224+00
183,Freedom Swing Dance Challenge,2014,1,2014-01-24,2014-01-26,scheduled,wsdc_dump,dump:competitionevents:1454,Freedom Swing Dance Challenge,,dump_competitionevents_series_id,2026-09-24 16:35:35.994224+00,2026-09-24 16:35:35.994224+00
196,SwingCouver,2014,1,2014-01-23,2014-01-27,scheduled,wsdc_dump,dump:competitionevents:1459,SwingCouver,,dump_competitionevents_series_id,2026-09-24 16:35:35.994224+00,2026-09-24 16:35:35.994224+00
62,Monterey SwingFest,2014,1,2014-01-17,2014-01-19,scheduled,wsdc_dump,dump:competitionevents:1452,Monterey SwingFest,,dump_competitionevents_series_id,2026-09-24 16:35:35.994224+00,2026-09-24 16:35:35.994224+00
67,Americas Classic,2014,1,2014-01-16,2014-01-19,scheduled,wsdc_dump,dump:competitionevents:1457,Americas Classic,,dump_competitionevents_series_id,2026-09-24 16:35:35.994224+00,2026-09-24 16:35:35.994224+00
184,BudaFest Open WCS Championships,2014,1,2014-01-10,2014-01-12,scheduled,wsdc_dump,dump:competitionevents:1453,BudaFest Open WCS Championships,,dump_competitionevents_series_id,2026-09-24 16:35:35.994224+00,2026-09-24 16:35:35.994224+00
195,Palm Springs New Years Swing Dance Classic,2014,1,2014-01-03,2014-01-06,scheduled,wsdc_dump,dump:competitionevents:1450,Palm Springs New Years Swing Dance Classic,,dump_competitionevents_series_id,2026-09-24 16:35:35.994224+00,2026-09-24 16:35:35.994224+00
75,UCWDC Country Dance World Championship,2014,1,2013-12-30,2014-01-04,scheduled,wsdc_dump,dump:competitionevents:1461,Worlds UCWDC,,dump_competitionevents_series_id,2026-09-24 16:35:35.994224+00,2026-09-24 16:35:35.994224+00
334,Countdown Swing Boston,2013,12,2013-12-28,2013-12-31,scheduled,wsdc_dump,dump:competitionevents:1449,New Year's Dance Extravaganza,,dump_competitionevents_series_id,2026-09-24 16:35:35.994224+00,2026-09-24 16:35:35.994224+00
141,Spotlight New Year's Celebration,2013,12,2013-12-28,2013-12-31,scheduled,wsdc_dump,dump:competitionevents:1448,Spotlight Dance Challenge,,dump_competitionevents_series_id,2026-09-24 16:35:35.994224+00,2026-09-24 16:35:35.994224+00
42,Floorplay Swing Vacation,2013,12,2013-12-27,2013-12-31,scheduled,wsdc_dump,dump:competitionevents:1447,Floorplay New Years Swing Vacation,,dump_competitionevents_series_id,2026-09-24 16:33:57.143549+00,2026-09-24 16:33:57.143549+00
214,New Year's Swing Fling,2014,1,2013-12-27,2014-01-01,scheduled,wsdc_dump,dump:competitionevents:1451,New Year's Swing Fling,,dump_competitionevents_series_id,2026-09-24 16:35:35.994224+00,2026-09-24 16:35:35.994224+00
213,Swingtimate,2013,12,2013-12-13,2013-12-15,scheduled,wsdc_dump,dump:competitionevents:1445,Swingtimate,,dump_competitionevents_series_id,2026-09-24 16:35:35.994224+00,2026-09-24 16:35:35.994224+00
212,The After Party (TAP),2013,12,2013-12-05,2013-12-08,scheduled,wsdc_dump,dump:competitionevents:1444,The After Party,,dump_competitionevents_series_id,2026-09-24 16:35:35.994224+00,2026-09-24 16:35:35.994224+00
87,CASH Bash,2013,12,2013-11-29,2013-12-01,scheduled,wsdc_dump,dump:competitionevents:1443,C.A.S.H. Bash Weekend,,dump_competitionevents_series_id,2026-09-24 16:35:35.994224+00,2026-09-24 16:35:35.994224+00
68,US Open Swing Dance Championships,2013,12,2013-11-27,2013-12-01,scheduled,wsdc_dump,dump:competitionevents:1446,US Open Swing Dance Championships,,dump_competitionevents_series_id,2026-09-24 16:35:35.994224+00,2026-09-24 16:35:35.994224+00
181,DC Swing eXperience (DCSX),2013,11,2013-11-14,2013-11-17,scheduled,wsdc_dump,dump:competitionevents:1436,DC Swing eXperience,,dump_competitionevents_series_id,2026-09-24 16:35:35.994224+00,2026-09-24 16:35:35.994224+00
166,London SwingVitational,2013,11,2013-11-14,2013-11-18,scheduled,wsdc_dump,dump:competitionevents:1442,London SWINGvitational,,dump_competitionevents_series_id,2026-09-24 16:35:35.994224+00,2026-09-24 16:35:35.994224+00
63,Swingin' New England Dance Festival,2013,11,2013-11-08,2013-11-10,scheduled,wsdc_dump,dump:competitionevents:1438,Swingin' New England Dance Festival,,dump_competitionevents_series_id,2026-09-24 16:35:35.994224+00,2026-09-24 16:35:35.994224+00
79,Sea to Sky,2013,11,2013-11-07,2013-11-11,scheduled,wsdc_dump,dump:competitionevents:1441,Sea to Sky,,dump_competitionevents_series_id,2026-09-24 16:35:35.994224+00,2026-09-24 16:35:35.994224+00
137,Tampa Bay Classic,2013,11,2013-11-07,2013-11-10,scheduled,wsdc_dump,dump:competitionevents:1439,Tampa Bay Classic,,dump_competitionevents_series_id,2026-09-24 16:35:35.994224+00,2026-09-24 16:35:35.994224+00
194,Moscow Westie Fest,2013,11,2013-11-01,2013-11-04,scheduled,wsdc_dump,dump:competitionevents:1434,Moscow Westie Dance Fest,,dump_competitionevents_series_id,2026-09-24 16:35:35.994224+00,2026-09-24 16:35:35.994224+00
31,Mountain Magic,2013,11,2013-10-31,2013-11-03,scheduled,wsdc_dump,dump:competitionevents:1432,Mountain Magic,,dump_competitionevents_series_id,2026-09-24 16:35:35.994224+00,2026-09-24 16:35:35.994224+00
65,Halloween SwingThing,2013,10,2013-10-25,2013-10-27,scheduled,wsdc_dump,dump:competitionevents:1426,Halloween SwingThing,,dump_competitionevents_series_id,2026-09-24 16:35:35.994224+00,2026-09-24 16:35:35.994224+00
125,Swing City Chicago,2013,10,2013-10-25,2013-10-27,scheduled,wsdc_dump,dump:competitionevents:1428,Swing City Chicago,,dump_competitionevents_series_id,2026-09-24 16:35:35.994224+00,2026-09-24 16:35:35.994224+00
192,Swing Generation,2013,10,2013-10-25,2013-10-27,scheduled,wsdc_dump,dump:competitionevents:1427,Swing Generation,,dump_competitionevents_series_id,2026-09-24 16:35:35.994224+00,2026-09-24 16:35:35.994224+00
211,Atlanta Swing Classic,2013,10,2013-10-18,2013-10-20,scheduled,wsdc_dump,dump:competitionevents:1424,Atlanta Swing Classic,,dump_competitionevents_series_id,2026-09-24 16:33:57.143549+00,2026-09-24 16:33:57.143549+00
180,Australian Open Swing Dance Championships,2013,10,2013-10-18,2013-10-20,scheduled,wsdc_dump,dump:competitionevents:1435,Australian Open Swing Dance Championships,,dump_competitionevents_series_id,2026-09-24 16:35:35.994224+00,2026-09-24 16:35:35.994224+00
43,Paradise Dance Festival,2013,10,2013-10-17,2013-10-20,scheduled,wsdc_dump,dump:competitionevents:1425,Paradise Country Dance Festival,,dump_competitionevents_series_id,2026-09-24 16:35:35.994224+00,2026-09-24 16:35:35.994224+00
8,Boogie By The Bay,2013,10,2013-10-11,2013-10-13,scheduled,wsdc_dump,dump:competitionevents:1440,Boogie By The Bay,,dump_competitionevents_series_id,2026-09-24 16:35:35.994224+00,2026-09-24 16:35:35.994224+00
178,Montreal Westie Fest,2013,10,2013-10-10,2013-10-14,scheduled,wsdc_dump,dump:competitionevents:1431,Montreal WCS Fest,,dump_competitionevents_series_id,2026-09-24 16:35:35.994224+00,2026-09-24 16:35:35.994224+00
179,New Zealand Open Swing Dance Championships,2013,10,2013-10-10,2013-10-13,scheduled,wsdc_dump,dump:competitionevents:1423,New Zealand Open Swing Dance Championships,,dump_competitionevents_series_id,2026-09-24 16:33:57.143549+00,2026-09-24 16:33:57.143549+00
210,Korean Open WCS Championships,2013,10,2013-10-04,2013-10-06,scheduled,wsdc_dump,dump:competitionevents:1422,Korean Open Swing Dance Championships,,dump_competitionevents_series_id,2026-09-24 16:33:57.143549+00,2026-09-24 16:33:57.143549+00
236,Warsaw Halloween Swing,2013,10,2013-10-03,2013-10-06,scheduled,wsdc_dump,dump:competitionevents:1429,Warsaw Swing,,dump_competitionevents_series_id,2026-09-24 16:35:35.994224+00,2026-09-24 16:35:35.994224+00
165,Midland Swing Open,2013,9,2013-09-27,2013-09-30,scheduled,wsdc_dump,dump:competitionevents:1421,Midland Swing Open,,dump_competitionevents_series_id,2026-09-24 16:33:57.143549+00,2026-09-24 16:33:57.143549+00
100,New Mexico Dance Fiesta,2013,9,2013-09-27,2013-09-29,scheduled,wsdc_dump,dump:competitionevents:1430,New Mexico Dance Fiesta,,dump_competitionevents_series_id,2026-09-24 16:35:35.994224+00,2026-09-24 16:35:35.994224+00
131,Meet Me In St Louis,2013,9,2013-09-26,2013-09-29,scheduled,wsdc_dump,dump:competitionevents:1437,Meet Me In St Louis,,dump_competitionevents_series_id,2026-09-24 16:35:35.994224+00,2026-09-24 16:35:35.994224+00
10,Bridgetown Swing Boogie,2013,9,2013-09-19,2013-09-22,scheduled,wsdc_dump,dump:competitionevents:1433,Bridgetown Swing Boogie,,dump_competitionevents_series_id,2026-09-24 16:35:35.994224+00,2026-09-24 16:35:35.994224+00
190,Vermont Swing Dance Championships,2013,9,2013-09-13,2013-09-15,scheduled,wsdc_dump,dump:competitionevents:1420,Vermont Swing Dance Championships,,dump_competitionevents_series_id,2026-09-24 16:33:57.143549+00,2026-09-24 16:33:57.143549+00
135,Desert City Swing,2013,9,2013-09-06,2013-09-08,scheduled,wsdc_dump,dump:competitionevents:1416,Desert City Swing,,dump_competitionevents_series_id,2026-09-24 16:33:57.143549+00,2026-09-24 16:33:57.143549+00
177,River City Swing,2013,9,2013-09-05,2013-09-08,scheduled,wsdc_dump,dump:competitionevents:1419,River City Swing,,dump_competitionevents_series_id,2026-09-24 16:33:57.143549+00,2026-09-24 16:33:57.143549+00
191,Sunny Side Dance Camp,2013,9,2013-08-31,2013-09-07,scheduled,wsdc_dump,dump:competitionevents:1415,Sunny Side Dance Camp,,dump_competitionevents_series_id,2026-09-24 16:33:57.143549+00,2026-09-24 16:33:57.143549+00
15,Dallas D.A.N.C.E.,2013,9,2013-08-29,2013-09-01,scheduled,wsdc_dump,dump:competitionevents:1417,Dallas D.A.N.C.E.,,dump_competitionevents_series_id,2026-09-24 16:33:57.143549+00,2026-09-24 16:33:57.143549+00
48,South Bay Dance Fling,2013,9,2013-08-29,2013-09-01,scheduled,wsdc_dump,dump:competitionevents:1414,South Bay CW Dance Festival,,dump_competitionevents_series_id,2026-09-24 16:33:57.143549+00,2026-09-24 16:33:57.143549+00
53,Summer Hummer,2013,8,2013-08-22,2013-08-25,scheduled,wsdc_dump,dump:competitionevents:1412,Summer Hummer,,dump_competitionevents_series_id,2026-09-24 16:33:57.143549+00,2026-09-24 16:33:57.143549+00
119,Chicagoland Country and Swing Dance Festival,2013,8,2013-08-16,2013-08-18,scheduled,wsdc_dump,dump:competitionevents:1409,Chicagoland Dance Festival,,dump_competitionevents_series_id,2026-09-24 16:33:57.143549+00,2026-09-24 16:33:57.143549+00
159,World Swing Masters,2013,8,2013-08-16,2013-08-18,scheduled,wsdc_dump,dump:competitionevents:1408,World Swing Masters,,dump_competitionevents_series_id,2026-09-24 16:33:57.143549+00,2026-09-24 16:33:57.143549+00
51,Palm Springs Summer Dance Classic,2013,8,2013-08-15,2013-08-18,scheduled,wsdc_dump,dump:competitionevents:1410,Palm Springs Summer Dance Classic,,dump_competitionevents_series_id,2026-09-24 16:33:57.143549+00,2026-09-24 16:33:57.143549+00
120,Lone Star Invitational,2013,8,2013-08-09,2013-08-11,scheduled,wsdc_dump,dump:competitionevents:1411,Lone Star Invitational,,dump_competitionevents_series_id,2026-09-24 16:33:57.143549+00,2026-09-24 16:33:57.143549+00
157,New England Dance Festival,2013,8,2013-08-09,2013-08-11,scheduled,wsdc_dump,dump:competitionevents:1405,New England Dance Festival,,dump_competitionevents_series_id,2026-09-24 16:33:57.143549+00,2026-09-24 16:33:57.143549+00
77,Arizona Dance Classic,2013,8,2013-08-02,2013-08-04,scheduled,wsdc_dump,dump:competitionevents:1406,Arizona Dance Classic,,dump_competitionevents_series_id,2026-09-24 16:33:57.143549+00,2026-09-24 16:33:57.143549+00
164,Sea Sun and Swing,2013,8,2013-08-02,2013-08-04,scheduled,wsdc_dump,dump:competitionevents:1404,Sea Sun and Swing,,dump_competitionevents_series_id,2026-09-24 16:33:57.143549+00,2026-09-24 16:33:57.143549+00
59,Swing Fling,2013,8,2013-08-01,2013-08-04,scheduled,wsdc_dump,dump:competitionevents:1403,Swing Fling,,dump_competitionevents_series_id,2026-09-24 16:33:57.143549+00,2026-09-24 16:33:57.143549+00
47,SwingTime Denver,2013,7,2013-07-25,2013-07-28,scheduled,wsdc_dump,dump:competitionevents:1407,Swingtime in the Rockies,,dump_competitionevents_series_id,2026-09-24 16:33:57.143549+00,2026-09-24 16:33:57.143549+00
148,Dance Mardi Gras,2013,7,2013-07-19,2013-07-21,scheduled,wsdc_dump,dump:competitionevents:1400,New Orleans Dance Mardi Gras,,dump_competitionevents_series_id,2026-09-24 16:33:57.143549+00,2026-09-24 16:33:57.143549+00
147,Toronto Open Swing & Hustle Championships,2013,7,2013-07-19,2013-07-21,scheduled,wsdc_dump,dump:competitionevents:1401,Toronto Open Swing & Hustle Championships,,dump_competitionevents_series_id,2026-09-24 16:33:57.143549+00,2026-09-24 16:33:57.143549+00
149,Florida Dance Magic,2013,7,2013-07-18,2013-07-21,scheduled,wsdc_dump,dump:competitionevents:1402,Florida Dance Magic,,dump_competitionevents_series_id,2026-09-24 16:33:57.143549+00,2026-09-24 16:33:57.143549+00
44,Portland Dance Festival,2013,7,2013-07-12,2013-07-14,scheduled,wsdc_dump,dump:competitionevents:1399,Portland Dance Festival,,dump_competitionevents_series_id,2026-09-24 16:33:57.143549+00,2026-09-24 16:33:57.143549+00
209,SinCity Swing,2013,7,2013-07-12,2013-07-14,scheduled,wsdc_dump,dump:competitionevents:1413,SinCity Swing,,dump_competitionevents_series_id,2026-09-24 16:33:57.143549+00,2026-09-24 16:33:57.143549+00
1,4TH of July Convention,2013,7,2013-07-05,2013-07-07,scheduled,wsdc_dump,dump:competitionevents:1398,4TH of July Convention,,dump_competitionevents_series_id,2026-09-24 16:33:57.143549+00,2026-09-24 16:33:57.143549+00
208,WCS@IDB,2013,7,2013-07-05,2013-07-07,scheduled,wsdc_dump,dump:competitionevents:1397,WCS@IDB,,dump_competitionevents_series_id,2026-09-24 16:33:57.143549+00,2026-09-24 16:33:57.143549+00
109,Colorado Country Classic,2013,6,2013-06-28,2013-06-30,scheduled,wsdc_dump,dump:competitionevents:1396,Colorado Country Classic,,dump_competitionevents_series_id,2026-09-24 16:33:57.143549+00,2026-09-24 16:33:57.143549+00
96,Liberty Swing Dance Championships,2013,6,2013-06-21,2013-06-23,scheduled,wsdc_dump,dump:competitionevents:1395,Liberty Swing Dance Championships,,dump_competitionevents_series_id,2026-09-24 16:33:57.143549+00,2026-09-24 16:33:57.143549+00
207,Dance N Play,2013,6,2013-06-14,2013-06-16,scheduled,wsdc_dump,dump:competitionevents:1394,Dance N Play,,dump_competitionevents_series_id,2026-09-24 16:33:57.143549+00,2026-09-24 16:33:57.143549+00
25,J&J O'Rama,2013,6,2013-06-07,2013-06-09,scheduled,wsdc_dump,dump:competitionevents:1355,J&J O'Rama,,dump_competitionevents_series_id,2026-09-24 16:33:57.143549+00,2026-09-24 16:33:57.143549+00
188,NSW West Coast Swing Dance Championships,2013,6,2013-06-07,2013-06-09,scheduled,wsdc_dump,dump:competitionevents:1358,NSW West Coast Swing Dance Championships,,dump_competitionevents_series_id,2026-09-24 16:33:57.143549+00,2026-09-24 16:33:57.143549+00
117,Orange Blossom Dance Festival,2013,6,2013-06-06,2013-06-08,scheduled,wsdc_dump,dump:competitionevents:1356,Orange Blossom Dance Festival,,dump_competitionevents_series_id,2026-09-24 16:33:57.143549+00,2026-09-24 16:33:57.143549+00
206,Hungarian Open,2013,6,2013-05-31,2013-06-02,scheduled,wsdc_dump,dump:competitionevents:1354,Hungarian Open,,dump_competitionevents_series_id,2026-09-24 16:33:57.143549+00,2026-09-24 16:33:57.143549+00
76,Michigan Dance Classic,2013,6,2013-05-30,2013-06-02,scheduled,wsdc_dump,dump:competitionevents:1357,Michigan Dance Classic,,dump_competitionevents_series_id,2026-09-24 16:33:57.143549+00,2026-09-24 16:33:57.143549+00
163,DFW Pro Am Jam,2013,5,2013-05-24,2013-05-26,scheduled,wsdc_dump,dump:competitionevents:1353,DFW Pro Am Jam,,dump_competitionevents_series_id,2026-09-24 16:33:57.143549+00,2026-09-24 16:33:57.143549+00
20,FreZno Dance Classic,2013,5,2013-05-24,2013-05-26,scheduled,wsdc_dump,dump:competitionevents:1361,FreZno Dance Classic,,dump_competitionevents_series_id,2026-09-24 16:33:57.143549+00,2026-09-24 16:33:57.143549+00
22,USA Grand Nationals,2013,5,2013-05-24,2013-05-26,scheduled,wsdc_dump,dump:competitionevents:1360,USA Grand Nationals,,dump_competitionevents_series_id,2026-09-24 16:33:57.143549+00,2026-09-24 16:33:57.143549+00
105,Canadian Swing Championships,2013,5,2013-05-17,2013-05-20,scheduled,wsdc_dump,dump:competitionevents:1359,Canadian Swing Championships,,dump_competitionevents_series_id,2026-09-24 16:33:57.143549+00,2026-09-24 16:33:57.143549+00
175,French Open West Coast Swing,2013,5,2013-05-17,2013-05-20,scheduled,wsdc_dump,dump:competitionevents:1352,French Open West Coast Swing,,dump_competitionevents_series_id,2026-09-24 16:33:19.999141+00,2026-09-24 16:33:19.999141+00
205,SOswing,2013,5,2013-05-17,2013-05-19,scheduled,wsdc_dump,dump:competitionevents:1349,SOswing,,dump_competitionevents_series_id,2026-09-24 16:33:19.999141+00,2026-09-24 16:33:19.999141+00
174,Swingsation,2013,5,2013-05-17,2013-05-19,scheduled,wsdc_dump,dump:competitionevents:1348,Swingsation,,dump_competitionevents_series_id,2026-09-24 16:33:19.999141+00,2026-09-24 16:33:19.999141+00
121,The Texas Classic,2013,5,2013-05-16,2013-05-19,scheduled,wsdc_dump,dump:competitionevents:1351,The Texas Classic,,dump_competitionevents_series_id,2026-09-24 16:33:19.999141+00,2026-09-24 16:33:19.999141+00
185,Sweetheart Swing Classic,2013,5,2013-05-09,2013-05-12,scheduled,wsdc_dump,dump:competitionevents:1350,Sweetheart Swing Classic,,dump_competitionevents_series_id,2026-09-24 16:33:19.999141+00,2026-09-24 16:33:19.999141+00
61,SwingDiego,2013,5,2013-05-09,2013-05-12,scheduled,wsdc_dump,dump:competitionevents:1347,SwingDiego,,dump_competitionevents_series_id,2026-09-24 16:33:19.999141+00,2026-09-24 16:33:19.999141+00
204,Spring Swing,2013,5,2013-05-03,2013-05-05,scheduled,wsdc_dump,dump:competitionevents:1345,Spring Swing,,dump_competitionevents_series_id,2026-09-24 16:33:19.999141+00,2026-09-24 16:33:19.999141+00
162,Swingapalooza,2013,5,2013-05-03,2013-05-05,scheduled,wsdc_dump,dump:competitionevents:1346,Swingapalooza,,dump_competitionevents_series_id,2026-09-24 16:33:19.999141+00,2026-09-24 16:33:19.999141+00
144,Swingin' Into Spring,2013,5,2013-05-02,2013-05-05,scheduled,wsdc_dump,dump:competitionevents:1340,Swingin' Into Spring,,dump_competitionevents_series_id,2026-09-24 16:33:19.999141+00,2026-09-24 16:33:19.999141+00
203,Detonation Dance,2013,4,2013-04-26,2013-04-28,scheduled,wsdc_dump,dump:competitionevents:1344,Detonation Dance ,,dump_competitionevents_series_id,2026-09-24 16:33:19.999141+00,2026-09-24 16:33:19.999141+00
218,Asia West Coast Swing Open,2013,4,2013-04-25,2013-04-28,scheduled,wsdc_dump,dump:competitionevents:1342,Asian WCS Open Swingvitation,,dump_competitionevents_series_id,2026-09-24 16:33:19.999141+00,2026-09-24 16:33:19.999141+00
134,Swing Dance America,2013,4,2013-04-25,2013-04-28,scheduled,wsdc_dump,dump:competitionevents:1343,Swing Dance America,,dump_competitionevents_series_id,2026-09-24 16:33:19.999141+00,2026-09-24 16:33:19.999141+00
200,Austin Swing Dance Championships,2013,4,2013-04-19,2013-04-21,scheduled,wsdc_dump,dump:competitionevents:1338,Austin Swing Dance Championships,,dump_competitionevents_series_id,2026-09-24 16:33:19.999141+00,2026-09-24 16:33:19.999141+00
172,International Hustle & Salsa Congress,2013,4,2013-04-11,2013-04-14,scheduled,wsdc_dump,dump:competitionevents:1341,International Hustle & Salsa Congress,,dump_competitionevents_series_id,2026-09-24 16:33:19.999141+00,2026-09-24 16:33:19.999141+00
199,San Francisco Dance Sensation,2013,4,2013-04-11,2013-04-14,scheduled,wsdc_dump,dump:competitionevents:1337,San Francisco Dance Sensation,,dump_competitionevents_series_id,2026-09-24 16:33:19.999141+00,2026-09-24 16:33:19.999141+00
187,City of Angels WCS,2013,4,2013-04-05,2013-04-07,scheduled,wsdc_dump,dump:competitionevents:1336,City of Angels,,dump_competitionevents_series_id,2026-09-24 16:33:19.999141+00,2026-09-24 16:33:19.999141+00
154,UK WCS Championships,2013,4,2013-04-05,2013-04-08,scheduled,wsdc_dump,dump:competitionevents:1334,UK & European WCS Championships,,dump_competitionevents_series_id,2026-09-24 16:33:19.999141+00,2026-09-24 16:33:19.999141+00
201,MidAtlantic Dance Classic,2013,4,2013-04-04,2013-04-06,scheduled,wsdc_dump,dump:competitionevents:1339,MidAtlantic Dance Classic,,dump_competitionevents_series_id,2026-09-24 16:33:19.999141+00,2026-09-24 16:33:19.999141+00
18,Easter Swing,2013,3,2013-03-28,2013-03-31,scheduled,wsdc_dump,dump:competitionevents:1335,Seattle's Easter Swing,,dump_competitionevents_series_id,2026-09-24 16:33:19.999141+00,2026-09-24 16:33:19.999141+00
170,Russian Open WCS Championships,2013,3,2013-03-28,2013-03-31,scheduled,wsdc_dump,dump:competitionevents:1333,Russian Open WCS Championships,,dump_competitionevents_series_id,2026-09-24 16:33:19.999141+00,2026-09-24 16:33:19.999141+00
132,Tulsa Spring Swing,2013,3,2013-03-28,2013-03-31,scheduled,wsdc_dump,dump:competitionevents:1332,Tulsa Spring Swing,,dump_competitionevents_series_id,2026-09-24 16:33:19.999141+00,2026-09-24 16:33:19.999141+00
9,Boston Tea Party,2013,3,2013-03-21,2013-03-25,scheduled,wsdc_dump,dump:competitionevents:1331,Boston Tea Party,,dump_competitionevents_series_id,2026-09-24 16:33:19.999141+00,2026-09-24 16:33:19.999141+00
153,Novice Invitational,2013,3,2013-03-15,2013-03-17,scheduled,wsdc_dump,dump:competitionevents:1329,Novice Invitational,,dump_competitionevents_series_id,2026-09-24 16:33:19.999141+00,2026-09-24 16:33:19.999141+00
186,West in Lyon,2013,3,2013-03-15,2013-03-17,scheduled,wsdc_dump,dump:competitionevents:1330,West In Lyon,,dump_competitionevents_series_id,2026-09-24 16:33:19.999141+00,2026-09-24 16:33:19.999141+00
197,5280 Westival,2013,3,2013-03-14,2013-03-17,scheduled,wsdc_dump,dump:competitionevents:1328,5280 Swing Dance Championships,,dump_competitionevents_series_id,2026-09-24 16:33:19.999141+00,2026-09-24 16:33:19.999141+00
143,High Desert Dance Classic,2013,3,2013-03-08,2013-03-10,scheduled,wsdc_dump,dump:competitionevents:1326,High Desert Dance Classic,,dump_competitionevents_series_id,2026-09-24 16:33:19.999141+00,2026-09-24 16:33:19.999141+00
142,The Chicago Classic,2013,3,2013-03-07,2013-03-10,scheduled,wsdc_dump,dump:competitionevents:1327,The Chicago Classic,,dump_competitionevents_series_id,2026-09-24 16:33:19.999141+00,2026-09-24 16:33:19.999141+00
92,MADjam,2013,3,2013-02-28,2013-03-03,scheduled,wsdc_dump,dump:competitionevents:1325,Mid-Atlantic Dance Jam,,dump_competitionevents_series_id,2026-09-24 16:33:19.999141+00,2026-09-24 16:33:19.999141+00
169,Dance Camp Chicago,2013,2,2013-02-22,2013-02-24,scheduled,wsdc_dump,dump:competitionevents:1323,Dance Camp Chicago,,dump_competitionevents_series_id,2026-09-24 16:33:19.999141+00,2026-09-24 16:33:19.999141+00
12,Capital Swing Dance Convention,2013,2,2013-02-15,2013-02-17,scheduled,wsdc_dump,dump:competitionevents:1324,Capital Swing Dance Convention,,dump_competitionevents_series_id,2026-09-24 16:33:19.999141+00,2026-09-24 16:33:19.999141+00
168,Scottish WCS Dance Championships,2013,2,2013-02-08,2013-02-10,scheduled,wsdc_dump,dump:competitionevents:1322,Scottish WCS Dance Championships,,dump_competitionevents_series_id,2026-09-24 16:33:19.999141+00,2026-09-24 16:33:19.999141+00
167,Best of the Best WCS,2013,1,2013-01-25,2013-01-28,scheduled,wsdc_dump,dump:competitionevents:1318,Best of the Best,,dump_competitionevents_series_id,2026-09-24 16:33:19.999141+00,2026-09-24 16:33:19.999141+00
183,Freedom Swing Dance Challenge,2013,1,2013-01-25,2013-01-27,scheduled,wsdc_dump,dump:competitionevents:1321,Freedom Swing Dance Challenge,,dump_competitionevents_series_id,2026-09-24 16:33:19.999141+00,2026-09-24 16:33:19.999141+00
196,SwingCouver,2013,1,2013-01-25,2013-01-27,scheduled,wsdc_dump,dump:competitionevents:1320,SwingCouver,,dump_competitionevents_series_id,2026-09-24 16:33:19.999141+00,2026-09-24 16:33:19.999141+00
67,Americas Classic,2013,1,2013-01-18,2013-01-20,scheduled,wsdc_dump,dump:competitionevents:1316,Americas Classic,,dump_competitionevents_series_id,2026-09-24 16:33:19.999141+00,2026-09-24 16:33:19.999141+00
62,Monterey SwingFest,2013,1,2013-01-18,2013-01-20,scheduled,wsdc_dump,dump:competitionevents:1315,Monterey SwingFest,,dump_competitionevents_series_id,2026-09-24 16:33:19.999141+00,2026-09-24 16:33:19.999141+00
184,BudaFest Open WCS Championships,2013,1,2013-01-11,2013-01-13,scheduled,wsdc_dump,dump:competitionevents:1317,BudaFest Open WCS Championships,,dump_competitionevents_series_id,2026-09-24 16:33:19.999141+00,2026-09-24 16:33:19.999141+00
75,UCWDC Country Dance World Championship,2013,1,2012-12-31,2013-01-06,scheduled,wsdc_dump,dump:competitionevents:1314,Worlds UCWDC,,dump_competitionevents_series_id,2026-09-24 16:33:19.999141+00,2026-09-24 16:33:19.999141+00
334,Countdown Swing Boston,2013,1,2012-12-29,2013-01-01,scheduled,wsdc_dump,dump:competitionevents:1311,New Year's Dance Extravaganza,,dump_competitionevents_series_id,2026-09-24 16:32:00.557472+00,2026-09-24 16:32:00.557472+00
42,Floorplay Swing Vacation,2013,1,2012-12-28,2013-01-01,scheduled,wsdc_dump,dump:competitionevents:1313,Floorplay New Years Swing Vacation,,dump_competitionevents_series_id,2026-09-24 16:33:19.999141+00,2026-09-24 16:33:19.999141+00
195,Palm Springs New Years Swing Dance Classic,2013,1,2012-12-28,2013-01-01,scheduled,wsdc_dump,dump:competitionevents:1312,Palm Springs New Years Swing Dance Classic,,dump_competitionevents_series_id,2026-09-24 16:28:21.321356+00,2026-09-24 16:28:21.321356+00
141,Spotlight New Year's Celebration,2013,1,2012-12-28,2013-01-01,scheduled,wsdc_dump,dump:competitionevents:1319,Spotlight Dance Challenge,,dump_competitionevents_series_id,2026-09-24 16:33:19.999141+00,2026-09-24 16:33:19.999141+00
126,Chico Dance Sensation,2012,12,2012-11-29,2012-12-02,scheduled,wsdc_dump,dump:competitionevents:1310,Chico Dance Sensation,,dump_competitionevents_series_id,2026-09-24 16:32:00.557472+00,2026-09-24 16:32:00.557472+00
87,CASH Bash,2012,11,2012-11-23,2012-11-25,scheduled,wsdc_dump,dump:competitionevents:1308,C.A.S.H. Bash Weekend,,dump_competitionevents_series_id,2026-09-24 16:32:00.557472+00,2026-09-24 16:32:00.557472+00
68,US Open Swing Dance Championships,2012,11,2012-11-22,2012-11-25,scheduled,wsdc_dump,dump:competitionevents:1309,US Open Swing Dance Championships,,dump_competitionevents_series_id,2026-09-24 16:32:00.557472+00,2026-09-24 16:32:00.557472+00
166,London SwingVitational,2012,11,2012-11-16,2012-11-19,scheduled,wsdc_dump,dump:competitionevents:1307,London SWINGvitational,,dump_competitionevents_series_id,2026-09-24 16:32:00.557472+00,2026-09-24 16:32:00.557472+00
63,Swingin' New England Dance Festival,2012,11,2012-11-16,2012-11-18,scheduled,wsdc_dump,dump:competitionevents:1306,Swingin' New England Dance Festival,,dump_competitionevents_series_id,2026-09-24 16:32:00.557472+00,2026-09-24 16:32:00.557472+00
181,DC Swing eXperience (DCSX),2012,11,2012-11-09,2012-11-12,scheduled,wsdc_dump,dump:competitionevents:1304,DC Swing eXperience,,dump_competitionevents_series_id,2026-09-24 16:32:00.557472+00,2026-09-24 16:32:00.557472+00
79,Sea to Sky,2012,11,2012-11-08,2012-11-11,scheduled,wsdc_dump,dump:competitionevents:1305,Sea to Sky,,dump_competitionevents_series_id,2026-09-24 16:32:00.557472+00,2026-09-24 16:32:00.557472+00
194,Moscow Westie Fest,2012,11,2012-11-02,2012-11-04,scheduled,wsdc_dump,dump:competitionevents:1302,Moscow Westie Dance Fest,,dump_competitionevents_series_id,2026-09-24 16:32:00.557472+00,2026-09-24 16:32:00.557472+00
31,Mountain Magic,2012,11,2012-11-02,2012-11-04,scheduled,wsdc_dump,dump:competitionevents:1303,Mountain Magic,,dump_competitionevents_series_id,2026-09-24 16:32:00.557472+00,2026-09-24 16:32:00.557472+00
137,Tampa Bay Classic,2012,11,2012-11-01,2012-11-04,scheduled,wsdc_dump,dump:competitionevents:1301,Tampa Bay Classic,,dump_competitionevents_series_id,2026-09-24 16:32:00.557472+00,2026-09-24 16:32:00.557472+00
65,Halloween SwingThing,2012,10,2012-10-26,2012-10-28,scheduled,wsdc_dump,dump:competitionevents:1297,Halloween SwingThing,,dump_competitionevents_series_id,2026-09-24 16:32:00.557472+00,2026-09-24 16:32:00.557472+00
125,Swing City Chicago,2012,10,2012-10-26,2012-10-28,scheduled,wsdc_dump,dump:competitionevents:1296,Swing City Chicago,,dump_competitionevents_series_id,2026-09-24 16:32:00.557472+00,2026-09-24 16:32:00.557472+00
192,Swing Generation,2012,10,2012-10-26,2012-10-28,scheduled,wsdc_dump,dump:competitionevents:1298,Swing Generation,,dump_competitionevents_series_id,2026-09-24 16:32:00.557472+00,2026-09-24 16:32:00.557472+00
180,Australian Open Swing Dance Championships,2012,10,2012-10-19,2012-10-21,scheduled,wsdc_dump,dump:competitionevents:1295,Australian Open Swing Dance Championships,,dump_competitionevents_series_id,2026-09-24 16:32:00.557472+00,2026-09-24 16:32:00.557472+00
236,Warsaw Halloween Swing,2012,10,2012-10-18,2012-10-21,scheduled,wsdc_dump,dump:competitionevents:1300,Warsaw Swing,,dump_competitionevents_series_id,2026-09-24 16:32:00.557472+00,2026-09-24 16:32:00.557472+00
43,Paradise Dance Festival,2012,10,2012-10-12,2012-10-14,scheduled,wsdc_dump,dump:competitionevents:1293,Paradise Country Dance Festival,,dump_competitionevents_series_id,2026-09-24 16:32:00.557472+00,2026-09-24 16:32:00.557472+00
179,New Zealand Open Swing Dance Championships,2012,10,2012-10-11,2012-10-14,scheduled,wsdc_dump,dump:competitionevents:1292,New Zealand Open Swing Dance Championships,,dump_competitionevents_series_id,2026-09-24 16:32:00.557472+00,2026-09-24 16:32:00.557472+00
8,Boogie By The Bay,2012,10,2012-10-05,2012-10-07,scheduled,wsdc_dump,dump:competitionevents:1299,Boogie By The Bay,,dump_competitionevents_series_id,2026-09-24 16:32:00.557472+00,2026-09-24 16:32:00.557472+00
178,Montreal Westie Fest,2012,10,2012-10-04,2012-10-08,scheduled,wsdc_dump,dump:competitionevents:1294,Montreal WCS Fest,,dump_competitionevents_series_id,2026-09-24 16:32:00.557472+00,2026-09-24 16:32:00.557472+00
165,Midland Swing Open,2012,9,2012-09-28,2012-09-30,scheduled,wsdc_dump,dump:competitionevents:1289,Midland Swing Open,,dump_competitionevents_series_id,2026-09-24 16:32:00.557472+00,2026-09-24 16:32:00.557472+00
131,Meet Me In St Louis,2012,9,2012-09-27,2012-09-30,scheduled,wsdc_dump,dump:competitionevents:1290,Meet Me In St Louis,,dump_competitionevents_series_id,2026-09-24 16:32:00.557472+00,2026-09-24 16:32:00.557472+00
95,Swing Niagara Dance Championships,2012,9,2012-09-21,2012-09-23,scheduled,wsdc_dump,dump:competitionevents:1288,Swing Niagara Dance Championships,,dump_competitionevents_series_id,2026-09-24 16:32:00.557472+00,2026-09-24 16:32:00.557472+00
190,Vermont Swing Dance Championships,2012,9,2012-09-14,2012-09-16,scheduled,wsdc_dump,dump:competitionevents:1285,Vermont Swing Dance Championships,,dump_competitionevents_series_id,2026-09-24 16:32:00.557472+00,2026-09-24 16:32:00.557472+00
10,Bridgetown Swing Boogie,2012,9,2012-09-13,2012-09-16,scheduled,wsdc_dump,dump:competitionevents:1287,Bridgetown Swing Boogie,,dump_competitionevents_series_id,2026-09-24 16:32:00.557472+00,2026-09-24 16:32:00.557472+00
177,River City Swing,2012,9,2012-09-06,2012-09-09,scheduled,wsdc_dump,dump:competitionevents:1283,River City Swing,,dump_competitionevents_series_id,2026-09-24 16:32:00.557472+00,2026-09-24 16:32:00.557472+00
135,Desert City Swing,2012,9,2012-09-05,2012-09-09,scheduled,wsdc_dump,dump:competitionevents:1281,Desert City Swing,,dump_competitionevents_series_id,2026-09-24 16:32:00.557472+00,2026-09-24 16:32:00.557472+00
191,Sunny Side Dance Camp,2012,9,2012-09-01,2012-09-08,scheduled,wsdc_dump,dump:competitionevents:1286,Sunny Side Dance Camp,,dump_competitionevents_series_id,2026-09-24 16:32:00.557472+00,2026-09-24 16:32:00.557472+00
48,South Bay Dance Fling,2012,9,2012-08-31,2012-09-02,scheduled,wsdc_dump,dump:competitionevents:1279,South Bay CW Dance Festival,,dump_competitionevents_series_id,2026-09-24 16:32:00.557472+00,2026-09-24 16:32:00.557472+00
15,Dallas D.A.N.C.E.,2012,9,2012-08-30,2012-09-02,scheduled,wsdc_dump,dump:competitionevents:1280,Dallas D.A.N.C.E.,,dump_competitionevents_series_id,2026-09-24 16:32:00.557472+00,2026-09-24 16:32:00.557472+00
53,Summer Hummer,2012,8,2012-08-24,2012-08-26,scheduled,wsdc_dump,dump:competitionevents:1278,Summer Hummer,,dump_competitionevents_series_id,2026-09-24 16:32:00.557472+00,2026-09-24 16:32:00.557472+00
119,Chicagoland Country and Swing Dance Festival,2012,8,2012-08-17,2012-08-19,scheduled,wsdc_dump,dump:competitionevents:1276,Chicagoland,,dump_competitionevents_series_id,2026-09-24 16:32:00.557472+00,2026-09-24 16:32:00.557472+00
159,World Swing Masters,2012,8,2012-08-17,2012-08-19,scheduled,wsdc_dump,dump:competitionevents:1284,World Swing Masters,,dump_competitionevents_series_id,2026-09-24 16:32:00.557472+00,2026-09-24 16:32:00.557472+00
120,Lone Star Invitational,2012,8,2012-08-10,2012-08-12,scheduled,wsdc_dump,dump:competitionevents:1274,Lone Star Invitational,,dump_competitionevents_series_id,2026-09-24 16:32:00.557472+00,2026-09-24 16:32:00.557472+00
157,New England Dance Festival,2012,8,2012-08-10,2012-08-12,scheduled,wsdc_dump,dump:competitionevents:1275,New England Dance Festival,,dump_competitionevents_series_id,2026-09-24 16:32:00.557472+00,2026-09-24 16:32:00.557472+00
51,Palm Springs Summer Dance Classic,2012,8,2012-08-09,2012-08-12,scheduled,wsdc_dump,dump:competitionevents:1277,Palm Springs Summer Dance Classic,,dump_competitionevents_series_id,2026-09-24 16:32:00.557472+00,2026-09-24 16:32:00.557472+00
59,Swing Fling,2012,8,2012-08-05,2012-08-07,scheduled,wsdc_dump,dump:competitionevents:1272,Swing Fling,,dump_competitionevents_series_id,2026-09-24 16:32:00.183232+00,2026-09-24 16:32:00.183232+00
77,Arizona Dance Classic,2012,8,2012-08-03,2012-08-05,scheduled,wsdc_dump,dump:competitionevents:1282,Arizona Dance Classic,,dump_competitionevents_series_id,2026-09-24 16:32:00.557472+00,2026-09-24 16:32:00.557472+00
164,Sea Sun and Swing,2012,8,2012-08-03,2012-08-05,scheduled,wsdc_dump,dump:competitionevents:1273,Sea Sun and Swing,,dump_competitionevents_series_id,2026-09-24 16:32:00.557472+00,2026-09-24 16:32:00.557472+00
148,Dance Mardi Gras,2012,7,2012-07-27,2012-07-29,scheduled,wsdc_dump,dump:competitionevents:1271,New Orleans Dance Mardi Gras,,dump_competitionevents_series_id,2026-09-24 16:32:00.183232+00,2026-09-24 16:32:00.183232+00
47,SwingTime Denver,2012,7,2012-07-20,2012-07-22,scheduled,wsdc_dump,dump:competitionevents:1268,Swingtime in the Rockies,,dump_competitionevents_series_id,2026-09-24 16:32:00.183232+00,2026-09-24 16:32:00.183232+00
156,Big Apple Dance Festival,2012,7,2012-07-19,2012-07-22,scheduled,wsdc_dump,dump:competitionevents:1291,Big Apple Dance Festival,,dump_competitionevents_series_id,2026-09-24 16:32:00.557472+00,2026-09-24 16:32:00.557472+00
149,Florida Dance Magic,2012,7,2012-07-19,2012-07-22,scheduled,wsdc_dump,dump:competitionevents:1270,Florida Dance Magic,,dump_competitionevents_series_id,2026-09-24 16:32:00.183232+00,2026-09-24 16:32:00.183232+00
147,Toronto Open Swing & Hustle Championships,2012,7,2012-07-19,2012-07-22,scheduled,wsdc_dump,dump:competitionevents:1269,Toronto Open Swing & Hustle Championships,,dump_competitionevents_series_id,2026-09-24 16:32:00.183232+00,2026-09-24 16:32:00.183232+00
44,Portland Dance Festival,2012,7,2012-07-13,2012-07-15,scheduled,wsdc_dump,dump:competitionevents:1266,Portland Dance Festival,,dump_competitionevents_series_id,2026-09-24 16:32:00.183232+00,2026-09-24 16:32:00.183232+00
84,Wisconsin Dance Challenge/Midwest Area Swing Dance Challenge,2012,7,2012-07-13,2012-07-16,scheduled,wsdc_dump,dump:competitionevents:1267,Wisconsin Dance Challenge/Midwest Area Swing Dance Challenge,,dump_competitionevents_series_id,2026-09-24 16:32:00.183232+00,2026-09-24 16:32:00.183232+00
1,4TH of July Convention,2012,7,2012-07-06,2012-07-08,scheduled,wsdc_dump,dump:competitionevents:1264,4TH of July Convention,,dump_competitionevents_series_id,2026-09-24 16:32:00.183232+00,2026-09-24 16:32:00.183232+00
189,Swingin in the Valley,2012,7,2012-07-06,2012-07-08,scheduled,wsdc_dump,dump:competitionevents:1262,Swingin in the Valley,,dump_competitionevents_series_id,2026-09-24 16:32:00.183232+00,2026-09-24 16:32:00.183232+00
146,Boston Dance Challenge,2012,7,2012-07-05,2012-07-08,scheduled,wsdc_dump,dump:competitionevents:1263,Boston Dance Challenge,,dump_competitionevents_series_id,2026-09-24 16:32:00.183232+00,2026-09-24 16:32:00.183232+00
109,Colorado Country Classic,2012,6,2012-06-22,2012-06-24,scheduled,wsdc_dump,dump:competitionevents:1265,Colorado Country Classic,,dump_competitionevents_series_id,2026-09-24 16:32:00.183232+00,2026-09-24 16:32:00.183232+00
96,Liberty Swing Dance Championships,2012,6,2012-06-21,2012-06-24,scheduled,wsdc_dump,dump:competitionevents:1261,Liberty Swing Dance Championships,,dump_competitionevents_series_id,2026-09-24 16:32:00.183232+00,2026-09-24 16:32:00.183232+00
25,J&J O'Rama,2012,6,2012-06-15,2012-06-17,scheduled,wsdc_dump,dump:competitionevents:1257,J&J O'Rama,,dump_competitionevents_series_id,2026-09-24 16:32:00.183232+00,2026-09-24 16:32:00.183232+00
188,NSW West Coast Swing Dance Championships,2012,6,2012-06-08,2012-06-10,scheduled,wsdc_dump,dump:competitionevents:1256,NSW West Coast Swing Dance Championships,,dump_competitionevents_series_id,2026-09-24 16:32:00.183232+00,2026-09-24 16:32:00.183232+00
117,Orange Blossom Dance Festival,2012,6,2012-06-08,2012-06-10,scheduled,wsdc_dump,dump:competitionevents:1259,Orange Blossom Dance Festival,,dump_competitionevents_series_id,2026-09-24 16:32:00.183232+00,2026-09-24 16:32:00.183232+00
76,Michigan Dance Classic,2012,6,2012-05-31,2012-06-03,scheduled,wsdc_dump,dump:competitionevents:1258,Michigan Dance Classic,,dump_competitionevents_series_id,2026-09-24 16:32:00.183232+00,2026-09-24 16:32:00.183232+00
22,USA Grand Nationals,2012,5,2012-05-25,2012-05-27,scheduled,wsdc_dump,dump:competitionevents:1251,USA Grand Nationals,,dump_competitionevents_series_id,2026-09-24 16:32:00.183232+00,2026-09-24 16:32:00.183232+00
163,DFW Pro Am Jam,2012,5,2012-05-24,2012-05-27,scheduled,wsdc_dump,dump:competitionevents:1254,DFW Pro Am Jam,,dump_competitionevents_series_id,2026-09-24 16:32:00.183232+00,2026-09-24 16:32:00.183232+00
20,FreZno Dance Classic,2012,5,2012-05-24,2012-05-27,scheduled,wsdc_dump,dump:competitionevents:1252,FreZno Dance Classic,,dump_competitionevents_series_id,2026-09-24 16:32:00.183232+00,2026-09-24 16:32:00.183232+00
105,Canadian Swing Championships,2012,5,2012-05-18,2012-05-21,scheduled,wsdc_dump,dump:competitionevents:1253,Canadian Swing Championships,,dump_competitionevents_series_id,2026-09-24 16:32:00.183232+00,2026-09-24 16:32:00.183232+00
174,Swingsation,2012,5,2012-05-18,2012-05-20,scheduled,wsdc_dump,dump:competitionevents:1250,Swingsation,,dump_competitionevents_series_id,2026-09-24 16:32:00.183232+00,2026-09-24 16:32:00.183232+00
175,French Open West Coast Swing,2012,5,2012-05-17,2012-05-20,scheduled,wsdc_dump,dump:competitionevents:1255,French Open West Coast Swing,,dump_competitionevents_series_id,2026-09-24 16:32:00.183232+00,2026-09-24 16:32:00.183232+00
121,The Texas Classic,2012,5,2012-05-17,2012-05-20,scheduled,wsdc_dump,dump:competitionevents:1260,The Texas Classic,,dump_competitionevents_series_id,2026-09-24 16:32:00.183232+00,2026-09-24 16:32:00.183232+00
61,SwingDiego,2012,5,2012-05-11,2012-05-13,scheduled,wsdc_dump,dump:competitionevents:1249,SwingDiego,,dump_competitionevents_series_id,2026-09-24 16:32:00.183232+00,2026-09-24 16:32:00.183232+00
162,Swingapalooza,2012,5,2012-05-04,2012-05-06,scheduled,wsdc_dump,dump:competitionevents:1248,Swingapalooza,,dump_competitionevents_series_id,2026-09-24 16:32:00.183232+00,2026-09-24 16:32:00.183232+00
144,Swingin' Into Spring,2012,5,2012-05-03,2012-05-06,scheduled,wsdc_dump,dump:competitionevents:1247,Swingin' Into Spring,,dump_competitionevents_series_id,2026-09-24 16:32:00.183232+00,2026-09-24 16:32:00.183232+00
134,Swing Dance America,2012,4,2012-04-26,2012-04-29,scheduled,wsdc_dump,dump:competitionevents:1246,Swing Dance America,,dump_competitionevents_series_id,2026-09-24 16:32:00.183232+00,2026-09-24 16:32:00.183232+00
18,Easter Swing,2012,4,2012-04-21,2012-04-24,scheduled,wsdc_dump,dump:competitionevents:1241,Seattle's Easter Swing,,dump_competitionevents_series_id,2026-09-24 16:32:00.183232+00,2026-09-24 16:32:00.183232+00
172,International Hustle & Salsa Congress,2012,4,2012-04-06,2012-04-08,scheduled,wsdc_dump,dump:competitionevents:1244,International Hustle & Salsa Congress,,dump_competitionevents_series_id,2026-09-24 16:32:00.183232+00,2026-09-24 16:32:00.183232+00
132,Tulsa Spring Swing,2012,4,2012-04-05,2012-04-08,scheduled,wsdc_dump,dump:competitionevents:1243,Tulsa Spring Swing,,dump_competitionevents_series_id,2026-09-24 16:32:00.183232+00,2026-09-24 16:32:00.183232+00
187,City of Angels WCS,2012,4,2012-03-30,2012-04-01,scheduled,wsdc_dump,dump:competitionevents:1240,City of Angels,,dump_competitionevents_series_id,2026-09-24 16:32:00.183232+00,2026-09-24 16:32:00.183232+00
154,UK WCS Championships,2012,4,2012-03-30,2012-04-02,scheduled,wsdc_dump,dump:competitionevents:1242,UK WCS Dance Championships,,dump_competitionevents_series_id,2026-09-24 16:32:00.183232+00,2026-09-24 16:32:00.183232+00
9,Boston Tea Party,2012,3,2012-03-22,2012-03-25,scheduled,wsdc_dump,dump:competitionevents:1239,Boston Tea Party,,dump_competitionevents_series_id,2026-09-24 16:32:00.183232+00,2026-09-24 16:32:00.183232+00
170,Russian Open WCS Championships,2012,3,2012-03-22,2012-03-25,scheduled,wsdc_dump,dump:competitionevents:1245,Russian Open WCS Championships,,dump_competitionevents_series_id,2026-09-24 16:32:00.183232+00,2026-09-24 16:32:00.183232+00
153,Novice Invitational,2012,3,2012-03-16,2012-03-18,scheduled,wsdc_dump,dump:competitionevents:1238,Novice Invitational,,dump_competitionevents_series_id,2026-09-24 16:32:00.183232+00,2026-09-24 16:32:00.183232+00
186,West in Lyon,2012,3,2012-03-16,2012-03-18,scheduled,wsdc_dump,dump:competitionevents:1235,West In Lyon,,dump_competitionevents_series_id,2026-09-24 16:32:00.183232+00,2026-09-24 16:32:00.183232+00
143,High Desert Dance Classic,2012,3,2012-03-09,2012-03-11,scheduled,wsdc_dump,dump:competitionevents:1236,High Desert Dance Classic,,dump_competitionevents_series_id,2026-09-24 16:32:00.183232+00,2026-09-24 16:32:00.183232+00
13,Chicago Classic,2012,3,2012-03-08,2012-03-11,scheduled,wsdc_dump,dump:competitionevents:1234,Chicago Classic,,dump_competitionevents_series_id,2026-09-24 16:32:00.183232+00,2026-09-24 16:32:00.183232+00
92,MADjam,2012,3,2012-03-01,2012-03-05,scheduled,wsdc_dump,dump:competitionevents:1233,Mid-Atlantic Dance Jam,,dump_competitionevents_series_id,2026-09-24 16:32:00.183232+00,2026-09-24 16:32:00.183232+00
169,Dance Camp Chicago,2012,2,2012-02-24,2012-02-26,scheduled,wsdc_dump,dump:competitionevents:1232,Dance Camp Chicago,,dump_competitionevents_series_id,2026-09-24 16:31:34.49279+00,2026-09-24 16:31:34.49279+00
12,Capital Swing Dance Convention,2012,2,2012-02-17,2012-02-19,scheduled,wsdc_dump,dump:competitionevents:1237,Capital Swing Dance Convention,,dump_competitionevents_series_id,2026-09-24 16:32:00.183232+00,2026-09-24 16:32:00.183232+00
168,Scottish WCS Dance Championships,2012,2,2012-02-10,2012-02-13,scheduled,wsdc_dump,dump:competitionevents:1231,Scottish WCS Dance Championships,,dump_competitionevents_series_id,2026-09-24 16:31:34.49279+00,2026-09-24 16:31:34.49279+00
185,Sweetheart Swing Classic,2012,2,2012-02-02,2012-02-04,scheduled,wsdc_dump,dump:competitionevents:1230,Sweetheart Swing Classic,,dump_competitionevents_series_id,2026-09-24 16:31:34.49279+00,2026-09-24 16:31:34.49279+00
183,Freedom Swing Dance Challenge,2012,1,2012-01-27,2012-01-29,scheduled,wsdc_dump,dump:competitionevents:1227,Freedom Swing Dance Challenge,,dump_competitionevents_series_id,2026-09-24 16:31:34.49279+00,2026-09-24 16:31:34.49279+00
167,Best of the Best WCS,2012,1,2012-01-26,2012-01-29,scheduled,wsdc_dump,dump:competitionevents:1228,Best of the Best,,dump_competitionevents_series_id,2026-09-24 16:31:34.49279+00,2026-09-24 16:31:34.49279+00
67,Americas Classic,2012,1,2012-01-13,2012-01-15,scheduled,wsdc_dump,dump:competitionevents:1224,Americas Classic,,dump_competitionevents_series_id,2026-09-24 16:31:34.49279+00,2026-09-24 16:31:34.49279+00
62,Monterey SwingFest,2012,1,2012-01-13,2012-01-15,scheduled,wsdc_dump,dump:competitionevents:1222,Monterey SwingFest,,dump_competitionevents_series_id,2026-09-24 16:31:34.49279+00,2026-09-24 16:31:34.49279+00
184,BudaFest Open WCS Championships,2012,1,2012-01-06,2012-01-08,scheduled,wsdc_dump,dump:competitionevents:1229,BudaFest Open WCS Championships,,dump_competitionevents_series_id,2026-09-24 16:31:34.49279+00,2026-09-24 16:31:34.49279+00
152,Worlds UCWDC,2012,1,2012-01-06,2012-01-09,scheduled,wsdc_dump,dump:competitionevents:1226,Worlds UCWDC,,dump_competitionevents_series_id,2026-09-24 16:31:34.49279+00,2026-09-24 16:31:34.49279+00
334,Countdown Swing Boston,2012,1,2011-12-30,2012-01-01,scheduled,wsdc_dump,dump:competitionevents:1219,New Year's Dance Extravaganza,,dump_competitionevents_series_id,2026-09-24 16:31:34.49279+00,2026-09-24 16:31:34.49279+00
42,Floorplay Swing Vacation,2012,1,2011-12-30,2012-01-02,scheduled,wsdc_dump,dump:competitionevents:1225,Floorplay New Years Swing Vacation,,dump_competitionevents_series_id,2026-09-24 16:31:34.49279+00,2026-09-24 16:31:34.49279+00
195,Palm Springs New Years Swing Dance Classic,2012,1,2011-12-29,2012-01-01,scheduled,wsdc_dump,dump:competitionevents:1220,New Year's Dance Camp,,dump_competitionevents_series_id,2026-09-24 16:31:34.49279+00,2026-09-24 16:31:34.49279+00
141,Spotlight New Year's Celebration,2012,1,2011-12-28,2012-01-01,scheduled,wsdc_dump,dump:competitionevents:1221,Spotlight Dance Challenge,,dump_competitionevents_series_id,2026-09-24 16:31:34.49279+00,2026-09-24 16:31:34.49279+00
126,Chico Dance Sensation,2011,12,2011-12-01,2011-12-04,scheduled,wsdc_dump,dump:competitionevents:1217,Chico Dance Sensation,,dump_competitionevents_series_id,2026-09-24 16:31:34.49279+00,2026-09-24 16:31:34.49279+00
87,CASH Bash,2011,11,2011-11-25,2011-11-27,scheduled,wsdc_dump,dump:competitionevents:1214,C.A.S.H. Bash Weekend,,dump_competitionevents_series_id,2026-09-24 16:31:34.49279+00,2026-09-24 16:31:34.49279+00
151,Sunshine State Dance Challenge,2011,11,2011-11-25,2011-11-27,scheduled,wsdc_dump,dump:competitionevents:1215,Sunshine State Dance Challenge,,dump_competitionevents_series_id,2026-09-24 16:31:34.49279+00,2026-09-24 16:31:34.49279+00
68,US Open Swing Dance Championships,2011,11,2011-11-24,2011-11-27,scheduled,wsdc_dump,dump:competitionevents:1218,US Open Swing Dance Championships,,dump_competitionevents_series_id,2026-09-24 16:31:34.49279+00,2026-09-24 16:31:34.49279+00
166,London SwingVitational,2011,11,2011-11-18,2011-11-21,scheduled,wsdc_dump,dump:competitionevents:1223,London SWINGvitational,,dump_competitionevents_series_id,2026-09-24 16:31:34.49279+00,2026-09-24 16:31:34.49279+00
181,DC Swing eXperience (DCSX),2011,11,2011-11-17,2011-11-20,scheduled,wsdc_dump,dump:competitionevents:1213,DC Swing eXperience,,dump_competitionevents_series_id,2026-09-24 16:31:34.49279+00,2026-09-24 16:31:34.49279+00
63,Swingin' New England Dance Festival,2011,11,2011-11-11,2011-11-13,scheduled,wsdc_dump,dump:competitionevents:1209,Swingin' New England Dance Festival,,dump_competitionevents_series_id,2026-09-24 16:31:34.49279+00,2026-09-24 16:31:34.49279+00
137,Tampa Bay Classic,2011,11,2011-11-09,2011-11-13,scheduled,wsdc_dump,dump:competitionevents:1212,Tampa Bay Classic,,dump_competitionevents_series_id,2026-09-24 16:31:34.49279+00,2026-09-24 16:31:34.49279+00
31,Mountain Magic,2011,11,2011-11-03,2011-11-06,scheduled,wsdc_dump,dump:competitionevents:1211,Mountain Magic,,dump_competitionevents_series_id,2026-09-24 16:31:34.49279+00,2026-09-24 16:31:34.49279+00
179,New Zealand Open Swing Dance Championships,2011,10,2011-10-28,2011-10-30,scheduled,wsdc_dump,dump:competitionevents:1206,New Zealand Open Swing Dance Championships,,dump_competitionevents_series_id,2026-09-24 16:31:34.49279+00,2026-09-24 16:31:34.49279+00
65,Halloween SwingThing,2011,10,2011-10-27,2011-10-30,scheduled,wsdc_dump,dump:competitionevents:1205,Halloween SwingThing,,dump_competitionevents_series_id,2026-09-24 16:31:34.49279+00,2026-09-24 16:31:34.49279+00
125,Swing City Chicago,2011,10,2011-10-27,2011-10-30,scheduled,wsdc_dump,dump:competitionevents:1207,Swing City Chicago,,dump_competitionevents_series_id,2026-09-24 16:31:34.49279+00,2026-09-24 16:31:34.49279+00
79,Sea to Sky,2011,10,2011-10-21,2011-10-23,scheduled,wsdc_dump,dump:competitionevents:1204,Sea to Sky,,dump_competitionevents_series_id,2026-09-24 16:31:34.49279+00,2026-09-24 16:31:34.49279+00
180,Australian Open Swing Dance Championships,2011,10,2011-10-20,2011-10-23,scheduled,wsdc_dump,dump:competitionevents:1208,Australian Open Swing Dance Championships,,dump_competitionevents_series_id,2026-09-24 16:31:34.49279+00,2026-09-24 16:31:34.49279+00
43,Paradise Dance Festival,2011,10,2011-10-14,2011-10-16,scheduled,wsdc_dump,dump:competitionevents:1216,Paradise Country Dance Festival,,dump_competitionevents_series_id,2026-09-24 16:31:34.49279+00,2026-09-24 16:31:34.49279+00
178,Montreal Westie Fest,2011,10,2011-10-13,2011-10-16,scheduled,wsdc_dump,dump:competitionevents:1203,Montreal WCS Fest,,dump_competitionevents_series_id,2026-09-24 16:31:34.49279+00,2026-09-24 16:31:34.49279+00
8,Boogie By The Bay,2011,10,2011-10-07,2011-10-09,scheduled,wsdc_dump,dump:competitionevents:1210,Boogie By The Bay,,dump_competitionevents_series_id,2026-09-24 16:31:34.49279+00,2026-09-24 16:31:34.49279+00
165,Midland Swing Open,2011,10,2011-09-30,2011-10-02,scheduled,wsdc_dump,dump:competitionevents:1202,Midland Swing Open,,dump_competitionevents_series_id,2026-09-24 16:31:34.49279+00,2026-09-24 16:31:34.49279+00
10,Bridgetown Swing Boogie,2011,9,2011-09-23,2011-09-25,scheduled,wsdc_dump,dump:competitionevents:1199,Bridgetown Swing Boogie,,dump_competitionevents_series_id,2026-09-24 16:31:34.49279+00,2026-09-24 16:31:34.49279+00
131,Meet Me In St Louis,2011,9,2011-09-23,2011-09-25,scheduled,wsdc_dump,dump:competitionevents:1201,Meet Me In St Louis,,dump_competitionevents_series_id,2026-09-24 16:31:34.49279+00,2026-09-24 16:31:34.49279+00
95,Swing Niagara Dance Championships,2011,9,2011-09-23,2011-09-25,scheduled,wsdc_dump,dump:competitionevents:1200,Swing Niagara Dance Championships,,dump_competitionevents_series_id,2026-09-24 16:31:34.49279+00,2026-09-24 16:31:34.49279+00
51,Palm Springs Summer Dance Classic,2011,9,2011-09-19,2011-09-19,scheduled,wsdc_dump,dump:competitionevents:1191,Palm Springs Summer Dance Classic,,dump_competitionevents_series_id,2026-09-24 16:29:40.486315+00,2026-09-24 16:29:40.486315+00
135,Desert City Swing,2011,9,2011-09-08,2011-09-11,scheduled,wsdc_dump,dump:competitionevents:1196,Desert City Swing,,dump_competitionevents_series_id,2026-09-24 16:31:34.49279+00,2026-09-24 16:31:34.49279+00
177,River City Swing,2011,9,2011-09-08,2011-09-12,scheduled,wsdc_dump,dump:competitionevents:1198,River City Swing,,dump_competitionevents_series_id,2026-09-24 16:31:34.49279+00,2026-09-24 16:31:34.49279+00
15,Dallas D.A.N.C.E.,2011,9,2011-09-01,2011-09-04,scheduled,wsdc_dump,dump:competitionevents:1197,Dallas D.A.N.C.E.,,dump_competitionevents_series_id,2026-09-24 16:31:34.49279+00,2026-09-24 16:31:34.49279+00
48,South Bay Dance Fling,2011,9,2011-09-01,2011-09-04,scheduled,wsdc_dump,dump:competitionevents:1194,South Bay CW Dance Festival,,dump_competitionevents_series_id,2026-09-24 16:31:34.49279+00,2026-09-24 16:31:34.49279+00
53,Summer Hummer,2011,8,2011-08-25,2011-08-28,scheduled,wsdc_dump,dump:competitionevents:1195,Summer Hummer,,dump_competitionevents_series_id,2026-09-24 16:31:34.49279+00,2026-09-24 16:31:34.49279+00
119,Chicagoland Country and Swing Dance Festival,2011,8,2011-08-19,2011-08-21,scheduled,wsdc_dump,dump:competitionevents:1192,Chicagoland Dance Festival,,dump_competitionevents_series_id,2026-09-24 16:29:40.486315+00,2026-09-24 16:29:40.486315+00
120,Lone Star Invitational,2011,8,2011-08-12,2011-08-14,scheduled,wsdc_dump,dump:competitionevents:1193,Lone Star Invitational,,dump_competitionevents_series_id,2026-09-24 16:31:34.49279+00,2026-09-24 16:31:34.49279+00
157,New England Dance Festival,2011,8,2011-08-12,2011-08-14,scheduled,wsdc_dump,dump:competitionevents:1187,New England Dance Festival,,dump_competitionevents_series_id,2026-09-24 16:29:40.486315+00,2026-09-24 16:29:40.486315+00
164,Sea Sun and Swing,2011,8,2011-08-06,2011-08-12,scheduled,wsdc_dump,dump:competitionevents:1185,Sea Sun and Swing,,dump_competitionevents_series_id,2026-09-24 16:29:40.486315+00,2026-09-24 16:29:40.486315+00
77,Arizona Dance Classic,2011,8,2011-08-05,2011-08-07,scheduled,wsdc_dump,dump:competitionevents:1186,Arizona Dance Classic,,dump_competitionevents_series_id,2026-09-24 16:29:40.486315+00,2026-09-24 16:29:40.486315+00
59,Swing Fling,2011,8,2011-08-05,2011-08-07,scheduled,wsdc_dump,dump:competitionevents:1188,Swing Fling,,dump_competitionevents_series_id,2026-09-24 16:29:40.486315+00,2026-09-24 16:29:40.486315+00
97,Grand Prix of Swing,2011,8,2011-08-04,2011-08-07,scheduled,wsdc_dump,dump:competitionevents:1190,Grand Prix of Swing,,dump_competitionevents_series_id,2026-09-24 16:29:40.486315+00,2026-09-24 16:29:40.486315+00
159,World Swing Masters,2011,8,2011-08-04,2011-08-07,scheduled,wsdc_dump,dump:competitionevents:1189,World Swing Masters,,dump_competitionevents_series_id,2026-09-24 16:29:40.486315+00,2026-09-24 16:29:40.486315+00
47,SwingTime Denver,2011,7,2011-07-29,2011-07-31,scheduled,wsdc_dump,dump:competitionevents:1182,Swingtime in the Rockies,,dump_competitionevents_series_id,2026-09-24 16:29:40.486315+00,2026-09-24 16:29:40.486315+00
147,Toronto Open Swing & Hustle Championships,2011,7,2011-07-21,2011-07-24,scheduled,wsdc_dump,dump:competitionevents:1181,Toronto Open Swing & Hustle Championships,,dump_competitionevents_series_id,2026-09-24 16:29:40.486315+00,2026-09-24 16:29:40.486315+00
148,Dance Mardi Gras,2011,7,2011-07-15,2011-07-17,scheduled,wsdc_dump,dump:competitionevents:1184,New Orleans Dance Mardi Gras,,dump_competitionevents_series_id,2026-09-24 16:29:40.486315+00,2026-09-24 16:29:40.486315+00
149,Florida Dance Magic,2011,7,2011-07-15,2011-07-17,scheduled,wsdc_dump,dump:competitionevents:1179,Florida Dance Magic,,dump_competitionevents_series_id,2026-09-24 16:29:40.486315+00,2026-09-24 16:29:40.486315+00
44,Portland Dance Festival,2011,7,2011-07-08,2011-07-10,scheduled,wsdc_dump,dump:competitionevents:1178,Portland Dance Festival,,dump_competitionevents_series_id,2026-09-24 16:29:40.486315+00,2026-09-24 16:29:40.486315+00
84,Wisconsin Dance Challenge/Midwest Area Swing Dance Challenge,2011,7,2011-07-08,2011-07-10,scheduled,wsdc_dump,dump:competitionevents:1180,Wisconsin Dance Challenge/Midwest Area Swing Dance Challenge,,dump_competitionevents_series_id,2026-09-24 16:29:40.486315+00,2026-09-24 16:29:40.486315+00
73,World Swing Dance Championships,2011,7,2011-07-08,2011-07-10,scheduled,wsdc_dump,dump:competitionevents:1174,World Swing Dance Championships,,dump_competitionevents_series_id,2026-09-24 16:29:40.486315+00,2026-09-24 16:29:40.486315+00
156,Big Apple Dance Festival,2011,7,2011-07-07,2011-07-10,scheduled,wsdc_dump,dump:competitionevents:1173,Big Apple Dance Festival/World Hustle Championships,,dump_competitionevents_series_id,2026-09-24 16:29:40.486315+00,2026-09-24 16:29:40.486315+00
146,Boston Dance Challenge,2011,7,2011-07-07,2011-07-10,scheduled,wsdc_dump,dump:competitionevents:1183,Boston Dance Challenge,,dump_competitionevents_series_id,2026-09-24 16:29:40.486315+00,2026-09-24 16:29:40.486315+00
1,4TH of July Convention,2011,7,2011-07-01,2011-07-03,scheduled,wsdc_dump,dump:competitionevents:1175,4TH of July Convention,,dump_competitionevents_series_id,2026-09-24 16:29:40.486315+00,2026-09-24 16:29:40.486315+00
155,The City of Light,2011,7,2011-07-01,2011-07-03,scheduled,wsdc_dump,dump:competitionevents:1176,The City of Light,,dump_competitionevents_series_id,2026-09-24 16:29:40.486315+00,2026-09-24 16:29:40.486315+00
109,Colorado Country Classic,2011,6,2011-06-24,2011-06-26,scheduled,wsdc_dump,dump:competitionevents:1177,Colorado Country Classic,,dump_competitionevents_series_id,2026-09-24 16:29:40.486315+00,2026-09-24 16:29:40.486315+00
96,Liberty Swing Dance Championships,2011,6,2011-06-24,2011-06-26,scheduled,wsdc_dump,dump:competitionevents:1172,Liberty Swing Dance Championships,,dump_competitionevents_series_id,2026-09-24 16:29:40.486315+00,2026-09-24 16:29:40.486315+00
117,Orange Blossom Dance Festival,2011,6,2011-06-10,2011-06-12,scheduled,wsdc_dump,dump:competitionevents:1168,Orange Blossom Dance Festival,,dump_competitionevents_series_id,2026-09-24 16:29:40.486315+00,2026-09-24 16:29:40.486315+00
25,J&J O'Rama,2011,6,2011-06-09,2011-06-12,scheduled,wsdc_dump,dump:competitionevents:1169,J&J O'Rama,,dump_competitionevents_series_id,2026-09-24 16:29:40.486315+00,2026-09-24 16:29:40.486315+00
175,French Open West Coast Swing,2011,6,2011-06-02,2011-06-05,scheduled,wsdc_dump,dump:competitionevents:1166,French Open West Coast Swing,,dump_competitionevents_series_id,2026-09-24 16:29:40.486315+00,2026-09-24 16:29:40.486315+00
76,Michigan Dance Classic,2011,6,2011-06-02,2011-06-05,scheduled,wsdc_dump,dump:competitionevents:1170,Michigan Dance Classic,,dump_competitionevents_series_id,2026-09-24 16:29:40.486315+00,2026-09-24 16:29:40.486315+00
163,DFW Pro Am Jam,2011,5,2011-05-27,2011-05-29,scheduled,wsdc_dump,dump:competitionevents:1167,DFW Pro Am Jam,,dump_competitionevents_series_id,2026-09-24 16:29:40.486315+00,2026-09-24 16:29:40.486315+00
20,FreZno Dance Classic,2011,5,2011-05-27,2011-05-29,scheduled,wsdc_dump,dump:competitionevents:1165,FreZno Dance Classic,,dump_competitionevents_series_id,2026-09-24 16:29:40.486315+00,2026-09-24 16:29:40.486315+00
22,USA Grand Nationals,2011,5,2011-05-26,2011-05-29,scheduled,wsdc_dump,dump:competitionevents:1164,USA Grand Nationals,,dump_competitionevents_series_id,2026-09-24 16:29:40.486315+00,2026-09-24 16:29:40.486315+00
105,Canadian Swing Championships,2011,5,2011-05-20,2011-05-23,scheduled,wsdc_dump,dump:competitionevents:1171,Canadian Swing Championships,,dump_competitionevents_series_id,2026-09-24 16:29:40.486315+00,2026-09-24 16:29:40.486315+00
174,Swingsation,2011,5,2011-05-20,2011-05-22,scheduled,wsdc_dump,dump:competitionevents:1163,Swingsation,,dump_competitionevents_series_id,2026-09-24 16:29:40.486315+00,2026-09-24 16:29:40.486315+00
173,Austrian Open,2011,5,2011-05-13,2011-05-15,scheduled,wsdc_dump,dump:competitionevents:1161,Austrian Open,,dump_competitionevents_series_id,2026-09-24 16:29:40.486315+00,2026-09-24 16:29:40.486315+00
162,Swingapalooza,2011,5,2011-05-13,2011-05-15,scheduled,wsdc_dump,dump:competitionevents:1162,Swingapalooza,,dump_competitionevents_series_id,2026-09-24 16:29:40.486315+00,2026-09-24 16:29:40.486315+00
61,SwingDiego,2011,5,2011-05-06,2011-05-08,scheduled,wsdc_dump,dump:competitionevents:1158,SwingDiego,,dump_competitionevents_series_id,2026-09-24 16:29:40.486315+00,2026-09-24 16:29:40.486315+00
134,Swing Dance America,2011,5,2011-04-29,2011-05-01,scheduled,wsdc_dump,dump:competitionevents:1157,Swing Dance America,,dump_competitionevents_series_id,2026-09-24 16:29:40.486315+00,2026-09-24 16:29:40.486315+00
144,Swingin' Into Spring,2011,5,2011-04-29,2011-05-01,scheduled,wsdc_dump,dump:competitionevents:1160,Swingin' Into Spring,,dump_competitionevents_series_id,2026-09-24 16:29:40.486315+00,2026-09-24 16:29:40.486315+00
161,USA Jack & Jill Championships,2011,4,2011-04-22,2011-04-24,scheduled,wsdc_dump,dump:competitionevents:1159,USA Jack & Jill Championships,,dump_competitionevents_series_id,2026-09-24 16:29:40.486315+00,2026-09-24 16:29:40.486315+00
18,Easter Swing,2011,4,2011-04-21,2011-04-24,scheduled,wsdc_dump,dump:competitionevents:1155,Seattle's Easter Swing,,dump_competitionevents_series_id,2026-09-24 16:29:40.486315+00,2026-09-24 16:29:40.486315+00
132,Tulsa Spring Swing,2011,4,2011-04-21,2011-04-24,scheduled,wsdc_dump,dump:competitionevents:1154,Tulsa Spring Swing,,dump_competitionevents_series_id,2026-09-24 16:29:40.486315+00,2026-09-24 16:29:40.486315+00
91,Reno Dance Sensation,2011,4,2011-04-14,2011-04-17,scheduled,wsdc_dump,dump:competitionevents:1156,Reno Dance Sensation,,dump_competitionevents_series_id,2026-09-24 16:29:40.486315+00,2026-09-24 16:29:40.486315+00
104,Los Angeles Premiere Dance Classic,2011,4,2011-04-08,2011-04-10,scheduled,wsdc_dump,dump:competitionevents:1150,Los Angeles Premiere Dance Classic,,dump_competitionevents_series_id,2026-09-24 16:28:21.321356+00,2026-09-24 16:28:21.321356+00
154,UK WCS Championships,2011,4,2011-04-08,2011-04-10,scheduled,wsdc_dump,dump:competitionevents:1151,UK WCS Dance Championships,,dump_competitionevents_series_id,2026-09-24 16:28:21.321356+00,2026-09-24 16:28:21.321356+00
170,Russian Open WCS Championships,2011,4,2011-04-01,2011-04-03,scheduled,wsdc_dump,dump:competitionevents:1148,Russian Open WCS Championships,,dump_competitionevents_series_id,2026-09-24 16:28:21.321356+00,2026-09-24 16:28:21.321356+00
172,International Hustle & Salsa Congress,2011,4,2011-03-31,2011-04-03,scheduled,wsdc_dump,dump:competitionevents:1153,International Hustle & Salsa Congress,,dump_competitionevents_series_id,2026-09-24 16:28:21.321356+00,2026-09-24 16:28:21.321356+00
9,Boston Tea Party,2011,3,2011-03-24,2011-03-27,scheduled,wsdc_dump,dump:competitionevents:1149,Boston Tea Party,,dump_competitionevents_series_id,2026-09-24 16:28:21.321356+00,2026-09-24 16:28:21.321356+00
153,Novice Invitational,2011,3,2011-03-18,2011-03-20,scheduled,wsdc_dump,dump:competitionevents:1147,Novice Invitational,,dump_competitionevents_series_id,2026-09-24 16:28:21.321356+00,2026-09-24 16:28:21.321356+00
142,The Chicago Classic,2011,3,2011-03-18,2011-03-20,scheduled,wsdc_dump,dump:competitionevents:1146,The Chicago Classic,,dump_competitionevents_series_id,2026-09-24 16:28:21.321356+00,2026-09-24 16:28:21.321356+00
143,High Desert Dance Classic,2011,3,2011-03-11,2011-03-13,scheduled,wsdc_dump,dump:competitionevents:1144,High Desert Dance Classic,,dump_competitionevents_series_id,2026-09-24 16:28:21.321356+00,2026-09-24 16:28:21.321356+00
92,MADjam,2011,3,2011-03-04,2011-03-06,scheduled,wsdc_dump,dump:competitionevents:1145,Mid-Atlantic Dance Jam,,dump_competitionevents_series_id,2026-09-24 16:28:21.321356+00,2026-09-24 16:28:21.321356+00
169,Dance Camp Chicago,2011,2,2011-02-25,2011-02-27,scheduled,wsdc_dump,dump:competitionevents:1143,Dance Camp Chicago,,dump_competitionevents_series_id,2026-09-24 16:28:21.321356+00,2026-09-24 16:28:21.321356+00
12,Capital Swing Dance Convention,2011,2,2011-02-17,2011-02-20,scheduled,wsdc_dump,dump:competitionevents:1142,Capital Swing Dance Convention,,dump_competitionevents_series_id,2026-09-24 16:28:21.321356+00,2026-09-24 16:28:21.321356+00
171,Toronto International Swing Dance,2011,2,2011-02-11,2011-02-13,scheduled,wsdc_dump,dump:competitionevents:1152,Toronto International Swing Dance,,dump_competitionevents_series_id,2026-09-24 16:28:21.321356+00,2026-09-24 16:28:21.321356+00
168,Scottish WCS Dance Championships,2011,2,2011-02-04,2011-02-07,scheduled,wsdc_dump,dump:competitionevents:1141,Scottish WCS Dance Championships,,dump_competitionevents_series_id,2026-09-24 16:28:21.321356+00,2026-09-24 16:28:21.321356+00
167,Best of the Best WCS,2011,2,2011-02-02,2011-02-06,scheduled,wsdc_dump,dump:competitionevents:1140,Best of the Best,,dump_competitionevents_series_id,2026-09-24 16:28:21.321356+00,2026-09-24 16:28:21.321356+00
62,Monterey SwingFest,2011,1,2011-01-14,2011-01-16,scheduled,wsdc_dump,dump:competitionevents:1137,Monterey SwingFest,,dump_competitionevents_series_id,2026-09-24 16:28:21.321356+00,2026-09-24 16:28:21.321356+00
67,Americas Classic,2011,1,2011-01-13,2011-01-16,scheduled,wsdc_dump,dump:competitionevents:1138,Americas Classic,,dump_competitionevents_series_id,2026-09-24 16:28:21.321356+00,2026-09-24 16:28:21.321356+00
42,Floorplay Swing Vacation,2011,1,2010-12-30,2011-01-02,scheduled,wsdc_dump,dump:competitionevents:1139,Floorplay New Years Swing Vacation,,dump_competitionevents_series_id,2026-09-24 16:28:21.321356+00,2026-09-24 16:28:21.321356+00
139,New Year's Dancin' Eve,2011,1,2010-12-30,2011-01-02,scheduled,wsdc_dump,dump:competitionevents:1135,New Year's Dancin' Eve,,dump_competitionevents_series_id,2026-09-24 16:28:21.321356+00,2026-09-24 16:28:21.321356+00
195,Palm Springs New Years Swing Dance Classic,2011,1,2010-12-30,2011-01-02,scheduled,wsdc_dump,dump:competitionevents:1136,New Year's Dance Camp,,dump_competitionevents_series_id,2026-09-24 16:28:21.321356+00,2026-09-24 16:28:21.321356+00
126,Chico Dance Sensation,2010,12,2010-12-02,2010-12-05,scheduled,wsdc_dump,dump:competitionevents:1133,Chico Dance Sensation,,dump_competitionevents_series_id,2026-09-24 16:28:21.321356+00,2026-09-24 16:28:21.321356+00
87,CASH Bash,2010,11,2010-11-26,2010-11-28,scheduled,wsdc_dump,dump:competitionevents:1129,C.A.S.H. Bash Weekend,,dump_competitionevents_series_id,2026-09-24 16:28:21.321356+00,2026-09-24 16:28:21.321356+00
151,Sunshine State Dance Challenge,2010,11,2010-11-26,2010-11-28,scheduled,wsdc_dump,dump:competitionevents:1132,Sunshine State Dance Challenge,,dump_competitionevents_series_id,2026-09-24 16:28:21.321356+00,2026-09-24 16:28:21.321356+00
68,US Open Swing Dance Championships,2010,11,2010-11-26,2010-11-28,scheduled,wsdc_dump,dump:competitionevents:1134,US Open Swing Dance Championships,,dump_competitionevents_series_id,2026-09-24 16:28:21.321356+00,2026-09-24 16:28:21.321356+00
166,London SwingVitational,2010,11,2010-11-19,2010-11-22,scheduled,wsdc_dump,dump:competitionevents:1131,London SWINGvitational,,dump_competitionevents_series_id,2026-09-24 16:28:21.321356+00,2026-09-24 16:28:21.321356+00
70,Virginia State Open,2010,11,2010-11-18,2010-11-21,scheduled,wsdc_dump,dump:competitionevents:1128,Virginia State Open,,dump_competitionevents_series_id,2026-09-24 16:28:21.321356+00,2026-09-24 16:28:21.321356+00
63,Swingin' New England Dance Festival,2010,11,2010-11-12,2010-11-14,scheduled,wsdc_dump,dump:competitionevents:1123,Swingin' New England Dance Festival,,dump_competitionevents_series_id,2026-09-24 16:28:21.321356+00,2026-09-24 16:28:21.321356+00
137,Tampa Bay Classic,2010,11,2010-11-12,2010-11-14,scheduled,wsdc_dump,dump:competitionevents:1122,Tampa Bay Classic,,dump_competitionevents_series_id,2026-09-24 16:28:21.321356+00,2026-09-24 16:28:21.321356+00
31,Mountain Magic,2010,11,2010-11-04,2010-11-07,scheduled,wsdc_dump,dump:competitionevents:1125,Mountain Magic,,dump_competitionevents_series_id,2026-09-24 16:28:21.321356+00,2026-09-24 16:28:21.321356+00
43,Paradise Dance Festival,2010,10,2010-10-15,2010-10-17,scheduled,wsdc_dump,dump:competitionevents:1127,Paradise Country Dance Festival,,dump_competitionevents_series_id,2026-09-24 16:28:21.321356+00,2026-09-24 16:28:21.321356+00
95,Swing Niagara Dance Championships,2010,9,2010-09-24,2010-09-26,scheduled,wsdc_dump,dump:competitionevents:1117,Swing Niagara Dance Championships,,dump_competitionevents_series_id,2026-09-24 16:28:21.321356+00,2026-09-24 16:28:21.321356+00
100,New Mexico Dance Fiesta,2010,9,2010-09-23,2010-09-26,scheduled,wsdc_dump,dump:competitionevents:1130,New Mexico Dance Fiesta,,dump_competitionevents_series_id,2026-09-24 16:28:21.321356+00,2026-09-24 16:28:21.321356+00
130,River City Dance Festival,2010,9,2010-09-17,2010-09-19,scheduled,wsdc_dump,dump:competitionevents:1126,River City Dance Festival,,dump_competitionevents_series_id,2026-09-24 16:28:21.321356+00,2026-09-24 16:28:21.321356+00
67,Americas Classic,2010,1,2010-01-14,2010-01-17,scheduled,wsdc_dump,dump:competitionevents:1058,Americas Classic,,dump_competitionevents_series_id,2026-09-24 16:32:00.557472+00,2026-09-24 16:32:00.557472+00
75,UCWDC Country Dance World Championship,2010,1,2010-01-04,2010-01-10,scheduled,wsdc_dump,dump:competitionevents:1057,Worlds UCWDC,,dump_competitionevents_series_id,2026-09-24 16:28:21.321356+00,2026-09-24 16:28:21.321356+00
42,Floorplay Swing Vacation,2009,12,2009-12-31,2010-01-03,scheduled,wsdc_dump,dump:competitionevents:1055,Floorplay New Years Swing Vacation,,dump_competitionevents_series_id,2026-09-24 16:28:21.321356+00,2026-09-24 16:28:21.321356+00
139,New Year's Dancin' Eve,2009,12,2009-12-31,2010-01-03,scheduled,wsdc_dump,dump:competitionevents:1054,New Year's Dancin' Eve,,dump_competitionevents_series_id,2026-09-24 16:28:21.321356+00,2026-09-24 16:28:21.321356+00
195,Palm Springs New Years Swing Dance Classic,2009,12,2009-12-31,2010-01-03,scheduled,wsdc_dump,dump:competitionevents:1056,New Year's Dance Camp,,dump_competitionevents_series_id,2026-09-24 16:28:21.321356+00,2026-09-24 16:28:21.321356+00
141,Spotlight New Year's Celebration,2009,12,2009-12-31,2010-01-03,scheduled,wsdc_dump,dump:competitionevents:1059,Spotlight Dance Challenge,,dump_competitionevents_series_id,2026-09-24 16:28:21.321356+00,2026-09-24 16:28:21.321356+00
