event_id,event_year,event_month,location_id,event_name,source,event_city,event_state,event_country,event_location,event_location_standardized,seeded_at,updated_at
77,2026,8,3,Arizona Dance Classic,auto,Phoenix,Arizona,United States,"Phoenix, AZ, United States","Phoenix, AZ",2026-08-24 20:28:29.661359+00,2026-08-24 20:28:29.661359+00
282,2026,8,143,German Open,auto,Freiburg,,Germany,"Freiburg, Germany","Freiburg, Germany",2026-08-24 20:28:29.661359+00,2026-08-24 20:28:29.661359+00
384,2026,8,184,Grand Party Sofia (GPS),auto,Sofia,,Bulgaria,"Sofia, Bulgaria","Sofia, Bulgaria",2026-08-24 20:28:29.661359+00,2026-08-24 20:28:29.661359+00
382,2026,8,251,Lisbon Westie Fest,auto,Lisbon,,Portugal,"Lisbon, Portugal","Lisbon, Portugal",2026-08-24 20:28:29.661359+00,2026-08-24 20:28:29.661359+00
157,2026,8,70,New England Dance Festival,auto,Newton,Massachusetts,United States,"Newton (Boston), MA, United States","Newton (Boston), MA",2026-08-24 20:28:29.661359+00,2026-08-24 20:28:29.661359+00
164,2026,8,158,Sea Sun and Swing,auto,La Grande Motte,,France,"La Grande Motte, France","La Grande Motte, France",2026-08-24 20:28:29.661359+00,2026-08-24 20:28:29.661359+00
298,2026,8,260,Shakedown Swing,auto,Christchurch,,New Zealand,"Christchurch, New Zealand","Christchurch, New Zealand",2026-08-24 20:28:29.661359+00,2026-08-24 20:28:29.661359+00
53,2026,8,397,Summer Hummer,auto,Woburn,Massachusetts,United States,"Woburn (Boston), MA, United States","Woburn (Boston), MA",2026-08-24 20:28:29.661359+00,2026-08-24 20:28:29.661359+00
401,2026,8,221,Swing Creation Hamburg,auto,Hamburg,,Germany,"Hamburg, Germany","Hamburg, Germany",2026-08-24 20:28:29.661359+00,2026-08-24 20:28:29.661359+00
59,2026,8,38,Swing Fling,auto,Herndon,Virginia,United States,"Herndon, VA, United States","Herndon, VA",2026-08-24 20:28:29.661359+00,2026-08-24 20:28:29.661359+00
227,2026,8,2,Swingtacular: The Galactic Open,auto,San Francisco,California,United States,"San Francisco, CA, United States","San Francisco, CA",2026-08-24 20:28:29.661359+00,2026-08-24 20:28:29.661359+00
356,2026,8,133,The Bend Connection,auto,Bend,Oregon,United States,"Bend, OR, United States","Bend, OR",2026-08-24 20:28:29.661359+00,2026-08-24 20:28:29.661359+00
264,2026,8,199,UpTown Swing,auto,Stockholm,,Sweden,"Stockholm, Sweden","Stockholm, Sweden",2026-08-24 20:28:29.661359+00,2026-08-24 20:28:29.661359+00
383,2026,8,155,Warsaw Summer Nights Westival,auto,Warsaw,,Poland,"Warsaw, Poland","Warsaw, Poland",2026-08-24 20:28:29.661359+00,2026-08-24 20:28:29.661359+00
407,2026,8,394,Westie Joy,auto,Bucharest,,Romania,"Bucharest, Romania","Bucharest, Romania",2026-08-24 20:28:29.661359+00,2026-08-24 20:28:29.661359+00
1,2026,7,3,4TH of July Convention,auto,Phoenix,Arizona,United States,"Phoenix, AZ, United States","Phoenix, AZ",2026-08-24 20:28:29.661359+00,2026-08-24 20:28:29.661359+00
278,2026,7,252,Americano Dance Camp,auto,Samara,,Russia,"Samara, Russia","Samara, Russia",2026-08-24 20:28:29.661359+00,2026-08-24 20:28:29.661359+00
156,2026,7,140,Big Apple Dance Festival,auto,Morristown,New Jersey,United States,"Morristown, NJ, United States","Morristown, NJ",2026-08-24 20:28:29.661359+00,2026-08-24 20:28:29.661359+00
373,2026,7,62,Carolina Summer Swing,auto,Charlotte,North Carolina,United States,"Charlotte, NC, United States","Charlotte, NC",2026-08-24 20:28:29.661359+00,2026-08-24 20:28:29.661359+00
149,2026,7,55,Florida Dance Magic,auto,Fort Lauderdale,Florida,United States,"Fort Lauderdale, FL, United States","Fort Lauderdale, FL",2026-08-24 20:28:29.661359+00,2026-08-24 20:28:29.661359+00
369,2026,7,188,FRENCH CONNECTION WCS,auto,Annecy,,France,"Annecy, France","Annecy, France",2026-08-24 20:28:29.661359+00,2026-08-24 20:28:29.661359+00
404,2026,7,129,Infinite Swing,auto,Munich,,Germany,"Munich, Germany","Munich, Germany",2026-08-24 20:28:29.661359+00,2026-08-24 20:28:29.661359+00
375,2026,7,162,Mediterranean Open WCS,auto,Barcelona,,Spain,"Barcelona, Spain","Barcelona, Spain",2026-08-24 20:28:29.661359+00,2026-08-24 20:28:29.661359+00
224,2026,7,48,Midwest Westie Fest,auto,Overland Park,Kansas,United States,"Overland Park, KS, United States","Overland Park, KS",2026-08-24 20:28:29.661359+00,2026-08-24 20:28:29.661359+00
362,2026,7,271,MY Swing,auto,Kuala Lumpur,,Malaysia,"Kuala Lumpur, Malaysia","Kuala Lumpur, Malaysia",2026-08-24 20:28:29.661359+00,2026-08-24 20:28:29.661359+00
385,2026,7,174,Revitalise WCS,auto,Melbourne,,Australia,"Melbourne, Australia","Melbourne, Australia",2026-08-24 20:28:29.661359+00,2026-08-24 20:28:29.661359+00
256,2026,7,215,Rock the Barn,auto,Umeå,,Sweden,"Umeå, Sweden","Umeå, Sweden",2026-08-24 20:28:29.661359+00,2026-08-24 20:28:29.661359+00
280,2026,7,222,Saint Petersburg WCS Nights,manual,St. Petersburg,,Russia,"St. Petersburg, Russia","St. Petersburg, Russia",2026-08-24 20:28:29.661359+00,2026-08-24 20:28:29.661359+00
360,2026,7,268,SaunaSwing,auto,Ikaalinen,,Finland,"Ikaalinen, Finland","Ikaalinen, Finland",2026-08-24 20:28:29.661359+00,2026-08-24 20:28:29.661359+00
389,2026,7,194,SwingLab Berlin,auto,Berlin,,Germany,"Berlin, Germany","Berlin, Germany",2026-08-24 20:28:29.661359+00,2026-08-24 20:28:29.661359+00
225,2026,7,21,Wild Wild Westie,auto,Dallas,Texas,United States,"Dallas, TX, United States","Dallas, TX",2026-08-24 20:28:29.661359+00,2026-08-24 20:28:29.661359+00
222,2026,6,186,Baltic Swing,auto,Gdańsk,,Poland,"Gdańsk, Poland","Gdańsk, Poland",2026-08-24 20:28:29.661359+00,2026-08-24 20:28:29.661359+00
374,2026,6,279,Barock Swing Ludwigsburg,auto,Ludwigsburg,,Germany,"Ludwigsburg, Germany","Ludwigsburg, Germany",2026-08-24 20:28:29.661359+00,2026-08-24 20:28:29.661359+00
109,2026,6,29,Colorado Country Classic,auto,Denver,Colorado,United States,"Denver, CO, United States","Denver, CO",2026-08-24 20:28:29.661359+00,2026-08-24 20:28:29.661359+00
220,2026,6,127,D-Town Swing,auto,Düsseldorf,,Germany,"Düsseldorf, Germany","Düsseldorf, Germany",2026-08-24 20:28:29.661359+00,2026-08-24 20:28:29.661359+00
371,2026,6,229,Festival City Swing,auto,Newcastle,,United Kingdom,"Newcastle, United Kingdom","Newcastle, United Kingdom",2026-08-24 20:28:29.661359+00,2026-08-24 20:28:29.661359+00
25,2026,6,23,J&J O'Rama,auto,Anaheim,California,United States,"Anaheim, CA, United States","Anaheim, CA",2026-08-24 20:28:29.661359+00,2026-08-24 20:28:29.661359+00
96,2026,6,41,Liberty Swing Dance Championships,auto,New Brunswick,New Jersey,United States,"New Brunswick, NJ, United States","New Brunswick, NJ",2026-08-24 20:28:29.661359+00,2026-08-24 20:28:29.661359+00
405,2026,6,132,Milan Swing Vibes,auto,Milan,,Italy,"Milan, Italy","Milan, Italy",2026-08-24 20:28:29.661359+00,2026-08-24 20:28:29.661359+00
261,2026,6,191,Neverland Swing,auto,Amsterdam,,Netherlands,"Amsterdam, Netherlands","Amsterdam, Netherlands",2026-08-24 20:28:29.661359+00,2026-08-24 20:28:29.661359+00
117,2026,6,82,Orange Blossom Dance Festival,auto,Orlando,Florida,United States,"Orlando, FL, United States","Orlando, FL",2026-08-24 20:28:29.661359+00,2026-08-24 20:28:29.661359+00
331,2026,6,266,Swing Fiction,auto,Brno,,Czech Republic,"Brno, Czech Republic","Brno, Czech Republic",2026-08-24 20:28:29.661359+00,2026-08-24 20:28:29.661359+00
162,2026,6,40,Swingapalooza,auto,Baton Rouge,Louisiana,United States,"Baton Rouge, LA, United States","Baton Rouge, LA",2026-08-24 20:28:29.661359+00,2026-08-24 20:28:29.661359+00
347,2026,5,170,BeeMAD,auto,Madrid,,Spain,"Madrid, Spain","Madrid, Spain",2026-08-24 20:28:29.661359+00,2026-08-24 20:28:29.661359+00
105,2026,5,86,Canadian Swing Championships,auto,Montreal,,Canada,"Montreal, Canada","Montreal, Canada",2026-08-24 20:28:29.661359+00,2026-08-24 20:28:29.661359+00
372,2026,5,353,Dance Jam Jack & Jill Weekend,auto,Silver Spring,Maryland,United States,"Silver Spring, MD, United States","Silver Spring, MD",2026-08-24 20:28:29.661359+00,2026-08-24 20:28:29.661359+00
175,2026,5,109,French Open West Coast Swing,auto,Paris,,France,"Paris, France","Paris, France",2026-08-24 20:28:29.661359+00,2026-08-24 20:28:29.661359+00
221,2026,5,49,Gateway Swing Classic,auto,St. Louis,Missouri,United States,"St. Louis, MO, United States","St. Louis, MO",2026-08-24 20:28:29.661359+00,2026-08-24 20:28:29.661359+00
206,2026,5,110,Hungarian Open,auto,Budapest,,Hungary,"Budapest, Hungary","Budapest, Hungary",2026-08-24 20:28:29.661359+00,2026-08-24 20:28:29.661359+00
379,2026,5,386,Med in Swing,auto,La Londe-les-Maures,,France,"La Londe-les-Maures, France","La Londe-les-Maures, France",2026-08-24 20:28:29.661359+00,2026-08-24 20:28:29.661359+00
76,2026,5,51,Michigan Dance Classic,auto,Detroit,Michigan,United States,"Detroit, MI, United States","Detroit, MI",2026-08-24 20:28:29.661359+00,2026-08-24 20:28:29.661359+00
364,2026,5,217,Nanaimo Dance Fusion,auto,Nanaimo,,Canada,"Nanaimo, Canada","Nanaimo, Canada",2026-08-24 20:28:29.661359+00,2026-08-24 20:28:29.661359+00
253,2026,5,199,Nordic WCS Championships,auto,Stockholm,,Sweden,"Stockholm, Sweden","Stockholm, Sweden",2026-08-24 20:28:29.661359+00,2026-08-24 20:28:29.661359+00
336,2026,5,197,SOM - Swing of Music,auto,Wels,,Austria,"Wels, Austria","Wels, Austria",2026-08-24 20:28:29.661359+00,2026-08-24 20:28:29.661359+00
205,2026,5,88,SOswing,auto,Ashland,Oregon,United States,"Ashland, OR, United States","Ashland, OR",2026-08-24 20:28:29.661359+00,2026-08-24 20:28:29.661359+00
354,2026,5,143,Spring Time Swing,auto,Freiburg,,Germany,"Freiburg, Germany","Freiburg, Germany",2026-08-24 20:28:29.661359+00,2026-08-24 20:28:29.661359+00
144,2026,5,131,Swingin' Into Spring,auto,Hartford,Connecticut,United States,"Hartford, CT, United States","Hartford, CT",2026-08-24 20:28:29.661359+00,2026-08-24 20:28:29.661359+00
174,2026,5,169,Swingsation,auto,Gold Coast,,Australia,"Gold Coast, Australia","Gold Coast, Australia",2026-08-24 20:28:29.661359+00,2026-08-24 20:28:29.661359+00
121,2026,5,39,The Texas Classic,auto,Austin,Texas,United States,"Austin, TX, United States","Austin, TX",2026-08-24 20:28:29.661359+00,2026-08-24 20:28:29.661359+00
22,2026,5,25,USA Grand Nationals,auto,Atlanta,Georgia,United States,"Atlanta, GA, United States","Atlanta, GA, United States",2026-08-24 20:28:29.661359+00,2026-08-24 20:28:29.661359+00
218,2026,4,159,Asia West Coast Swing Open,auto,Singapore,,Singapore,"Singapore, Singapore","Singapore, Singapore",2026-08-24 20:28:29.661359+00,2026-08-24 20:28:29.661359+00
116,2026,4,148,Calgary Dance Stampede,auto,Calgary,,Canada,"Calgary, Canada","Calgary, Canada",2026-08-24 20:28:29.661359+00,2026-08-24 20:28:29.661359+00
187,2026,4,54,City of Angels WCS,auto,Burbank,California,United States,"Burbank, CA, United States","Burbank, CA",2026-08-24 20:28:29.661359+00,2026-08-24 20:28:29.661359+00
203,2026,4,166,Detonation Dance,auto,Manchester,,United Kingdom,"Manchester, United Kingdom","Manchester, United Kingdom",2026-08-24 20:28:29.661359+00,2026-08-24 20:28:29.661359+00
18,2026,4,30,Easter Swing,auto,Seattle,Washington,United States,"Seattle, WA, United States","Seattle, WA",2026-08-24 20:28:29.661359+00,2026-08-24 20:28:29.661359+00
345,2026,4,255,HONEY FEST,auto,Ufa,,Russia,"Ufa, Russia","Ufa, Russia",2026-08-24 20:28:29.661359+00,2026-08-24 20:28:29.661359+00
210,2026,4,172,Korean Open WCS Championships,auto,Incheon,,Republic of Korea,"Incheon, Republic of Korea","Incheon, Republic of Korea",2026-08-24 20:28:29.661359+00,2026-08-24 20:28:29.661359+00
352,2026,4,256,Slovenian Open,auto,Ljubljana,,Slovenia,"Ljubljana, Slovenia","Ljubljana, Slovenia",2026-08-24 20:28:29.661359+00,2026-08-24 20:28:29.661359+00
393,2026,4,179,Swing in Bloom,auto,Ottawa,,Canada,"Ottawa, Canada","Ottawa, Canada",2026-08-24 20:28:29.661359+00,2026-08-24 20:28:29.661359+00
304,2026,4,171,Swing In Capital,auto,Rome,,Italy,"Rome, Italy","Rome, Italy",2026-08-24 20:28:29.661359+00,2026-08-24 20:28:29.661359+00
370,2026,4,189,SwingIN Festival,auto,Bonn,,Germany,"Bonn, Germany","Bonn, Germany",2026-08-24 20:28:29.661359+00,2026-08-24 20:28:29.661359+00
259,2026,4,82,Swingover,auto,Orlando,Florida,United States,"Orlando, FL, United States","Orlando, FL",2026-08-24 20:28:29.661359+00,2026-08-24 20:28:29.661359+00
132,2026,4,58,Tulsa Spring Swing,auto,Tulsa,Oklahoma,United States,"Tulsa, OK, United States","Tulsa, OK",2026-08-24 20:28:29.661359+00,2026-08-24 20:28:29.661359+00
293,2026,4,190,Westy Nantes,auto,Nantes,,France,"Nantes, France","Nantes, France",2026-08-24 20:28:29.661359+00,2026-08-24 20:28:29.661359+00
197,2026,3,29,5280 Westival,auto,Denver,Colorado,United States,"Denver, CO, United States","Denver, CO",2026-08-24 20:28:29.661359+00,2026-08-24 20:28:29.661359+00
318,2026,3,2,All Star SwingJam,auto,San Francisco,California,United States,"San Francisco, CA, United States","San Francisco, CA",2026-08-24 20:28:29.661359+00,2026-08-24 20:28:29.661359+00
9,2026,3,8,Boston Tea Party,auto,Boston,Massachusetts,United States,"Boston, MA, United States","Boston, MA",2026-08-24 20:28:29.661359+00,2026-08-24 20:28:29.661359+00
275,2026,3,227,Dutch Open West Coast Swing,auto,Venray,,Netherlands,"Venray, Netherlands","Venray, Netherlands",2026-08-24 20:28:29.661359+00,2026-08-24 20:28:29.661359+00
143,2026,3,18,High Desert Dance Classic,auto,Lancaster,California,United States,"Lancaster, CA, United States","Lancaster, CA",2026-08-24 20:28:29.661359+00,2026-08-24 20:28:29.661359+00
292,2026,3,267,King Swing,auto,Kraków,,Poland,"Kraków, Poland","Kraków, Poland",2026-08-24 20:28:29.661359+00,2026-08-24 20:28:29.661359+00
92,2026,3,13,MADjam,auto,Washington,District of Columbia,United States,"Washington, DC, United States","Washington, DC",2026-08-24 20:28:29.661359+00,2026-08-24 20:28:29.661359+00
378,2026,3,7,New York Flow Festival,auto,New York,New York,United States,"New York, NY, United States","New York, NY",2026-08-24 20:28:29.661359+00,2026-08-24 20:28:29.661359+00
153,2026,3,44,Novice Invitational,auto,Houston,Texas,United States,"Houston, TX, United States","Houston, TX",2026-08-24 20:28:29.661359+00,2026-08-24 20:28:29.661359+00
244,2026,3,4,Rose City Swing,auto,Portland,Oregon,United States,"Portland, OR, United States","Portland, OR",2026-08-24 20:28:29.661359+00,2026-08-24 20:28:29.661359+00
394,2026,3,259,Southern Lights Swing,auto,Hobart,,Australia,"Hobart, Australia","Hobart, Australia",2026-08-24 20:28:29.661359+00,2026-08-24 20:28:29.661359+00
333,2026,3,242,Swingvasion,auto,Wellington,,New Zealand,"Wellington, New Zealand","Wellington, New Zealand",2026-08-24 20:28:29.661359+00,2026-08-24 20:28:29.661359+00
142,2026,3,34,The Chicago Classic,auto,Chicago,Illinois,United States,"Chicago, IL, United States","Chicago, IL",2026-08-24 20:28:29.661359+00,2026-08-24 20:28:29.661359+00
154,2026,3,107,UK WCS Championships,auto,London,,United Kingdom,"London, United Kingdom","London, United Kingdom",2026-08-24 20:28:29.661359+00,2026-08-24 20:28:29.661359+00
186,2026,3,156,West in Lyon,auto,Lyon,,France,"Lyon, France","Lyon, France",2026-08-24 20:28:29.661359+00,2026-08-24 20:28:29.661359+00
314,2026,3,110,Westie Spring Thing,auto,Budapest,,Hungary,"Budapest, Hungary","Budapest, Hungary",2026-08-24 20:28:29.661359+00,2026-08-24 20:28:29.661359+00
344,2026,2,258,Arousa Westie Fest,auto,Sanxenxo,,Spain,"Sanxenxo, Spain","Sanxenxo, Spain",2026-08-24 20:28:29.661359+00,2026-08-24 20:28:29.661359+00
12,2026,2,6,Capital Swing Dance Convention,auto,Sacramento,California,United States,"Sacramento, CA, United States","Sacramento, CA",2026-08-24 20:28:29.661359+00,2026-08-24 20:28:29.661359+00
273,2026,2,62,Charlotte Westie Fest,auto,Charlotte,North Carolina,United States,"Charlotte, NC, United States","Charlotte, NC",2026-08-24 20:28:29.661359+00,2026-08-24 20:28:29.661359+00
348,2026,2,232,Euro Dance Festival,auto,Rust,,Germany,"Rust, Germany","Rust, Germany",2026-08-24 20:28:29.661359+00,2026-08-24 20:28:29.661359+00
386,2026,2,276,Prague Alchemy Swing,auto,Prague,,Czech Republic,"Prague, Czech Republic","Prague, Czech Republic",2026-08-24 20:28:29.661359+00,2026-08-24 20:28:29.661359+00
215,2026,2,222,Swing & Snow,auto,St. Petersburg,,Russia,"St. Petersburg, Russia","St. Petersburg, Russia",2026-08-24 20:28:29.661359+00,2026-08-24 20:28:29.661359+00
343,2026,2,167,Swing Crush,auto,San Antonio,Texas,United States,"San Antonio, TX, United States","San Antonio, TX",2026-08-24 20:28:29.661359+00,2026-08-24 20:28:29.661359+00
258,2026,2,173,Swingtzerland,auto,Zürich,,Switzerland,"Zürich, Switzerland","Zürich, Switzerland",2026-08-24 20:28:29.661359+00,2026-08-24 20:28:29.661359+00
363,2026,2,230,Trinity Swing,auto,Dundalk,,Ireland,"Dundalk, Ireland","Dundalk, Ireland",2026-08-24 20:28:29.661359+00,2026-08-24 20:28:29.661359+00
310,2026,2,199,Valentine Swing,auto,Stockholm,,Sweden,"Stockholm, Sweden","Stockholm, Sweden",2026-08-24 20:28:29.661359+00,2026-08-24 20:28:29.661359+00
387,2026,2,180,Waterloo Ontario Open West Coast Swing Championships,auto,Waterloo,,Canada,"Waterloo, Canada","Waterloo, Canada",2026-08-24 20:28:29.661359+00,2026-08-24 20:28:29.661359+00
297,2026,2,269,Winter Coast Swing,auto,Kuopio,,Finland,"Kuopio, Finland","Kuopio, Finland",2026-08-24 20:28:29.661359+00,2026-08-24 20:28:29.661359+00
200,2026,1,39,Austin Swing Dance Championships,auto,Austin,Texas,United States,"Austin, TX, United States","Austin, TX",2026-08-24 20:28:29.661359+00,2026-08-24 20:28:29.661359+00
309,2026,1,192,Avignon City Swing,auto,Nimes,,France,"Nimes, France","Nimes, France",2026-08-24 20:28:29.661359+00,2026-08-24 20:28:29.661359+00
184,2026,1,110,BudaFest Open WCS Championships,auto,Budapest,,Hungary,"Budapest, Hungary","Budapest, Hungary",2026-08-24 20:28:29.661359+00,2026-08-24 20:28:29.661359+00
334,2026,1,396,Countdown Swing Boston,auto,Mansfield,Massachusetts,United States,"Mansfield (Boston), MA, United States","Mansfield (Boston), MA",2026-08-24 20:28:29.661359+00,2026-08-24 20:28:29.661359+00
242,2026,1,116,Derby City Swing,auto,Louisville,Kentucky,United States,"Louisville, KY, United States","Louisville, KY",2026-08-24 20:28:29.661359+00,2026-08-24 20:28:29.661359+00
42,2026,1,82,Floorplay Swing Vacation,auto,Orlando,Florida,United States,"Orlando, FL, United States","Orlando, FL",2026-08-24 20:28:29.661359+00,2026-08-24 20:28:29.661359+00
183,2026,1,66,Freedom Swing Dance Challenge,auto,Wilmington,Delaware,United States,"Wilmington, DE, United States","Wilmington, DE",2026-08-24 20:28:29.661359+00,2026-08-24 20:28:29.661359+00
62,2026,1,1,Monterey SwingFest,auto,Monterey,California,United States,"Monterey, CA, United States","Monterey, CA",2026-08-24 20:28:29.661359+00,2026-08-24 20:28:29.661359+00
272,2026,1,109,Paris Westie Fest,auto,Paris,,France,"Paris, France","Paris, France",2026-08-24 20:28:29.661359+00,2026-08-24 20:28:29.661359+00
141,2026,1,43,Spotlight New Year's Celebration,auto,Nashville,Tennessee,United States,"Nashville, TN, United States","Nashville, TN",2026-08-24 20:28:29.661359+00,2026-08-24 20:28:29.661359+00
301,2026,1,177,Swing Resolution,auto,Edinburgh,,United Kingdom,"Edinburgh, United Kingdom","Edinburgh, United Kingdom",2026-08-24 20:28:29.661359+00,2026-08-24 20:28:29.661359+00
196,2026,1,4,SwingCouver,auto,Portland,Oregon,United States,"Portland, OR, United States","Portland, OR",2026-08-24 20:28:29.661359+00,2026-08-24 20:28:29.661359+00
289,2026,1,197,SwingVester,auto,Wels,,Austria,"Wels, Austria","Wels, Austria",2026-08-24 20:28:29.661359+00,2026-08-24 20:28:29.661359+00
75,2026,1,21,UCWDC Country Dance World Championship,auto,Dallas,Texas,United States,"Dallas, TX, United States","Dallas, TX",2026-08-24 20:28:29.661359+00,2026-08-24 20:28:29.661359+00
240,2026,1,199,Westie Gala,auto,Stockholm,,Sweden,"Stockholm, Sweden","Stockholm, Sweden",2026-08-24 20:28:29.661359+00,2026-08-24 20:28:29.661359+00
271,2025,12,194,Berlin Swing Revolution,auto,Berlin,,Germany,"Berlin, Germany","Berlin, Germany",2026-08-24 20:28:29.661359+00,2026-08-24 20:28:29.661359+00
342,2025,12,208,Global Grand Prix - West Coast Swing Reunion,auto,Toulouse,,France,"Toulouse, France","Toulouse, France",2026-08-24 20:28:29.661359+00,2026-08-24 20:28:29.661359+00
377,2025,12,267,Santa Swing,auto,Kraków,,Poland,"Kraków, Poland","Kraków, Poland",2026-08-24 20:28:29.661359+00,2026-08-24 20:28:29.661359+00
290,2025,12,113,Shooba Dooba Swing,auto,Moscow,,Russia,"Moscow, Russia","Moscow, Russia",2026-08-24 20:28:29.661359+00,2026-08-24 20:28:29.661359+00
212,2025,12,73,The After Party (TAP),auto,Orange County,California,United States,"Orange County, CA, United States","Orange County, CA",2026-08-24 20:28:29.661359+00,2026-08-24 20:28:29.661359+00
238,2025,12,223,Winter White,auto,Oslo,,Norway,"Oslo, Norway","Oslo, Norway",2026-08-24 20:28:29.661359+00,2026-08-24 20:28:29.661359+00
269,2025,11,110,Autumn Swing Challenge,auto,Budapest,,Hungary,"Budapest, Hungary","Budapest, Hungary",2026-08-24 20:28:29.661359+00,2026-08-24 20:28:29.661359+00
87,2025,11,96,CASH Bash,auto,Cleveland,Ohio,United States,"Cleveland, OH, United States","Cleveland, OH",2026-08-24 20:28:29.661359+00,2026-08-24 20:28:29.661359+00
181,2025,11,38,DC Swing eXperience (DCSX),auto,Herndon,Virginia,United States,"Herndon, VA, United States","Herndon, VA",2026-08-24 20:28:29.661359+00,2026-08-24 20:28:29.661359+00
365,2025,11,107,Flowstate | West Coast Swing & Zouk Festival,auto,London,,United Kingdom,"London, United Kingdom","London, United Kingdom",2026-08-24 20:28:29.661359+00,2026-08-24 20:28:29.661359+00
288,2025,11,21,Midnight Madness,auto,Dallas,Texas,United States,"Dallas, TX, United States","Dallas, TX",2026-08-24 20:28:29.661359+00,2026-08-24 20:28:29.661359+00
194,2025,11,113,Moscow Westie Fest,auto,Moscow,,Russia,"Moscow, Russia","Moscow, Russia",2026-08-24 20:28:29.661359+00,2026-08-24 20:28:29.661359+00
31,2025,11,28,Mountain Magic,auto,South Lake Tahoe (near Reno),Nevada,United States,"South Lake Tahoe (near Reno), NV, United States","South Lake Tahoe (near Reno), NV",2026-08-24 20:28:29.661359+00,2026-08-24 20:28:29.661359+00
376,2025,11,146,Northeast Swing Classic,auto,Providence,Rhode Island,United States,"Providence, RI, United States","Providence, RI",2026-08-24 20:28:29.661359+00,2026-08-24 20:28:29.661359+00
229,2025,11,199,Scandinavian Open,auto,Stockholm,,Sweden,"Stockholm, Sweden","Stockholm, Sweden",2026-08-24 20:28:29.661359+00,2026-08-24 20:28:29.661359+00
330,2025,11,236,Simply Adelaide West Coast Swing,auto,Adelaide,,Australia,"Adelaide, Australia","Adelaide, Australia",2026-08-24 20:28:29.661359+00,2026-08-24 20:28:29.661359+00
340,2025,11,159,Spooky Westie Weekend,auto,Singapore,,Singapore,"Singapore, Singapore","Singapore, Singapore",2026-08-24 20:28:29.661359+00,2026-08-24 20:28:29.661359+00
137,2025,11,53,Tampa Bay Classic,auto,Tampa,Florida,United States,"Tampa, FL, United States","Tampa, FL",2026-08-24 20:28:29.661359+00,2026-08-24 20:28:29.661359+00
68,2025,11,22,US Open Swing Dance Championships,auto,Los Angeles,California,United States,"Los Angeles, CA, United States","Los Angeles, CA",2026-08-24 20:28:29.661359+00,2026-08-24 20:28:29.661359+00
236,2025,11,155,Warsaw Halloween Swing,auto,Warsaw,,Poland,"Warsaw, Poland","Warsaw, Poland",2026-08-24 20:28:29.661359+00,2026-08-24 20:28:29.661359+00
312,2025,11,208,Westie Pink City,auto,Toulouse,,France,"Toulouse, France","Toulouse, France",2026-08-24 20:28:29.661359+00,2026-08-24 20:28:29.661359+00
270,2025,11,156,Westie's Angels,auto,Lyon,,France,"Lyon, France","Lyon, France",2026-08-24 20:28:29.661359+00,2026-08-24 20:28:29.661359+00
323,2025,11,137,Westies on the Water,auto,Huntsville,Alabama,United States,"Huntsville, AL, United States","Huntsville, AL",2026-08-24 20:28:29.661359+00,2026-08-24 20:28:29.661359+00
211,2025,10,25,Atlanta Swing Classic,auto,Atlanta,Georgia,United States,"Atlanta, GA, United States","Atlanta, GA, United States",2026-08-24 20:28:29.661359+00,2026-08-24 20:28:29.661359+00
350,2025,10,195,Augsburg Westie Station,manual,Augsburg,,Germany,"Augsburg, Germany","Augsburg, Germany",2026-08-24 20:28:29.661359+00,2026-08-24 20:28:29.661359+00
8,2025,10,2,Boogie By The Bay,auto,San Francisco,California,United States,"San Francisco, CA, United States","San Francisco, CA",2026-08-24 20:28:29.661359+00,2026-08-24 20:28:29.661359+00
367,2025,10,253,Go West SwingFest,auto,Perth,,Australia,"Perth, Australia","Perth, Australia",2026-08-24 20:28:29.661359+00,2026-08-24 20:28:29.661359+00
65,2025,10,24,Halloween SwingThing,auto,Costa Mesa,California,United States,"Costa Mesa, CA, United States","Costa Mesa, CA",2026-08-24 20:28:29.661359+00,2026-08-24 20:28:29.661359+00
322,2025,10,132,Milan Modern Swing,auto,Milan,,Italy,"Milan, Italy","Milan, Italy",2026-08-24 20:28:29.661359+00,2026-08-24 20:28:29.661359+00
178,2025,10,86,Montreal Westie Fest,auto,Montreal,,Canada,"Montreal, Canada","Montreal, Canada",2026-08-24 20:28:29.661359+00,2026-08-24 20:28:29.661359+00
179,2025,10,168,New Zealand Open Swing Dance Championships,auto,Auckland,,New Zealand,"Auckland, New Zealand","Auckland, New Zealand",2026-08-24 20:28:29.661359+00,2026-08-24 20:28:29.661359+00
388,2025,10,274,Norwegian Open WCS,auto,Hamar,,Norway,"Hamar, Norway","Hamar, Norway",2026-08-24 20:28:29.661359+00,2026-08-24 20:28:29.661359+00
43,2025,10,19,Paradise Dance Festival,auto,Irvine,California,United States,"Irvine, CA, United States","Irvine, CA",2026-08-24 20:28:29.661359+00,2026-08-24 20:28:29.661359+00
380,2025,10,139,SASS Spooky Albany Swing Spectacular,auto,Albany,New York,United States,"Albany, NY, United States","Albany, NY",2026-08-24 20:28:29.661359+00,2026-08-24 20:28:29.661359+00
125,2025,10,34,Swing City Chicago,auto,Chicago,Illinois,United States,"Chicago, IL, United States","Chicago, IL",2026-08-24 20:28:29.661359+00,2026-08-24 20:28:29.661359+00
346,2025,10,272,Swingside Invitational,auto,Liège,,Belgium,"Liège, Belgium","Liège, Belgium",2026-08-24 20:28:29.661359+00,2026-08-24 20:28:29.661359+00
267,2025,10,149,Swustlicious,auto,Philadelphia,Pennsylvania,United States,"Philadelphia, PA, United States","Philadelphia, PA",2026-08-24 20:28:29.661359+00,2026-08-24 20:28:29.661359+00
355,2025,10,124,The Aloha Open,auto,Wailea,Hawaii,United States,"Wailea, HI, United States","Wailea, HI",2026-08-24 20:28:29.661359+00,2026-08-24 20:28:29.661359+00
286,2025,10,127,WCS Festival,auto,Düsseldorf,,Germany,"Düsseldorf, Germany","Düsseldorf, Germany",2026-08-24 20:28:29.661359+00,2026-08-24 20:28:29.661359+00
300,2025,9,39,Austin Rocks,auto,Austin,Texas,United States,"Austin, TX, United States","Austin, TX",2026-08-24 20:28:29.661359+00,2026-08-24 20:28:29.661359+00
233,2025,9,129,Bavarian Open,auto,Munich,,Germany,"Munich, Germany","Munich, Germany",2026-08-24 20:28:29.661359+00,2026-08-24 20:28:29.661359+00
167,2025,9,117,Best of the Best WCS,auto,Sydney,,Australia,"Sydney, Australia","Sydney, Australia",2026-08-24 20:28:29.661359+00,2026-08-24 20:28:29.661359+00
135,2025,9,3,Desert City Swing,auto,Phoenix,Arizona,United States,"Phoenix, AZ, United States","Phoenix, AZ",2026-08-24 20:28:29.661359+00,2026-08-24 20:28:29.661359+00
254,2025,9,204,Finnfest,auto,Helsinki,,Finland,"Helsinki, Finland","Helsinki, Finland",2026-08-24 20:28:29.661359+00,2026-08-24 20:28:29.661359+00
268,2025,9,213,Korea Westival,auto,Jeju,,Republic of Korea,"Jeju, Republic of Korea","Jeju, Republic of Korea",2026-08-24 20:28:29.661359+00,2026-08-24 20:28:29.661359+00
131,2025,9,49,Meet Me In St Louis,auto,St. Louis,Missouri,United States,"St. Louis, MO, United States","St. Louis, MO",2026-08-24 20:28:29.661359+00,2026-08-24 20:28:29.661359+00
165,2025,9,107,Midland Swing Open,auto,London,,United Kingdom,"London, United Kingdom","London, United Kingdom",2026-08-24 20:28:29.661359+00,2026-08-24 20:28:29.661359+00
361,2025,9,270,Mooseland Swing,auto,Östersund,,Sweden,"Östersund, Sweden","Östersund, Sweden",2026-08-24 20:28:29.661359+00,2026-08-24 20:28:29.661359+00
234,2025,9,66,Philly Swing Classic,auto,Wilmington,Delaware,United States,"Wilmington, DE, United States","Wilmington, DE",2026-08-24 20:28:29.661359+00,2026-08-24 20:28:29.661359+00
359,2025,9,30,Retaliation Swing,auto,Seattle,Washington,United States,"Seattle, WA, United States","Seattle, WA",2026-08-24 20:28:29.661359+00,2026-08-24 20:28:29.661359+00
313,2025,9,156,Rolling Swing,auto,Lyon,,France,"Lyon, France","Lyon, France",2026-08-24 20:28:29.661359+00,2026-08-24 20:28:29.661359+00
338,2025,9,113,Sea Dance Fest,auto,Moscow,,Russia,"Moscow, Russia","Moscow, Russia",2026-08-24 20:28:29.661359+00,2026-08-24 20:28:29.661359+00
48,2025,9,16,South Bay Dance Fling,auto,San Jose,California,United States,"San Jose, CA, United States","San Jose, CA",2026-08-24 20:28:29.661359+00,2026-08-24 20:28:29.661359+00
231,2025,9,63,Trilogy Swing,auto,Raleigh,North Carolina,United States,"Raleigh, NC, United States","Raleigh, NC",2026-08-24 20:28:29.661359+00,2026-08-24 20:28:29.661359+00
357,2025,9,250,WCS Party,auto,Vienna,,Austria,"Vienna, Austria","Vienna, Austria",2026-08-24 20:28:29.661359+00,2026-08-24 20:28:29.661359+00
77,2025,8,3,Arizona Dance Classic,auto,Phoenix,Arizona,United States,"Phoenix, AZ, United States","Phoenix, AZ",2026-08-24 20:28:29.661359+00,2026-08-24 20:28:29.661359+00
339,2025,8,234,Bristol Swing Fiesta,auto,Bristol,,United Kingdom,"Bristol, United Kingdom","Bristol, United Kingdom",2026-08-24 20:28:29.661359+00,2026-08-24 20:28:29.661359+00
119,2025,8,34,Chicagoland Country and Swing Dance Festival,auto,Chicago,Illinois,United States,"Chicago, IL, United States","Chicago, IL",2026-08-24 20:28:29.661359+00,2026-08-24 20:28:29.661359+00
282,2025,8,143,German Open,auto,Freiburg,,Germany,"Freiburg, Germany","Freiburg, Germany",2026-08-24 20:28:29.661359+00,2026-08-24 20:28:29.661359+00
384,2025,8,184,Grand Party Sofia (GPS),auto,Sofia,,Bulgaria,"Sofia, Bulgaria","Sofia, Bulgaria",2026-08-24 20:28:29.661359+00,2026-08-24 20:28:29.661359+00
382,2025,8,251,Lisbon Westie Fest,auto,Lisbon,,Portugal,"Lisbon, Portugal","Lisbon, Portugal",2026-08-24 20:28:29.661359+00,2026-08-24 20:28:29.661359+00
120,2025,8,39,Lone Star Invitational,auto,Austin,Texas,United States,"Austin, TX, United States","Austin, TX",2026-08-24 20:28:29.661359+00,2026-08-24 20:28:29.661359+00
157,2025,8,70,New England Dance Festival,auto,Newton,Massachusetts,United States,"Newton (Boston), MA, United States","Newton (Boston), MA",2026-08-24 20:28:29.661359+00,2026-08-24 20:28:29.661359+00
177,2025,8,98,River City Swing,auto,Jacksonville,Florida,United States,"Jacksonville, FL, United States","Jacksonville, FL",2026-08-24 20:28:29.661359+00,2026-08-24 20:28:29.661359+00
298,2025,8,260,Shakedown Swing,auto,Christchurch,,New Zealand,"Christchurch, New Zealand","Christchurch, New Zealand",2026-08-24 20:28:29.661359+00,2026-08-24 20:28:29.661359+00
53,2025,8,397,Summer Hummer,auto,Woburn,Massachusetts,United States,"Woburn (Boston), MA, United States","Woburn (Boston), MA",2026-08-24 20:28:29.661359+00,2026-08-24 20:28:29.661359+00
391,2025,8,183,Swing Dance Mania,auto,Cincinnati,Ohio,United States,"Cincinnati, OH, United States","Cincinnati, OH",2026-08-24 20:28:29.661359+00,2026-08-24 20:28:29.661359+00
59,2025,8,38,Swing Fling,auto,Herndon,Virginia,United States,"Herndon, VA, United States","Herndon, VA",2026-08-24 20:28:29.661359+00,2026-08-24 20:28:29.661359+00
227,2025,8,2,Swingtacular: The Galactic Open,auto,San Francisco,California,United States,"San Francisco, CA, United States","San Francisco, CA",2026-08-24 20:28:29.661359+00,2026-08-24 20:28:29.661359+00
47,2025,8,29,Swingtime in the Rockies,auto,Denver,Colorado,United States,"Denver, CO, United States","Denver, CO",2026-08-24 20:28:29.661359+00,2026-08-24 20:28:29.661359+00
356,2025,8,133,The Bend Connection,auto,Bend,Oregon,United States,"Bend, OR, United States","Bend, OR",2026-08-24 20:28:29.661359+00,2026-08-24 20:28:29.661359+00
264,2025,8,199,UpTown Swing,auto,Stockholm,,Sweden,"Stockholm, Sweden","Stockholm, Sweden",2026-08-24 20:28:29.661359+00,2026-08-24 20:28:29.661359+00
383,2025,8,155,Warsaw Summer Nights Westival,auto,Warsaw,,Poland,"Warsaw, Poland","Warsaw, Poland",2026-08-24 20:28:29.661359+00,2026-08-24 20:28:29.661359+00
1,2025,7,3,4TH of July Convention,auto,Phoenix,Arizona,United States,"Phoenix, AZ, United States","Phoenix, AZ",2026-08-24 20:28:29.661359+00,2026-08-24 20:28:29.661359+00
278,2025,7,252,Americano Dance Camp,auto,Samara,,Russia,"Samara, Russia","Samara, Russia",2026-08-24 20:28:29.661359+00,2026-08-24 20:28:29.661359+00
156,2025,7,140,Big Apple Dance Festival,auto,Morristown,New Jersey,United States,"Morristown, NJ, United States","Morristown, NJ",2026-08-24 20:28:29.661359+00,2026-08-24 20:28:29.661359+00
373,2025,7,62,Carolina Summer Swing,auto,Charlotte,North Carolina,United States,"Charlotte, NC, United States","Charlotte, NC",2026-08-24 20:28:29.661359+00,2026-08-24 20:28:29.661359+00
148,2025,7,57,Dance Mardi Gras,auto,New Orleans,Louisiana,United States,"New Orleans, LA, United States","New Orleans, LA",2026-08-24 20:28:29.661359+00,2026-08-24 20:28:29.661359+00
149,2025,7,55,Florida Dance Magic,auto,Fort Lauderdale,Florida,United States,"Fort Lauderdale, FL, United States","Fort Lauderdale, FL",2026-08-24 20:28:29.661359+00,2026-08-24 20:28:29.661359+00
375,2025,7,162,Mediterranean Open WCS,auto,Barcelona,,Spain,"Barcelona, Spain","Barcelona, Spain",2026-08-24 20:28:29.661359+00,2026-08-24 20:28:29.661359+00
224,2025,7,48,Midwest Westie Fest,auto,Overland Park,Kansas,United States,"Overland Park, KS, United States","Overland Park, KS",2026-08-24 20:28:29.661359+00,2026-08-24 20:28:29.661359+00
362,2025,7,271,MY Swing,auto,Kuala Lumpur,,Malaysia,"Kuala Lumpur, Malaysia","Kuala Lumpur, Malaysia",2026-08-24 20:28:29.661359+00,2026-08-24 20:28:29.661359+00
385,2025,7,174,Revitalise WCS,auto,Melbourne,,Australia,"Melbourne, Australia","Melbourne, Australia",2026-08-24 20:28:29.661359+00,2026-08-24 20:28:29.661359+00
256,2025,7,215,Rock the Barn,auto,Umeå,,Sweden,"Umeå, Sweden","Umeå, Sweden",2026-08-24 20:28:29.661359+00,2026-08-24 20:28:29.661359+00
280,2025,7,222,Saint Petersburg WCS Nights,manual,St. Petersburg,,Russia,"St. Petersburg, Russia","St. Petersburg, Russia",2026-08-24 20:28:29.661359+00,2026-08-24 20:28:29.661359+00
360,2025,7,268,SaunaSwing,auto,Ikaalinen,,Finland,"Ikaalinen, Finland","Ikaalinen, Finland",2026-08-24 20:28:29.661359+00,2026-08-24 20:28:29.661359+00
147,2025,7,105,Toronto Open Swing & Hustle Championships,auto,Toronto,,Canada,"Toronto, Canada","Toronto, Canada",2026-08-24 20:28:29.661359+00,2026-08-24 20:28:29.661359+00
225,2025,7,21,Wild Wild Westie,auto,Dallas,Texas,United States,"Dallas, TX, United States","Dallas, TX",2026-08-24 20:28:29.661359+00,2026-08-24 20:28:29.661359+00
222,2025,6,186,Baltic Swing,auto,Gdańsk,,Poland,"Gdańsk, Poland","Gdańsk, Poland",2026-08-24 20:28:29.661359+00,2026-08-24 20:28:29.661359+00
374,2025,6,279,Barock Swing Ludwigsburg,auto,Ludwigsburg,,Germany,"Ludwigsburg, Germany","Ludwigsburg, Germany",2026-08-24 20:28:29.661359+00,2026-08-24 20:28:29.661359+00
109,2025,6,29,Colorado Country Classic,auto,Denver,Colorado,United States,"Denver, CO, United States","Denver, CO",2026-08-24 20:28:29.661359+00,2026-08-24 20:28:29.661359+00
220,2025,6,127,D-Town Swing,auto,Düsseldorf,,Germany,"Düsseldorf, Germany","Düsseldorf, Germany",2026-08-24 20:28:29.661359+00,2026-08-24 20:28:29.661359+00
207,2025,6,133,Dance N Play,auto,Bend,Oregon,United States,"Bend, OR, United States","Bend, OR",2026-08-24 20:28:29.661359+00,2026-08-24 20:28:29.661359+00
371,2025,6,229,Festival City Swing,auto,Newcastle,,United Kingdom,"Newcastle, United Kingdom","Newcastle, United Kingdom",2026-08-24 20:28:29.661359+00,2026-08-24 20:28:29.661359+00
369,2025,6,188,FRENCH CONNECTION WCS,auto,Annecy,,France,"Annecy, France","Annecy, France",2026-08-24 20:28:29.661359+00,2026-08-24 20:28:29.661359+00
175,2025,6,109,French Open West Coast Swing,auto,Paris,,France,"Paris, France","Paris, France",2026-08-24 20:28:29.661359+00,2026-08-24 20:28:29.661359+00
206,2025,6,110,Hungarian Open,auto,Budapest,,Hungary,"Budapest, Hungary","Budapest, Hungary",2026-08-24 20:28:29.661359+00,2026-08-24 20:28:29.661359+00
255,2025,6,138,Indy Dance Explosion,auto,Fort Wayne,Indiana,United States,"Fort Wayne, IN, United States","Fort Wayne, IN",2026-08-24 20:28:29.661359+00,2026-08-24 20:28:29.661359+00
25,2025,6,23,J&J O'Rama,auto,Anaheim,California,United States,"Anaheim, CA, United States","Anaheim, CA",2026-08-24 20:28:29.661359+00,2026-08-24 20:28:29.661359+00
96,2025,6,41,Liberty Swing Dance Championships,auto,New Brunswick,New Jersey,United States,"New Brunswick, NJ, United States","New Brunswick, NJ",2026-08-24 20:28:29.661359+00,2026-08-24 20:28:29.661359+00
76,2025,6,51,Michigan Dance Classic,auto,Detroit,Michigan,United States,"Detroit, MI, United States","Detroit, MI",2026-08-24 20:28:29.661359+00,2026-08-24 20:28:29.661359+00
261,2025,6,191,Neverland Swing,auto,Amsterdam,,Netherlands,"Amsterdam, Netherlands","Amsterdam, Netherlands",2026-08-24 20:28:29.661359+00,2026-08-24 20:28:29.661359+00
368,2025,6,280,Next Level Swing,auto,Gothenburg,,Sweden,"Gothenburg, Sweden","Gothenburg, Sweden",2026-08-24 20:28:29.661359+00,2026-08-24 20:28:29.661359+00
117,2025,6,82,Orange Blossom Dance Festival,auto,Orlando,Florida,United States,"Orlando, FL, United States","Orlando, FL",2026-08-24 20:28:29.661359+00,2026-08-24 20:28:29.661359+00
331,2025,6,266,Swing Fiction,auto,Brno,,Czech Republic,"Brno, Czech Republic","Brno, Czech Republic",2026-08-24 20:28:29.661359+00,2026-08-24 20:28:29.661359+00
162,2025,6,40,Swingapalooza,auto,Baton Rouge,Louisiana,United States,"Baton Rouge, LA, United States","Baton Rouge, LA",2026-08-24 20:28:29.661359+00,2026-08-24 20:28:29.661359+00
347,2025,5,170,BeeMAD,auto,Madrid,,Spain,"Madrid, Spain","Madrid, Spain",2026-08-24 20:28:29.661359+00,2026-08-24 20:28:29.661359+00
105,2025,5,86,Canadian Swing Championships,auto,Montreal,,Canada,"Montreal, Canada","Montreal, Canada",2026-08-24 20:28:29.661359+00,2026-08-24 20:28:29.661359+00
372,2025,5,353,Dance Jam Jack & Jill Weekend,auto,Silver Spring,Maryland,United States,"Silver Spring, MD, United States","Silver Spring, MD",2026-08-24 20:28:29.661359+00,2026-08-24 20:28:29.661359+00
221,2025,5,49,Gateway Swing Classic,auto,St. Louis,Missouri,United States,"St. Louis, MO, United States","St. Louis, MO",2026-08-24 20:28:29.661359+00,2026-08-24 20:28:29.661359+00
379,2025,5,386,Med in Swing,auto,La Londe-les-Maures,,France,"La Londe-les-Maures, France","La Londe-les-Maures, France",2026-08-24 20:28:29.661359+00,2026-08-24 20:28:29.661359+00
364,2025,5,217,Nanaimo Dance Fusion,auto,Nanaimo,,Canada,"Nanaimo, Canada","Nanaimo, Canada",2026-08-24 20:28:29.661359+00,2026-08-24 20:28:29.661359+00
253,2025,5,199,Nordic WCS Championships,auto,Stockholm,,Sweden,"Stockholm, Sweden","Stockholm, Sweden",2026-08-24 20:28:29.661359+00,2026-08-24 20:28:29.661359+00
336,2025,5,197,SOM - Swing of Music,auto,Wels,,Austria,"Wels, Austria","Wels, Austria",2026-08-24 20:28:29.661359+00,2026-08-24 20:28:29.661359+00
205,2025,5,88,SOswing,auto,Ashland,Oregon,United States,"Ashland, OR, United States","Ashland, OR",2026-08-24 20:28:29.661359+00,2026-08-24 20:28:29.661359+00
354,2025,5,143,Spring Time Swing,auto,Freiburg,,Germany,"Freiburg, Germany","Freiburg, Germany",2026-08-24 20:28:29.661359+00,2026-08-24 20:28:29.661359+00
144,2025,5,131,Swingin' Into Spring,auto,Hartford,Connecticut,United States,"Hartford, CT, United States","Hartford, CT",2026-08-24 20:28:29.661359+00,2026-08-24 20:28:29.661359+00
174,2025,5,169,Swingsation,auto,Gold Coast,,Australia,"Gold Coast, Australia","Gold Coast, Australia",2026-08-24 20:28:29.661359+00,2026-08-24 20:28:29.661359+00
121,2025,5,39,The Texas Classic,auto,Austin,Texas,United States,"Austin, TX, United States","Austin, TX",2026-08-24 20:28:29.661359+00,2026-08-24 20:28:29.661359+00
22,2025,5,25,USA Grand Nationals,auto,Atlanta,Georgia,United States,"Atlanta, GA, United States","Atlanta, GA, United States",2026-08-24 20:28:29.661359+00,2026-08-24 20:28:29.661359+00
218,2025,4,159,Asia West Coast Swing Open,auto,Singapore,,Singapore,"Singapore, Singapore","Singapore, Singapore",2026-08-24 20:28:29.661359+00,2026-08-24 20:28:29.661359+00
116,2025,4,148,Calgary Dance Stampede,auto,Calgary,,Canada,"Calgary, Canada","Calgary, Canada",2026-08-24 20:28:29.661359+00,2026-08-24 20:28:29.661359+00
187,2025,4,54,City of Angels WCS,auto,Burbank,California,United States,"Burbank, CA, United States","Burbank, CA",2026-08-24 20:28:29.661359+00,2026-08-24 20:28:29.661359+00
203,2025,4,166,Detonation Dance,auto,Manchester,,United Kingdom,"Manchester, United Kingdom","Manchester, United Kingdom",2026-08-24 20:28:29.661359+00,2026-08-24 20:28:29.661359+00
18,2025,4,30,Easter Swing,auto,Seattle,Washington,United States,"Seattle, WA, United States","Seattle, WA",2026-08-24 20:28:29.661359+00,2026-08-24 20:28:29.661359+00
345,2025,4,255,HONEY FEST,auto,Ufa,,Russia,"Ufa, Russia","Ufa, Russia",2026-08-24 20:28:29.661359+00,2026-08-24 20:28:29.661359+00
210,2025,4,172,Korean Open WCS Championships,auto,Incheon,,Republic of Korea,"Incheon, Republic of Korea","Incheon, Republic of Korea",2026-08-24 20:28:29.661359+00,2026-08-24 20:28:29.661359+00
352,2025,4,256,Slovenian Open,auto,Ljubljana,,Slovenia,"Ljubljana, Slovenia","Ljubljana, Slovenia",2026-08-24 20:28:29.661359+00,2026-08-24 20:28:29.661359+00
370,2025,4,189,SwingIN Festival,auto,Bonn,,Germany,"Bonn, Germany","Bonn, Germany",2026-08-24 20:28:29.661359+00,2026-08-24 20:28:29.661359+00
259,2025,4,82,Swingover,auto,Orlando,Florida,United States,"Orlando, FL, United States","Orlando, FL",2026-08-24 20:28:29.661359+00,2026-08-24 20:28:29.661359+00
132,2025,4,58,Tulsa Spring Swing,auto,Tulsa,Oklahoma,United States,"Tulsa, OK, United States","Tulsa, OK",2026-08-24 20:28:29.661359+00,2026-08-24 20:28:29.661359+00
293,2025,4,190,Westy Nantes,auto,Nantes,,France,"Nantes, France","Nantes, France",2026-08-24 20:28:29.661359+00,2026-08-24 20:28:29.661359+00
197,2025,3,29,5280 Westival,auto,Denver,Colorado,United States,"Denver, CO, United States","Denver, CO",2026-08-24 20:28:29.661359+00,2026-08-24 20:28:29.661359+00
9,2025,3,8,Boston Tea Party,auto,Boston,Massachusetts,United States,"Boston, MA, United States","Boston, MA",2026-08-24 20:28:29.661359+00,2026-08-24 20:28:29.661359+00
324,2025,3,148,Calgary Town Open,auto,Calgary,,Canada,"Calgary, Canada","Calgary, Canada",2026-08-24 20:28:29.661359+00,2026-08-24 20:28:29.661359+00
275,2025,3,227,Dutch Open West Coast Swing,auto,Venray,,Netherlands,"Venray, Netherlands","Venray, Netherlands",2026-08-24 20:28:29.661359+00,2026-08-24 20:28:29.661359+00
348,2025,3,232,Euro Dance Festival,auto,Rust,,Germany,"Rust, Germany","Rust, Germany",2026-08-24 20:28:29.661359+00,2026-08-24 20:28:29.661359+00
143,2025,3,18,High Desert Dance Classic,auto,Lancaster,California,United States,"Lancaster, CA, United States","Lancaster, CA",2026-08-24 20:28:29.661359+00,2026-08-24 20:28:29.661359+00
292,2025,3,267,King Swing,auto,Kraków,,Poland,"Kraków, Poland","Kraków, Poland",2026-08-24 20:28:29.661359+00,2026-08-24 20:28:29.661359+00
153,2025,3,44,Novice Invitational,auto,Houston,Texas,United States,"Houston, TX, United States","Houston, TX",2026-08-24 20:28:29.661359+00,2026-08-24 20:28:29.661359+00
333,2025,3,242,Swingvasion,auto,Wellington,,New Zealand,"Wellington, New Zealand","Wellington, New Zealand",2026-08-24 20:28:29.661359+00,2026-08-24 20:28:29.661359+00
142,2025,3,34,The Chicago Classic,auto,Chicago,Illinois,United States,"Chicago, IL, United States","Chicago, IL",2026-08-24 20:28:29.661359+00,2026-08-24 20:28:29.661359+00
154,2025,3,107,UK WCS Championships,auto,London,,United Kingdom,"London, United Kingdom","London, United Kingdom",2026-08-24 20:28:29.661359+00,2026-08-24 20:28:29.661359+00
186,2025,3,156,West in Lyon,auto,Lyon,,France,"Lyon, France","Lyon, France",2026-08-24 20:28:29.661359+00,2026-08-24 20:28:29.661359+00
314,2025,3,110,Westie Spring Thing,auto,Budapest,,Hungary,"Budapest, Hungary","Budapest, Hungary",2026-08-24 20:28:29.661359+00,2026-08-24 20:28:29.661359+00
344,2025,2,258,Arousa Westie Fest,auto,Sanxenxo,,Spain,"Sanxenxo, Spain","Sanxenxo, Spain",2026-08-24 20:28:29.661359+00,2026-08-24 20:28:29.661359+00
12,2025,2,6,Capital Swing Dance Convention,auto,Sacramento,California,United States,"Sacramento, CA, United States","Sacramento, CA",2026-08-24 20:28:29.661359+00,2026-08-24 20:28:29.661359+00
273,2025,2,62,Charlotte Westie Fest,auto,Charlotte,North Carolina,United States,"Charlotte, NC, United States","Charlotte, NC",2026-08-24 20:28:29.661359+00,2026-08-24 20:28:29.661359+00
272,2025,2,109,Paris Westie Fest,auto,Paris,,France,"Paris, France","Paris, France",2026-08-24 20:28:29.661359+00,2026-08-24 20:28:29.661359+00
244,2025,2,4,Rose City Swing,auto,Portland,Oregon,United States,"Portland, OR, United States","Portland, OR",2026-08-24 20:28:29.661359+00,2026-08-24 20:28:29.661359+00
215,2025,2,222,Swing & Snow,auto,St. Petersburg,,Russia,"St. Petersburg, Russia","St. Petersburg, Russia",2026-08-24 20:28:29.661359+00,2026-08-24 20:28:29.661359+00
343,2025,2,167,Swing Crush,auto,San Antonio,Texas,United States,"San Antonio, TX, United States","San Antonio, TX",2026-08-24 20:28:29.661359+00,2026-08-24 20:28:29.661359+00
258,2025,2,173,Swingtzerland,auto,Zürich,,Switzerland,"Zürich, Switzerland","Zürich, Switzerland",2026-08-24 20:28:29.661359+00,2026-08-24 20:28:29.661359+00
363,2025,2,230,Trinity Swing,auto,Dundalk,,Ireland,"Dundalk, Ireland","Dundalk, Ireland",2026-08-24 20:28:29.661359+00,2026-08-24 20:28:29.661359+00
310,2025,2,199,Valentine Swing,auto,Stockholm,,Sweden,"Stockholm, Sweden","Stockholm, Sweden",2026-08-24 20:28:29.661359+00,2026-08-24 20:28:29.661359+00
302,2025,2,253,WesterOz Swing,auto,Perth,,Australia,"Perth, Australia","Perth, Australia",2026-08-24 20:28:29.661359+00,2026-08-24 20:28:29.661359+00
297,2025,2,269,Winter Coast Swing,auto,Kuopio,,Finland,"Kuopio, Finland","Kuopio, Finland",2026-08-24 20:28:29.661359+00,2026-08-24 20:28:29.661359+00
200,2025,1,39,Austin Swing Dance Championships,auto,Austin,Texas,United States,"Austin, TX, United States","Austin, TX",2026-08-24 20:28:29.661359+00,2026-08-24 20:28:29.661359+00
309,2025,1,192,Avignon City Swing,auto,Nimes,,France,"Nimes, France","Nimes, France",2026-08-24 20:28:29.661359+00,2026-08-24 20:28:29.661359+00
184,2025,1,110,BudaFest Open WCS Championships,auto,Budapest,,Hungary,"Budapest, Hungary","Budapest, Hungary",2026-08-24 20:28:29.661359+00,2026-08-24 20:28:29.661359+00
334,2025,1,396,Countdown Swing Boston,auto,Mansfield,Massachusetts,United States,"Mansfield (Boston), MA, United States","Mansfield (Boston), MA",2026-08-24 20:28:29.661359+00,2026-08-24 20:28:29.661359+00
242,2025,1,116,Derby City Swing,auto,Louisville,Kentucky,United States,"Louisville, KY, United States","Louisville, KY",2026-08-24 20:28:29.661359+00,2026-08-24 20:28:29.661359+00
42,2025,1,82,Floorplay Swing Vacation,auto,Orlando,Florida,United States,"Orlando, FL, United States","Orlando, FL",2026-08-24 20:28:29.661359+00,2026-08-24 20:28:29.661359+00
183,2025,1,66,Freedom Swing Dance Challenge,auto,Wilmington,Delaware,United States,"Wilmington, DE, United States","Wilmington, DE",2026-08-24 20:28:29.661359+00,2026-08-24 20:28:29.661359+00
62,2025,1,1,Monterey SwingFest,auto,Monterey,California,United States,"Monterey, CA, United States","Monterey, CA",2026-08-24 20:28:29.661359+00,2026-08-24 20:28:29.661359+00
141,2025,1,43,Spotlight New Year's Celebration,auto,Nashville,Tennessee,United States,"Nashville, TN, United States","Nashville, TN",2026-08-24 20:28:29.661359+00,2026-08-24 20:28:29.661359+00
301,2025,1,177,Swing Resolution,auto,Edinburgh,,United Kingdom,"Edinburgh, United Kingdom","Edinburgh, United Kingdom",2026-08-24 20:28:29.661359+00,2026-08-24 20:28:29.661359+00
196,2025,1,4,SwingCouver,auto,Portland,Oregon,United States,"Portland, OR, United States","Portland, OR",2026-08-24 20:28:29.661359+00,2026-08-24 20:28:29.661359+00
289,2025,1,197,SwingVester,auto,Wels,,Austria,"Wels, Austria","Wels, Austria",2026-08-24 20:28:29.661359+00,2026-08-24 20:28:29.661359+00
381,2025,1,117,The Australian Classic West Coast Swing Dance Championships (Trial Event),auto,Sydney,,Australia,"Sydney, Australia","Sydney, Australia",2026-08-24 20:28:29.661359+00,2026-08-24 20:28:29.661359+00
75,2025,1,21,UCWDC Country Dance World Championship,auto,Dallas,Texas,United States,"Dallas, TX, United States","Dallas, TX",2026-08-24 20:28:29.661359+00,2026-08-24 20:28:29.661359+00
240,2025,1,199,Westie Gala,auto,Stockholm,,Sweden,"Stockholm, Sweden","Stockholm, Sweden",2026-08-24 20:28:29.661359+00,2026-08-24 20:28:29.661359+00
271,2024,12,194,Berlin Swing Revolution,auto,Berlin,,Germany,"Berlin, Germany","Berlin, Germany",2026-08-24 20:28:29.661359+00,2026-08-24 20:28:29.661359+00
87,2024,12,96,CASH Bash,auto,Cleveland,Ohio,United States,"Cleveland, OH, United States","Cleveland, OH",2026-08-24 20:28:29.661359+00,2026-08-24 20:28:29.661359+00
342,2024,12,208,Global Grand Prix - West Coast Swing Reunion,auto,Toulouse,,France,"Toulouse, France","Toulouse, France",2026-08-24 20:28:29.661359+00,2026-08-24 20:28:29.661359+00
290,2024,12,113,Shooba Dooba Swing,auto,Moscow,,Russia,"Moscow, Russia","Moscow, Russia",2026-08-24 20:28:29.661359+00,2026-08-24 20:28:29.661359+00
212,2024,12,73,The After Party (TAP),auto,Orange County,California,United States,"Orange County, CA, United States","Orange County, CA",2026-08-24 20:28:29.661359+00,2026-08-24 20:28:29.661359+00
68,2024,12,22,US Open Swing Dance Championships,auto,Los Angeles,California,United States,"Los Angeles, CA, United States","Los Angeles, CA",2026-08-24 20:28:29.661359+00,2026-08-24 20:28:29.661359+00
238,2024,12,223,Winter White,auto,Oslo,,Norway,"Oslo, Norway","Oslo, Norway",2026-08-24 20:28:29.661359+00,2026-08-24 20:28:29.661359+00
269,2024,11,110,Autumn Swing Challenge,auto,Budapest,,Hungary,"Budapest, Hungary","Budapest, Hungary",2026-08-24 20:28:29.661359+00,2026-08-24 20:28:29.661359+00
181,2024,11,38,DC Swing eXperience (DCSX),auto,Herndon,Virginia,United States,"Herndon, VA, United States","Herndon, VA",2026-08-24 20:28:29.661359+00,2026-08-24 20:28:29.661359+00
288,2024,11,21,Midnight Madness,auto,Dallas,Texas,United States,"Dallas, TX, United States","Dallas, TX",2026-08-24 20:28:29.661359+00,2026-08-24 20:28:29.661359+00
31,2024,11,28,Mountain Magic,auto,South Lake Tahoe (near Reno),Nevada,United States,"South Lake Tahoe (near Reno), NV, United States","South Lake Tahoe (near Reno), NV",2026-08-24 20:28:29.661359+00,2026-08-24 20:28:29.661359+00
179,2024,11,168,New Zealand Open Swing Dance Championships,auto,Auckland,,New Zealand,"Auckland, New Zealand","Auckland, New Zealand",2026-08-24 20:28:29.661359+00,2026-08-24 20:28:29.661359+00
229,2024,11,199,Scandinavian Open,auto,Stockholm,,Sweden,"Stockholm, Sweden","Stockholm, Sweden",2026-08-24 20:28:29.661359+00,2026-08-24 20:28:29.661359+00
79,2024,11,30,Sea to Sky,auto,Seattle,Washington,United States,"Seattle, WA, United States","Seattle, WA",2026-08-24 20:28:29.661359+00,2026-08-24 20:28:29.661359+00
330,2024,11,236,Simply Adelaide West Coast Swing,auto,Adelaide,,Australia,"Adelaide, Australia","Adelaide, Australia",2026-08-24 20:28:29.661359+00,2026-08-24 20:28:29.661359+00
340,2024,11,159,Spooky Westie Weekend,auto,Singapore,,Singapore,"Singapore, Singapore","Singapore, Singapore",2026-08-24 20:28:29.661359+00,2026-08-24 20:28:29.661359+00
312,2024,11,208,Westie Pink City,auto,Toulouse,,France,"Toulouse, France","Toulouse, France",2026-08-24 20:28:29.661359+00,2026-08-24 20:28:29.661359+00
270,2024,11,156,Westie's Angels,auto,Lyon,,France,"Lyon, France","Lyon, France",2026-08-24 20:28:29.661359+00,2026-08-24 20:28:29.661359+00
323,2024,11,137,Westies on the Water,auto,Huntsville,Alabama,United States,"Huntsville, AL, United States","Huntsville, AL",2026-08-24 20:28:29.661359+00,2026-08-24 20:28:29.661359+00
211,2024,10,25,Atlanta Swing Classic,auto,Atlanta,Georgia,United States,"Atlanta, GA, United States","Atlanta, GA, United States",2026-08-24 20:28:29.661359+00,2026-08-24 20:28:29.661359+00
350,2024,10,195,Augsburg Westie Station,manual,Augsburg,,Germany,"Augsburg, Germany","Augsburg, Germany",2026-08-24 20:28:29.661359+00,2026-08-24 20:28:29.661359+00
8,2024,10,2,Boogie By The Bay,auto,San Francisco,California,United States,"San Francisco, CA, United States","San Francisco, CA",2026-08-24 20:28:29.661359+00,2026-08-24 20:28:29.661359+00
367,2024,10,253,Go West SwingFest,auto,Perth,,Australia,"Perth, Australia","Perth, Australia",2026-08-24 20:28:29.661359+00,2026-08-24 20:28:29.661359+00
65,2024,10,24,Halloween SwingThing,auto,Costa Mesa,California,United States,"Costa Mesa, CA, United States","Costa Mesa, CA",2026-08-24 20:28:29.661359+00,2026-08-24 20:28:29.661359+00
322,2024,10,132,Milan Modern Swing,auto,Milan,,Italy,"Milan, Italy","Milan, Italy",2026-08-24 20:28:29.661359+00,2026-08-24 20:28:29.661359+00
178,2024,10,86,Montreal Westie Fest,auto,Montreal,,Canada,"Montreal, Canada","Montreal, Canada",2026-08-24 20:28:29.661359+00,2026-08-24 20:28:29.661359+00
43,2024,10,19,Paradise Dance Festival,auto,Irvine,California,United States,"Irvine, CA, United States","Irvine, CA",2026-08-24 20:28:29.661359+00,2026-08-24 20:28:29.661359+00
125,2024,10,34,Swing City Chicago,auto,Chicago,Illinois,United States,"Chicago, IL, United States","Chicago, IL",2026-08-24 20:28:29.661359+00,2026-08-24 20:28:29.661359+00
346,2024,10,272,Swingside Invitational,auto,Liège,,Belgium,"Liège, Belgium","Liège, Belgium",2026-08-24 20:28:29.661359+00,2026-08-24 20:28:29.661359+00
267,2024,10,149,Swustlicious,auto,Philadelphia,Pennsylvania,United States,"Philadelphia, PA, United States","Philadelphia, PA",2026-08-24 20:28:29.661359+00,2026-08-24 20:28:29.661359+00
236,2024,10,155,Warsaw Halloween Swing,auto,Warsaw,,Poland,"Warsaw, Poland","Warsaw, Poland",2026-08-24 20:28:29.661359+00,2026-08-24 20:28:29.661359+00
286,2024,10,127,WCS Festival,auto,Düsseldorf,,Germany,"Düsseldorf, Germany","Düsseldorf, Germany",2026-08-24 20:28:29.661359+00,2026-08-24 20:28:29.661359+00
300,2024,9,39,Austin Rocks,auto,Austin,Texas,United States,"Austin, TX, United States","Austin, TX",2026-08-24 20:28:29.661359+00,2026-08-24 20:28:29.661359+00
233,2024,9,129,Bavarian Open,auto,Munich,,Germany,"Munich, Germany","Munich, Germany",2026-08-24 20:28:29.661359+00,2026-08-24 20:28:29.661359+00
167,2024,9,117,Best of the Best WCS,auto,Sydney,,Australia,"Sydney, Australia","Sydney, Australia",2026-08-24 20:28:29.661359+00,2026-08-24 20:28:29.661359+00
135,2024,9,3,Desert City Swing,auto,Phoenix,Arizona,United States,"Phoenix, AZ, United States","Phoenix, AZ",2026-08-24 20:28:29.661359+00,2026-08-24 20:28:29.661359+00
254,2024,9,204,Finnfest,auto,Helsinki,,Finland,"Helsinki, Finland","Helsinki, Finland",2026-08-24 20:28:29.661359+00,2026-08-24 20:28:29.661359+00
268,2024,9,213,Korea Westival,auto,Jeju,,Republic of Korea,"Jeju, Republic of Korea","Jeju, Republic of Korea",2026-08-24 20:28:29.661359+00,2026-08-24 20:28:29.661359+00
131,2024,9,49,Meet Me In St Louis,auto,St. Louis,Missouri,United States,"St. Louis, MO, United States","St. Louis, MO",2026-08-24 20:28:29.661359+00,2026-08-24 20:28:29.661359+00
165,2024,9,107,Midland Swing Open,auto,London,,United Kingdom,"London, United Kingdom","London, United Kingdom",2026-08-24 20:28:29.661359+00,2026-08-24 20:28:29.661359+00
234,2024,9,66,Philly Swing Classic,auto,Wilmington,Delaware,United States,"Wilmington, DE, United States","Wilmington, DE",2026-08-24 20:28:29.661359+00,2026-08-24 20:28:29.661359+00
177,2024,9,98,River City Swing,auto,Jacksonville,Florida,United States,"Jacksonville, FL, United States","Jacksonville, FL",2026-08-24 20:28:29.661359+00,2026-08-24 20:28:29.661359+00
313,2024,9,156,Rolling Swing,auto,Lyon,,France,"Lyon, France","Lyon, France",2026-08-24 20:28:29.661359+00,2026-08-24 20:28:29.661359+00
338,2024,9,113,Sea Dance Fest,auto,Moscow,,Russia,"Moscow, Russia","Moscow, Russia",2026-08-24 20:28:29.661359+00,2026-08-24 20:28:29.661359+00
48,2024,9,16,South Bay Dance Fling,auto,San Jose,California,United States,"San Jose, CA, United States","San Jose, CA",2026-08-24 20:28:29.661359+00,2026-08-24 20:28:29.661359+00
231,2024,9,63,Trilogy Swing,auto,Raleigh,North Carolina,United States,"Raleigh, NC, United States","Raleigh, NC",2026-08-24 20:28:29.661359+00,2026-08-24 20:28:29.661359+00
77,2024,8,3,Arizona Dance Classic,auto,Phoenix,Arizona,United States,"Phoenix, AZ, United States","Phoenix, AZ",2026-08-24 20:28:29.661359+00,2026-08-24 20:28:29.661359+00
339,2024,8,234,Bristol Swing Fiesta,auto,Bristol,,United Kingdom,"Bristol, United Kingdom","Bristol, United Kingdom",2026-08-24 20:28:29.661359+00,2026-08-24 20:28:29.661359+00
119,2024,8,34,Chicagoland Country and Swing Dance Festival,auto,Chicago,Illinois,United States,"Chicago, IL, United States","Chicago, IL",2026-08-24 20:28:29.661359+00,2026-08-24 20:28:29.661359+00
282,2024,8,143,German Open,auto,Freiburg,,Germany,"Freiburg, Germany","Freiburg, Germany",2026-08-24 20:28:29.661359+00,2026-08-24 20:28:29.661359+00
120,2024,8,39,Lone Star Invitational,auto,Austin,Texas,United States,"Austin, TX, United States","Austin, TX",2026-08-24 20:28:29.661359+00,2026-08-24 20:28:29.661359+00
157,2024,8,70,New England Dance Festival,auto,Newton,Massachusetts,United States,"Newton (Boston), MA, United States","Newton (Boston), MA",2026-08-24 20:28:29.661359+00,2026-08-24 20:28:29.661359+00
164,2024,8,158,Sea Sun and Swing,auto,La Grande Motte,,France,"La Grande Motte, France","La Grande Motte, France",2026-08-24 20:28:29.661359+00,2026-08-24 20:28:29.661359+00
298,2024,8,260,Shakedown Swing,auto,Christchurch,,New Zealand,"Christchurch, New Zealand","Christchurch, New Zealand",2026-08-24 20:28:29.661359+00,2026-08-24 20:28:29.661359+00
53,2024,8,397,Summer Hummer,auto,Woburn,Massachusetts,United States,"Woburn (Boston), MA, United States","Woburn (Boston), MA",2026-08-24 20:28:29.661359+00,2026-08-24 20:28:29.661359+00
59,2024,8,38,Swing Fling,auto,Herndon,Virginia,United States,"Herndon, VA, United States","Herndon, VA",2026-08-24 20:28:29.661359+00,2026-08-24 20:28:29.661359+00
227,2024,8,2,Swingtacular: The Galactic Open,auto,San Francisco,California,United States,"San Francisco, CA, United States","San Francisco, CA",2026-08-24 20:28:29.661359+00,2026-08-24 20:28:29.661359+00
47,2024,8,29,Swingtime in the Rockies,auto,Denver,Colorado,United States,"Denver, CO, United States","Denver, CO",2026-08-24 20:28:29.661359+00,2026-08-24 20:28:29.661359+00
264,2024,8,199,UpTown Swing,auto,Stockholm,,Sweden,"Stockholm, Sweden","Stockholm, Sweden",2026-08-24 20:28:29.661359+00,2026-08-24 20:28:29.661359+00
1,2024,7,3,4TH of July Convention,auto,Phoenix,Arizona,United States,"Phoenix, AZ, United States","Phoenix, AZ",2026-08-24 20:28:29.661359+00,2026-08-24 20:28:29.661359+00
278,2024,7,252,Americano Dance Camp,auto,Samara,,Russia,"Samara, Russia","Samara, Russia",2026-08-24 20:28:29.661359+00,2026-08-24 20:28:29.661359+00
156,2024,7,140,Big Apple Dance Festival,auto,Morristown,New Jersey,United States,"Morristown, NJ, United States","Morristown, NJ",2026-08-24 20:28:29.661359+00,2026-08-24 20:28:29.661359+00
148,2024,7,57,Dance Mardi Gras,auto,New Orleans,Louisiana,United States,"New Orleans, LA, United States","New Orleans, LA",2026-08-24 20:28:29.661359+00,2026-08-24 20:28:29.661359+00
149,2024,7,55,Florida Dance Magic,auto,Fort Lauderdale,Florida,United States,"Fort Lauderdale, FL, United States","Fort Lauderdale, FL",2026-08-24 20:28:29.661359+00,2026-08-24 20:28:29.661359+00
224,2024,7,48,Midwest Westie Fest,auto,Overland Park,Kansas,United States,"Overland Park, KS, United States","Overland Park, KS",2026-08-24 20:28:29.661359+00,2026-08-24 20:28:29.661359+00
261,2024,7,191,Neverland Swing,auto,Amsterdam,,Netherlands,"Amsterdam, Netherlands","Amsterdam, Netherlands",2026-08-24 20:28:29.661359+00,2026-08-24 20:28:29.661359+00
303,2024,7,169,Odyssey West Coast Swing,auto,Gold Coast,,Australia,"Gold Coast, Australia","Gold Coast, Australia",2026-08-24 20:28:29.661359+00,2026-08-24 20:28:29.661359+00
263,2024,7,203,Riga Summer Swing,auto,Riga,,Latvia,"Riga, Latvia","Riga, Latvia",2026-08-24 20:28:29.661359+00,2026-08-24 20:28:29.661359+00
256,2024,7,215,Rock the Barn,auto,Umeå,,Sweden,"Umeå, Sweden","Umeå, Sweden",2026-08-24 20:28:29.661359+00,2026-08-24 20:28:29.661359+00
280,2024,7,222,Saint Petersburg WCS Nights,manual,St. Petersburg,,Russia,"St. Petersburg, Russia","St. Petersburg, Russia",2026-08-24 20:28:29.661359+00,2026-08-24 20:28:29.661359+00
147,2024,7,105,Toronto Open Swing & Hustle Championships,auto,Toronto,,Canada,"Toronto, Canada","Toronto, Canada",2026-08-24 20:28:29.661359+00,2026-08-24 20:28:29.661359+00
225,2024,7,21,Wild Wild Westie,auto,Dallas,Texas,United States,"Dallas, TX, United States","Dallas, TX",2026-08-24 20:28:29.661359+00,2026-08-24 20:28:29.661359+00
222,2024,6,186,Baltic Swing,auto,Gdańsk,,Poland,"Gdańsk, Poland","Gdańsk, Poland",2026-08-24 20:28:29.661359+00,2026-08-24 20:28:29.661359+00
109,2024,6,29,Colorado Country Classic,auto,Denver,Colorado,United States,"Denver, CO, United States","Denver, CO",2026-08-24 20:28:29.661359+00,2026-08-24 20:28:29.661359+00
220,2024,6,127,D-Town Swing,auto,Düsseldorf,,Germany,"Düsseldorf, Germany","Düsseldorf, Germany",2026-08-24 20:28:29.661359+00,2026-08-24 20:28:29.661359+00
207,2024,6,133,Dance N Play,auto,Bend,Oregon,United States,"Bend, OR, United States","Bend, OR",2026-08-24 20:28:29.661359+00,2026-08-24 20:28:29.661359+00
206,2024,6,110,Hungarian Open,auto,Budapest,,Hungary,"Budapest, Hungary","Budapest, Hungary",2026-08-24 20:28:29.661359+00,2026-08-24 20:28:29.661359+00
25,2024,6,23,J&J O'Rama,auto,Anaheim,California,United States,"Anaheim, CA, United States","Anaheim, CA",2026-08-24 20:28:29.661359+00,2026-08-24 20:28:29.661359+00
96,2024,6,41,Liberty Swing Dance Championships,auto,New Brunswick,New Jersey,United States,"New Brunswick, NJ, United States","New Brunswick, NJ",2026-08-24 20:28:29.661359+00,2026-08-24 20:28:29.661359+00
76,2024,6,51,Michigan Dance Classic,auto,Detroit,Michigan,United States,"Detroit, MI, United States","Detroit, MI",2026-08-24 20:28:29.661359+00,2026-08-24 20:28:29.661359+00
117,2024,6,82,Orange Blossom Dance Festival,auto,Orlando,Florida,United States,"Orlando, FL, United States","Orlando, FL",2026-08-24 20:28:29.661359+00,2026-08-24 20:28:29.661359+00
331,2024,6,266,Swing Fiction,auto,Brno,,Czech Republic,"Brno, Czech Republic","Brno, Czech Republic",2026-08-24 20:28:29.661359+00,2026-08-24 20:28:29.661359+00
162,2024,6,40,Swingapalooza,auto,Baton Rouge,Louisiana,United States,"Baton Rouge, LA, United States","Baton Rouge, LA",2026-08-24 20:28:29.661359+00,2026-08-24 20:28:29.661359+00
105,2024,5,86,Canadian Swing Championships,auto,Montreal,,Canada,"Montreal, Canada","Montreal, Canada",2026-08-24 20:28:29.661359+00,2026-08-24 20:28:29.661359+00
175,2024,5,109,French Open West Coast Swing,auto,Paris,,France,"Paris, France","Paris, France",2026-08-24 20:28:29.661359+00,2026-08-24 20:28:29.661359+00
221,2024,5,49,Gateway Swing Classic,auto,St. Louis,Missouri,United States,"St. Louis, MO, United States","St. Louis, MO",2026-08-24 20:28:29.661359+00,2026-08-24 20:28:29.661359+00
205,2024,5,88,SOswing,auto,Ashland,Oregon,United States,"Ashland, OR, United States","Ashland, OR",2026-08-24 20:28:29.661359+00,2026-08-24 20:28:29.661359+00
134,2024,5,89,Swing Dance America,auto,Lake Geneva,Illinois,United States,"Lake Geneva, IL, United States","Lake Geneva, IL",2026-08-24 20:28:29.661359+00,2026-08-24 20:28:29.661359+00
144,2024,5,131,Swingin' Into Spring,auto,Hartford,Connecticut,United States,"Hartford, CT, United States","Hartford, CT",2026-08-24 20:28:29.661359+00,2026-08-24 20:28:29.661359+00
174,2024,5,169,Swingsation,auto,Gold Coast,,Australia,"Gold Coast, Australia","Gold Coast, Australia",2026-08-24 20:28:29.661359+00,2026-08-24 20:28:29.661359+00
121,2024,5,39,The Texas Classic,auto,Austin,Texas,United States,"Austin, TX, United States","Austin, TX",2026-08-24 20:28:29.661359+00,2026-08-24 20:28:29.661359+00
22,2024,5,25,USA Grand Nationals,auto,Atlanta,Georgia,United States,"Atlanta, GA, United States","Atlanta, GA, United States",2026-08-24 20:28:29.661359+00,2026-08-24 20:28:29.661359+00
218,2024,4,159,Asia West Coast Swing Open,auto,Singapore,,Singapore,"Singapore, Singapore","Singapore, Singapore",2026-08-24 20:28:29.661359+00,2026-08-24 20:28:29.661359+00
116,2024,4,148,Calgary Dance Stampede,auto,Calgary,,Canada,"Calgary, Canada","Calgary, Canada",2026-08-24 20:28:29.661359+00,2026-08-24 20:28:29.661359+00
187,2024,4,54,City of Angels WCS,auto,Burbank,California,United States,"Burbank, CA, United States","Burbank, CA",2026-08-24 20:28:29.661359+00,2026-08-24 20:28:29.661359+00
203,2024,4,166,Detonation Dance,auto,Manchester,,United Kingdom,"Manchester, United Kingdom","Manchester, United Kingdom",2026-08-24 20:28:29.661359+00,2026-08-24 20:28:29.661359+00
275,2024,4,227,Dutch Open West Coast Swing,auto,Venray,,Netherlands,"Venray, Netherlands","Venray, Netherlands",2026-08-24 20:28:29.661359+00,2026-08-24 20:28:29.661359+00
18,2024,4,30,Easter Swing,auto,Seattle,Washington,United States,"Seattle, WA, United States","Seattle, WA",2026-08-24 20:28:29.661359+00,2026-08-24 20:28:29.661359+00
345,2024,4,255,HONEY FEST,auto,Ufa,,Russia,"Ufa, Russia","Ufa, Russia",2026-08-24 20:28:29.661359+00,2026-08-24 20:28:29.661359+00
210,2024,4,172,Korean Open WCS Championships,auto,Incheon,,Republic of Korea,"Incheon, Republic of Korea","Incheon, Republic of Korea",2026-08-24 20:28:29.661359+00,2026-08-24 20:28:29.661359+00
253,2024,4,199,Nordic WCS Championships,auto,Stockholm,,Sweden,"Stockholm, Sweden","Stockholm, Sweden",2026-08-24 20:28:29.661359+00,2026-08-24 20:28:29.661359+00
259,2024,4,82,Swingover,auto,Orlando,Florida,United States,"Orlando, FL, United States","Orlando, FL",2026-08-24 20:28:29.661359+00,2026-08-24 20:28:29.661359+00
293,2024,4,190,Westy Nantes,auto,Nantes,,France,"Nantes, France","Nantes, France",2026-08-24 20:28:29.661359+00,2026-08-24 20:28:29.661359+00
197,2024,3,29,5280 Westival,auto,Denver,Colorado,United States,"Denver, CO, United States","Denver, CO",2026-08-24 20:28:29.661359+00,2026-08-24 20:28:29.661359+00
318,2024,3,2,All Star SwingJam,auto,San Francisco,California,United States,"San Francisco, CA, United States","San Francisco, CA",2026-08-24 20:28:29.661359+00,2026-08-24 20:28:29.661359+00
9,2024,3,8,Boston Tea Party,auto,Boston,Massachusetts,United States,"Boston, MA, United States","Boston, MA",2026-08-24 20:28:29.661359+00,2026-08-24 20:28:29.661359+00
324,2024,3,148,Calgary Town Open,auto,Calgary,,Canada,"Calgary, Canada","Calgary, Canada",2026-08-24 20:28:29.661359+00,2026-08-24 20:28:29.661359+00
143,2024,3,18,High Desert Dance Classic,auto,Lancaster,California,United States,"Lancaster, CA, United States","Lancaster, CA",2026-08-24 20:28:29.661359+00,2026-08-24 20:28:29.661359+00
292,2024,3,267,King Swing,auto,Kraków,,Poland,"Kraków, Poland","Kraków, Poland",2026-08-24 20:28:29.661359+00,2026-08-24 20:28:29.661359+00
92,2024,3,13,MADjam,auto,Washington,District of Columbia,United States,"Washington, DC, United States","Washington, DC",2026-08-24 20:28:29.661359+00,2026-08-24 20:28:29.661359+00
153,2024,3,44,Novice Invitational,auto,Houston,Texas,United States,"Houston, TX, United States","Houston, TX",2026-08-24 20:28:29.661359+00,2026-08-24 20:28:29.661359+00
217,2024,3,10,San Diego Dance Festival,auto,San Diego,California,United States,"San Diego, CA, United States","San Diego, CA",2026-08-24 20:28:29.661359+00,2026-08-24 20:28:29.661359+00
333,2024,3,242,Swingvasion,auto,Wellington,,New Zealand,"Wellington, New Zealand","Wellington, New Zealand",2026-08-24 20:28:29.661359+00,2026-08-24 20:28:29.661359+00
142,2024,3,34,The Chicago Classic,auto,Chicago,Illinois,United States,"Chicago, IL, United States","Chicago, IL",2026-08-24 20:28:29.661359+00,2026-08-24 20:28:29.661359+00
132,2024,3,58,Tulsa Spring Swing,auto,Tulsa,Oklahoma,United States,"Tulsa, OK, United States","Tulsa, OK",2026-08-24 20:28:29.661359+00,2026-08-24 20:28:29.661359+00
186,2024,3,156,West in Lyon,auto,Lyon,,France,"Lyon, France","Lyon, France",2026-08-24 20:28:29.661359+00,2026-08-24 20:28:29.661359+00
314,2024,3,110,Westie Spring Thing,auto,Budapest,,Hungary,"Budapest, Hungary","Budapest, Hungary",2026-08-24 20:28:29.661359+00,2026-08-24 20:28:29.661359+00
12,2024,2,6,Capital Swing Dance Convention,auto,Sacramento,California,United States,"Sacramento, CA, United States","Sacramento, CA",2026-08-24 20:28:29.661359+00,2026-08-24 20:28:29.661359+00
273,2024,2,62,Charlotte Westie Fest,auto,Charlotte,North Carolina,United States,"Charlotte, NC, United States","Charlotte, NC",2026-08-24 20:28:29.661359+00,2026-08-24 20:28:29.661359+00
272,2024,2,109,Paris Westie Fest,auto,Paris,,France,"Paris, France","Paris, France",2026-08-24 20:28:29.661359+00,2026-08-24 20:28:29.661359+00
244,2024,2,4,Rose City Swing,auto,Portland,Oregon,United States,"Portland, OR, United States","Portland, OR",2026-08-24 20:28:29.661359+00,2026-08-24 20:28:29.661359+00
215,2024,2,222,Swing & Snow,auto,St. Petersburg,,Russia,"St. Petersburg, Russia","St. Petersburg, Russia",2026-08-24 20:28:29.661359+00,2026-08-24 20:28:29.661359+00
258,2024,2,173,Swingtzerland,auto,Zürich,,Switzerland,"Zürich, Switzerland","Zürich, Switzerland",2026-08-24 20:28:29.661359+00,2026-08-24 20:28:29.661359+00
310,2024,2,199,Valentine Swing,auto,Stockholm,,Sweden,"Stockholm, Sweden","Stockholm, Sweden",2026-08-24 20:28:29.661359+00,2026-08-24 20:28:29.661359+00
297,2024,2,269,Winter Coast Swing,auto,Kuopio,,Finland,"Kuopio, Finland","Kuopio, Finland",2026-08-24 20:28:29.661359+00,2026-08-24 20:28:29.661359+00
200,2024,1,39,Austin Swing Dance Championships,auto,Austin,Texas,United States,"Austin, TX, United States","Austin, TX",2026-08-24 20:28:29.661359+00,2026-08-24 20:28:29.661359+00
309,2024,1,192,Avignon City Swing,auto,Nimes,,France,"Nimes, France","Nimes, France",2026-08-24 20:28:29.661359+00,2026-08-24 20:28:29.661359+00
184,2024,1,110,BudaFest Open WCS Championships,auto,Budapest,,Hungary,"Budapest, Hungary","Budapest, Hungary",2026-08-24 20:28:29.661359+00,2026-08-24 20:28:29.661359+00
334,2024,1,8,Countdown Swing Boston,auto,Boston,Massachusetts,United States,"Boston, MA, United States","Boston, MA",2026-08-24 20:28:29.661359+00,2026-08-24 20:28:29.661359+00
242,2024,1,116,Derby City Swing,auto,Louisville,Kentucky,United States,"Louisville, KY, United States","Louisville, KY",2026-08-24 20:28:29.661359+00,2026-08-24 20:28:29.661359+00
42,2024,1,82,Floorplay Swing Vacation,auto,Orlando,Florida,United States,"Orlando, FL, United States","Orlando, FL",2026-08-24 20:28:29.661359+00,2026-08-24 20:28:29.661359+00
183,2024,1,66,Freedom Swing Dance Challenge,auto,Wilmington,Delaware,United States,"Wilmington, DE, United States","Wilmington, DE",2026-08-24 20:28:29.661359+00,2026-08-24 20:28:29.661359+00
62,2024,1,1,Monterey SwingFest,auto,Monterey,California,United States,"Monterey, CA, United States","Monterey, CA",2026-08-24 20:28:29.661359+00,2026-08-24 20:28:29.661359+00
141,2024,1,43,Spotlight New Year's Celebration,auto,Nashville,Tennessee,United States,"Nashville, TN, United States","Nashville, TN",2026-08-24 20:28:29.661359+00,2026-08-24 20:28:29.661359+00
301,2024,1,177,Swing Resolution,auto,Edinburgh,,United Kingdom,"Edinburgh, United Kingdom","Edinburgh, United Kingdom",2026-08-24 20:28:29.661359+00,2026-08-24 20:28:29.661359+00
196,2024,1,4,SwingCouver,auto,Portland,Oregon,United States,"Portland, OR, United States","Portland, OR",2026-08-24 20:28:29.661359+00,2026-08-24 20:28:29.661359+00
289,2024,1,197,SwingVester,auto,Wels,,Austria,"Wels, Austria","Wels, Austria",2026-08-24 20:28:29.661359+00,2026-08-24 20:28:29.661359+00
75,2024,1,21,UCWDC Country Dance World Championship,auto,Dallas,Texas,United States,"Dallas, TX, United States","Dallas, TX",2026-08-24 20:28:29.661359+00,2026-08-24 20:28:29.661359+00
240,2024,1,199,Westie Gala,auto,Stockholm,,Sweden,"Stockholm, Sweden","Stockholm, Sweden",2026-08-24 20:28:29.661359+00,2026-08-24 20:28:29.661359+00
271,2023,12,194,Berlin Swing Revolution,auto,Berlin,,Germany,"Berlin, Germany","Berlin, Germany",2026-08-24 20:28:29.661359+00,2026-08-24 20:28:29.661359+00
342,2023,12,208,Global Grand Prix - West Coast Swing Reunion,auto,Toulouse,,France,"Toulouse, France","Toulouse, France",2026-08-24 20:28:29.661359+00,2026-08-24 20:28:29.661359+00
290,2023,12,113,Shooba Dooba Swing,auto,Moscow,,Russia,"Moscow, Russia","Moscow, Russia",2026-08-24 20:28:29.661359+00,2026-08-24 20:28:29.661359+00
212,2023,12,73,The After Party (TAP),auto,Orange County,California,United States,"Orange County, CA, United States","Orange County, CA",2026-08-24 20:28:29.661359+00,2026-08-24 20:28:29.661359+00
238,2023,12,223,Winter White,auto,Oslo,,Norway,"Oslo, Norway","Oslo, Norway",2026-08-24 20:28:29.661359+00,2026-08-24 20:28:29.661359+00
269,2023,11,110,Autumn Swing Challenge,auto,Budapest,,Hungary,"Budapest, Hungary","Budapest, Hungary",2026-08-24 20:28:29.661359+00,2026-08-24 20:28:29.661359+00
87,2023,11,96,CASH Bash,auto,Cleveland,Ohio,United States,"Cleveland, OH, United States","Cleveland, OH",2026-08-24 20:28:29.661359+00,2026-08-24 20:28:29.661359+00
181,2023,11,38,DC Swing eXperience (DCSX),manual,Herndon,Virginia,United States,"Herndon, VA, United States","Herndon, VA",2026-08-24 20:28:29.661359+00,2026-08-24 20:28:29.661359+00
288,2023,11,21,Midnight Madness,auto,Dallas,Texas,United States,"Dallas, TX, United States","Dallas, TX",2026-08-24 20:28:29.661359+00,2026-08-24 20:28:29.661359+00
194,2023,11,113,Moscow Westie Fest,auto,Moscow,,Russia,"Moscow, Russia","Moscow, Russia",2026-08-24 20:28:29.661359+00,2026-08-24 20:28:29.661359+00
31,2023,11,28,Mountain Magic,auto,South Lake Tahoe (near Reno),Nevada,United States,"South Lake Tahoe (near Reno), NV, United States","South Lake Tahoe (near Reno), NV",2026-08-24 20:28:29.661359+00,2026-08-24 20:28:29.661359+00
229,2023,11,199,Scandinavian Open,auto,Stockholm,,Sweden,"Stockholm, Sweden","Stockholm, Sweden",2026-08-24 20:28:29.661359+00,2026-08-24 20:28:29.661359+00
79,2023,11,30,Sea to Sky,auto,Seattle,Washington,United States,"Seattle, WA, United States","Seattle, WA",2026-08-24 20:28:29.661359+00,2026-08-24 20:28:29.661359+00
137,2023,11,53,Tampa Bay Classic,auto,Tampa,Florida,United States,"Tampa, FL, United States","Tampa, FL",2026-08-24 20:28:29.661359+00,2026-08-24 20:28:29.661359+00
68,2023,11,22,US Open Swing Dance Championships,auto,Los Angeles,California,United States,"Los Angeles, CA, United States","Los Angeles, CA",2026-08-24 20:28:29.661359+00,2026-08-24 20:28:29.661359+00
312,2023,11,208,Westie Pink City,auto,Toulouse,,France,"Toulouse, France","Toulouse, France",2026-08-24 20:28:29.661359+00,2026-08-24 20:28:29.661359+00
270,2023,11,156,Westie's Angels,auto,Lyon,,France,"Lyon, France","Lyon, France",2026-08-24 20:28:29.661359+00,2026-08-24 20:28:29.661359+00
323,2023,11,137,Westies on the Water,auto,Huntsville,Alabama,United States,"Huntsville, AL, United States","Huntsville, AL",2026-08-24 20:28:29.661359+00,2026-08-24 20:28:29.661359+00
211,2023,10,25,Atlanta Swing Classic,auto,Atlanta,Georgia,United States,"Atlanta, GA, United States","Atlanta, GA, United States",2026-08-24 20:28:29.661359+00,2026-08-24 20:28:29.661359+00
8,2023,10,2,Boogie By The Bay,auto,San Francisco,California,United States,"San Francisco, CA, United States","San Francisco, CA",2026-08-24 20:28:29.661359+00,2026-08-24 20:28:29.661359+00
65,2023,10,24,Halloween SwingThing,auto,Costa Mesa,California,United States,"Costa Mesa, CA, United States","Costa Mesa, CA",2026-08-24 20:28:29.661359+00,2026-08-24 20:28:29.661359+00
322,2023,10,132,Milan Modern Swing,auto,Milan,,Italy,"Milan, Italy","Milan, Italy",2026-08-24 20:28:29.661359+00,2026-08-24 20:28:29.661359+00
178,2023,10,86,Montreal Westie Fest,auto,Montreal,,Canada,"Montreal, Canada","Montreal, Canada",2026-08-24 20:28:29.661359+00,2026-08-24 20:28:29.661359+00
179,2023,10,168,New Zealand Open Swing Dance Championships,auto,Auckland,,New Zealand,"Auckland, New Zealand","Auckland, New Zealand",2026-08-24 20:28:29.661359+00,2026-08-24 20:28:29.661359+00
43,2023,10,19,Paradise Dance Festival,auto,Irvine,California,United States,"Irvine, CA, United States","Irvine, CA",2026-08-24 20:28:29.661359+00,2026-08-24 20:28:29.661359+00
330,2023,10,236,Simply Adelaide West Coast Swing,auto,Adelaide,,Australia,"Adelaide, Australia","Adelaide, Australia",2026-08-24 20:28:29.661359+00,2026-08-24 20:28:29.661359+00
125,2023,10,34,Swing City Chicago,auto,Chicago,Illinois,United States,"Chicago, IL, United States","Chicago, IL",2026-08-24 20:28:29.661359+00,2026-08-24 20:28:29.661359+00
267,2023,10,149,Swustlicious,auto,Philadelphia,Pennsylvania,United States,"Philadelphia, PA, United States","Philadelphia, PA",2026-08-24 20:28:29.661359+00,2026-08-24 20:28:29.661359+00
236,2023,10,155,Warsaw Halloween Swing,auto,Warsaw,,Poland,"Warsaw, Poland","Warsaw, Poland",2026-08-24 20:28:29.661359+00,2026-08-24 20:28:29.661359+00
286,2023,10,127,WCS Festival,auto,Düsseldorf,,Germany,"Düsseldorf, Germany","Düsseldorf, Germany",2026-08-24 20:28:29.661359+00,2026-08-24 20:28:29.661359+00
233,2023,9,129,Bavarian Open,auto,Munich,,Germany,"Munich, Germany","Munich, Germany",2026-08-24 20:28:29.661359+00,2026-08-24 20:28:29.661359+00
167,2023,9,117,Best of the Best WCS,auto,Sydney,,Australia,"Sydney, Australia","Sydney, Australia",2026-08-24 20:28:29.661359+00,2026-08-24 20:28:29.661359+00
10,2023,9,74,Bridgetown Swing Boogie,auto,Vancouver,Washington,United States,"Vancouver, WA, United States","Vancouver, WA",2026-08-24 20:28:29.661359+00,2026-08-24 20:28:29.661359+00
135,2023,9,3,Desert City Swing,auto,Phoenix,Arizona,United States,"Phoenix, AZ, United States","Phoenix, AZ",2026-08-24 20:28:29.661359+00,2026-08-24 20:28:29.661359+00
254,2023,9,204,Finnfest,auto,Helsinki,,Finland,"Helsinki, Finland","Helsinki, Finland",2026-08-24 20:28:29.661359+00,2026-08-24 20:28:29.661359+00
268,2023,9,213,Korea Westival,auto,Jeju,,Republic of Korea,"Jeju, Republic of Korea","Jeju, Republic of Korea",2026-08-24 20:28:29.661359+00,2026-08-24 20:28:29.661359+00
131,2023,9,49,Meet Me In St Louis,auto,St. Louis,Missouri,United States,"St. Louis, MO, United States","St. Louis, MO",2026-08-24 20:28:29.661359+00,2026-08-24 20:28:29.661359+00
165,2023,9,107,Midland Swing Open,auto,London,,United Kingdom,"London, United Kingdom","London, United Kingdom",2026-08-24 20:28:29.661359+00,2026-08-24 20:28:29.661359+00
177,2023,9,98,River City Swing,auto,Jacksonville,Florida,United States,"Jacksonville, FL, United States","Jacksonville, FL",2026-08-24 20:28:29.661359+00,2026-08-24 20:28:29.661359+00
313,2023,9,156,Rolling Swing,auto,Lyon,,France,"Lyon, France","Lyon, France",2026-08-24 20:28:29.661359+00,2026-08-24 20:28:29.661359+00
48,2023,9,16,South Bay Dance Fling,auto,San Jose,California,United States,"San Jose, CA, United States","San Jose, CA",2026-08-24 20:28:29.661359+00,2026-08-24 20:28:29.661359+00
231,2023,9,63,Trilogy Swing,auto,Raleigh,North Carolina,United States,"Raleigh, NC, United States","Raleigh, NC",2026-08-24 20:28:29.661359+00,2026-08-24 20:28:29.661359+00
77,2023,8,3,Arizona Dance Classic,auto,Phoenix,Arizona,United States,"Phoenix, AZ, United States","Phoenix, AZ",2026-08-24 20:28:29.661359+00,2026-08-24 20:28:29.661359+00
119,2023,8,34,Chicagoland Country and Swing Dance Festival,auto,Chicago,Illinois,United States,"Chicago, IL, United States","Chicago, IL",2026-08-24 20:28:29.661359+00,2026-08-24 20:28:29.661359+00
282,2023,8,143,German Open,auto,Freiburg,,Germany,"Freiburg, Germany","Freiburg, Germany",2026-08-24 20:28:29.661359+00,2026-08-24 20:28:29.661359+00
283,2023,8,263,Kazan EL Fest,auto,Kazan,,Russia,"Kazan, Russia","Kazan, Russia",2026-08-24 20:28:29.661359+00,2026-08-24 20:28:29.661359+00
120,2023,8,39,Lone Star Invitational,auto,Austin,Texas,United States,"Austin, TX, United States","Austin, TX",2026-08-24 20:28:29.661359+00,2026-08-24 20:28:29.661359+00
157,2023,8,70,New England Dance Festival,auto,Newton,Massachusetts,United States,"Newton (Boston), MA, United States","Newton (Boston), MA",2026-08-24 20:28:29.661359+00,2026-08-24 20:28:29.661359+00
164,2023,8,158,Sea Sun and Swing,auto,La Grande Motte,,France,"La Grande Motte, France","La Grande Motte, France",2026-08-24 20:28:29.661359+00,2026-08-24 20:28:29.661359+00
298,2023,8,260,Shakedown Swing,auto,Christchurch,,New Zealand,"Christchurch, New Zealand","Christchurch, New Zealand",2026-08-24 20:28:29.661359+00,2026-08-24 20:28:29.661359+00
59,2023,8,38,Swing Fling,auto,Herndon,Virginia,United States,"Herndon, VA, United States","Herndon, VA",2026-08-24 20:28:29.661359+00,2026-08-24 20:28:29.661359+00
227,2023,8,2,Swingtacular: The Galactic Open,auto,San Francisco,California,United States,"San Francisco, CA, United States","San Francisco, CA",2026-08-24 20:28:29.661359+00,2026-08-24 20:28:29.661359+00
47,2023,8,29,Swingtime in the Rockies,auto,Denver,Colorado,United States,"Denver, CO, United States","Denver, CO",2026-08-24 20:28:29.661359+00,2026-08-24 20:28:29.661359+00
264,2023,8,199,UpTown Swing,auto,Stockholm,,Sweden,"Stockholm, Sweden","Stockholm, Sweden",2026-08-24 20:28:29.661359+00,2026-08-24 20:28:29.661359+00
1,2023,7,3,4TH of July Convention,auto,Phoenix,Arizona,United States,"Phoenix, AZ, United States","Phoenix, AZ",2026-08-24 20:28:29.661359+00,2026-08-24 20:28:29.661359+00
278,2023,7,252,Americano Dance Camp,auto,Samara,,Russia,"Samara, Russia","Samara, Russia",2026-08-24 20:28:29.661359+00,2026-08-24 20:28:29.661359+00
156,2023,7,140,Big Apple Dance Festival,auto,Morristown,New Jersey,United States,"Morristown, NJ, United States","Morristown, NJ",2026-08-24 20:28:29.661359+00,2026-08-24 20:28:29.661359+00
148,2023,7,57,Dance Mardi Gras,auto,New Orleans,Louisiana,United States,"New Orleans, LA, United States","New Orleans, LA",2026-08-24 20:28:29.661359+00,2026-08-24 20:28:29.661359+00
255,2023,7,138,Indy Dance Explosion,auto,Fort Wayne,Indiana,United States,"Fort Wayne, IN, United States","Fort Wayne, IN",2026-08-24 20:28:29.661359+00,2026-08-24 20:28:29.661359+00
96,2023,7,41,Liberty Swing Dance Championships,auto,New Brunswick,New Jersey,United States,"New Brunswick, NJ, United States","New Brunswick, NJ",2026-08-24 20:28:29.661359+00,2026-08-24 20:28:29.661359+00
224,2023,7,48,Midwest Westie Fest,auto,Overland Park,Kansas,United States,"Overland Park, KS, United States","Overland Park, KS",2026-08-24 20:28:29.661359+00,2026-08-24 20:28:29.661359+00
261,2023,7,191,Neverland Swing,auto,Amsterdam,,Netherlands,"Amsterdam, Netherlands","Amsterdam, Netherlands",2026-08-24 20:28:29.661359+00,2026-08-24 20:28:29.661359+00
303,2023,7,169,Odyssey West Coast Swing,auto,Gold Coast,,Australia,"Gold Coast, Australia","Gold Coast, Australia",2026-08-24 20:28:29.661359+00,2026-08-24 20:28:29.661359+00
256,2023,7,215,Rock the Barn,auto,Umeå,,Sweden,"Umeå, Sweden","Umeå, Sweden",2026-08-24 20:28:29.661359+00,2026-08-24 20:28:29.661359+00
280,2023,7,222,Saint Petersburg WCS Nights,manual,St. Petersburg,,Russia,"St. Petersburg, Russia","St. Petersburg, Russia",2026-08-24 20:28:29.661359+00,2026-08-24 20:28:29.661359+00
331,2023,7,266,Swing Fiction,auto,Brno,,Czech Republic,"Brno, Czech Republic","Brno, Czech Republic",2026-08-24 20:28:29.661359+00,2026-08-24 20:28:29.661359+00
147,2023,7,105,Toronto Open Swing & Hustle Championships,auto,Toronto,,Canada,"Toronto, Canada","Toronto, Canada",2026-08-24 20:28:29.661359+00,2026-08-24 20:28:29.661359+00
225,2023,7,21,Wild Wild Westie,auto,Dallas,Texas,United States,"Dallas, TX, United States","Dallas, TX",2026-08-24 20:28:29.661359+00,2026-08-24 20:28:29.661359+00
222,2023,6,186,Baltic Swing,auto,Gdańsk,,Poland,"Gdańsk, Poland","Gdańsk, Poland",2026-08-24 20:28:29.661359+00,2026-08-24 20:28:29.661359+00
220,2023,6,127,D-Town Swing,auto,Düsseldorf,,Germany,"Düsseldorf, Germany","Düsseldorf, Germany",2026-08-24 20:28:29.661359+00,2026-08-24 20:28:29.661359+00
206,2023,6,110,Hungarian Open,auto,Budapest,,Hungary,"Budapest, Hungary","Budapest, Hungary",2026-08-24 20:28:29.661359+00,2026-08-24 20:28:29.661359+00
25,2023,6,23,J&J O'Rama,auto,Anaheim,California,United States,"Anaheim, CA, United States","Anaheim, CA",2026-08-24 20:28:29.661359+00,2026-08-24 20:28:29.661359+00
117,2023,6,82,Orange Blossom Dance Festival,auto,Orlando,Florida,United States,"Orlando, FL, United States","Orlando, FL",2026-08-24 20:28:29.661359+00,2026-08-24 20:28:29.661359+00
162,2023,6,40,Swingapalooza,auto,Baton Rouge,Louisiana,United States,"Baton Rouge, LA, United States","Baton Rouge, LA",2026-08-24 20:28:29.661359+00,2026-08-24 20:28:29.661359+00
105,2023,5,86,Canadian Swing Championships,auto,Montreal,,Canada,"Montreal, Canada","Montreal, Canada",2026-08-24 20:28:29.661359+00,2026-08-24 20:28:29.661359+00
175,2023,5,109,French Open West Coast Swing,auto,Paris,,France,"Paris, France","Paris, France",2026-08-24 20:28:29.661359+00,2026-08-24 20:28:29.661359+00
253,2023,5,199,Nordic WCS Championships,auto,Stockholm,,Sweden,"Stockholm, Sweden","Stockholm, Sweden",2026-08-24 20:28:29.661359+00,2026-08-24 20:28:29.661359+00
205,2023,5,88,SOswing,auto,Ashland,Oregon,United States,"Ashland, OR, United States","Ashland, OR",2026-08-24 20:28:29.661359+00,2026-08-24 20:28:29.661359+00
134,2023,5,89,Swing Dance America,auto,Lake Geneva,Illinois,United States,"Lake Geneva, IL, United States","Lake Geneva, IL",2026-08-24 20:28:29.661359+00,2026-08-24 20:28:29.661359+00
174,2023,5,169,Swingsation,auto,Gold Coast,,Australia,"Gold Coast, Australia","Gold Coast, Australia",2026-08-24 20:28:29.661359+00,2026-08-24 20:28:29.661359+00
121,2023,5,39,The Texas Classic,auto,Austin,Texas,United States,"Austin, TX, United States","Austin, TX",2026-08-24 20:28:29.661359+00,2026-08-24 20:28:29.661359+00
311,2023,5,147,TLV SwingFest,auto,Tel Aviv,,Israel,"Tel Aviv, Israel","Tel Aviv, Israel",2026-08-24 20:28:29.661359+00,2026-08-24 20:28:29.661359+00
22,2023,5,25,USA Grand Nationals,auto,Atlanta,Georgia,United States,"Atlanta, GA, United States","Atlanta, GA, United States",2026-08-24 20:28:29.661359+00,2026-08-24 20:28:29.661359+00
218,2023,4,159,Asia West Coast Swing Open,auto,Singapore,,Singapore,"Singapore, Singapore","Singapore, Singapore",2026-08-24 20:28:29.661359+00,2026-08-24 20:28:29.661359+00
324,2023,4,148,Calgary Town Open,auto,Calgary,,Canada,"Calgary, Canada","Calgary, Canada",2026-08-24 20:28:29.661359+00,2026-08-24 20:28:29.661359+00
187,2023,4,54,City of Angels WCS,auto,Burbank,California,United States,"Burbank, CA, United States","Burbank, CA",2026-08-24 20:28:29.661359+00,2026-08-24 20:28:29.661359+00
203,2023,4,166,Detonation Dance,auto,Manchester,,United Kingdom,"Manchester, United Kingdom","Manchester, United Kingdom",2026-08-24 20:28:29.661359+00,2026-08-24 20:28:29.661359+00
18,2023,4,30,Easter Swing,auto,Seattle,Washington,United States,"Seattle, WA, United States","Seattle, WA",2026-08-24 20:28:29.661359+00,2026-08-24 20:28:29.661359+00
210,2023,4,172,Korean Open WCS Championships,auto,Incheon,,Republic of Korea,"Incheon, Republic of Korea","Incheon, Republic of Korea",2026-08-24 20:28:29.661359+00,2026-08-24 20:28:29.661359+00
259,2023,4,82,Swingover,auto,Orlando,Florida,United States,"Orlando, FL, United States","Orlando, FL",2026-08-24 20:28:29.661359+00,2026-08-24 20:28:29.661359+00
293,2023,4,190,Westy Nantes,auto,Nantes,,France,"Nantes, France","Nantes, France",2026-08-24 20:28:29.661359+00,2026-08-24 20:28:29.661359+00
197,2023,3,29,5280 Westival,auto,Denver,Colorado,United States,"Denver, CO, United States","Denver, CO",2026-08-24 20:28:29.661359+00,2026-08-24 20:28:29.661359+00
318,2023,3,2,All Star SwingJam,auto,San Francisco,California,United States,"San Francisco, CA, United States","San Francisco, CA",2026-08-24 20:28:29.661359+00,2026-08-24 20:28:29.661359+00
275,2023,3,227,Dutch Open West Coast Swing,auto,Venray,,Netherlands,"Venray, Netherlands","Venray, Netherlands",2026-08-24 20:28:29.661359+00,2026-08-24 20:28:29.661359+00
292,2023,3,267,King Swing,auto,Kraków,,Poland,"Kraków, Poland","Kraków, Poland",2026-08-24 20:28:29.661359+00,2026-08-24 20:28:29.661359+00
92,2023,3,13,MADjam,auto,Washington,District of Columbia,United States,"Washington, DC, United States","Washington, DC",2026-08-24 20:28:29.661359+00,2026-08-24 20:28:29.661359+00
153,2023,3,44,Novice Invitational,auto,Houston,Texas,United States,"Houston, TX, United States","Houston, TX",2026-08-24 20:28:29.661359+00,2026-08-24 20:28:29.661359+00
142,2023,3,34,The Chicago Classic,auto,Chicago,Illinois,United States,"Chicago, IL, United States","Chicago, IL",2026-08-24 20:28:29.661359+00,2026-08-24 20:28:29.661359+00
186,2023,3,156,West in Lyon,auto,Lyon,,France,"Lyon, France","Lyon, France",2026-08-24 20:28:29.661359+00,2026-08-24 20:28:29.661359+00
314,2023,3,110,Westie Spring Thing,auto,Budapest,,Hungary,"Budapest, Hungary","Budapest, Hungary",2026-08-24 20:28:29.661359+00,2026-08-24 20:28:29.661359+00
12,2023,2,6,Capital Swing Dance Convention,auto,Sacramento,California,United States,"Sacramento, CA, United States","Sacramento, CA",2026-08-24 20:28:29.661359+00,2026-08-24 20:28:29.661359+00
273,2023,2,62,Charlotte Westie Fest,auto,Charlotte,North Carolina,United States,"Charlotte, NC, United States","Charlotte, NC",2026-08-24 20:28:29.661359+00,2026-08-24 20:28:29.661359+00
272,2023,2,109,Paris Westie Fest,auto,Paris,,France,"Paris, France","Paris, France",2026-08-24 20:28:29.661359+00,2026-08-24 20:28:29.661359+00
244,2023,2,4,Rose City Swing,auto,Portland,Oregon,United States,"Portland, OR, United States","Portland, OR",2026-08-24 20:28:29.661359+00,2026-08-24 20:28:29.661359+00
215,2023,2,222,Swing & Snow,auto,St. Petersburg,,Russia,"St. Petersburg, Russia","St. Petersburg, Russia",2026-08-24 20:28:29.661359+00,2026-08-24 20:28:29.661359+00
310,2023,2,199,Valentine Swing,auto,Stockholm,,Sweden,"Stockholm, Sweden","Stockholm, Sweden",2026-08-24 20:28:29.661359+00,2026-08-24 20:28:29.661359+00
302,2023,2,253,WesterOz Swing,auto,Perth,,Australia,"Perth, Australia","Perth, Australia",2026-08-24 20:28:29.661359+00,2026-08-24 20:28:29.661359+00
297,2023,2,269,Winter Coast Swing,auto,Kuopio,,Finland,"Kuopio, Finland","Kuopio, Finland",2026-08-24 20:28:29.661359+00,2026-08-24 20:28:29.661359+00
309,2023,1,192,Avignon City Swing,auto,Nimes,,France,"Nimes, France","Nimes, France",2026-08-24 20:28:29.661359+00,2026-08-24 20:28:29.661359+00
184,2023,1,110,BudaFest Open WCS Championships,auto,Budapest,,Hungary,"Budapest, Hungary","Budapest, Hungary",2026-08-24 20:28:29.661359+00,2026-08-24 20:28:29.661359+00
334,2023,1,8,Countdown Swing Boston,auto,Boston,Massachusetts,United States,"Boston, MA, United States","Boston, MA",2026-08-24 20:28:29.661359+00,2026-08-24 20:28:29.661359+00
242,2023,1,116,Derby City Swing,auto,Louisville,Kentucky,United States,"Louisville, KY, United States","Louisville, KY",2026-08-24 20:28:29.661359+00,2026-08-24 20:28:29.661359+00
42,2023,1,82,Floorplay Swing Vacation,auto,Orlando,Florida,United States,"Orlando, FL, United States","Orlando, FL",2026-08-24 20:28:29.661359+00,2026-08-24 20:28:29.661359+00
183,2023,1,66,Freedom Swing Dance Challenge,auto,Wilmington,Delaware,United States,"Wilmington, DE, United States","Wilmington, DE",2026-08-24 20:28:29.661359+00,2026-08-24 20:28:29.661359+00
62,2023,1,1,Monterey SwingFest,auto,Monterey,California,United States,"Monterey, CA, United States","Monterey, CA",2026-08-24 20:28:29.661359+00,2026-08-24 20:28:29.661359+00
301,2023,1,177,Swing Resolution,auto,Edinburgh,,United Kingdom,"Edinburgh, United Kingdom","Edinburgh, United Kingdom",2026-08-24 20:28:29.661359+00,2026-08-24 20:28:29.661359+00
196,2023,1,4,SwingCouver,auto,Portland,Oregon,United States,"Portland, OR, United States","Portland, OR",2026-08-24 20:28:29.661359+00,2026-08-24 20:28:29.661359+00
289,2023,1,197,SwingVester,auto,Wels,,Austria,"Wels, Austria","Wels, Austria",2026-08-24 20:28:29.661359+00,2026-08-24 20:28:29.661359+00
75,2023,1,21,UCWDC Country Dance World Championship,auto,Dallas,Texas,United States,"Dallas, TX, United States","Dallas, TX",2026-08-24 20:28:29.661359+00,2026-08-24 20:28:29.661359+00
240,2023,1,199,Westie Gala,auto,Stockholm,,Sweden,"Stockholm, Sweden","Stockholm, Sweden",2026-08-24 20:28:29.661359+00,2026-08-24 20:28:29.661359+00
271,2022,12,194,Berlin Swing Revolution,auto,Berlin,,Germany,"Berlin, Germany","Berlin, Germany",2026-08-24 20:28:29.661359+00,2026-08-24 20:28:29.661359+00
290,2022,12,113,Shooba Dooba Swing,auto,Moscow,,Russia,"Moscow, Russia","Moscow, Russia",2026-08-24 20:28:29.661359+00,2026-08-24 20:28:29.661359+00
213,2022,12,169,Swingtimate,auto,Gold Coast,,Australia,"Gold Coast, Australia","Gold Coast, Australia",2026-08-24 20:28:29.661359+00,2026-08-24 20:28:29.661359+00
212,2022,12,73,The After Party (TAP),auto,Orange County,California,United States,"Orange County, CA, United States","Orange County, CA",2026-08-24 20:28:29.661359+00,2026-08-24 20:28:29.661359+00
238,2022,12,223,Winter White,auto,Oslo,,Norway,"Oslo, Norway","Oslo, Norway",2026-08-24 20:28:29.661359+00,2026-08-24 20:28:29.661359+00
269,2022,11,110,Autumn Swing Challenge,auto,Budapest,,Hungary,"Budapest, Hungary","Budapest, Hungary",2026-08-24 20:28:29.661359+00,2026-08-24 20:28:29.661359+00
87,2022,11,96,CASH Bash,auto,Cleveland,Ohio,United States,"Cleveland, OH, United States","Cleveland, OH",2026-08-24 20:28:29.661359+00,2026-08-24 20:28:29.661359+00
181,2022,11,38,DC Swing eXperience (DCSX),auto,Herndon,Virginia,United States,"Herndon, VA, United States","Herndon, VA",2026-08-24 20:28:29.661359+00,2026-08-24 20:28:29.661359+00
288,2022,11,21,Midnight Madness,auto,Dallas,Texas,United States,"Dallas, TX, United States","Dallas, TX",2026-08-24 20:28:29.661359+00,2026-08-24 20:28:29.661359+00
194,2022,11,113,Moscow Westie Fest,auto,Moscow,,Russia,"Moscow, Russia","Moscow, Russia",2026-08-24 20:28:29.661359+00,2026-08-24 20:28:29.661359+00
31,2022,11,28,Mountain Magic,auto,South Lake Tahoe (near Reno),Nevada,United States,"South Lake Tahoe (near Reno), NV, United States","South Lake Tahoe (near Reno), NV",2026-08-24 20:28:29.661359+00,2026-08-24 20:28:29.661359+00
229,2022,11,199,Scandinavian Open,auto,Stockholm,,Sweden,"Stockholm, Sweden","Stockholm, Sweden",2026-08-24 20:28:29.661359+00,2026-08-24 20:28:29.661359+00
330,2022,11,236,Simply Adelaide West Coast Swing,auto,Adelaide,,Australia,"Adelaide, Australia","Adelaide, Australia",2026-08-24 20:28:29.661359+00,2026-08-24 20:28:29.661359+00
68,2022,11,22,US Open Swing Dance Championships,auto,Los Angeles,California,United States,"Los Angeles, CA, United States","Los Angeles, CA",2026-08-24 20:28:29.661359+00,2026-08-24 20:28:29.661359+00
312,2022,11,208,Westie Pink City,auto,Toulouse,,France,"Toulouse, France","Toulouse, France",2026-08-24 20:28:29.661359+00,2026-08-24 20:28:29.661359+00
270,2022,11,156,Westie's Angels,auto,Lyon,,France,"Lyon, France","Lyon, France",2026-08-24 20:28:29.661359+00,2026-08-24 20:28:29.661359+00
323,2022,11,137,Westies on the Water,auto,Huntsville,Alabama,United States,"Huntsville, AL, United States","Huntsville, AL",2026-08-24 20:28:29.661359+00,2026-08-24 20:28:29.661359+00
211,2022,10,25,Atlanta Swing Classic,auto,Atlanta,Georgia,United States,"Atlanta, GA, United States","Atlanta, GA, United States",2026-08-24 20:28:29.661359+00,2026-08-24 20:28:29.661359+00
8,2022,10,2,Boogie By The Bay,auto,San Francisco,California,United States,"San Francisco, CA, United States","San Francisco, CA",2026-08-24 20:28:29.661359+00,2026-08-24 20:28:29.661359+00
65,2022,10,24,Halloween SwingThing,auto,Costa Mesa,California,United States,"Costa Mesa, CA, United States","Costa Mesa, CA",2026-08-24 20:28:29.661359+00,2026-08-24 20:28:29.661359+00
165,2022,10,107,Midland Swing Open,auto,London,,United Kingdom,"London, United Kingdom","London, United Kingdom",2026-08-24 20:28:29.661359+00,2026-08-24 20:28:29.661359+00
322,2022,10,132,Milan Modern Swing,auto,Milan,,Italy,"Milan, Italy","Milan, Italy",2026-08-24 20:28:29.661359+00,2026-08-24 20:28:29.661359+00
179,2022,10,168,New Zealand Open Swing Dance Championships,manual,Auckland,,New Zealand,"Auckland, New Zealand","Auckland, New Zealand",2026-08-24 20:28:29.661359+00,2026-08-24 20:28:29.661359+00
43,2022,10,19,Paradise Dance Festival,auto,Irvine,California,United States,"Irvine, CA, United States","Irvine, CA",2026-08-24 20:28:29.661359+00,2026-08-24 20:28:29.661359+00
125,2022,10,34,Swing City Chicago,auto,Chicago,Illinois,United States,"Chicago, IL, United States","Chicago, IL",2026-08-24 20:28:29.661359+00,2026-08-24 20:28:29.661359+00
267,2022,10,149,Swustlicious,auto,Philadelphia,Pennsylvania,United States,"Philadelphia, PA, United States","Philadelphia, PA",2026-08-24 20:28:29.661359+00,2026-08-24 20:28:29.661359+00
236,2022,10,155,Warsaw Halloween Swing,auto,Warsaw,,Poland,"Warsaw, Poland","Warsaw, Poland",2026-08-24 20:28:29.661359+00,2026-08-24 20:28:29.661359+00
286,2022,10,127,WCS Festival,auto,Düsseldorf,,Germany,"Düsseldorf, Germany","Düsseldorf, Germany",2026-08-24 20:28:29.661359+00,2026-08-24 20:28:29.661359+00
233,2022,9,129,Bavarian Open,auto,Munich,,Germany,"Munich, Germany","Munich, Germany",2026-08-24 20:28:29.661359+00,2026-08-24 20:28:29.661359+00
167,2022,9,117,Best of the Best WCS,auto,Sydney,,Australia,"Sydney, Australia","Sydney, Australia",2026-08-24 20:28:29.661359+00,2026-08-24 20:28:29.661359+00
10,2022,9,74,Bridgetown Swing Boogie,auto,Vancouver,Washington,United States,"Vancouver, WA, United States","Vancouver, WA",2026-08-24 20:28:29.661359+00,2026-08-24 20:28:29.661359+00
135,2022,9,3,Desert City Swing,auto,Phoenix,Arizona,United States,"Phoenix, AZ, United States","Phoenix, AZ",2026-08-24 20:28:29.661359+00,2026-08-24 20:28:29.661359+00
254,2022,9,204,Finnfest,auto,Helsinki,,Finland,"Helsinki, Finland","Helsinki, Finland",2026-08-24 20:28:29.661359+00,2026-08-24 20:28:29.661359+00
131,2022,9,49,Meet Me In St Louis,auto,St. Louis,Missouri,United States,"St. Louis, MO, United States","St. Louis, MO",2026-08-24 20:28:29.661359+00,2026-08-24 20:28:29.661359+00
234,2022,9,66,Philly Swing Classic,auto,Wilmington,Delaware,United States,"Wilmington, DE, United States","Wilmington, DE",2026-08-24 20:28:29.661359+00,2026-08-24 20:28:29.661359+00
313,2022,9,156,Rolling Swing,auto,Lyon,,France,"Lyon, France","Lyon, France",2026-08-24 20:28:29.661359+00,2026-08-24 20:28:29.661359+00
48,2022,9,16,South Bay Dance Fling,auto,San Jose,California,United States,"San Jose, CA, United States","San Jose, CA",2026-08-24 20:28:29.661359+00,2026-08-24 20:28:29.661359+00
231,2022,9,63,Trilogy Swing,auto,Raleigh,North Carolina,United States,"Raleigh, NC, United States","Raleigh, NC",2026-08-24 20:28:29.661359+00,2026-08-24 20:28:29.661359+00
77,2022,8,3,Arizona Dance Classic,auto,Phoenix,Arizona,United States,"Phoenix, AZ, United States","Phoenix, AZ",2026-08-24 20:28:29.661359+00,2026-08-24 20:28:29.661359+00
119,2022,8,34,Chicagoland Country and Swing Dance Festival,auto,Chicago,Illinois,United States,"Chicago, IL, United States","Chicago, IL",2026-08-24 20:28:29.661359+00,2026-08-24 20:28:29.661359+00
282,2022,8,143,German Open,auto,Freiburg,,Germany,"Freiburg, Germany","Freiburg, Germany",2026-08-24 20:28:29.661359+00,2026-08-24 20:28:29.661359+00
283,2022,8,263,Kazan EL Fest,auto,Kazan,,Russia,"Kazan, Russia","Kazan, Russia",2026-08-24 20:28:29.661359+00,2026-08-24 20:28:29.661359+00
120,2022,8,39,Lone Star Invitational,auto,Austin,Texas,United States,"Austin, TX, United States","Austin, TX",2026-08-24 20:28:29.661359+00,2026-08-24 20:28:29.661359+00
157,2022,8,70,New England Dance Festival,auto,Newton,Massachusetts,United States,"Newton (Boston), MA, United States","Newton (Boston), MA",2026-08-24 20:28:29.661359+00,2026-08-24 20:28:29.661359+00
256,2022,8,215,Rock the Barn,auto,Umeå,,Sweden,"Umeå, Sweden","Umeå, Sweden",2026-08-24 20:28:29.661359+00,2026-08-24 20:28:29.661359+00
59,2022,8,38,Swing Fling,auto,Herndon,Virginia,United States,"Herndon, VA, United States","Herndon, VA",2026-08-24 20:28:29.661359+00,2026-08-24 20:28:29.661359+00
227,2022,8,2,Swingtacular: The Galactic Open,auto,San Francisco,California,United States,"San Francisco, CA, United States","San Francisco, CA",2026-08-24 20:28:29.661359+00,2026-08-24 20:28:29.661359+00
264,2022,8,199,UpTown Swing,auto,Stockholm,,Sweden,"Stockholm, Sweden","Stockholm, Sweden",2026-08-24 20:28:29.661359+00,2026-08-24 20:28:29.661359+00
1,2022,7,3,4TH of July Convention,auto,Phoenix,Arizona,United States,"Phoenix, AZ, United States","Phoenix, AZ",2026-08-24 20:28:29.661359+00,2026-08-24 20:28:29.661359+00
278,2022,7,252,Americano Dance Camp,auto,Samara,,Russia,"Samara, Russia","Samara, Russia",2026-08-24 20:28:29.661359+00,2026-08-24 20:28:29.661359+00
156,2022,7,140,Big Apple Dance Festival,auto,Morristown,New Jersey,United States,"Morristown, NJ, United States","Morristown, NJ",2026-08-24 20:28:29.661359+00,2026-08-24 20:28:29.661359+00
148,2022,7,57,Dance Mardi Gras,auto,New Orleans,Louisiana,United States,"New Orleans, LA, United States","New Orleans, LA",2026-08-24 20:28:29.661359+00,2026-08-24 20:28:29.661359+00
149,2022,7,55,Florida Dance Magic,auto,Fort Lauderdale,Florida,United States,"Fort Lauderdale, FL, United States","Fort Lauderdale, FL",2026-08-24 20:28:29.661359+00,2026-08-24 20:28:29.661359+00
261,2022,7,191,Neverland Swing,auto,Amsterdam,,Netherlands,"Amsterdam, Netherlands","Amsterdam, Netherlands",2026-08-24 20:28:29.661359+00,2026-08-24 20:28:29.661359+00
280,2022,7,222,Saint Petersburg WCS Nights,manual,St. Petersburg,,Russia,"St. Petersburg, Russia","St. Petersburg, Russia",2026-08-24 20:28:29.661359+00,2026-08-24 20:28:29.661359+00
47,2022,7,29,Swingtime in the Rockies,auto,Denver,Colorado,United States,"Denver, CO, United States","Denver, CO",2026-08-24 20:28:29.661359+00,2026-08-24 20:28:29.661359+00
225,2022,7,21,Wild Wild Westie,auto,Dallas,Texas,United States,"Dallas, TX, United States","Dallas, TX",2026-08-24 20:28:29.661359+00,2026-08-24 20:28:29.661359+00
222,2022,6,186,Baltic Swing,auto,Gdańsk,,Poland,"Gdańsk, Poland","Gdańsk, Poland",2026-08-24 20:28:29.661359+00,2026-08-24 20:28:29.661359+00
109,2022,6,29,Colorado Country Classic,auto,Denver,Colorado,United States,"Denver, CO, United States","Denver, CO",2026-08-24 20:28:29.661359+00,2026-08-24 20:28:29.661359+00
220,2022,6,127,D-Town Swing,auto,Düsseldorf,,Germany,"Düsseldorf, Germany","Düsseldorf, Germany",2026-08-24 20:28:29.661359+00,2026-08-24 20:28:29.661359+00
255,2022,6,138,Indy Dance Explosion,auto,Fort Wayne,Indiana,United States,"Fort Wayne, IN, United States","Fort Wayne, IN",2026-08-24 20:28:29.661359+00,2026-08-24 20:28:29.661359+00
96,2022,6,41,Liberty Swing Dance Championships,auto,New Brunswick,New Jersey,United States,"New Brunswick, NJ, United States","New Brunswick, NJ",2026-08-24 20:28:29.661359+00,2026-08-24 20:28:29.661359+00
117,2022,6,82,Orange Blossom Dance Festival,auto,Orlando,Florida,United States,"Orlando, FL, United States","Orlando, FL",2026-08-24 20:28:29.661359+00,2026-08-24 20:28:29.661359+00
162,2022,6,40,Swingapalooza,auto,Baton Rouge,Louisiana,United States,"Baton Rouge, LA, United States","Baton Rouge, LA",2026-08-24 20:28:29.661359+00,2026-08-24 20:28:29.661359+00
175,2022,5,109,French Open West Coast Swing,auto,Paris,,France,"Paris, France","Paris, France",2026-08-24 20:28:29.661359+00,2026-08-24 20:28:29.661359+00
253,2022,5,199,Nordic WCS Championships,auto,Stockholm,,Sweden,"Stockholm, Sweden","Stockholm, Sweden",2026-08-24 20:28:29.661359+00,2026-08-24 20:28:29.661359+00
205,2022,5,88,SOswing,auto,Ashland,Oregon,United States,"Ashland, OR, United States","Ashland, OR",2026-08-24 20:28:29.661359+00,2026-08-24 20:28:29.661359+00
134,2022,5,89,Swing Dance America,auto,Lake Geneva,Illinois,United States,"Lake Geneva, IL, United States","Lake Geneva, IL",2026-08-24 20:28:29.661359+00,2026-08-24 20:28:29.661359+00
144,2022,5,131,Swingin' Into Spring,auto,Hartford,Connecticut,United States,"Hartford, CT, United States","Hartford, CT",2026-08-24 20:28:29.661359+00,2026-08-24 20:28:29.661359+00
121,2022,5,39,The Texas Classic,auto,Austin,Texas,United States,"Austin, TX, United States","Austin, TX",2026-08-24 20:28:29.661359+00,2026-08-24 20:28:29.661359+00
187,2022,4,54,City of Angels WCS,auto,Burbank,California,United States,"Burbank, CA, United States","Burbank, CA",2026-08-24 20:28:29.661359+00,2026-08-24 20:28:29.661359+00
203,2022,4,166,Detonation Dance,auto,Manchester,,United Kingdom,"Manchester, United Kingdom","Manchester, United Kingdom",2026-08-24 20:28:29.661359+00,2026-08-24 20:28:29.661359+00
18,2022,4,30,Easter Swing,auto,Seattle,Washington,United States,"Seattle, WA, United States","Seattle, WA",2026-08-24 20:28:29.661359+00,2026-08-24 20:28:29.661359+00
259,2022,4,82,Swingover,auto,Orlando,Florida,United States,"Orlando, FL, United States","Orlando, FL",2026-08-24 20:28:29.661359+00,2026-08-24 20:28:29.661359+00
293,2022,4,190,Westy Nantes,auto,Nantes,,France,"Nantes, France","Nantes, France",2026-08-24 20:28:29.661359+00,2026-08-24 20:28:29.661359+00
197,2022,3,29,5280 Westival,auto,Denver,Colorado,United States,"Denver, CO, United States","Denver, CO",2026-08-24 20:28:29.661359+00,2026-08-24 20:28:29.661359+00
318,2022,3,2,All Star SwingJam,auto,San Francisco,California,United States,"San Francisco, CA, United States","San Francisco, CA",2026-08-24 20:28:29.661359+00,2026-08-24 20:28:29.661359+00
292,2022,3,267,King Swing,auto,Kraków,,Poland,"Kraków, Poland","Kraków, Poland",2026-08-24 20:28:29.661359+00,2026-08-24 20:28:29.661359+00
92,2022,3,13,MADjam,auto,Washington,District of Columbia,United States,"Washington, DC, United States","Washington, DC",2026-08-24 20:28:29.661359+00,2026-08-24 20:28:29.661359+00
153,2022,3,44,Novice Invitational,auto,Houston,Texas,United States,"Houston, TX, United States","Houston, TX",2026-08-24 20:28:29.661359+00,2026-08-24 20:28:29.661359+00
142,2022,3,34,The Chicago Classic,auto,Chicago,Illinois,United States,"Chicago, IL, United States","Chicago, IL",2026-08-24 20:28:29.661359+00,2026-08-24 20:28:29.661359+00
186,2022,3,156,West in Lyon,auto,Lyon,,France,"Lyon, France","Lyon, France",2026-08-24 20:28:29.661359+00,2026-08-24 20:28:29.661359+00
314,2022,3,110,Westie Spring Thing,auto,Budapest,,Hungary,"Budapest, Hungary","Budapest, Hungary",2026-08-24 20:28:29.661359+00,2026-08-24 20:28:29.661359+00
273,2022,2,62,Charlotte Westie Fest,auto,Charlotte,North Carolina,United States,"Charlotte, NC, United States","Charlotte, NC",2026-08-24 20:28:29.661359+00,2026-08-24 20:28:29.661359+00
244,2022,2,4,Rose City Swing,auto,Portland,Oregon,United States,"Portland, OR, United States","Portland, OR",2026-08-24 20:28:29.661359+00,2026-08-24 20:28:29.661359+00
215,2022,2,222,Swing & Snow,auto,St. Petersburg,,Russia,"St. Petersburg, Russia","St. Petersburg, Russia",2026-08-24 20:28:29.661359+00,2026-08-24 20:28:29.661359+00
184,2022,1,110,BudaFest Open WCS Championships,auto,Budapest,,Hungary,"Budapest, Hungary","Budapest, Hungary",2026-08-24 20:28:29.661359+00,2026-08-24 20:28:29.661359+00
334,2022,1,8,Countdown Swing Boston,auto,Boston,Massachusetts,United States,"Boston, MA, United States","Boston, MA",2026-08-24 20:28:29.661359+00,2026-08-24 20:28:29.661359+00
42,2022,1,82,Floorplay Swing Vacation,auto,Orlando,Florida,United States,"Orlando, FL, United States","Orlando, FL",2026-08-24 20:28:29.661359+00,2026-08-24 20:28:29.661359+00
183,2022,1,66,Freedom Swing Dance Challenge,auto,Wilmington,Delaware,United States,"Wilmington, DE, United States","Wilmington, DE",2026-08-24 20:28:29.661359+00,2026-08-24 20:28:29.661359+00
62,2022,1,1,Monterey SwingFest,auto,Monterey,California,United States,"Monterey, CA, United States","Monterey, CA",2026-08-24 20:28:29.661359+00,2026-08-24 20:28:29.661359+00
75,2022,1,21,UCWDC Country Dance World Championship,auto,Dallas,Texas,United States,"Dallas, TX, United States","Dallas, TX",2026-08-24 20:28:29.661359+00,2026-08-24 20:28:29.661359+00
290,2021,12,113,Shooba Dooba Swing,auto,Moscow,,Russia,"Moscow, Russia","Moscow, Russia",2026-08-24 20:28:29.661359+00,2026-08-24 20:28:29.661359+00
212,2021,12,73,The After Party (TAP),auto,Orange County,California,United States,"Orange County, CA, United States","Orange County, CA",2026-08-24 20:28:29.661359+00,2026-08-24 20:28:29.661359+00
197,2021,11,29,5280 Westival,auto,Denver,Colorado,United States,"Denver, CO, United States","Denver, CO",2026-08-24 20:28:29.661359+00,2026-08-24 20:28:29.661359+00
288,2021,11,21,Midnight Madness,auto,Dallas,Texas,United States,"Dallas, TX, United States","Dallas, TX",2026-08-24 20:28:29.661359+00,2026-08-24 20:28:29.661359+00
330,2021,11,236,Simply Adelaide West Coast Swing,auto,Adelaide,,Australia,"Adelaide, Australia","Adelaide, Australia",2026-08-24 20:28:29.661359+00,2026-08-24 20:28:29.661359+00
236,2021,11,155,Warsaw Halloween Swing,auto,Warsaw,,Poland,"Warsaw, Poland","Warsaw, Poland",2026-08-24 20:28:29.661359+00,2026-08-24 20:28:29.661359+00
312,2021,11,208,Westie Pink City,auto,Toulouse,,France,"Toulouse, France","Toulouse, France",2026-08-24 20:28:29.661359+00,2026-08-24 20:28:29.661359+00
270,2021,11,156,Westie's Angels,auto,Lyon,,France,"Lyon, France","Lyon, France",2026-08-24 20:28:29.661359+00,2026-08-24 20:28:29.661359+00
323,2021,11,137,Westies on the Water,auto,Huntsville,Alabama,United States,"Huntsville, AL, United States","Huntsville, AL",2026-08-24 20:28:29.661359+00,2026-08-24 20:28:29.661359+00
211,2021,10,25,Atlanta Swing Classic,auto,Atlanta,Georgia,United States,"Atlanta, GA, United States","Atlanta, GA, United States",2026-08-24 20:28:29.661359+00,2026-08-24 20:28:29.661359+00
194,2021,10,113,Moscow Westie Fest,auto,Moscow,,Russia,"Moscow, Russia","Moscow, Russia",2026-08-24 20:28:29.661359+00,2026-08-24 20:28:29.661359+00
135,2021,9,3,Desert City Swing,auto,Phoenix,Arizona,United States,"Phoenix, AZ, United States","Phoenix, AZ",2026-08-24 20:28:29.661359+00,2026-08-24 20:28:29.661359+00
165,2021,9,107,Midland Swing Open,auto,London,,United Kingdom,"London, United Kingdom","London, United Kingdom",2026-08-24 20:28:29.661359+00,2026-08-24 20:28:29.661359+00
234,2021,9,66,Philly Swing Classic,auto,Wilmington,Delaware,United States,"Wilmington, DE, United States","Wilmington, DE",2026-08-24 20:28:29.661359+00,2026-08-24 20:28:29.661359+00
313,2021,9,156,Rolling Swing,auto,Lyon,,France,"Lyon, France","Lyon, France",2026-08-24 20:28:29.661359+00,2026-08-24 20:28:29.661359+00
77,2021,8,3,Arizona Dance Classic,auto,Phoenix,Arizona,United States,"Phoenix, AZ, United States","Phoenix, AZ",2026-08-24 20:28:29.661359+00,2026-08-24 20:28:29.661359+00
119,2021,8,34,Chicagoland Country and Swing Dance Festival,auto,Chicago,Illinois,United States,"Chicago, IL, United States","Chicago, IL",2026-08-24 20:28:29.661359+00,2026-08-24 20:28:29.661359+00
120,2021,8,39,Lone Star Invitational,auto,Austin,Texas,United States,"Austin, TX, United States","Austin, TX",2026-08-24 20:28:29.661359+00,2026-08-24 20:28:29.661359+00
278,2021,7,252,Americano Dance Camp,auto,Samara,,Russia,"Samara, Russia","Samara, Russia",2026-08-24 20:28:29.661359+00,2026-08-24 20:28:29.661359+00
156,2021,7,140,Big Apple Dance Festival,auto,Morristown,New Jersey,United States,"Morristown, NJ, United States","Morristown, NJ",2026-08-24 20:28:29.661359+00,2026-08-24 20:28:29.661359+00
280,2021,7,222,Saint Petersburg WCS Nights,manual,St. Petersburg,,Russia,"St. Petersburg, Russia","St. Petersburg, Russia",2026-08-24 20:28:29.661359+00,2026-08-24 20:28:29.661359+00
225,2021,7,21,Wild Wild Westie,auto,Dallas,Texas,United States,"Dallas, TX, United States","Dallas, TX",2026-08-24 20:28:29.661359+00,2026-08-24 20:28:29.661359+00
117,2021,6,82,Orange Blossom Dance Festival,auto,Orlando,Florida,United States,"Orlando, FL, United States","Orlando, FL",2026-08-24 20:28:29.661359+00,2026-08-24 20:28:29.661359+00
174,2021,6,169,Swingsation,auto,Gold Coast,,Australia,"Gold Coast, Australia","Gold Coast, Australia",2026-08-24 20:28:29.661359+00,2026-08-24 20:28:29.661359+00
170,2021,4,113,Russian Open WCS Championships,auto,Moscow,,Russia,"Moscow, Russia","Moscow, Russia",2026-08-24 20:28:29.661359+00,2026-08-24 20:28:29.661359+00
215,2021,2,222,Swing & Snow,auto,St. Petersburg,,Russia,"St. Petersburg, Russia","St. Petersburg, Russia",2026-08-24 20:28:29.661359+00,2026-08-24 20:28:29.661359+00
290,2020,12,113,Shooba Dooba Swing,auto,Moscow,,Russia,"Moscow, Russia","Moscow, Russia",2026-08-24 20:28:29.661359+00,2026-08-24 20:28:29.661359+00
213,2020,12,169,Swingtimate,auto,Gold Coast,,Australia,"Gold Coast, Australia","Gold Coast, Australia",2026-08-24 20:28:29.661359+00,2026-08-24 20:28:29.661359+00
194,2020,11,113,Moscow Westie Fest,auto,Moscow,,Russia,"Moscow, Russia","Moscow, Russia",2026-08-24 20:28:29.661359+00,2026-08-24 20:28:29.661359+00
330,2020,11,236,Simply Adelaide West Coast Swing,auto,Adelaide,,Australia,"Adelaide, Australia","Adelaide, Australia",2026-08-24 20:28:29.661359+00,2026-08-24 20:28:29.661359+00
179,2020,10,168,New Zealand Open Swing Dance Championships,auto,Auckland,,New Zealand,"Auckland, New Zealand","Auckland, New Zealand",2026-08-24 20:28:29.661359+00,2026-08-24 20:28:29.661359+00
92,2020,3,13,MADjam,auto,Washington,District of Columbia,United States,"Washington, DC, United States","Washington, DC",2026-08-24 20:28:29.661359+00,2026-08-24 20:28:29.661359+00
12,2020,2,6,Capital Swing Dance Convention,auto,Sacramento,California,United States,"Sacramento, CA, United States","Sacramento, CA",2026-08-24 20:28:29.661359+00,2026-08-24 20:28:29.661359+00
273,2020,2,62,Charlotte Westie Fest,auto,Charlotte,North Carolina,United States,"Charlotte, NC, United States","Charlotte, NC",2026-08-24 20:28:29.661359+00,2026-08-24 20:28:29.661359+00
272,2020,2,109,Paris Westie Fest,auto,Paris,,France,"Paris, France","Paris, France",2026-08-24 20:28:29.661359+00,2026-08-24 20:28:29.661359+00
244,2020,2,4,Rose City Swing,auto,Portland,Oregon,United States,"Portland, OR, United States","Portland, OR",2026-08-24 20:28:29.661359+00,2026-08-24 20:28:29.661359+00
215,2020,2,222,Swing & Snow,auto,St. Petersburg,,Russia,"St. Petersburg, Russia","St. Petersburg, Russia",2026-08-24 20:28:29.661359+00,2026-08-24 20:28:29.661359+00
258,2020,2,173,Swingtzerland,auto,Zürich,,Switzerland,"Zürich, Switzerland","Zürich, Switzerland",2026-08-24 20:28:29.661359+00,2026-08-24 20:28:29.661359+00
310,2020,2,199,Valentine Swing,auto,Stockholm,,Sweden,"Stockholm, Sweden","Stockholm, Sweden",2026-08-24 20:28:29.661359+00,2026-08-24 20:28:29.661359+00
302,2020,2,253,WesterOz Swing,auto,Perth,,Australia,"Perth, Australia","Perth, Australia",2026-08-24 20:28:29.661359+00,2026-08-24 20:28:29.661359+00
297,2020,2,269,Winter Coast Swing,auto,Kuopio,,Finland,"Kuopio, Finland","Kuopio, Finland",2026-08-24 20:28:29.661359+00,2026-08-24 20:28:29.661359+00
200,2020,1,39,Austin Swing Dance Championships,auto,Austin,Texas,United States,"Austin, TX, United States","Austin, TX",2026-08-24 20:28:29.661359+00,2026-08-24 20:28:29.661359+00
309,2020,1,192,Avignon City Swing,auto,Nimes,,France,"Nimes, France","Nimes, France",2026-08-24 20:28:29.661359+00,2026-08-24 20:28:29.661359+00
184,2020,1,110,BudaFest Open WCS Championships,auto,Budapest,,Hungary,"Budapest, Hungary","Budapest, Hungary",2026-08-24 20:28:29.661359+00,2026-08-24 20:28:29.661359+00
334,2020,1,8,Countdown Swing Boston,auto,Boston,Massachusetts,United States,"Boston, MA, United States","Boston, MA",2026-08-24 20:28:29.661359+00,2026-08-24 20:28:29.661359+00
242,2020,1,116,Derby City Swing,auto,Louisville,Kentucky,United States,"Louisville, KY, United States","Louisville, KY",2026-08-24 20:28:29.661359+00,2026-08-24 20:28:29.661359+00
183,2020,1,66,Freedom Swing Dance Challenge,auto,Wilmington,Delaware,United States,"Wilmington, DE, United States","Wilmington, DE",2026-08-24 20:28:29.661359+00,2026-08-24 20:28:29.661359+00
62,2020,1,1,Monterey SwingFest,auto,Monterey,California,United States,"Monterey, CA, United States","Monterey, CA",2026-08-24 20:28:29.661359+00,2026-08-24 20:28:29.661359+00
291,2020,1,129,Municorn Swing,auto,Munich,,Germany,"Munich, Germany","Munich, Germany",2026-08-24 20:28:29.661359+00,2026-08-24 20:28:29.661359+00
214,2020,1,107,New Year's Swing Fling,auto,London,,United Kingdom,"London, United Kingdom","London, United Kingdom",2026-08-24 20:28:29.661359+00,2026-08-24 20:28:29.661359+00
195,2020,1,20,Palm Springs New Years Swing Dance Classic,auto,Palm Springs,California,United States,"Palm Springs, CA, United States","Palm Springs, CA",2026-08-24 20:28:29.661359+00,2026-08-24 20:28:29.661359+00
141,2020,1,43,Spotlight New Year's Celebration,auto,Nashville,Tennessee,United States,"Nashville, TN, United States","Nashville, TN",2026-08-24 20:28:29.661359+00,2026-08-24 20:28:29.661359+00
301,2020,1,177,Swing Resolution,auto,Edinburgh,,United Kingdom,"Edinburgh, United Kingdom","Edinburgh, United Kingdom",2026-08-24 20:28:29.661359+00,2026-08-24 20:28:29.661359+00
196,2020,1,4,SwingCouver,auto,Portland,Oregon,United States,"Portland, OR, United States","Portland, OR",2026-08-24 20:28:29.661359+00,2026-08-24 20:28:29.661359+00
289,2020,1,197,SwingVester,auto,Wels,,Austria,"Wels, Austria","Wels, Austria",2026-08-24 20:28:29.661359+00,2026-08-24 20:28:29.661359+00
75,2020,1,21,UCWDC Country Dance World Championship,auto,Dallas,Texas,United States,"Dallas, TX, United States","Dallas, TX",2026-08-24 20:28:29.661359+00,2026-08-24 20:28:29.661359+00
240,2020,1,199,Westie Gala,auto,Stockholm,,Sweden,"Stockholm, Sweden","Stockholm, Sweden",2026-08-24 20:28:29.661359+00,2026-08-24 20:28:29.661359+00
271,2019,12,194,Berlin Swing Revolution,auto,Berlin,,Germany,"Berlin, Germany","Berlin, Germany",2026-08-24 20:28:29.661359+00,2026-08-24 20:28:29.661359+00
87,2019,12,96,CASH Bash,auto,Cleveland,Ohio,United States,"Cleveland, OH, United States","Cleveland, OH",2026-08-24 20:28:29.661359+00,2026-08-24 20:28:29.661359+00
42,2019,12,82,Floorplay Swing Vacation,auto,Orlando,Florida,United States,"Orlando, FL, United States","Orlando, FL",2026-08-24 20:28:29.661359+00,2026-08-24 20:28:29.661359+00
290,2019,12,113,Shooba Dooba Swing,auto,Moscow,,Russia,"Moscow, Russia","Moscow, Russia",2026-08-24 20:28:29.661359+00,2026-08-24 20:28:29.661359+00
213,2019,12,169,Swingtimate,auto,Gold Coast,,Australia,"Gold Coast, Australia","Gold Coast, Australia",2026-08-24 20:28:29.661359+00,2026-08-24 20:28:29.661359+00
212,2019,12,73,The After Party (TAP),auto,Orange County,California,United States,"Orange County, CA, United States","Orange County, CA",2026-08-24 20:28:29.661359+00,2026-08-24 20:28:29.661359+00
265,2019,12,139,Upstate Dance Challenge,auto,Albany,New York,United States,"Albany, NY, United States","Albany, NY",2026-08-24 20:28:29.661359+00,2026-08-24 20:28:29.661359+00
68,2019,12,22,US Open Swing Dance Championships,auto,Los Angeles,California,United States,"Los Angeles, CA, United States","Los Angeles, CA",2026-08-24 20:28:29.661359+00,2026-08-24 20:28:29.661359+00
238,2019,12,223,Winter White,auto,Oslo,,Norway,"Oslo, Norway","Oslo, Norway",2026-08-24 20:28:29.661359+00,2026-08-24 20:28:29.661359+00
269,2019,11,110,Autumn Swing Challenge,auto,Budapest,,Hungary,"Budapest, Hungary","Budapest, Hungary",2026-08-24 20:28:29.661359+00,2026-08-24 20:28:29.661359+00
181,2019,11,38,DC Swing eXperience (DCSX),auto,Herndon,Virginia,United States,"Herndon, VA, United States","Herndon, VA",2026-08-24 20:28:29.661359+00,2026-08-24 20:28:29.661359+00
166,2019,11,212,London SwingVitational,auto,Windsor,,United Kingdom,"Windsor, United Kingdom","Windsor, United Kingdom",2026-08-24 20:28:29.661359+00,2026-08-24 20:28:29.661359+00
288,2019,11,21,Midnight Madness,auto,Dallas,Texas,United States,"Dallas, TX, United States","Dallas, TX",2026-08-24 20:28:29.661359+00,2026-08-24 20:28:29.661359+00
194,2019,11,113,Moscow Westie Fest,auto,Moscow,,Russia,"Moscow, Russia","Moscow, Russia",2026-08-24 20:28:29.661359+00,2026-08-24 20:28:29.661359+00
31,2019,11,28,Mountain Magic,auto,South Lake Tahoe (near Reno),Nevada,United States,"South Lake Tahoe (near Reno), NV, United States","South Lake Tahoe (near Reno), NV",2026-08-24 20:28:29.661359+00,2026-08-24 20:28:29.661359+00
229,2019,11,199,Scandinavian Open,auto,Stockholm,,Sweden,"Stockholm, Sweden","Stockholm, Sweden",2026-08-24 20:28:29.661359+00,2026-08-24 20:28:29.661359+00
79,2019,11,30,Sea to Sky,auto,Seattle,Washington,United States,"Seattle, WA, United States","Seattle, WA",2026-08-24 20:28:29.661359+00,2026-08-24 20:28:29.661359+00
137,2019,11,53,Tampa Bay Classic,auto,Tampa,Florida,United States,"Tampa, FL, United States","Tampa, FL",2026-08-24 20:28:29.661359+00,2026-08-24 20:28:29.661359+00
236,2019,11,155,Warsaw Halloween Swing,auto,Warsaw,,Poland,"Warsaw, Poland","Warsaw, Poland",2026-08-24 20:28:29.661359+00,2026-08-24 20:28:29.661359+00
312,2019,11,208,Westie Pink City,auto,Toulouse,,France,"Toulouse, France","Toulouse, France",2026-08-24 20:28:29.661359+00,2026-08-24 20:28:29.661359+00
270,2019,11,156,Westie's Angels,auto,Lyon,,France,"Lyon, France","Lyon, France",2026-08-24 20:28:29.661359+00,2026-08-24 20:28:29.661359+00
211,2019,10,25,Atlanta Swing Classic,auto,Atlanta,Georgia,United States,"Atlanta, GA, United States","Atlanta, GA, United States",2026-08-24 20:28:29.661359+00,2026-08-24 20:28:29.661359+00
8,2019,10,2,Boogie By The Bay,auto,San Francisco,California,United States,"San Francisco, CA, United States","San Francisco, CA",2026-08-24 20:28:29.661359+00,2026-08-24 20:28:29.661359+00
294,2019,10,212,European Swing Challenge,auto,Windsor,,United Kingdom,"Windsor, United Kingdom","Windsor, United Kingdom",2026-08-24 20:28:29.661359+00,2026-08-24 20:28:29.661359+00
65,2019,10,24,Halloween SwingThing,auto,Costa Mesa,California,United States,"Costa Mesa, CA, United States","Costa Mesa, CA",2026-08-24 20:28:29.661359+00,2026-08-24 20:28:29.661359+00
322,2019,10,132,Milan Modern Swing,auto,Milan,,Italy,"Milan, Italy","Milan, Italy",2026-08-24 20:28:29.661359+00,2026-08-24 20:28:29.661359+00
178,2019,10,86,Montreal Westie Fest,auto,Montreal,,Canada,"Montreal, Canada","Montreal, Canada",2026-08-24 20:28:29.661359+00,2026-08-24 20:28:29.661359+00
179,2019,10,168,New Zealand Open Swing Dance Championships,auto,Auckland,,New Zealand,"Auckland, New Zealand","Auckland, New Zealand",2026-08-24 20:28:29.661359+00,2026-08-24 20:28:29.661359+00
43,2019,10,19,Paradise Dance Festival,auto,Irvine,California,United States,"Irvine, CA, United States","Irvine, CA",2026-08-24 20:28:29.661359+00,2026-08-24 20:28:29.661359+00
125,2019,10,34,Swing City Chicago,auto,Chicago,Illinois,United States,"Chicago, IL, United States","Chicago, IL",2026-08-24 20:28:29.661359+00,2026-08-24 20:28:29.661359+00
267,2019,10,149,Swustlicious,auto,Philadelphia,Pennsylvania,United States,"Philadelphia, PA, United States","Philadelphia, PA",2026-08-24 20:28:29.661359+00,2026-08-24 20:28:29.661359+00
286,2019,10,127,WCS Festival,auto,Düsseldorf,,Germany,"Düsseldorf, Germany","Düsseldorf, Germany",2026-08-24 20:28:29.661359+00,2026-08-24 20:28:29.661359+00
300,2019,9,39,Austin Rocks,auto,Austin,Texas,United States,"Austin, TX, United States","Austin, TX",2026-08-24 20:28:29.661359+00,2026-08-24 20:28:29.661359+00
233,2019,9,129,Bavarian Open,auto,Munich,,Germany,"Munich, Germany","Munich, Germany",2026-08-24 20:28:29.661359+00,2026-08-24 20:28:29.661359+00
167,2019,9,117,Best of the Best WCS,auto,Sydney,,Australia,"Sydney, Australia","Sydney, Australia",2026-08-24 20:28:29.661359+00,2026-08-24 20:28:29.661359+00
10,2019,9,74,Bridgetown Swing Boogie,auto,Vancouver,Washington,United States,"Vancouver, WA, United States","Vancouver, WA",2026-08-24 20:28:29.661359+00,2026-08-24 20:28:29.661359+00
284,2019,9,257,Citadel Swing,auto,Timisoara,,Romania,"Timisoara, Romania","Timisoara, Romania",2026-08-24 20:28:29.661359+00,2026-08-24 20:28:29.661359+00
135,2019,9,3,Desert City Swing,auto,Phoenix,Arizona,United States,"Phoenix, AZ, United States","Phoenix, AZ",2026-08-24 20:28:29.661359+00,2026-08-24 20:28:29.661359+00
131,2019,9,49,Meet Me In St Louis,auto,St. Louis,Missouri,United States,"St. Louis, MO, United States","St. Louis, MO",2026-08-24 20:28:29.661359+00,2026-08-24 20:28:29.661359+00
165,2019,9,107,Midland Swing Open,auto,London,,United Kingdom,"London, United Kingdom","London, United Kingdom",2026-08-24 20:28:29.661359+00,2026-08-24 20:28:29.661359+00
232,2019,9,181,Norway Westie Fest,auto,Trondheim,,Norway,"Trondheim, Norway","Trondheim, Norway",2026-08-24 20:28:29.661359+00,2026-08-24 20:28:29.661359+00
234,2019,9,66,Philly Swing Classic,auto,Wilmington,Delaware,United States,"Wilmington, DE, United States","Wilmington, DE",2026-08-24 20:28:29.661359+00,2026-08-24 20:28:29.661359+00
177,2019,9,98,River City Swing,auto,Jacksonville,Florida,United States,"Jacksonville, FL, United States","Jacksonville, FL",2026-08-24 20:28:29.661359+00,2026-08-24 20:28:29.661359+00
313,2019,9,156,Rolling Swing,auto,Lyon,,France,"Lyon, France","Lyon, France",2026-08-24 20:28:29.661359+00,2026-08-24 20:28:29.661359+00
216,2019,9,216,The Brazilian Open,auto,Fortaleza,,Brazil,"Fortaleza, Brazil","Fortaleza, Brazil",2026-08-24 20:28:29.661359+00,2026-08-24 20:28:29.661359+00
231,2019,9,63,Trilogy Swing,auto,Raleigh,North Carolina,United States,"Raleigh, NC, United States","Raleigh, NC",2026-08-24 20:28:29.661359+00,2026-08-24 20:28:29.661359+00
77,2019,8,3,Arizona Dance Classic,auto,Phoenix,Arizona,United States,"Phoenix, AZ, United States","Phoenix, AZ",2026-08-24 20:28:29.661359+00,2026-08-24 20:28:29.661359+00
119,2019,8,34,Chicagoland Country and Swing Dance Festival,auto,Chicago,Illinois,United States,"Chicago, IL, United States","Chicago, IL",2026-08-24 20:28:29.661359+00,2026-08-24 20:28:29.661359+00
282,2019,8,143,German Open,auto,Freiburg,,Germany,"Freiburg, Germany","Freiburg, Germany",2026-08-24 20:28:29.661359+00,2026-08-24 20:28:29.661359+00
283,2019,8,263,Kazan EL Fest,auto,Kazan,,Russia,"Kazan, Russia","Kazan, Russia",2026-08-24 20:28:29.661359+00,2026-08-24 20:28:29.661359+00
120,2019,8,39,Lone Star Invitational,auto,Austin,Texas,United States,"Austin, TX, United States","Austin, TX",2026-08-24 20:28:29.661359+00,2026-08-24 20:28:29.661359+00
157,2019,8,70,New England Dance Festival,auto,Newton,Massachusetts,United States,"Newton (Boston), MA, United States","Newton (Boston), MA",2026-08-24 20:28:29.661359+00,2026-08-24 20:28:29.661359+00
51,2019,8,20,Palm Springs Summer Dance Classic,auto,Palm Springs,California,United States,"Palm Springs, CA, United States","Palm Springs, CA",2026-08-24 20:28:29.661359+00,2026-08-24 20:28:29.661359+00
263,2019,8,203,Riga Summer Swing,auto,Riga,,Latvia,"Riga, Latvia","Riga, Latvia",2026-08-24 20:28:29.661359+00,2026-08-24 20:28:29.661359+00
298,2019,8,260,Shakedown Swing,auto,Christchurch,,New Zealand,"Christchurch, New Zealand","Christchurch, New Zealand",2026-08-24 20:28:29.661359+00,2026-08-24 20:28:29.661359+00
53,2019,8,397,Summer Hummer,auto,Woburn,Massachusetts,United States,"Woburn (Boston), MA, United States","Woburn (Boston), MA",2026-08-24 20:28:29.661359+00,2026-08-24 20:28:29.661359+00
59,2019,8,38,Swing Fling,auto,Herndon,Virginia,United States,"Herndon, VA, United States","Herndon, VA",2026-08-24 20:28:29.661359+00,2026-08-24 20:28:29.661359+00
227,2019,8,2,Swingtacular: The Galactic Open,auto,San Francisco,California,United States,"San Francisco, CA, United States","San Francisco, CA",2026-08-24 20:28:29.661359+00,2026-08-24 20:28:29.661359+00
299,2019,8,125,Ukrainian Open,auto,Kiev,,Ukraine,"Kiev, Ukraine","Kiev, Ukraine",2026-08-24 20:28:29.661359+00,2026-08-24 20:28:29.661359+00
264,2019,8,199,UpTown Swing,auto,Stockholm,,Sweden,"Stockholm, Sweden","Stockholm, Sweden",2026-08-24 20:28:29.661359+00,2026-08-24 20:28:29.661359+00
1,2019,7,3,4TH of July Convention,auto,Phoenix,Arizona,United States,"Phoenix, AZ, United States","Phoenix, AZ",2026-08-24 20:28:29.661359+00,2026-08-24 20:28:29.661359+00
278,2019,7,252,Americano Dance Camp,auto,Samara,,Russia,"Samara, Russia","Samara, Russia",2026-08-24 20:28:29.661359+00,2026-08-24 20:28:29.661359+00
156,2019,7,140,Big Apple Dance Festival,auto,Morristown,New Jersey,United States,"Morristown, NJ, United States","Morristown, NJ",2026-08-24 20:28:29.661359+00,2026-08-24 20:28:29.661359+00
109,2019,7,29,Colorado Country Classic,auto,Denver,Colorado,United States,"Denver, CO, United States","Denver, CO",2026-08-24 20:28:29.661359+00,2026-08-24 20:28:29.661359+00
149,2019,7,55,Florida Dance Magic,auto,Fort Lauderdale,Florida,United States,"Fort Lauderdale, FL, United States","Fort Lauderdale, FL",2026-08-24 20:28:29.661359+00,2026-08-24 20:28:29.661359+00
224,2019,7,48,Midwest Westie Fest,auto,Overland Park,Kansas,United States,"Overland Park, KS, United States","Overland Park, KS",2026-08-24 20:28:29.661359+00,2026-08-24 20:28:29.661359+00
261,2019,7,191,Neverland Swing,auto,Amsterdam,,Netherlands,"Amsterdam, Netherlands","Amsterdam, Netherlands",2026-08-24 20:28:29.661359+00,2026-08-24 20:28:29.661359+00
303,2019,7,169,Odyssey West Coast Swing,auto,Gold Coast,,Australia,"Gold Coast, Australia","Gold Coast, Australia",2026-08-24 20:28:29.661359+00,2026-08-24 20:28:29.661359+00
44,2019,7,4,Portland Dance Festival,auto,Portland,Oregon,United States,"Portland, OR, United States","Portland, OR",2026-08-24 20:28:29.661359+00,2026-08-24 20:28:29.661359+00
256,2019,7,215,Rock the Barn,auto,Umeå,,Sweden,"Umeå, Sweden","Umeå, Sweden",2026-08-24 20:28:29.661359+00,2026-08-24 20:28:29.661359+00
280,2019,7,222,Saint Petersburg WCS Nights,manual,St. Petersburg,,Russia,"St. Petersburg, Russia","St. Petersburg, Russia",2026-08-24 20:28:29.661359+00,2026-08-24 20:28:29.661359+00
164,2019,7,158,Sea Sun and Swing,auto,La Grande Motte,,France,"La Grande Motte, France","La Grande Motte, France",2026-08-24 20:28:29.661359+00,2026-08-24 20:28:29.661359+00
47,2019,7,29,Swingtime in the Rockies,auto,Denver,Colorado,United States,"Denver, CO, United States","Denver, CO",2026-08-24 20:28:29.661359+00,2026-08-24 20:28:29.661359+00
147,2019,7,105,Toronto Open Swing & Hustle Championships,auto,Toronto,,Canada,"Toronto, Canada","Toronto, Canada",2026-08-24 20:28:29.661359+00,2026-08-24 20:28:29.661359+00
225,2019,7,21,Wild Wild Westie,auto,Dallas,Texas,United States,"Dallas, TX, United States","Dallas, TX",2026-08-24 20:28:29.661359+00,2026-08-24 20:28:29.661359+00
222,2019,6,186,Baltic Swing,auto,Gdańsk,,Poland,"Gdańsk, Poland","Gdańsk, Poland",2026-08-24 20:28:29.661359+00,2026-08-24 20:28:29.661359+00
220,2019,6,127,D-Town Swing,auto,Düsseldorf,,Germany,"Düsseldorf, Germany","Düsseldorf, Germany",2026-08-24 20:28:29.661359+00,2026-08-24 20:28:29.661359+00
207,2019,6,133,Dance N Play,auto,Bend,Oregon,United States,"Bend, OR, United States","Bend, OR",2026-08-24 20:28:29.661359+00,2026-08-24 20:28:29.661359+00
254,2019,6,204,Finnfest,auto,Helsinki,,Finland,"Helsinki, Finland","Helsinki, Finland",2026-08-24 20:28:29.661359+00,2026-08-24 20:28:29.661359+00
175,2019,6,109,French Open West Coast Swing,auto,Paris,,France,"Paris, France","Paris, France",2026-08-24 20:28:29.661359+00,2026-08-24 20:28:29.661359+00
255,2019,6,138,Indy Dance Explosion,auto,Fort Wayne,Indiana,United States,"Fort Wayne, IN, United States","Fort Wayne, IN",2026-08-24 20:28:29.661359+00,2026-08-24 20:28:29.661359+00
25,2019,6,23,J&J O'Rama,auto,Anaheim,California,United States,"Anaheim, CA, United States","Anaheim, CA",2026-08-24 20:28:29.661359+00,2026-08-24 20:28:29.661359+00
268,2019,6,213,Korea Westival,auto,Jeju,,Republic of Korea,"Jeju, Republic of Korea","Jeju, Republic of Korea",2026-08-24 20:28:29.661359+00,2026-08-24 20:28:29.661359+00
96,2019,6,41,Liberty Swing Dance Championships,auto,New Brunswick,New Jersey,United States,"New Brunswick, NJ, United States","New Brunswick, NJ",2026-08-24 20:28:29.661359+00,2026-08-24 20:28:29.661359+00
76,2019,6,51,Michigan Dance Classic,auto,Detroit,Michigan,United States,"Detroit, MI, United States","Detroit, MI",2026-08-24 20:28:29.661359+00,2026-08-24 20:28:29.661359+00
188,2019,6,117,NSW West Coast Swing Dance Championships,auto,Sydney,,Australia,"Sydney, Australia","Sydney, Australia",2026-08-24 20:28:29.661359+00,2026-08-24 20:28:29.661359+00
117,2019,6,82,Orange Blossom Dance Festival,auto,Orlando,Florida,United States,"Orlando, FL, United States","Orlando, FL",2026-08-24 20:28:29.661359+00,2026-08-24 20:28:29.661359+00
162,2019,6,40,Swingapalooza,auto,Baton Rouge,Louisiana,United States,"Baton Rouge, LA, United States","Baton Rouge, LA",2026-08-24 20:28:29.661359+00,2026-08-24 20:28:29.661359+00
105,2019,5,86,Canadian Swing Championships,auto,Montreal,,Canada,"Montreal, Canada","Montreal, Canada",2026-08-24 20:28:29.661359+00,2026-08-24 20:28:29.661359+00
20,2019,5,5,FreZno Dance Classic,auto,Fresno,California,United States,"Fresno, CA, United States","Fresno, CA",2026-08-24 20:28:29.661359+00,2026-08-24 20:28:29.661359+00
221,2019,5,49,Gateway Swing Classic,auto,St. Louis,Missouri,United States,"St. Louis, MO, United States","St. Louis, MO",2026-08-24 20:28:29.661359+00,2026-08-24 20:28:29.661359+00
206,2019,5,110,Hungarian Open,auto,Budapest,,Hungary,"Budapest, Hungary","Budapest, Hungary",2026-08-24 20:28:29.661359+00,2026-08-24 20:28:29.661359+00
219,2019,5,125,KIWI Fest,auto,Kiev,,Ukraine,"Kiev, Ukraine","Kiev, Ukraine",2026-08-24 20:28:29.661359+00,2026-08-24 20:28:29.661359+00
277,2019,5,226,Scotland Swing Classic,auto,Glasgow,,United Kingdom,"Glasgow, United Kingdom","Glasgow, United Kingdom",2026-08-24 20:28:29.661359+00,2026-08-24 20:28:29.661359+00
205,2019,5,88,SOswing,auto,Ashland,Oregon,United States,"Ashland, OR, United States","Ashland, OR",2026-08-24 20:28:29.661359+00,2026-08-24 20:28:29.661359+00
61,2019,5,10,SwingDiego,auto,San Diego,California,United States,"San Diego, CA, United States","San Diego, CA",2026-08-24 20:28:29.661359+00,2026-08-24 20:28:29.661359+00
144,2019,5,131,Swingin' Into Spring,auto,Hartford,Connecticut,United States,"Hartford, CT, United States","Hartford, CT",2026-08-24 20:28:29.661359+00,2026-08-24 20:28:29.661359+00
174,2019,5,169,Swingsation,auto,Gold Coast,,Australia,"Gold Coast, Australia","Gold Coast, Australia",2026-08-24 20:28:29.661359+00,2026-08-24 20:28:29.661359+00
121,2019,5,39,The Texas Classic,auto,Austin,Texas,United States,"Austin, TX, United States","Austin, TX",2026-08-24 20:28:29.661359+00,2026-08-24 20:28:29.661359+00
311,2019,5,147,TLV SwingFest,auto,Tel Aviv,,Israel,"Tel Aviv, Israel","Tel Aviv, Israel",2026-08-24 20:28:29.661359+00,2026-08-24 20:28:29.661359+00
22,2019,5,25,USA Grand Nationals,auto,Atlanta,Georgia,United States,"Atlanta, GA, United States","Atlanta, GA, United States",2026-08-24 20:28:29.661359+00,2026-08-24 20:28:29.661359+00
218,2019,4,159,Asia West Coast Swing Open,auto,Singapore,,Singapore,"Singapore, Singapore","Singapore, Singapore",2026-08-24 20:28:29.661359+00,2026-08-24 20:28:29.661359+00
187,2019,4,54,City of Angels WCS,auto,Burbank,California,United States,"Burbank, CA, United States","Burbank, CA",2026-08-24 20:28:29.661359+00,2026-08-24 20:28:29.661359+00
203,2019,4,166,Detonation Dance,auto,Manchester,,United Kingdom,"Manchester, United Kingdom","Manchester, United Kingdom",2026-08-24 20:28:29.661359+00,2026-08-24 20:28:29.661359+00
18,2019,4,30,Easter Swing,auto,Seattle,Washington,United States,"Seattle, WA, United States","Seattle, WA",2026-08-24 20:28:29.661359+00,2026-08-24 20:28:29.661359+00
306,2019,4,240,Go West SwingFest,auto,Fremantle,,Australia,"Fremantle, Australia","Fremantle, Australia",2026-08-24 20:28:29.661359+00,2026-08-24 20:28:29.661359+00
253,2019,4,199,Nordic WCS Championships,auto,Stockholm,,Sweden,"Stockholm, Sweden","Stockholm, Sweden",2026-08-24 20:28:29.661359+00,2026-08-24 20:28:29.661359+00
217,2019,4,10,San Diego Dance Festival,auto,San Diego,California,United States,"San Diego, CA, United States","San Diego, CA",2026-08-24 20:28:29.661359+00,2026-08-24 20:28:29.661359+00
134,2019,4,89,Swing Dance America,auto,Lake Geneva,Illinois,United States,"Lake Geneva, IL, United States","Lake Geneva, IL",2026-08-24 20:28:29.661359+00,2026-08-24 20:28:29.661359+00
304,2019,4,171,Swing In Capital,auto,Rome,,Italy,"Rome, Italy","Rome, Italy",2026-08-24 20:28:29.661359+00,2026-08-24 20:28:29.661359+00
132,2019,4,58,Tulsa Spring Swing,auto,Tulsa,Oklahoma,United States,"Tulsa, OK, United States","Tulsa, OK",2026-08-24 20:28:29.661359+00,2026-08-24 20:28:29.661359+00
154,2019,4,107,UK WCS Championships,auto,London,,United Kingdom,"London, United Kingdom","London, United Kingdom",2026-08-24 20:28:29.661359+00,2026-08-24 20:28:29.661359+00
293,2019,4,190,Westy Nantes,auto,Nantes,,France,"Nantes, France","Nantes, France",2026-08-24 20:28:29.661359+00,2026-08-24 20:28:29.661359+00
197,2019,3,29,5280 Westival,auto,Denver,Colorado,United States,"Denver, CO, United States","Denver, CO",2026-08-24 20:28:29.661359+00,2026-08-24 20:28:29.661359+00
276,2019,3,221,Anchor Festival,auto,Hamburg,,Germany,"Hamburg, Germany","Hamburg, Germany",2026-08-24 20:28:29.661359+00,2026-08-24 20:28:29.661359+00
9,2019,3,8,Boston Tea Party,auto,Boston,Massachusetts,United States,"Boston, MA, United States","Boston, MA",2026-08-24 20:28:29.661359+00,2026-08-24 20:28:29.661359+00
275,2019,3,227,Dutch Open West Coast Swing,auto,Venray,,Netherlands,"Venray, Netherlands","Venray, Netherlands",2026-08-24 20:28:29.661359+00,2026-08-24 20:28:29.661359+00
143,2019,3,18,High Desert Dance Classic,auto,Lancaster,California,United States,"Lancaster, CA, United States","Lancaster, CA",2026-08-24 20:28:29.661359+00,2026-08-24 20:28:29.661359+00
292,2019,3,267,King Swing,auto,Kraków,,Poland,"Kraków, Poland","Kraków, Poland",2026-08-24 20:28:29.661359+00,2026-08-24 20:28:29.661359+00
92,2019,3,13,MADjam,auto,Washington,District of Columbia,United States,"Washington, DC, United States","Washington, DC",2026-08-24 20:28:29.661359+00,2026-08-24 20:28:29.661359+00
153,2019,3,44,Novice Invitational,auto,Houston,Texas,United States,"Houston, TX, United States","Houston, TX",2026-08-24 20:28:29.661359+00,2026-08-24 20:28:29.661359+00
170,2019,3,113,Russian Open WCS Championships,auto,Moscow,,Russia,"Moscow, Russia","Moscow, Russia",2026-08-24 20:28:29.661359+00,2026-08-24 20:28:29.661359+00
246,2019,3,209,Swing Escape,auto,Hunter Valley,,Australia,"Hunter Valley, Australia","Hunter Valley, Australia",2026-08-24 20:28:29.661359+00,2026-08-24 20:28:29.661359+00
259,2019,3,82,Swingover,auto,Orlando,Florida,United States,"Orlando, FL, United States","Orlando, FL",2026-08-24 20:28:29.661359+00,2026-08-24 20:28:29.661359+00
142,2019,3,34,The Chicago Classic,auto,Chicago,Illinois,United States,"Chicago, IL, United States","Chicago, IL",2026-08-24 20:28:29.661359+00,2026-08-24 20:28:29.661359+00
186,2019,3,156,West in Lyon,auto,Lyon,,France,"Lyon, France","Lyon, France",2026-08-24 20:28:29.661359+00,2026-08-24 20:28:29.661359+00
314,2019,3,110,Westie Spring Thing,auto,Budapest,,Hungary,"Budapest, Hungary","Budapest, Hungary",2026-08-24 20:28:29.661359+00,2026-08-24 20:28:29.661359+00
12,2019,2,6,Capital Swing Dance Convention,auto,Sacramento,California,United States,"Sacramento, CA, United States","Sacramento, CA",2026-08-24 20:28:29.661359+00,2026-08-24 20:28:29.661359+00
273,2019,2,62,Charlotte Westie Fest,auto,Charlotte,North Carolina,United States,"Charlotte, NC, United States","Charlotte, NC",2026-08-24 20:28:29.661359+00,2026-08-24 20:28:29.661359+00
169,2019,2,114,Dance Camp Chicago,auto,Elmhurst,Illinois,United States,"Elmhurst, IL, United States","Elmhurst, IL",2026-08-24 20:28:29.661359+00,2026-08-24 20:28:29.661359+00
272,2019,2,109,Paris Westie Fest,auto,Paris,,France,"Paris, France","Paris, France",2026-08-24 20:28:29.661359+00,2026-08-24 20:28:29.661359+00
244,2019,2,4,Rose City Swing,auto,Portland,Oregon,United States,"Portland, OR, United States","Portland, OR",2026-08-24 20:28:29.661359+00,2026-08-24 20:28:29.661359+00
215,2019,2,222,Swing & Snow,auto,St. Petersburg,,Russia,"St. Petersburg, Russia","St. Petersburg, Russia",2026-08-24 20:28:29.661359+00,2026-08-24 20:28:29.661359+00
258,2019,2,173,Swingtzerland,auto,Zürich,,Switzerland,"Zürich, Switzerland","Zürich, Switzerland",2026-08-24 20:28:29.661359+00,2026-08-24 20:28:29.661359+00
310,2019,2,199,Valentine Swing,auto,Stockholm,,Sweden,"Stockholm, Sweden","Stockholm, Sweden",2026-08-24 20:28:29.661359+00,2026-08-24 20:28:29.661359+00
302,2019,2,253,WesterOz Swing,auto,Perth,,Australia,"Perth, Australia","Perth, Australia",2026-08-24 20:28:29.661359+00,2026-08-24 20:28:29.661359+00
297,2019,2,269,Winter Coast Swing,auto,Kuopio,,Finland,"Kuopio, Finland","Kuopio, Finland",2026-08-24 20:28:29.661359+00,2026-08-24 20:28:29.661359+00
200,2019,1,39,Austin Swing Dance Championships,auto,Austin,Texas,United States,"Austin, TX, United States","Austin, TX",2026-08-24 20:28:29.661359+00,2026-08-24 20:28:29.661359+00
184,2019,1,110,BudaFest Open WCS Championships,auto,Budapest,,Hungary,"Budapest, Hungary","Budapest, Hungary",2026-08-24 20:28:29.661359+00,2026-08-24 20:28:29.661359+00
334,2019,1,8,Countdown Swing Boston,manual,Boston,Massachusetts,United States,"Boston, MA, United States","Boston, MA",2026-08-24 20:28:29.661359+00,2026-08-24 20:28:29.661359+00
242,2019,1,116,Derby City Swing,auto,Louisville,Kentucky,United States,"Louisville, KY, United States","Louisville, KY",2026-08-24 20:28:29.661359+00,2026-08-24 20:28:29.661359+00
42,2019,1,82,Floorplay Swing Vacation,auto,Orlando,Florida,United States,"Orlando, FL, United States","Orlando, FL",2026-08-24 20:28:29.661359+00,2026-08-24 20:28:29.661359+00
183,2019,1,66,Freedom Swing Dance Challenge,auto,Wilmington,Delaware,United States,"Wilmington, DE, United States","Wilmington, DE",2026-08-24 20:28:29.661359+00,2026-08-24 20:28:29.661359+00
62,2019,1,1,Monterey SwingFest,auto,Monterey,California,United States,"Monterey, CA, United States","Monterey, CA",2026-08-24 20:28:29.661359+00,2026-08-24 20:28:29.661359+00
291,2019,1,129,Municorn Swing,auto,Munich,,Germany,"Munich, Germany","Munich, Germany",2026-08-24 20:28:29.661359+00,2026-08-24 20:28:29.661359+00
214,2019,1,107,New Year's Swing Fling,auto,London,,United Kingdom,"London, United Kingdom","London, United Kingdom",2026-08-24 20:28:29.661359+00,2026-08-24 20:28:29.661359+00
195,2019,1,20,Palm Springs New Years Swing Dance Classic,auto,Palm Springs,California,United States,"Palm Springs, CA, United States","Palm Springs, CA",2026-08-24 20:28:29.661359+00,2026-08-24 20:28:29.661359+00
290,2019,1,113,Shooba Dooba Swing,auto,Moscow,,Russia,"Moscow, Russia","Moscow, Russia",2026-08-24 20:28:29.661359+00,2026-08-24 20:28:29.661359+00
141,2019,1,43,Spotlight New Year's Celebration,auto,Nashville,Tennessee,United States,"Nashville, TN, United States","Nashville, TN",2026-08-24 20:28:29.661359+00,2026-08-24 20:28:29.661359+00
301,2019,1,177,Swing Resolution,auto,Edinburgh,,United Kingdom,"Edinburgh, United Kingdom","Edinburgh, United Kingdom",2026-08-24 20:28:29.661359+00,2026-08-24 20:28:29.661359+00
196,2019,1,4,SwingCouver,auto,Portland,Oregon,United States,"Portland, OR, United States","Portland, OR",2026-08-24 20:28:29.661359+00,2026-08-24 20:28:29.661359+00
289,2019,1,197,SwingVester,auto,Wels,,Austria,"Wels, Austria","Wels, Austria",2026-08-24 20:28:29.661359+00,2026-08-24 20:28:29.661359+00
75,2019,1,21,UCWDC Country Dance World Championship,auto,Dallas,Texas,United States,"Dallas, TX, United States","Dallas, TX",2026-08-24 20:28:29.661359+00,2026-08-24 20:28:29.661359+00
271,2018,12,194,Berlin Swing Revolution,auto,Berlin,,Germany,"Berlin, Germany","Berlin, Germany",2026-08-24 20:28:29.661359+00,2026-08-24 20:28:29.661359+00
213,2018,12,169,Swingtimate,auto,Gold Coast,,Australia,"Gold Coast, Australia","Gold Coast, Australia",2026-08-24 20:28:29.661359+00,2026-08-24 20:28:29.661359+00
212,2018,12,73,The After Party (TAP),auto,Orange County,California,United States,"Orange County, CA, United States","Orange County, CA",2026-08-24 20:28:29.661359+00,2026-08-24 20:28:29.661359+00
265,2018,12,139,Upstate Dance Challenge,auto,Albany,New York,United States,"Albany, NY, United States","Albany, NY",2026-08-24 20:28:29.661359+00,2026-08-24 20:28:29.661359+00
238,2018,12,223,Winter White,auto,Oslo,,Norway,"Oslo, Norway","Oslo, Norway",2026-08-24 20:28:29.661359+00,2026-08-24 20:28:29.661359+00
269,2018,11,110,Autumn Swing Challenge,auto,Budapest,,Hungary,"Budapest, Hungary","Budapest, Hungary",2026-08-24 20:28:29.661359+00,2026-08-24 20:28:29.661359+00
87,2018,11,96,CASH Bash,auto,Cleveland,Ohio,United States,"Cleveland, OH, United States","Cleveland, OH",2026-08-24 20:28:29.661359+00,2026-08-24 20:28:29.661359+00
181,2018,11,38,DC Swing eXperience (DCSX),auto,Herndon,Virginia,United States,"Herndon, VA, United States","Herndon, VA",2026-08-24 20:28:29.661359+00,2026-08-24 20:28:29.661359+00
287,2018,11,53,Florida Westie Fest,auto,Tampa,Florida,United States,"Tampa, FL, United States","Tampa, FL",2026-08-24 20:28:29.661359+00,2026-08-24 20:28:29.661359+00
166,2018,11,212,London SwingVitational,auto,Windsor,,United Kingdom,"Windsor, United Kingdom","Windsor, United Kingdom",2026-08-24 20:28:29.661359+00,2026-08-24 20:28:29.661359+00
288,2018,11,21,Midnight Madness,auto,Dallas,Texas,United States,"Dallas, TX, United States","Dallas, TX",2026-08-24 20:28:29.661359+00,2026-08-24 20:28:29.661359+00
194,2018,11,113,Moscow Westie Fest,auto,Moscow,,Russia,"Moscow, Russia","Moscow, Russia",2026-08-24 20:28:29.661359+00,2026-08-24 20:28:29.661359+00
31,2018,11,28,Mountain Magic,auto,South Lake Tahoe (near Reno),Nevada,United States,"South Lake Tahoe (near Reno), NV, United States","South Lake Tahoe (near Reno), NV",2026-08-24 20:28:29.661359+00,2026-08-24 20:28:29.661359+00
229,2018,11,199,Scandinavian Open,auto,Stockholm,,Sweden,"Stockholm, Sweden","Stockholm, Sweden",2026-08-24 20:28:29.661359+00,2026-08-24 20:28:29.661359+00
79,2018,11,30,Sea to Sky,auto,Seattle,Washington,United States,"Seattle, WA, United States","Seattle, WA",2026-08-24 20:28:29.661359+00,2026-08-24 20:28:29.661359+00
63,2018,11,70,Swingin' New England Dance Festival,auto,Newton,Massachusetts,United States,"Newton (Boston), MA, United States","Newton (Boston), MA",2026-08-24 20:28:29.661359+00,2026-08-24 20:28:29.661359+00
68,2018,11,22,US Open Swing Dance Championships,auto,Los Angeles,California,United States,"Los Angeles, CA, United States","Los Angeles, CA",2026-08-24 20:28:29.661359+00,2026-08-24 20:28:29.661359+00
236,2018,11,155,Warsaw Halloween Swing,auto,Warsaw,,Poland,"Warsaw, Poland","Warsaw, Poland",2026-08-24 20:28:29.661359+00,2026-08-24 20:28:29.661359+00
312,2018,11,208,Westie Pink City,auto,Toulouse,,France,"Toulouse, France","Toulouse, France",2026-08-24 20:28:29.661359+00,2026-08-24 20:28:29.661359+00
270,2018,11,156,Westie's Angels,auto,Lyon,,France,"Lyon, France","Lyon, France",2026-08-24 20:28:29.661359+00,2026-08-24 20:28:29.661359+00
211,2018,10,25,Atlanta Swing Classic,auto,Atlanta,Georgia,United States,"Atlanta, GA, United States","Atlanta, GA, United States",2026-08-24 20:28:29.661359+00,2026-08-24 20:28:29.661359+00
8,2018,10,2,Boogie By The Bay,auto,San Francisco,California,United States,"San Francisco, CA, United States","San Francisco, CA",2026-08-24 20:28:29.661359+00,2026-08-24 20:28:29.661359+00
294,2018,10,212,European Swing Challenge,auto,Windsor,,United Kingdom,"Windsor, United Kingdom","Windsor, United Kingdom",2026-08-24 20:28:29.661359+00,2026-08-24 20:28:29.661359+00
65,2018,10,24,Halloween SwingThing,auto,Costa Mesa,California,United States,"Costa Mesa, CA, United States","Costa Mesa, CA",2026-08-24 20:28:29.661359+00,2026-08-24 20:28:29.661359+00
178,2018,10,86,Montreal Westie Fest,auto,Montreal,,Canada,"Montreal, Canada","Montreal, Canada",2026-08-24 20:28:29.661359+00,2026-08-24 20:28:29.661359+00
285,2018,10,238,Old Town Swing,auto,Tallinn,,Estonia,"Tallinn, Estonia","Tallinn, Estonia",2026-08-24 20:28:29.661359+00,2026-08-24 20:28:29.661359+00
43,2018,10,19,Paradise Dance Festival,auto,Irvine,California,United States,"Irvine, CA, United States","Irvine, CA",2026-08-24 20:28:29.661359+00,2026-08-24 20:28:29.661359+00
125,2018,10,34,Swing City Chicago,auto,Chicago,Illinois,United States,"Chicago, IL, United States","Chicago, IL",2026-08-24 20:28:29.661359+00,2026-08-24 20:28:29.661359+00
267,2018,10,149,Swustlicious,auto,Philadelphia,Pennsylvania,United States,"Philadelphia, PA, United States","Philadelphia, PA",2026-08-24 20:28:29.661359+00,2026-08-24 20:28:29.661359+00
286,2018,10,127,WCS Festival,auto,Düsseldorf,,Germany,"Düsseldorf, Germany","Düsseldorf, Germany",2026-08-24 20:28:29.661359+00,2026-08-24 20:28:29.661359+00
300,2018,9,39,Austin Rocks,auto,Austin,Texas,United States,"Austin, TX, United States","Austin, TX",2026-08-24 20:28:29.661359+00,2026-08-24 20:28:29.661359+00
233,2018,9,129,Bavarian Open,auto,Munich,,Germany,"Munich, Germany","Munich, Germany",2026-08-24 20:28:29.661359+00,2026-08-24 20:28:29.661359+00
167,2018,9,117,Best of the Best WCS,auto,Sydney,,Australia,"Sydney, Australia","Sydney, Australia",2026-08-24 20:28:29.661359+00,2026-08-24 20:28:29.661359+00
10,2018,9,74,Bridgetown Swing Boogie,auto,Vancouver,Washington,United States,"Vancouver, WA, United States","Vancouver, WA",2026-08-24 20:28:29.661359+00,2026-08-24 20:28:29.661359+00
284,2018,9,257,Citadel Swing,auto,Timisoara,,Romania,"Timisoara, Romania","Timisoara, Romania",2026-08-24 20:28:29.661359+00,2026-08-24 20:28:29.661359+00
15,2018,9,21,Dallas D.A.N.C.E.,auto,Dallas,Texas,United States,"Dallas, TX, United States","Dallas, TX",2026-08-24 20:28:29.661359+00,2026-08-24 20:28:29.661359+00
135,2018,9,3,Desert City Swing,auto,Phoenix,Arizona,United States,"Phoenix, AZ, United States","Phoenix, AZ",2026-08-24 20:28:29.661359+00,2026-08-24 20:28:29.661359+00
296,2018,9,220,Fall Fall in Swing,auto,Seoul,,Republic of Korea,"Seoul, Republic of Korea","Seoul, Republic of Korea",2026-08-24 20:28:29.661359+00,2026-08-24 20:28:29.661359+00
131,2018,9,49,Meet Me In St Louis,auto,St. Louis,Missouri,United States,"St. Louis, MO, United States","St. Louis, MO",2026-08-24 20:28:29.661359+00,2026-08-24 20:28:29.661359+00
165,2018,9,107,Midland Swing Open,auto,London,,United Kingdom,"London, United Kingdom","London, United Kingdom",2026-08-24 20:28:29.661359+00,2026-08-24 20:28:29.661359+00
232,2018,9,181,Norway Westie Fest,auto,Trondheim,,Norway,"Trondheim, Norway","Trondheim, Norway",2026-08-24 20:28:29.661359+00,2026-08-24 20:28:29.661359+00
234,2018,9,66,Philly Swing Classic,auto,Wilmington,Delaware,United States,"Wilmington, DE, United States","Wilmington, DE",2026-08-24 20:28:29.661359+00,2026-08-24 20:28:29.661359+00
177,2018,9,98,River City Swing,auto,Jacksonville,Florida,United States,"Jacksonville, FL, United States","Jacksonville, FL",2026-08-24 20:28:29.661359+00,2026-08-24 20:28:29.661359+00
266,2018,9,29,Rocky Mountain 5 Dance,auto,Denver,Colorado,United States,"Denver, CO, United States","Denver, CO",2026-08-24 20:28:29.661359+00,2026-08-24 20:28:29.661359+00
48,2018,9,16,South Bay Dance Fling,auto,San Jose,California,United States,"San Jose, CA, United States","San Jose, CA",2026-08-24 20:28:29.661359+00,2026-08-24 20:28:29.661359+00
216,2018,9,216,The Brazilian Open,auto,Fortaleza,,Brazil,"Fortaleza, Brazil","Fortaleza, Brazil",2026-08-24 20:28:29.661359+00,2026-08-24 20:28:29.661359+00
231,2018,9,63,Trilogy Swing,auto,Raleigh,North Carolina,United States,"Raleigh, NC, United States","Raleigh, NC",2026-08-24 20:28:29.661359+00,2026-08-24 20:28:29.661359+00
299,2018,9,125,Ukrainian Open,auto,Kiev,,Ukraine,"Kiev, Ukraine","Kiev, Ukraine",2026-08-24 20:28:29.661359+00,2026-08-24 20:28:29.661359+00
77,2018,8,3,Arizona Dance Classic,auto,Phoenix,Arizona,United States,"Phoenix, AZ, United States","Phoenix, AZ",2026-08-24 20:28:29.661359+00,2026-08-24 20:28:29.661359+00
119,2018,8,34,Chicagoland Country and Swing Dance Festival,auto,Chicago,Illinois,United States,"Chicago, IL, United States","Chicago, IL",2026-08-24 20:28:29.661359+00,2026-08-24 20:28:29.661359+00
282,2018,8,143,German Open,auto,Freiburg,,Germany,"Freiburg, Germany","Freiburg, Germany",2026-08-24 20:28:29.661359+00,2026-08-24 20:28:29.661359+00
120,2018,8,39,Lone Star Invitational,auto,Austin,Texas,United States,"Austin, TX, United States","Austin, TX",2026-08-24 20:28:29.661359+00,2026-08-24 20:28:29.661359+00
224,2018,8,48,Midwest Westie Fest,auto,Overland Park,Kansas,United States,"Overland Park, KS, United States","Overland Park, KS",2026-08-24 20:28:29.661359+00,2026-08-24 20:28:29.661359+00
157,2018,8,70,New England Dance Festival,auto,Newton,Massachusetts,United States,"Newton (Boston), MA, United States","Newton (Boston), MA",2026-08-24 20:28:29.661359+00,2026-08-24 20:28:29.661359+00
51,2018,8,20,Palm Springs Summer Dance Classic,auto,Palm Springs,California,United States,"Palm Springs, CA, United States","Palm Springs, CA",2026-08-24 20:28:29.661359+00,2026-08-24 20:28:29.661359+00
263,2018,8,203,Riga Summer Swing,auto,Riga,,Latvia,"Riga, Latvia","Riga, Latvia",2026-08-24 20:28:29.661359+00,2026-08-24 20:28:29.661359+00
298,2018,8,260,Shakedown Swing,auto,Christchurch,,New Zealand,"Christchurch, New Zealand","Christchurch, New Zealand",2026-08-24 20:28:29.661359+00,2026-08-24 20:28:29.661359+00
53,2018,8,397,Summer Hummer,auto,Woburn,Massachusetts,United States,"Woburn (Boston), MA, United States","Woburn (Boston), MA",2026-08-24 20:28:29.661359+00,2026-08-24 20:28:29.661359+00
59,2018,8,38,Swing Fling,auto,Herndon,Virginia,United States,"Herndon, VA, United States","Herndon, VA",2026-08-24 20:28:29.661359+00,2026-08-24 20:28:29.661359+00
227,2018,8,2,Swingtacular: The Galactic Open,auto,San Francisco,California,United States,"San Francisco, CA, United States","San Francisco, CA",2026-08-24 20:28:29.661359+00,2026-08-24 20:28:29.661359+00
137,2018,8,53,Tampa Bay Classic,auto,Tampa,Florida,United States,"Tampa, FL, United States","Tampa, FL",2026-08-24 20:28:29.661359+00,2026-08-24 20:28:29.661359+00
264,2018,8,199,UpTown Swing,auto,Stockholm,,Sweden,"Stockholm, Sweden","Stockholm, Sweden",2026-08-24 20:28:29.661359+00,2026-08-24 20:28:29.661359+00
1,2018,7,3,4TH of July Convention,auto,Phoenix,Arizona,United States,"Phoenix, AZ, United States","Phoenix, AZ",2026-08-24 20:28:29.661359+00,2026-08-24 20:28:29.661359+00
278,2018,7,252,Americano Dance Camp,auto,Samara,,Russia,"Samara, Russia","Samara, Russia",2026-08-24 20:28:29.661359+00,2026-08-24 20:28:29.661359+00
156,2018,7,140,Big Apple Dance Festival,auto,Morristown,New Jersey,United States,"Morristown, NJ, United States","Morristown, NJ",2026-08-24 20:28:29.661359+00,2026-08-24 20:28:29.661359+00
148,2018,7,57,Dance Mardi Gras,auto,New Orleans,Louisiana,United States,"New Orleans, LA, United States","New Orleans, LA",2026-08-24 20:28:29.661359+00,2026-08-24 20:28:29.661359+00
149,2018,7,55,Florida Dance Magic,auto,Fort Lauderdale,Florida,United States,"Fort Lauderdale, FL, United States","Fort Lauderdale, FL",2026-08-24 20:28:29.661359+00,2026-08-24 20:28:29.661359+00
226,2018,7,55,Ft. Lauderdale Swing & Shag Beach Bash,auto,Fort Lauderdale,Florida,United States,"Fort Lauderdale, FL, United States","Fort Lauderdale, FL",2026-08-24 20:28:29.661359+00,2026-08-24 20:28:29.661359+00
255,2018,7,138,Indy Dance Explosion,auto,Fort Wayne,Indiana,United States,"Fort Wayne, IN, United States","Fort Wayne, IN",2026-08-24 20:28:29.661359+00,2026-08-24 20:28:29.661359+00
96,2018,7,41,Liberty Swing Dance Championships,auto,New Brunswick,New Jersey,United States,"New Brunswick, NJ, United States","New Brunswick, NJ",2026-08-24 20:28:29.661359+00,2026-08-24 20:28:29.661359+00
261,2018,7,191,Neverland Swing,auto,Amsterdam,,Netherlands,"Amsterdam, Netherlands","Amsterdam, Netherlands",2026-08-24 20:28:29.661359+00,2026-08-24 20:28:29.661359+00
303,2018,7,169,Odyssey West Coast Swing,auto,Gold Coast,,Australia,"Gold Coast, Australia","Gold Coast, Australia",2026-08-24 20:28:29.661359+00,2026-08-24 20:28:29.661359+00
44,2018,7,4,Portland Dance Festival,auto,Portland,Oregon,United States,"Portland, OR, United States","Portland, OR",2026-08-24 20:28:29.661359+00,2026-08-24 20:28:29.661359+00
256,2018,7,215,Rock the Barn,auto,Umeå,,Sweden,"Umeå, Sweden","Umeå, Sweden",2026-08-24 20:28:29.661359+00,2026-08-24 20:28:29.661359+00
280,2018,7,222,Saint Petersburg WCS Nights,manual,St. Petersburg,,Russia,"St. Petersburg, Russia","St. Petersburg, Russia",2026-08-24 20:28:29.661359+00,2026-08-24 20:28:29.661359+00
262,2018,7,147,Swing It Like It's Hot,auto,Tel Aviv,,Israel,"Tel Aviv, Israel","Tel Aviv, Israel",2026-08-24 20:28:29.661359+00,2026-08-24 20:28:29.661359+00
47,2018,7,29,Swingtime in the Rockies,auto,Denver,Colorado,United States,"Denver, CO, United States","Denver, CO",2026-08-24 20:28:29.661359+00,2026-08-24 20:28:29.661359+00
147,2018,7,105,Toronto Open Swing & Hustle Championships,auto,Toronto,,Canada,"Toronto, Canada","Toronto, Canada",2026-08-24 20:28:29.661359+00,2026-08-24 20:28:29.661359+00
225,2018,7,21,Wild Wild Westie,auto,Dallas,Texas,United States,"Dallas, TX, United States","Dallas, TX",2026-08-24 20:28:29.661359+00,2026-08-24 20:28:29.661359+00
222,2018,6,186,Baltic Swing,auto,Gdańsk,,Poland,"Gdańsk, Poland","Gdańsk, Poland",2026-08-24 20:28:29.661359+00,2026-08-24 20:28:29.661359+00
220,2018,6,127,D-Town Swing,auto,Düsseldorf,,Germany,"Düsseldorf, Germany","Düsseldorf, Germany",2026-08-24 20:28:29.661359+00,2026-08-24 20:28:29.661359+00
207,2018,6,133,Dance N Play,auto,Bend,Oregon,United States,"Bend, OR, United States","Bend, OR",2026-08-24 20:28:29.661359+00,2026-08-24 20:28:29.661359+00
254,2018,6,204,Finnfest,auto,Helsinki,,Finland,"Helsinki, Finland","Helsinki, Finland",2026-08-24 20:28:29.661359+00,2026-08-24 20:28:29.661359+00
25,2018,6,23,J&J O'Rama,auto,Anaheim,California,United States,"Anaheim, CA, United States","Anaheim, CA",2026-08-24 20:28:29.661359+00,2026-08-24 20:28:29.661359+00
268,2018,6,213,Korea Westival,auto,Jeju,,Republic of Korea,"Jeju, Republic of Korea","Jeju, Republic of Korea",2026-08-24 20:28:29.661359+00,2026-08-24 20:28:29.661359+00
76,2018,6,51,Michigan Dance Classic,auto,Detroit,Michigan,United States,"Detroit, MI, United States","Detroit, MI",2026-08-24 20:28:29.661359+00,2026-08-24 20:28:29.661359+00
179,2018,6,168,New Zealand Open Swing Dance Championships,auto,Auckland,,New Zealand,"Auckland, New Zealand","Auckland, New Zealand",2026-08-24 20:28:29.661359+00,2026-08-24 20:28:29.661359+00
188,2018,6,117,NSW West Coast Swing Dance Championships,auto,Sydney,,Australia,"Sydney, Australia","Sydney, Australia",2026-08-24 20:28:29.661359+00,2026-08-24 20:28:29.661359+00
117,2018,6,82,Orange Blossom Dance Festival,auto,Orlando,Florida,United States,"Orlando, FL, United States","Orlando, FL",2026-08-24 20:28:29.661359+00,2026-08-24 20:28:29.661359+00
162,2018,6,40,Swingapalooza,auto,Baton Rouge,Louisiana,United States,"Baton Rouge, LA, United States","Baton Rouge, LA",2026-08-24 20:28:29.661359+00,2026-08-24 20:28:29.661359+00
105,2018,5,86,Canadian Swing Championships,auto,Montreal,,Canada,"Montreal, Canada","Montreal, Canada",2026-08-24 20:28:29.661359+00,2026-08-24 20:28:29.661359+00
175,2018,5,109,French Open West Coast Swing,auto,Paris,,France,"Paris, France","Paris, France",2026-08-24 20:28:29.661359+00,2026-08-24 20:28:29.661359+00
20,2018,5,5,FreZno Dance Classic,auto,Fresno,California,United States,"Fresno, CA, United States","Fresno, CA",2026-08-24 20:28:29.661359+00,2026-08-24 20:28:29.661359+00
221,2018,5,49,Gateway Swing Classic,auto,St. Louis,Missouri,United States,"St. Louis, MO, United States","St. Louis, MO",2026-08-24 20:28:29.661359+00,2026-08-24 20:28:29.661359+00
206,2018,5,110,Hungarian Open,auto,Budapest,,Hungary,"Budapest, Hungary","Budapest, Hungary",2026-08-24 20:28:29.661359+00,2026-08-24 20:28:29.661359+00
219,2018,5,125,KIWI Fest,auto,Kiev,,Ukraine,"Kiev, Ukraine","Kiev, Ukraine",2026-08-24 20:28:29.661359+00,2026-08-24 20:28:29.661359+00
277,2018,5,226,Scotland Swing Classic,auto,Glasgow,,United Kingdom,"Glasgow, United Kingdom","Glasgow, United Kingdom",2026-08-24 20:28:29.661359+00,2026-08-24 20:28:29.661359+00
61,2018,5,10,SwingDiego,auto,San Diego,California,United States,"San Diego, CA, United States","San Diego, CA",2026-08-24 20:28:29.661359+00,2026-08-24 20:28:29.661359+00
144,2018,5,131,Swingin' Into Spring,auto,Hartford,Connecticut,United States,"Hartford, CT, United States","Hartford, CT",2026-08-24 20:28:29.661359+00,2026-08-24 20:28:29.661359+00
174,2018,5,169,Swingsation,auto,Gold Coast,,Australia,"Gold Coast, Australia","Gold Coast, Australia",2026-08-24 20:28:29.661359+00,2026-08-24 20:28:29.661359+00
121,2018,5,39,The Texas Classic,auto,Austin,Texas,United States,"Austin, TX, United States","Austin, TX",2026-08-24 20:28:29.661359+00,2026-08-24 20:28:29.661359+00
22,2018,5,25,USA Grand Nationals,auto,Atlanta,Georgia,United States,"Atlanta, GA, United States","Atlanta, GA, United States",2026-08-24 20:28:29.661359+00,2026-08-24 20:28:29.661359+00
276,2018,4,221,Anchor Festival,auto,Hamburg,,Germany,"Hamburg, Germany","Hamburg, Germany",2026-08-24 20:28:29.661359+00,2026-08-24 20:28:29.661359+00
218,2018,4,159,Asia West Coast Swing Open,auto,Singapore,,Singapore,"Singapore, Singapore","Singapore, Singapore",2026-08-24 20:28:29.661359+00,2026-08-24 20:28:29.661359+00
187,2018,4,54,City of Angels WCS,auto,Burbank,California,United States,"Burbank, CA, United States","Burbank, CA",2026-08-24 20:28:29.661359+00,2026-08-24 20:28:29.661359+00
203,2018,4,166,Detonation Dance,auto,Manchester,,United Kingdom,"Manchester, United Kingdom","Manchester, United Kingdom",2026-08-24 20:28:29.661359+00,2026-08-24 20:28:29.661359+00
18,2018,4,30,Easter Swing,auto,Seattle,Washington,United States,"Seattle, WA, United States","Seattle, WA",2026-08-24 20:28:29.661359+00,2026-08-24 20:28:29.661359+00
253,2018,4,199,Nordic WCS Championships,auto,Stockholm,,Sweden,"Stockholm, Sweden","Stockholm, Sweden",2026-08-24 20:28:29.661359+00,2026-08-24 20:28:29.661359+00
217,2018,4,10,San Diego Dance Festival,auto,San Diego,California,United States,"San Diego, CA, United States","San Diego, CA",2026-08-24 20:28:29.661359+00,2026-08-24 20:28:29.661359+00
205,2018,4,88,SOswing,auto,Ashland,Oregon,United States,"Ashland, OR, United States","Ashland, OR",2026-08-24 20:28:29.661359+00,2026-08-24 20:28:29.661359+00
134,2018,4,89,Swing Dance America,auto,Lake Geneva,Illinois,United States,"Lake Geneva, IL, United States","Lake Geneva, IL",2026-08-24 20:28:29.661359+00,2026-08-24 20:28:29.661359+00
154,2018,4,107,UK WCS Championships,auto,London,,United Kingdom,"London, United Kingdom","London, United Kingdom",2026-08-24 20:28:29.661359+00,2026-08-24 20:28:29.661359+00
293,2018,4,190,Westy Nantes,auto,Nantes,,France,"Nantes, France","Nantes, France",2026-08-24 20:28:29.661359+00,2026-08-24 20:28:29.661359+00
197,2018,3,29,5280 Westival,auto,Denver,Colorado,United States,"Denver, CO, United States","Denver, CO",2026-08-24 20:28:29.661359+00,2026-08-24 20:28:29.661359+00
9,2018,3,8,Boston Tea Party,auto,Boston,Massachusetts,United States,"Boston, MA, United States","Boston, MA",2026-08-24 20:28:29.661359+00,2026-08-24 20:28:29.661359+00
275,2018,3,227,Dutch Open West Coast Swing,auto,Venray,,Netherlands,"Venray, Netherlands","Venray, Netherlands",2026-08-24 20:28:29.661359+00,2026-08-24 20:28:29.661359+00
143,2018,3,18,High Desert Dance Classic,auto,Lancaster,California,United States,"Lancaster, CA, United States","Lancaster, CA",2026-08-24 20:28:29.661359+00,2026-08-24 20:28:29.661359+00
292,2018,3,267,King Swing,auto,Kraków,,Poland,"Kraków, Poland","Kraków, Poland",2026-08-24 20:28:29.661359+00,2026-08-24 20:28:29.661359+00
92,2018,3,13,MADjam,auto,Washington,District of Columbia,United States,"Washington, DC, United States","Washington, DC",2026-08-24 20:28:29.661359+00,2026-08-24 20:28:29.661359+00
153,2018,3,44,Novice Invitational,auto,Houston,Texas,United States,"Houston, TX, United States","Houston, TX",2026-08-24 20:28:29.661359+00,2026-08-24 20:28:29.661359+00
170,2018,3,113,Russian Open WCS Championships,auto,Moscow,,Russia,"Moscow, Russia","Moscow, Russia",2026-08-24 20:28:29.661359+00,2026-08-24 20:28:29.661359+00
246,2018,3,209,Swing Escape,auto,Hunter Valley,,Australia,"Hunter Valley, Australia","Hunter Valley, Australia",2026-08-24 20:28:29.661359+00,2026-08-24 20:28:29.661359+00
259,2018,3,82,Swingover,auto,Orlando,Florida,United States,"Orlando, FL, United States","Orlando, FL",2026-08-24 20:28:29.661359+00,2026-08-24 20:28:29.661359+00
142,2018,3,34,The Chicago Classic,auto,Chicago,Illinois,United States,"Chicago, IL, United States","Chicago, IL",2026-08-24 20:28:29.661359+00,2026-08-24 20:28:29.661359+00
186,2018,3,156,West in Lyon,auto,Lyon,,France,"Lyon, France","Lyon, France",2026-08-24 20:28:29.661359+00,2026-08-24 20:28:29.661359+00
12,2018,2,6,Capital Swing Dance Convention,auto,Sacramento,California,United States,"Sacramento, CA, United States","Sacramento, CA",2026-08-24 20:28:29.661359+00,2026-08-24 20:28:29.661359+00
273,2018,2,62,Charlotte Westie Fest,auto,Charlotte,North Carolina,United States,"Charlotte, NC, United States","Charlotte, NC",2026-08-24 20:28:29.661359+00,2026-08-24 20:28:29.661359+00
169,2018,2,114,Dance Camp Chicago,auto,Elmhurst,Illinois,United States,"Elmhurst, IL, United States","Elmhurst, IL",2026-08-24 20:28:29.661359+00,2026-08-24 20:28:29.661359+00
244,2018,2,4,Rose City Swing,auto,Portland,Oregon,United States,"Portland, OR, United States","Portland, OR",2026-08-24 20:28:29.661359+00,2026-08-24 20:28:29.661359+00
185,2018,2,53,Sweetheart Swing Classic,auto,Tampa,Florida,United States,"Tampa, FL, United States","Tampa, FL",2026-08-24 20:28:29.661359+00,2026-08-24 20:28:29.661359+00
215,2018,2,222,Swing & Snow,auto,St. Petersburg,,Russia,"St. Petersburg, Russia","St. Petersburg, Russia",2026-08-24 20:28:29.661359+00,2026-08-24 20:28:29.661359+00
258,2018,2,173,Swingtzerland,auto,Zürich,,Switzerland,"Zürich, Switzerland","Zürich, Switzerland",2026-08-24 20:28:29.661359+00,2026-08-24 20:28:29.661359+00
200,2018,1,39,Austin Swing Dance Championships,auto,Austin,Texas,United States,"Austin, TX, United States","Austin, TX",2026-08-24 20:28:29.661359+00,2026-08-24 20:28:29.661359+00
184,2018,1,110,BudaFest Open WCS Championships,auto,Budapest,,Hungary,"Budapest, Hungary","Budapest, Hungary",2026-08-24 20:28:29.661359+00,2026-08-24 20:28:29.661359+00
334,2018,1,8,Countdown Swing Boston,manual,Boston,Massachusetts,United States,"Boston, MA, United States","Boston, MA",2026-08-24 20:28:29.661359+00,2026-08-24 20:28:29.661359+00
242,2018,1,116,Derby City Swing,auto,Louisville,Kentucky,United States,"Louisville, KY, United States","Louisville, KY",2026-08-24 20:28:29.661359+00,2026-08-24 20:28:29.661359+00
183,2018,1,66,Freedom Swing Dance Challenge,auto,Wilmington,Delaware,United States,"Wilmington, DE, United States","Wilmington, DE",2026-08-24 20:28:29.661359+00,2026-08-24 20:28:29.661359+00
62,2018,1,1,Monterey SwingFest,auto,Monterey,California,United States,"Monterey, CA, United States","Monterey, CA",2026-08-24 20:28:29.661359+00,2026-08-24 20:28:29.661359+00
291,2018,1,129,Municorn Swing,auto,Munich,,Germany,"Munich, Germany","Munich, Germany",2026-08-24 20:28:29.661359+00,2026-08-24 20:28:29.661359+00
195,2018,1,20,Palm Springs New Years Swing Dance Classic,auto,Palm Springs,California,United States,"Palm Springs, CA, United States","Palm Springs, CA",2026-08-24 20:28:29.661359+00,2026-08-24 20:28:29.661359+00
272,2018,1,109,Paris Westie Fest,auto,Paris,,France,"Paris, France","Paris, France",2026-08-24 20:28:29.661359+00,2026-08-24 20:28:29.661359+00
290,2018,1,113,Shooba Dooba Swing,auto,Moscow,,Russia,"Moscow, Russia","Moscow, Russia",2026-08-24 20:28:29.661359+00,2026-08-24 20:28:29.661359+00
196,2018,1,4,SwingCouver,auto,Portland,Oregon,United States,"Portland, OR, United States","Portland, OR",2026-08-24 20:28:29.661359+00,2026-08-24 20:28:29.661359+00
289,2018,1,197,SwingVester,auto,Wels,,Austria,"Wels, Austria","Wels, Austria",2026-08-24 20:28:29.661359+00,2026-08-24 20:28:29.661359+00
75,2018,1,21,UCWDC Country Dance World Championship,auto,Dallas,Texas,United States,"Dallas, TX, United States","Dallas, TX",2026-08-24 20:28:29.661359+00,2026-08-24 20:28:29.661359+00
240,2018,1,199,Westie Gala,auto,Stockholm,,Sweden,"Stockholm, Sweden","Stockholm, Sweden",2026-08-24 20:28:29.661359+00,2026-08-24 20:28:29.661359+00
271,2017,12,194,Berlin Swing Revolution,auto,Berlin,,Germany,"Berlin, Germany","Berlin, Germany",2026-08-24 20:28:29.661359+00,2026-08-24 20:28:29.661359+00
42,2017,12,82,Floorplay Swing Vacation,auto,Orlando,Florida,United States,"Orlando, FL, United States","Orlando, FL",2026-08-24 20:28:29.661359+00,2026-08-24 20:28:29.661359+00
214,2017,12,107,New Year's Swing Fling,auto,London,,United Kingdom,"London, United Kingdom","London, United Kingdom",2026-08-24 20:28:29.661359+00,2026-08-24 20:28:29.661359+00
141,2017,12,43,Spotlight New Year's Celebration,auto,Nashville,Tennessee,United States,"Nashville, TN, United States","Nashville, TN",2026-08-24 20:28:29.661359+00,2026-08-24 20:28:29.661359+00
213,2017,12,169,Swingtimate,auto,Gold Coast,,Australia,"Gold Coast, Australia","Gold Coast, Australia",2026-08-24 20:28:29.661359+00,2026-08-24 20:28:29.661359+00
212,2017,12,73,The After Party (TAP),auto,Orange County,California,United States,"Orange County, CA, United States","Orange County, CA",2026-08-24 20:28:29.661359+00,2026-08-24 20:28:29.661359+00
238,2017,12,223,Winter White,auto,Oslo,,Norway,"Oslo, Norway","Oslo, Norway",2026-08-24 20:28:29.661359+00,2026-08-24 20:28:29.661359+00
269,2017,11,110,Autumn Swing Challenge,auto,Budapest,,Hungary,"Budapest, Hungary","Budapest, Hungary",2026-08-24 20:28:29.661359+00,2026-08-24 20:28:29.661359+00
87,2017,11,96,CASH Bash,auto,Cleveland,Ohio,United States,"Cleveland, OH, United States","Cleveland, OH",2026-08-24 20:28:29.661359+00,2026-08-24 20:28:29.661359+00
181,2017,11,38,DC Swing eXperience (DCSX),auto,Herndon,Virginia,United States,"Herndon, VA, United States","Herndon, VA",2026-08-24 20:28:29.661359+00,2026-08-24 20:28:29.661359+00
287,2017,11,53,Florida Westie Fest,auto,Tampa,Florida,United States,"Tampa, FL, United States","Tampa, FL",2026-08-24 20:28:29.661359+00,2026-08-24 20:28:29.661359+00
166,2017,11,212,London SwingVitational,auto,Windsor,,United Kingdom,"Windsor, United Kingdom","Windsor, United Kingdom",2026-08-24 20:28:29.661359+00,2026-08-24 20:28:29.661359+00
288,2017,11,21,Midnight Madness,auto,Dallas,Texas,United States,"Dallas, TX, United States","Dallas, TX",2026-08-24 20:28:29.661359+00,2026-08-24 20:28:29.661359+00
194,2017,11,113,Moscow Westie Fest,auto,Moscow,,Russia,"Moscow, Russia","Moscow, Russia",2026-08-24 20:28:29.661359+00,2026-08-24 20:28:29.661359+00
31,2017,11,28,Mountain Magic,auto,South Lake Tahoe (near Reno),Nevada,United States,"South Lake Tahoe (near Reno), NV, United States","South Lake Tahoe (near Reno), NV",2026-08-24 20:28:29.661359+00,2026-08-24 20:28:29.661359+00
229,2017,11,199,Scandinavian Open,auto,Stockholm,,Sweden,"Stockholm, Sweden","Stockholm, Sweden",2026-08-24 20:28:29.661359+00,2026-08-24 20:28:29.661359+00
79,2017,11,30,Sea to Sky,auto,Seattle,Washington,United States,"Seattle, WA, United States","Seattle, WA",2026-08-24 20:28:29.661359+00,2026-08-24 20:28:29.661359+00
63,2017,11,70,Swingin' New England Dance Festival,auto,Newton,Massachusetts,United States,"Newton (Boston), MA, United States","Newton (Boston), MA",2026-08-24 20:28:29.661359+00,2026-08-24 20:28:29.661359+00
68,2017,11,22,US Open Swing Dance Championships,auto,Los Angeles,California,United States,"Los Angeles, CA, United States","Los Angeles, CA",2026-08-24 20:28:29.661359+00,2026-08-24 20:28:29.661359+00
237,2017,11,204,WCS Helsinki,auto,Helsinki,,Finland,"Helsinki, Finland","Helsinki, Finland",2026-08-24 20:28:29.661359+00,2026-08-24 20:28:29.661359+00
270,2017,11,156,Westie's Angels,auto,Lyon,,France,"Lyon, France","Lyon, France",2026-08-24 20:28:29.661359+00,2026-08-24 20:28:29.661359+00
211,2017,10,25,Atlanta Swing Classic,auto,Atlanta,Georgia,United States,"Atlanta, GA, United States","Atlanta, GA, United States",2026-08-24 20:28:29.661359+00,2026-08-24 20:28:29.661359+00
167,2017,10,117,Best of the Best WCS,auto,Sydney,,Australia,"Sydney, Australia","Sydney, Australia",2026-08-24 20:28:29.661359+00,2026-08-24 20:28:29.661359+00
8,2017,10,2,Boogie By The Bay,auto,San Francisco,California,United States,"San Francisco, CA, United States","San Francisco, CA",2026-08-24 20:28:29.661359+00,2026-08-24 20:28:29.661359+00
65,2017,10,24,Halloween SwingThing,auto,Costa Mesa,California,United States,"Costa Mesa, CA, United States","Costa Mesa, CA",2026-08-24 20:28:29.661359+00,2026-08-24 20:28:29.661359+00
257,2017,10,132,Italian Open,auto,Milan,,Italy,"Milan, Italy","Milan, Italy",2026-08-24 20:28:29.661359+00,2026-08-24 20:28:29.661359+00
165,2017,10,107,Midland Swing Open,auto,London,,United Kingdom,"London, United Kingdom","London, United Kingdom",2026-08-24 20:28:29.661359+00,2026-08-24 20:28:29.661359+00
178,2017,10,86,Montreal Westie Fest,auto,Montreal,,Canada,"Montreal, Canada","Montreal, Canada",2026-08-24 20:28:29.661359+00,2026-08-24 20:28:29.661359+00
285,2017,10,238,Old Town Swing,auto,Tallinn,,Estonia,"Tallinn, Estonia","Tallinn, Estonia",2026-08-24 20:28:29.661359+00,2026-08-24 20:28:29.661359+00
43,2017,10,19,Paradise Dance Festival,auto,Irvine,California,United States,"Irvine, CA, United States","Irvine, CA",2026-08-24 20:28:29.661359+00,2026-08-24 20:28:29.661359+00
125,2017,10,34,Swing City Chicago,auto,Chicago,Illinois,United States,"Chicago, IL, United States","Chicago, IL",2026-08-24 20:28:29.661359+00,2026-08-24 20:28:29.661359+00
267,2017,10,149,Swustlicious,auto,Philadelphia,Pennsylvania,United States,"Philadelphia, PA, United States","Philadelphia, PA",2026-08-24 20:28:29.661359+00,2026-08-24 20:28:29.661359+00
236,2017,10,155,Warsaw Halloween Swing,auto,Warsaw,,Poland,"Warsaw, Poland","Warsaw, Poland",2026-08-24 20:28:29.661359+00,2026-08-24 20:28:29.661359+00
286,2017,10,127,WCS Festival,auto,Düsseldorf,,Germany,"Düsseldorf, Germany","Düsseldorf, Germany",2026-08-24 20:28:29.661359+00,2026-08-24 20:28:29.661359+00
233,2017,9,129,Bavarian Open,auto,Munich,,Germany,"Munich, Germany","Munich, Germany",2026-08-24 20:28:29.661359+00,2026-08-24 20:28:29.661359+00
10,2017,9,74,Bridgetown Swing Boogie,auto,Vancouver,Washington,United States,"Vancouver, WA, United States","Vancouver, WA",2026-08-24 20:28:29.661359+00,2026-08-24 20:28:29.661359+00
284,2017,9,257,Citadel Swing,auto,Timisoara,,Romania,"Timisoara, Romania","Timisoara, Romania",2026-08-24 20:28:29.661359+00,2026-08-24 20:28:29.661359+00
15,2017,9,21,Dallas D.A.N.C.E.,auto,Dallas,Texas,United States,"Dallas, TX, United States","Dallas, TX",2026-08-24 20:28:29.661359+00,2026-08-24 20:28:29.661359+00
135,2017,9,3,Desert City Swing,auto,Phoenix,Arizona,United States,"Phoenix, AZ, United States","Phoenix, AZ",2026-08-24 20:28:29.661359+00,2026-08-24 20:28:29.661359+00
131,2017,9,49,Meet Me In St Louis,auto,St. Louis,Missouri,United States,"St. Louis, MO, United States","St. Louis, MO",2026-08-24 20:28:29.661359+00,2026-08-24 20:28:29.661359+00
232,2017,9,181,Norway Westie Fest,auto,Trondheim,,Norway,"Trondheim, Norway","Trondheim, Norway",2026-08-24 20:28:29.661359+00,2026-08-24 20:28:29.661359+00
234,2017,9,66,Philly Swing Classic,auto,Wilmington,Delaware,United States,"Wilmington, DE, United States","Wilmington, DE",2026-08-24 20:28:29.661359+00,2026-08-24 20:28:29.661359+00
177,2017,9,98,River City Swing,auto,Jacksonville,Florida,United States,"Jacksonville, FL, United States","Jacksonville, FL",2026-08-24 20:28:29.661359+00,2026-08-24 20:28:29.661359+00
48,2017,9,16,South Bay Dance Fling,auto,San Jose,California,United States,"San Jose, CA, United States","San Jose, CA",2026-08-24 20:28:29.661359+00,2026-08-24 20:28:29.661359+00
231,2017,9,63,Trilogy Swing,auto,Raleigh,North Carolina,United States,"Raleigh, NC, United States","Raleigh, NC",2026-08-24 20:28:29.661359+00,2026-08-24 20:28:29.661359+00
265,2017,9,139,Upstate Dance Challenge,auto,Albany,New York,United States,"Albany, NY, United States","Albany, NY",2026-08-24 20:28:29.661359+00,2026-08-24 20:28:29.661359+00
119,2017,8,34,Chicagoland Country and Swing Dance Festival,auto,Chicago,Illinois,United States,"Chicago, IL, United States","Chicago, IL",2026-08-24 20:28:29.661359+00,2026-08-24 20:28:29.661359+00
282,2017,8,143,German Open,auto,Freiburg,,Germany,"Freiburg, Germany","Freiburg, Germany",2026-08-24 20:28:29.661359+00,2026-08-24 20:28:29.661359+00
283,2017,8,263,Kazan EL Fest,auto,Kazan,,Russia,"Kazan, Russia","Kazan, Russia",2026-08-24 20:28:29.661359+00,2026-08-24 20:28:29.661359+00
120,2017,8,39,Lone Star Invitational,auto,Austin,Texas,United States,"Austin, TX, United States","Austin, TX",2026-08-24 20:28:29.661359+00,2026-08-24 20:28:29.661359+00
224,2017,8,48,Midwest Westie Fest,auto,Overland Park,Kansas,United States,"Overland Park, KS, United States","Overland Park, KS",2026-08-24 20:28:29.661359+00,2026-08-24 20:28:29.661359+00
157,2017,8,70,New England Dance Festival,auto,Newton,Massachusetts,United States,"Newton (Boston), MA, United States","Newton (Boston), MA",2026-08-24 20:28:29.661359+00,2026-08-24 20:28:29.661359+00
263,2017,8,203,Riga Summer Swing,auto,Riga,,Latvia,"Riga, Latvia","Riga, Latvia",2026-08-24 20:28:29.661359+00,2026-08-24 20:28:29.661359+00
53,2017,8,397,Summer Hummer,auto,Woburn,Massachusetts,United States,"Woburn (Boston), MA, United States","Woburn (Boston), MA",2026-08-24 20:28:29.661359+00,2026-08-24 20:28:29.661359+00
59,2017,8,38,Swing Fling,auto,Herndon,Virginia,United States,"Herndon, VA, United States","Herndon, VA",2026-08-24 20:28:29.661359+00,2026-08-24 20:28:29.661359+00
227,2017,8,2,Swingtacular: The Galactic Open,auto,San Francisco,California,United States,"San Francisco, CA, United States","San Francisco, CA",2026-08-24 20:28:29.661359+00,2026-08-24 20:28:29.661359+00
137,2017,8,53,Tampa Bay Classic,auto,Tampa,Florida,United States,"Tampa, FL, United States","Tampa, FL",2026-08-24 20:28:29.661359+00,2026-08-24 20:28:29.661359+00
264,2017,8,199,UpTown Swing,auto,Stockholm,,Sweden,"Stockholm, Sweden","Stockholm, Sweden",2026-08-24 20:28:29.661359+00,2026-08-24 20:28:29.661359+00
1,2017,7,3,4TH of July Convention,auto,Phoenix,Arizona,United States,"Phoenix, AZ, United States","Phoenix, AZ",2026-08-24 20:28:29.661359+00,2026-08-24 20:28:29.661359+00
278,2017,7,252,Americano Dance Camp,auto,Samara,,Russia,"Samara, Russia","Samara, Russia",2026-08-24 20:28:29.661359+00,2026-08-24 20:28:29.661359+00
77,2017,7,3,Arizona Dance Classic,auto,Phoenix,Arizona,United States,"Phoenix, AZ, United States","Phoenix, AZ",2026-08-24 20:28:29.661359+00,2026-08-24 20:28:29.661359+00
156,2017,7,140,Big Apple Dance Festival,auto,Morristown,New Jersey,United States,"Morristown, NJ, United States","Morristown, NJ",2026-08-24 20:28:29.661359+00,2026-08-24 20:28:29.661359+00
148,2017,7,57,Dance Mardi Gras,auto,New Orleans,Louisiana,United States,"New Orleans, LA, United States","New Orleans, LA",2026-08-24 20:28:29.661359+00,2026-08-24 20:28:29.661359+00
149,2017,7,55,Florida Dance Magic,auto,Fort Lauderdale,Florida,United States,"Fort Lauderdale, FL, United States","Fort Lauderdale, FL",2026-08-24 20:28:29.661359+00,2026-08-24 20:28:29.661359+00
226,2017,7,55,Ft. Lauderdale Swing & Shag Beach Bash,auto,Fort Lauderdale,Florida,United States,"Fort Lauderdale, FL, United States","Fort Lauderdale, FL",2026-08-24 20:28:29.661359+00,2026-08-24 20:28:29.661359+00
255,2017,7,138,Indy Dance Explosion,auto,Fort Wayne,Indiana,United States,"Fort Wayne, IN, United States","Fort Wayne, IN",2026-08-24 20:28:29.661359+00,2026-08-24 20:28:29.661359+00
96,2017,7,41,Liberty Swing Dance Championships,auto,New Brunswick,New Jersey,United States,"New Brunswick, NJ, United States","New Brunswick, NJ",2026-08-24 20:28:29.661359+00,2026-08-24 20:28:29.661359+00
261,2017,7,191,Neverland Swing,auto,Amsterdam,,Netherlands,"Amsterdam, Netherlands","Amsterdam, Netherlands",2026-08-24 20:28:29.661359+00,2026-08-24 20:28:29.661359+00
179,2017,7,168,New Zealand Open Swing Dance Championships,auto,Auckland,,New Zealand,"Auckland, New Zealand","Auckland, New Zealand",2026-08-24 20:28:29.661359+00,2026-08-24 20:28:29.661359+00
51,2017,7,20,Palm Springs Summer Dance Classic,auto,Palm Springs,California,United States,"Palm Springs, CA, United States","Palm Springs, CA",2026-08-24 20:28:29.661359+00,2026-08-24 20:28:29.661359+00
44,2017,7,4,Portland Dance Festival,auto,Portland,Oregon,United States,"Portland, OR, United States","Portland, OR",2026-08-24 20:28:29.661359+00,2026-08-24 20:28:29.661359+00
256,2017,7,215,Rock the Barn,auto,Umeå,,Sweden,"Umeå, Sweden","Umeå, Sweden",2026-08-24 20:28:29.661359+00,2026-08-24 20:28:29.661359+00
281,2017,7,6,Sacramento All Swing,auto,Sacramento,California,United States,"Sacramento, CA, United States","Sacramento, CA",2026-08-24 20:28:29.661359+00,2026-08-24 20:28:29.661359+00
280,2017,7,222,Saint Petersburg WCS Nights,manual,St. Petersburg,,Russia,"St. Petersburg, Russia","St. Petersburg, Russia",2026-08-24 20:28:29.661359+00,2026-08-24 20:28:29.661359+00
164,2017,7,158,Sea Sun and Swing,auto,La Grande Motte,,France,"La Grande Motte, France","La Grande Motte, France",2026-08-24 20:28:29.661359+00,2026-08-24 20:28:29.661359+00
262,2017,7,147,Swing It Like It's Hot,auto,Tel Aviv,,Israel,"Tel Aviv, Israel","Tel Aviv, Israel",2026-08-24 20:28:29.661359+00,2026-08-24 20:28:29.661359+00
47,2017,7,29,Swingtime in the Rockies,auto,Denver,Colorado,United States,"Denver, CO, United States","Denver, CO",2026-08-24 20:28:29.661359+00,2026-08-24 20:28:29.661359+00
147,2017,7,105,Toronto Open Swing & Hustle Championships,auto,Toronto,,Canada,"Toronto, Canada","Toronto, Canada",2026-08-24 20:28:29.661359+00,2026-08-24 20:28:29.661359+00
225,2017,7,21,Wild Wild Westie,auto,Dallas,Texas,United States,"Dallas, TX, United States","Dallas, TX",2026-08-24 20:28:29.661359+00,2026-08-24 20:28:29.661359+00
222,2017,6,186,Baltic Swing,auto,Gdańsk,,Poland,"Gdańsk, Poland","Gdańsk, Poland",2026-08-24 20:28:29.661359+00,2026-08-24 20:28:29.661359+00
109,2017,6,29,Colorado Country Classic,auto,Denver,Colorado,United States,"Denver, CO, United States","Denver, CO",2026-08-24 20:28:29.661359+00,2026-08-24 20:28:29.661359+00
220,2017,6,127,D-Town Swing,auto,Düsseldorf,,Germany,"Düsseldorf, Germany","Düsseldorf, Germany",2026-08-24 20:28:29.661359+00,2026-08-24 20:28:29.661359+00
207,2017,6,133,Dance N Play,auto,Bend,Oregon,United States,"Bend, OR, United States","Bend, OR",2026-08-24 20:28:29.661359+00,2026-08-24 20:28:29.661359+00
254,2017,6,204,Finnfest,auto,Helsinki,,Finland,"Helsinki, Finland","Helsinki, Finland",2026-08-24 20:28:29.661359+00,2026-08-24 20:28:29.661359+00
25,2017,6,23,J&J O'Rama,auto,Anaheim,California,United States,"Anaheim, CA, United States","Anaheim, CA",2026-08-24 20:28:29.661359+00,2026-08-24 20:28:29.661359+00
283,2017,6,263,Kazan EL Fest,auto,Kazan,,Russia,"Kazan, Russia","Kazan, Russia",2026-08-24 20:28:29.661359+00,2026-08-24 20:28:29.661359+00
268,2017,6,213,Korea Westival,auto,Jeju,,Republic of Korea,"Jeju, Republic of Korea","Jeju, Republic of Korea",2026-08-24 20:28:29.661359+00,2026-08-24 20:28:29.661359+00
76,2017,6,51,Michigan Dance Classic,auto,Detroit,Michigan,United States,"Detroit, MI, United States","Detroit, MI",2026-08-24 20:28:29.661359+00,2026-08-24 20:28:29.661359+00
188,2017,6,117,NSW West Coast Swing Dance Championships,auto,Sydney,,Australia,"Sydney, Australia","Sydney, Australia",2026-08-24 20:28:29.661359+00,2026-08-24 20:28:29.661359+00
117,2017,6,82,Orange Blossom Dance Festival,auto,Orlando,Florida,United States,"Orlando, FL, United States","Orlando, FL",2026-08-24 20:28:29.661359+00,2026-08-24 20:28:29.661359+00
162,2017,6,40,Swingapalooza,auto,Baton Rouge,Louisiana,United States,"Baton Rouge, LA, United States","Baton Rouge, LA",2026-08-24 20:28:29.661359+00,2026-08-24 20:28:29.661359+00
105,2017,5,86,Canadian Swing Championships,auto,Montreal,,Canada,"Montreal, Canada","Montreal, Canada",2026-08-24 20:28:29.661359+00,2026-08-24 20:28:29.661359+00
175,2017,5,109,French Open West Coast Swing,auto,Paris,,France,"Paris, France","Paris, France",2026-08-24 20:28:29.661359+00,2026-08-24 20:28:29.661359+00
20,2017,5,5,FreZno Dance Classic,auto,Fresno,California,United States,"Fresno, CA, United States","Fresno, CA",2026-08-24 20:28:29.661359+00,2026-08-24 20:28:29.661359+00
221,2017,5,49,Gateway Swing Classic,auto,St. Louis,Missouri,United States,"St. Louis, MO, United States","St. Louis, MO",2026-08-24 20:28:29.661359+00,2026-08-24 20:28:29.661359+00
206,2017,5,110,Hungarian Open,auto,Budapest,,Hungary,"Budapest, Hungary","Budapest, Hungary",2026-08-24 20:28:29.661359+00,2026-08-24 20:28:29.661359+00
219,2017,5,125,KIWI Fest,auto,Kiev,,Ukraine,"Kiev, Ukraine","Kiev, Ukraine",2026-08-24 20:28:29.661359+00,2026-08-24 20:28:29.661359+00
277,2017,5,226,Scotland Swing Classic,auto,Glasgow,,United Kingdom,"Glasgow, United Kingdom","Glasgow, United Kingdom",2026-08-24 20:28:29.661359+00,2026-08-24 20:28:29.661359+00
205,2017,5,88,SOswing,auto,Ashland,Oregon,United States,"Ashland, OR, United States","Ashland, OR",2026-08-24 20:28:29.661359+00,2026-08-24 20:28:29.661359+00
61,2017,5,10,SwingDiego,auto,San Diego,California,United States,"San Diego, CA, United States","San Diego, CA",2026-08-24 20:28:29.661359+00,2026-08-24 20:28:29.661359+00
144,2017,5,131,Swingin' Into Spring,auto,Hartford,Connecticut,United States,"Hartford, CT, United States","Hartford, CT",2026-08-24 20:28:29.661359+00,2026-08-24 20:28:29.661359+00
174,2017,5,169,Swingsation,auto,Gold Coast,,Australia,"Gold Coast, Australia","Gold Coast, Australia",2026-08-24 20:28:29.661359+00,2026-08-24 20:28:29.661359+00
121,2017,5,39,The Texas Classic,auto,Austin,Texas,United States,"Austin, TX, United States","Austin, TX",2026-08-24 20:28:29.661359+00,2026-08-24 20:28:29.661359+00
22,2017,5,25,USA Grand Nationals,auto,Atlanta,Georgia,United States,"Atlanta, GA, United States","Atlanta, GA, United States",2026-08-24 20:28:29.661359+00,2026-08-24 20:28:29.661359+00
276,2017,4,221,Anchor Festival,auto,Hamburg,,Germany,"Hamburg, Germany","Hamburg, Germany",2026-08-24 20:28:29.661359+00,2026-08-24 20:28:29.661359+00
218,2017,4,159,Asia West Coast Swing Open,auto,Singapore,,Singapore,"Singapore, Singapore","Singapore, Singapore",2026-08-24 20:28:29.661359+00,2026-08-24 20:28:29.661359+00
187,2017,4,54,City of Angels WCS,auto,Burbank,California,United States,"Burbank, CA, United States","Burbank, CA",2026-08-24 20:28:29.661359+00,2026-08-24 20:28:29.661359+00
203,2017,4,166,Detonation Dance,auto,Manchester,,United Kingdom,"Manchester, United Kingdom","Manchester, United Kingdom",2026-08-24 20:28:29.661359+00,2026-08-24 20:28:29.661359+00
18,2017,4,30,Easter Swing,auto,Seattle,Washington,United States,"Seattle, WA, United States","Seattle, WA",2026-08-24 20:28:29.661359+00,2026-08-24 20:28:29.661359+00
253,2017,4,199,Nordic WCS Championships,auto,Stockholm,,Sweden,"Stockholm, Sweden","Stockholm, Sweden",2026-08-24 20:28:29.661359+00,2026-08-24 20:28:29.661359+00
170,2017,4,113,Russian Open WCS Championships,auto,Moscow,,Russia,"Moscow, Russia","Moscow, Russia",2026-08-24 20:28:29.661359+00,2026-08-24 20:28:29.661359+00
217,2017,4,10,San Diego Dance Festival,auto,San Diego,California,United States,"San Diego, CA, United States","San Diego, CA",2026-08-24 20:28:29.661359+00,2026-08-24 20:28:29.661359+00
134,2017,4,89,Swing Dance America,auto,Lake Geneva,Illinois,United States,"Lake Geneva, IL, United States","Lake Geneva, IL",2026-08-24 20:28:29.661359+00,2026-08-24 20:28:29.661359+00
132,2017,4,58,Tulsa Spring Swing,auto,Tulsa,Oklahoma,United States,"Tulsa, OK, United States","Tulsa, OK",2026-08-24 20:28:29.661359+00,2026-08-24 20:28:29.661359+00
154,2017,4,107,UK WCS Championships,auto,London,,United Kingdom,"London, United Kingdom","London, United Kingdom",2026-08-24 20:28:29.661359+00,2026-08-24 20:28:29.661359+00
247,2017,3,250,Austrian WCS Spectacle,auto,Vienna,,Austria,"Vienna, Austria","Vienna, Austria",2026-08-24 20:28:29.661359+00,2026-08-24 20:28:29.661359+00
9,2017,3,8,Boston Tea Party,auto,Boston,Massachusetts,United States,"Boston, MA, United States","Boston, MA",2026-08-24 20:28:29.661359+00,2026-08-24 20:28:29.661359+00
275,2017,3,227,Dutch Open West Coast Swing,auto,Venray,,Netherlands,"Venray, Netherlands","Venray, Netherlands",2026-08-24 20:28:29.661359+00,2026-08-24 20:28:29.661359+00
143,2017,3,18,High Desert Dance Classic,auto,Lancaster,California,United States,"Lancaster, CA, United States","Lancaster, CA",2026-08-24 20:28:29.661359+00,2026-08-24 20:28:29.661359+00
92,2017,3,13,MADjam,auto,Washington,District of Columbia,United States,"Washington, DC, United States","Washington, DC",2026-08-24 20:28:29.661359+00,2026-08-24 20:28:29.661359+00
153,2017,3,44,Novice Invitational,auto,Houston,Texas,United States,"Houston, TX, United States","Houston, TX",2026-08-24 20:28:29.661359+00,2026-08-24 20:28:29.661359+00
246,2017,3,209,Swing Escape,auto,Hunter Valley,,Australia,"Hunter Valley, Australia","Hunter Valley, Australia",2026-08-24 20:28:29.661359+00,2026-08-24 20:28:29.661359+00
259,2017,3,82,Swingover,auto,Orlando,Florida,United States,"Orlando, FL, United States","Orlando, FL",2026-08-24 20:28:29.661359+00,2026-08-24 20:28:29.661359+00
186,2017,3,156,West in Lyon,auto,Lyon,,France,"Lyon, France","Lyon, France",2026-08-24 20:28:29.661359+00,2026-08-24 20:28:29.661359+00
197,2017,2,29,5280 Westival,auto,Denver,Colorado,United States,"Denver, CO, United States","Denver, CO",2026-08-24 20:28:29.661359+00,2026-08-24 20:28:29.661359+00
274,2017,2,261,Australasian WCS & Zouk Champs,auto,Queensland,,Australia,"Queensland, Australia","Queensland, Australia",2026-08-24 20:28:29.661359+00,2026-08-24 20:28:29.661359+00
12,2017,2,6,Capital Swing Dance Convention,auto,Sacramento,California,United States,"Sacramento, CA, United States","Sacramento, CA",2026-08-24 20:28:29.661359+00,2026-08-24 20:28:29.661359+00
273,2017,2,62,Charlotte Westie Fest,auto,Charlotte,North Carolina,United States,"Charlotte, NC, United States","Charlotte, NC",2026-08-24 20:28:29.661359+00,2026-08-24 20:28:29.661359+00
169,2017,2,114,Dance Camp Chicago,auto,Elmhurst,Illinois,United States,"Elmhurst, IL, United States","Elmhurst, IL",2026-08-24 20:28:29.661359+00,2026-08-24 20:28:29.661359+00
244,2017,2,4,Rose City Swing,auto,Portland,Oregon,United States,"Portland, OR, United States","Portland, OR",2026-08-24 20:28:29.661359+00,2026-08-24 20:28:29.661359+00
185,2017,2,53,Sweetheart Swing Classic,auto,Tampa,Florida,United States,"Tampa, FL, United States","Tampa, FL",2026-08-24 20:28:29.661359+00,2026-08-24 20:28:29.661359+00
215,2017,2,222,Swing & Snow,auto,St. Petersburg,,Russia,"St. Petersburg, Russia","St. Petersburg, Russia",2026-08-24 20:28:29.661359+00,2026-08-24 20:28:29.661359+00
258,2017,2,173,Swingtzerland,auto,Zürich,,Switzerland,"Zürich, Switzerland","Zürich, Switzerland",2026-08-24 20:28:29.661359+00,2026-08-24 20:28:29.661359+00
200,2017,1,39,Austin Swing Dance Championships,auto,Austin,Texas,United States,"Austin, TX, United States","Austin, TX",2026-08-24 20:28:29.661359+00,2026-08-24 20:28:29.661359+00
184,2017,1,110,BudaFest Open WCS Championships,auto,Budapest,,Hungary,"Budapest, Hungary","Budapest, Hungary",2026-08-24 20:28:29.661359+00,2026-08-24 20:28:29.661359+00
334,2017,1,8,Countdown Swing Boston,manual,Boston,Massachusetts,United States,"Boston, MA, United States","Boston, MA",2026-08-24 20:28:29.661359+00,2026-08-24 20:28:29.661359+00
242,2017,1,116,Derby City Swing,auto,Louisville,Kentucky,United States,"Louisville, KY, United States","Louisville, KY",2026-08-24 20:28:29.661359+00,2026-08-24 20:28:29.661359+00
42,2017,1,82,Floorplay Swing Vacation,auto,Orlando,Florida,United States,"Orlando, FL, United States","Orlando, FL",2026-08-24 20:28:29.661359+00,2026-08-24 20:28:29.661359+00
183,2017,1,66,Freedom Swing Dance Challenge,auto,Wilmington,Delaware,United States,"Wilmington, DE, United States","Wilmington, DE",2026-08-24 20:28:29.661359+00,2026-08-24 20:28:29.661359+00
62,2017,1,1,Monterey SwingFest,auto,Monterey,California,United States,"Monterey, CA, United States","Monterey, CA",2026-08-24 20:28:29.661359+00,2026-08-24 20:28:29.661359+00
241,2017,1,113,Moscow Xmas Dance Camp,auto,Moscow,,Russia,"Moscow, Russia","Moscow, Russia",2026-08-24 20:28:29.661359+00,2026-08-24 20:28:29.661359+00
214,2017,1,107,New Year's Swing Fling,auto,London,,United Kingdom,"London, United Kingdom","London, United Kingdom",2026-08-24 20:28:29.661359+00,2026-08-24 20:28:29.661359+00
195,2017,1,20,Palm Springs New Years Swing Dance Classic,auto,Palm Springs,California,United States,"Palm Springs, CA, United States","Palm Springs, CA",2026-08-24 20:28:29.661359+00,2026-08-24 20:28:29.661359+00
272,2017,1,109,Paris Westie Fest,auto,Paris,,France,"Paris, France","Paris, France",2026-08-24 20:28:29.661359+00,2026-08-24 20:28:29.661359+00
141,2017,1,43,Spotlight New Year's Celebration,auto,Nashville,Tennessee,United States,"Nashville, TN, United States","Nashville, TN",2026-08-24 20:28:29.661359+00,2026-08-24 20:28:29.661359+00
196,2017,1,4,SwingCouver,auto,Portland,Oregon,United States,"Portland, OR, United States","Portland, OR",2026-08-24 20:28:29.661359+00,2026-08-24 20:28:29.661359+00
75,2017,1,21,UCWDC Country Dance World Championship,auto,Dallas,Texas,United States,"Dallas, TX, United States","Dallas, TX",2026-08-24 20:28:29.661359+00,2026-08-24 20:28:29.661359+00
240,2017,1,199,Westie Gala,auto,Stockholm,,Sweden,"Stockholm, Sweden","Stockholm, Sweden",2026-08-24 20:28:29.661359+00,2026-08-24 20:28:29.661359+00
271,2016,12,194,Berlin Swing Revolution,auto,Berlin,,Germany,"Berlin, Germany","Berlin, Germany",2026-08-24 20:28:29.661359+00,2026-08-24 20:28:29.661359+00
213,2016,12,169,Swingtimate,auto,Gold Coast,,Australia,"Gold Coast, Australia","Gold Coast, Australia",2026-08-24 20:28:29.661359+00,2026-08-24 20:28:29.661359+00
212,2016,12,73,The After Party (TAP),auto,Orange County,California,United States,"Orange County, CA, United States","Orange County, CA",2026-08-24 20:28:29.661359+00,2026-08-24 20:28:29.661359+00
238,2016,12,223,Winter White,auto,Oslo,,Norway,"Oslo, Norway","Oslo, Norway",2026-08-24 20:28:29.661359+00,2026-08-24 20:28:29.661359+00
269,2016,11,110,Autumn Swing Challenge,auto,Budapest,,Hungary,"Budapest, Hungary","Budapest, Hungary",2026-08-24 20:28:29.661359+00,2026-08-24 20:28:29.661359+00
87,2016,11,96,CASH Bash,auto,Cleveland,Ohio,United States,"Cleveland, OH, United States","Cleveland, OH",2026-08-24 20:28:29.661359+00,2026-08-24 20:28:29.661359+00
181,2016,11,38,DC Swing eXperience (DCSX),auto,Herndon,Virginia,United States,"Herndon, VA, United States","Herndon, VA",2026-08-24 20:28:29.661359+00,2026-08-24 20:28:29.661359+00
194,2016,11,113,Moscow Westie Fest,auto,Moscow,,Russia,"Moscow, Russia","Moscow, Russia",2026-08-24 20:28:29.661359+00,2026-08-24 20:28:29.661359+00
31,2016,11,28,Mountain Magic,auto,South Lake Tahoe (near Reno),Nevada,United States,"South Lake Tahoe (near Reno), NV, United States","South Lake Tahoe (near Reno), NV",2026-08-24 20:28:29.661359+00,2026-08-24 20:28:29.661359+00
229,2016,11,199,Scandinavian Open,auto,Stockholm,,Sweden,"Stockholm, Sweden","Stockholm, Sweden",2026-08-24 20:28:29.661359+00,2026-08-24 20:28:29.661359+00
79,2016,11,30,Sea to Sky,auto,Seattle,Washington,United States,"Seattle, WA, United States","Seattle, WA",2026-08-24 20:28:29.661359+00,2026-08-24 20:28:29.661359+00
63,2016,11,70,Swingin' New England Dance Festival,auto,Newton,Massachusetts,United States,"Newton (Boston), MA, United States","Newton (Boston), MA",2026-08-24 20:28:29.661359+00,2026-08-24 20:28:29.661359+00
68,2016,11,22,US Open Swing Dance Championships,auto,Los Angeles,California,United States,"Los Angeles, CA, United States","Los Angeles, CA",2026-08-24 20:28:29.661359+00,2026-08-24 20:28:29.661359+00
237,2016,11,204,WCS Helsinki,auto,Helsinki,,Finland,"Helsinki, Finland","Helsinki, Finland",2026-08-24 20:28:29.661359+00,2026-08-24 20:28:29.661359+00
270,2016,11,156,Westie's Angels,auto,Lyon,,France,"Lyon, France","Lyon, France",2026-08-24 20:28:29.661359+00,2026-08-24 20:28:29.661359+00
211,2016,10,25,Atlanta Swing Classic,auto,Atlanta,Georgia,United States,"Atlanta, GA, United States","Atlanta, GA, United States",2026-08-24 20:28:29.661359+00,2026-08-24 20:28:29.661359+00
8,2016,10,2,Boogie By The Bay,auto,San Francisco,California,United States,"San Francisco, CA, United States","San Francisco, CA",2026-08-24 20:28:29.661359+00,2026-08-24 20:28:29.661359+00
10,2016,10,74,Bridgetown Swing Boogie,auto,Vancouver,Washington,United States,"Vancouver, WA, United States","Vancouver, WA",2026-08-24 20:28:29.661359+00,2026-08-24 20:28:29.661359+00
65,2016,10,24,Halloween SwingThing,auto,Costa Mesa,California,United States,"Costa Mesa, CA, United States","Costa Mesa, CA",2026-08-24 20:28:29.661359+00,2026-08-24 20:28:29.661359+00
257,2016,10,132,Italian Open,auto,Milan,,Italy,"Milan, Italy","Milan, Italy",2026-08-24 20:28:29.661359+00,2026-08-24 20:28:29.661359+00
268,2016,10,213,Korea Westival,auto,Jeju,,Republic of Korea,"Jeju, Republic of Korea","Jeju, Republic of Korea",2026-08-24 20:28:29.661359+00,2026-08-24 20:28:29.661359+00
165,2016,10,107,Midland Swing Open,auto,London,,United Kingdom,"London, United Kingdom","London, United Kingdom",2026-08-24 20:28:29.661359+00,2026-08-24 20:28:29.661359+00
178,2016,10,86,Montreal Westie Fest,auto,Montreal,,Canada,"Montreal, Canada","Montreal, Canada",2026-08-24 20:28:29.661359+00,2026-08-24 20:28:29.661359+00
179,2016,10,168,New Zealand Open Swing Dance Championships,auto,Auckland,,New Zealand,"Auckland, New Zealand","Auckland, New Zealand",2026-08-24 20:28:29.661359+00,2026-08-24 20:28:29.661359+00
43,2016,10,19,Paradise Dance Festival,auto,Irvine,California,United States,"Irvine, CA, United States","Irvine, CA",2026-08-24 20:28:29.661359+00,2026-08-24 20:28:29.661359+00
125,2016,10,34,Swing City Chicago,auto,Chicago,Illinois,United States,"Chicago, IL, United States","Chicago, IL",2026-08-24 20:28:29.661359+00,2026-08-24 20:28:29.661359+00
267,2016,10,149,Swustlicious,auto,Philadelphia,Pennsylvania,United States,"Philadelphia, PA, United States","Philadelphia, PA",2026-08-24 20:28:29.661359+00,2026-08-24 20:28:29.661359+00
236,2016,10,155,Warsaw Halloween Swing,auto,Warsaw,,Poland,"Warsaw, Poland","Warsaw, Poland",2026-08-24 20:28:29.661359+00,2026-08-24 20:28:29.661359+00
233,2016,9,129,Bavarian Open,auto,Munich,,Germany,"Munich, Germany","Munich, Germany",2026-08-24 20:28:29.661359+00,2026-08-24 20:28:29.661359+00
167,2016,9,117,Best of the Best WCS,auto,Sydney,,Australia,"Sydney, Australia","Sydney, Australia",2026-08-24 20:28:29.661359+00,2026-08-24 20:28:29.661359+00
15,2016,9,21,Dallas D.A.N.C.E.,auto,Dallas,Texas,United States,"Dallas, TX, United States","Dallas, TX",2026-08-24 20:28:29.661359+00,2026-08-24 20:28:29.661359+00
135,2016,9,3,Desert City Swing,auto,Phoenix,Arizona,United States,"Phoenix, AZ, United States","Phoenix, AZ",2026-08-24 20:28:29.661359+00,2026-08-24 20:28:29.661359+00
131,2016,9,49,Meet Me In St Louis,auto,St. Louis,Missouri,United States,"St. Louis, MO, United States","St. Louis, MO",2026-08-24 20:28:29.661359+00,2026-08-24 20:28:29.661359+00
232,2016,9,181,Norway Westie Fest,auto,Trondheim,,Norway,"Trondheim, Norway","Trondheim, Norway",2026-08-24 20:28:29.661359+00,2026-08-24 20:28:29.661359+00
234,2016,9,66,Philly Swing Classic,auto,Wilmington,Delaware,United States,"Wilmington, DE, United States","Wilmington, DE",2026-08-24 20:28:29.661359+00,2026-08-24 20:28:29.661359+00
177,2016,9,98,River City Swing,auto,Jacksonville,Florida,United States,"Jacksonville, FL, United States","Jacksonville, FL",2026-08-24 20:28:29.661359+00,2026-08-24 20:28:29.661359+00
266,2016,9,29,Rocky Mountain 5 Dance,auto,Denver,Colorado,United States,"Denver, CO, United States","Denver, CO",2026-08-24 20:28:29.661359+00,2026-08-24 20:28:29.661359+00
48,2016,9,16,South Bay Dance Fling,auto,San Jose,California,United States,"San Jose, CA, United States","San Jose, CA",2026-08-24 20:28:29.661359+00,2026-08-24 20:28:29.661359+00
230,2016,9,248,Sunny Side Dance Camp,auto,Torrevieja,,Spain,"Torrevieja, Spain","Torrevieja, Spain",2026-08-24 20:28:29.661359+00,2026-08-24 20:28:29.661359+00
231,2016,9,63,Trilogy Swing,auto,Raleigh,North Carolina,United States,"Raleigh, NC, United States","Raleigh, NC",2026-08-24 20:28:29.661359+00,2026-08-24 20:28:29.661359+00
265,2016,9,139,Upstate Dance Challenge,auto,Albany,New York,United States,"Albany, NY, United States","Albany, NY",2026-08-24 20:28:29.661359+00,2026-08-24 20:28:29.661359+00
119,2016,8,34,Chicagoland Country and Swing Dance Festival,auto,Chicago,Illinois,United States,"Chicago, IL, United States","Chicago, IL",2026-08-24 20:28:29.661359+00,2026-08-24 20:28:29.661359+00
120,2016,8,39,Lone Star Invitational,auto,Austin,Texas,United States,"Austin, TX, United States","Austin, TX",2026-08-24 20:28:29.661359+00,2026-08-24 20:28:29.661359+00
224,2016,8,48,Midwest Westie Fest,auto,Overland Park,Kansas,United States,"Overland Park, KS, United States","Overland Park, KS",2026-08-24 20:28:29.661359+00,2026-08-24 20:28:29.661359+00
157,2016,8,70,New England Dance Festival,auto,Newton,Massachusetts,United States,"Newton (Boston), MA, United States","Newton (Boston), MA",2026-08-24 20:28:29.661359+00,2026-08-24 20:28:29.661359+00
51,2016,8,20,Palm Springs Summer Dance Classic,auto,Palm Springs,California,United States,"Palm Springs, CA, United States","Palm Springs, CA",2026-08-24 20:28:29.661359+00,2026-08-24 20:28:29.661359+00
263,2016,8,203,Riga Summer Swing,auto,Riga,,Latvia,"Riga, Latvia","Riga, Latvia",2026-08-24 20:28:29.661359+00,2026-08-24 20:28:29.661359+00
164,2016,8,158,Sea Sun and Swing,auto,La Grande Motte,,France,"La Grande Motte, France","La Grande Motte, France",2026-08-24 20:28:29.661359+00,2026-08-24 20:28:29.661359+00
53,2016,8,397,Summer Hummer,auto,Woburn,Massachusetts,United States,"Woburn (Boston), MA, United States","Woburn (Boston), MA",2026-08-24 20:28:29.661359+00,2026-08-24 20:28:29.661359+00
59,2016,8,38,Swing Fling,auto,Herndon,Virginia,United States,"Herndon, VA, United States","Herndon, VA",2026-08-24 20:28:29.661359+00,2026-08-24 20:28:29.661359+00
227,2016,8,2,Swingtacular: The Galactic Open,auto,San Francisco,California,United States,"San Francisco, CA, United States","San Francisco, CA",2026-08-24 20:28:29.661359+00,2026-08-24 20:28:29.661359+00
137,2016,8,53,Tampa Bay Classic,auto,Tampa,Florida,United States,"Tampa, FL, United States","Tampa, FL",2026-08-24 20:28:29.661359+00,2026-08-24 20:28:29.661359+00
264,2016,8,199,UpTown Swing,auto,Stockholm,,Sweden,"Stockholm, Sweden","Stockholm, Sweden",2026-08-24 20:28:29.661359+00,2026-08-24 20:28:29.661359+00
1,2016,7,3,4TH of July Convention,auto,Phoenix,Arizona,United States,"Phoenix, AZ, United States","Phoenix, AZ",2026-08-24 20:28:29.661359+00,2026-08-24 20:28:29.661359+00
77,2016,7,3,Arizona Dance Classic,auto,Phoenix,Arizona,United States,"Phoenix, AZ, United States","Phoenix, AZ",2026-08-24 20:28:29.661359+00,2026-08-24 20:28:29.661359+00
156,2016,7,140,Big Apple Dance Festival,auto,Morristown,New Jersey,United States,"Morristown, NJ, United States","Morristown, NJ",2026-08-24 20:28:29.661359+00,2026-08-24 20:28:29.661359+00
148,2016,7,57,Dance Mardi Gras,auto,New Orleans,Louisiana,United States,"New Orleans, LA, United States","New Orleans, LA",2026-08-24 20:28:29.661359+00,2026-08-24 20:28:29.661359+00
149,2016,7,55,Florida Dance Magic,auto,Fort Lauderdale,Florida,United States,"Fort Lauderdale, FL, United States","Fort Lauderdale, FL",2026-08-24 20:28:29.661359+00,2026-08-24 20:28:29.661359+00
226,2016,7,55,Ft. Lauderdale Swing & Shag Beach Bash,auto,Fort Lauderdale,Florida,United States,"Fort Lauderdale, FL, United States","Fort Lauderdale, FL",2026-08-24 20:28:29.661359+00,2026-08-24 20:28:29.661359+00
255,2016,7,138,Indy Dance Explosion,auto,Fort Wayne,Indiana,United States,"Fort Wayne, IN, United States","Fort Wayne, IN",2026-08-24 20:28:29.661359+00,2026-08-24 20:28:29.661359+00
44,2016,7,4,Portland Dance Festival,auto,Portland,Oregon,United States,"Portland, OR, United States","Portland, OR",2026-08-24 20:28:29.661359+00,2026-08-24 20:28:29.661359+00
256,2016,7,215,Rock the Barn,auto,Umeå,,Sweden,"Umeå, Sweden","Umeå, Sweden",2026-08-24 20:28:29.661359+00,2026-08-24 20:28:29.661359+00
260,2016,7,243,Sao Paulo Swing Dance Championships,auto,Sao Paulo,,Brazil,"Sao Paulo, Brazil","Sao Paulo, Brazil",2026-08-24 20:28:29.661359+00,2026-08-24 20:28:29.661359+00
262,2016,7,147,Swing It Like It's Hot,auto,Tel Aviv,,Israel,"Tel Aviv, Israel","Tel Aviv, Israel",2026-08-24 20:28:29.661359+00,2026-08-24 20:28:29.661359+00
47,2016,7,29,Swingtime in the Rockies,auto,Denver,Colorado,United States,"Denver, CO, United States","Denver, CO",2026-08-24 20:28:29.661359+00,2026-08-24 20:28:29.661359+00
147,2016,7,105,Toronto Open Swing & Hustle Championships,auto,Toronto,,Canada,"Toronto, Canada","Toronto, Canada",2026-08-24 20:28:29.661359+00,2026-08-24 20:28:29.661359+00
225,2016,7,21,Wild Wild Westie,auto,Dallas,Texas,United States,"Dallas, TX, United States","Dallas, TX",2026-08-24 20:28:29.661359+00,2026-08-24 20:28:29.661359+00
222,2016,6,186,Baltic Swing,auto,Gdańsk,,Poland,"Gdańsk, Poland","Gdańsk, Poland",2026-08-24 20:28:29.661359+00,2026-08-24 20:28:29.661359+00
109,2016,6,29,Colorado Country Classic,auto,Denver,Colorado,United States,"Denver, CO, United States","Denver, CO",2026-08-24 20:28:29.661359+00,2026-08-24 20:28:29.661359+00
220,2016,6,127,D-Town Swing,auto,Düsseldorf,,Germany,"Düsseldorf, Germany","Düsseldorf, Germany",2026-08-24 20:28:29.661359+00,2026-08-24 20:28:29.661359+00
207,2016,6,133,Dance N Play,auto,Bend,Oregon,United States,"Bend, OR, United States","Bend, OR",2026-08-24 20:28:29.661359+00,2026-08-24 20:28:29.661359+00
254,2016,6,204,Finnfest,auto,Helsinki,,Finland,"Helsinki, Finland","Helsinki, Finland",2026-08-24 20:28:29.661359+00,2026-08-24 20:28:29.661359+00
25,2016,6,23,J&J O'Rama,auto,Anaheim,California,United States,"Anaheim, CA, United States","Anaheim, CA",2026-08-24 20:28:29.661359+00,2026-08-24 20:28:29.661359+00
96,2016,6,41,Liberty Swing Dance Championships,auto,New Brunswick,New Jersey,United States,"New Brunswick, NJ, United States","New Brunswick, NJ",2026-08-24 20:28:29.661359+00,2026-08-24 20:28:29.661359+00
76,2016,6,51,Michigan Dance Classic,auto,Detroit,Michigan,United States,"Detroit, MI, United States","Detroit, MI",2026-08-24 20:28:29.661359+00,2026-08-24 20:28:29.661359+00
261,2016,6,191,Neverland Swing,auto,Amsterdam,,Netherlands,"Amsterdam, Netherlands","Amsterdam, Netherlands",2026-08-24 20:28:29.661359+00,2026-08-24 20:28:29.661359+00
188,2016,6,117,NSW West Coast Swing Dance Championships,auto,Sydney,,Australia,"Sydney, Australia","Sydney, Australia",2026-08-24 20:28:29.661359+00,2026-08-24 20:28:29.661359+00
117,2016,6,82,Orange Blossom Dance Festival,auto,Orlando,Florida,United States,"Orlando, FL, United States","Orlando, FL",2026-08-24 20:28:29.661359+00,2026-08-24 20:28:29.661359+00
223,2016,6,223,Slingshot Swing,auto,Oslo,,Norway,"Oslo, Norway","Oslo, Norway",2026-08-24 20:28:29.661359+00,2026-08-24 20:28:29.661359+00
162,2016,6,40,Swingapalooza,auto,Baton Rouge,Louisiana,United States,"Baton Rouge, LA, United States","Baton Rouge, LA",2026-08-24 20:28:29.661359+00,2026-08-24 20:28:29.661359+00
105,2016,5,86,Canadian Swing Championships,auto,Montreal,,Canada,"Montreal, Canada","Montreal, Canada",2026-08-24 20:28:29.661359+00,2026-08-24 20:28:29.661359+00
175,2016,5,109,French Open West Coast Swing,auto,Paris,,France,"Paris, France","Paris, France",2026-08-24 20:28:29.661359+00,2026-08-24 20:28:29.661359+00
20,2016,5,5,FreZno Dance Classic,auto,Fresno,California,United States,"Fresno, CA, United States","Fresno, CA",2026-08-24 20:28:29.661359+00,2026-08-24 20:28:29.661359+00
221,2016,5,49,Gateway Swing Classic,auto,St. Louis,Missouri,United States,"St. Louis, MO, United States","St. Louis, MO",2026-08-24 20:28:29.661359+00,2026-08-24 20:28:29.661359+00
206,2016,5,110,Hungarian Open,auto,Budapest,,Hungary,"Budapest, Hungary","Budapest, Hungary",2026-08-24 20:28:29.661359+00,2026-08-24 20:28:29.661359+00
219,2016,5,125,KIWI Fest,auto,Kiev,,Ukraine,"Kiev, Ukraine","Kiev, Ukraine",2026-08-24 20:28:29.661359+00,2026-08-24 20:28:29.661359+00
201,2016,5,38,MidAtlantic Dance Classic,auto,Herndon,Virginia,United States,"Herndon, VA, United States","Herndon, VA",2026-08-24 20:28:29.661359+00,2026-08-24 20:28:29.661359+00
253,2016,5,199,Nordic WCS Championships,auto,Stockholm,,Sweden,"Stockholm, Sweden","Stockholm, Sweden",2026-08-24 20:28:29.661359+00,2026-08-24 20:28:29.661359+00
205,2016,5,88,SOswing,auto,Ashland,Oregon,United States,"Ashland, OR, United States","Ashland, OR",2026-08-24 20:28:29.661359+00,2026-08-24 20:28:29.661359+00
134,2016,5,89,Swing Dance America,auto,Lake Geneva,Illinois,United States,"Lake Geneva, IL, United States","Lake Geneva, IL",2026-08-24 20:28:29.661359+00,2026-08-24 20:28:29.661359+00
61,2016,5,10,SwingDiego,auto,San Diego,California,United States,"San Diego, CA, United States","San Diego, CA",2026-08-24 20:28:29.661359+00,2026-08-24 20:28:29.661359+00
144,2016,5,131,Swingin' Into Spring,auto,Hartford,Connecticut,United States,"Hartford, CT, United States","Hartford, CT",2026-08-24 20:28:29.661359+00,2026-08-24 20:28:29.661359+00
174,2016,5,169,Swingsation,auto,Gold Coast,,Australia,"Gold Coast, Australia","Gold Coast, Australia",2026-08-24 20:28:29.661359+00,2026-08-24 20:28:29.661359+00
121,2016,5,39,The Texas Classic,auto,Austin,Texas,United States,"Austin, TX, United States","Austin, TX",2026-08-24 20:28:29.661359+00,2026-08-24 20:28:29.661359+00
22,2016,5,25,USA Grand Nationals,auto,Atlanta,Georgia,United States,"Atlanta, GA, United States","Atlanta, GA, United States",2026-08-24 20:28:29.661359+00,2026-08-24 20:28:29.661359+00
218,2016,4,159,Asia West Coast Swing Open,auto,Singapore,,Singapore,"Singapore, Singapore","Singapore, Singapore",2026-08-24 20:28:29.661359+00,2026-08-24 20:28:29.661359+00
247,2016,4,250,Austrian WCS Spectacle,auto,Vienna,,Austria,"Vienna, Austria","Vienna, Austria",2026-08-24 20:28:29.661359+00,2026-08-24 20:28:29.661359+00
187,2016,4,54,City of Angels WCS,auto,Burbank,California,United States,"Burbank, CA, United States","Burbank, CA",2026-08-24 20:28:29.661359+00,2026-08-24 20:28:29.661359+00
203,2016,4,166,Detonation Dance,auto,Manchester,,United Kingdom,"Manchester, United Kingdom","Manchester, United Kingdom",2026-08-24 20:28:29.661359+00,2026-08-24 20:28:29.661359+00
246,2016,4,209,Swing Escape,auto,Hunter Valley,,Australia,"Hunter Valley, Australia","Hunter Valley, Australia",2026-08-24 20:28:29.661359+00,2026-08-24 20:28:29.661359+00
132,2016,4,58,Tulsa Spring Swing,auto,Tulsa,Oklahoma,United States,"Tulsa, OK, United States","Tulsa, OK",2026-08-24 20:28:29.661359+00,2026-08-24 20:28:29.661359+00
154,2016,4,107,UK WCS Championships,auto,London,,United Kingdom,"London, United Kingdom","London, United Kingdom",2026-08-24 20:28:29.661359+00,2026-08-24 20:28:29.661359+00
9,2016,3,8,Boston Tea Party,auto,Boston,Massachusetts,United States,"Boston, MA, United States","Boston, MA",2026-08-24 20:28:29.661359+00,2026-08-24 20:28:29.661359+00
18,2016,3,30,Easter Swing,auto,Seattle,Washington,United States,"Seattle, WA, United States","Seattle, WA",2026-08-24 20:28:29.661359+00,2026-08-24 20:28:29.661359+00
143,2016,3,18,High Desert Dance Classic,auto,Lancaster,California,United States,"Lancaster, CA, United States","Lancaster, CA",2026-08-24 20:28:29.661359+00,2026-08-24 20:28:29.661359+00
92,2016,3,13,MADjam,auto,Washington,District of Columbia,United States,"Washington, DC, United States","Washington, DC",2026-08-24 20:28:29.661359+00,2026-08-24 20:28:29.661359+00
153,2016,3,44,Novice Invitational,auto,Houston,Texas,United States,"Houston, TX, United States","Houston, TX",2026-08-24 20:28:29.661359+00,2026-08-24 20:28:29.661359+00
170,2016,3,113,Russian Open WCS Championships,auto,Moscow,,Russia,"Moscow, Russia","Moscow, Russia",2026-08-24 20:28:29.661359+00,2026-08-24 20:28:29.661359+00
217,2016,3,10,San Diego Dance Festival,auto,San Diego,California,United States,"San Diego, CA, United States","San Diego, CA",2026-08-24 20:28:29.661359+00,2026-08-24 20:28:29.661359+00
259,2016,3,82,Swingover,auto,Orlando,Florida,United States,"Orlando, FL, United States","Orlando, FL",2026-08-24 20:28:29.661359+00,2026-08-24 20:28:29.661359+00
216,2016,3,216,The Brazilian Open,auto,Fortaleza,,Brazil,"Fortaleza, Brazil","Fortaleza, Brazil",2026-08-24 20:28:29.661359+00,2026-08-24 20:28:29.661359+00
142,2016,3,34,The Chicago Classic,auto,Chicago,Illinois,United States,"Chicago, IL, United States","Chicago, IL",2026-08-24 20:28:29.661359+00,2026-08-24 20:28:29.661359+00
186,2016,3,156,West in Lyon,auto,Lyon,,France,"Lyon, France","Lyon, France",2026-08-24 20:28:29.661359+00,2026-08-24 20:28:29.661359+00
197,2016,2,29,5280 Westival,auto,Denver,Colorado,United States,"Denver, CO, United States","Denver, CO",2026-08-24 20:28:29.661359+00,2026-08-24 20:28:29.661359+00
12,2016,2,6,Capital Swing Dance Convention,auto,Sacramento,California,United States,"Sacramento, CA, United States","Sacramento, CA",2026-08-24 20:28:29.661359+00,2026-08-24 20:28:29.661359+00
169,2016,2,114,Dance Camp Chicago,auto,Elmhurst,Illinois,United States,"Elmhurst, IL, United States","Elmhurst, IL",2026-08-24 20:28:29.661359+00,2026-08-24 20:28:29.661359+00
245,2016,2,175,Holy Land Open,auto,Eilat,,Israel,"Eilat, Israel","Eilat, Israel",2026-08-24 20:28:29.661359+00,2026-08-24 20:28:29.661359+00
244,2016,2,4,Rose City Swing,auto,Portland,Oregon,United States,"Portland, OR, United States","Portland, OR",2026-08-24 20:28:29.661359+00,2026-08-24 20:28:29.661359+00
185,2016,2,53,Sweetheart Swing Classic,auto,Tampa,Florida,United States,"Tampa, FL, United States","Tampa, FL",2026-08-24 20:28:29.661359+00,2026-08-24 20:28:29.661359+00
215,2016,2,222,Swing & Snow,auto,St. Petersburg,,Russia,"St. Petersburg, Russia","St. Petersburg, Russia",2026-08-24 20:28:29.661359+00,2026-08-24 20:28:29.661359+00
258,2016,2,173,Swingtzerland,auto,Zürich,,Switzerland,"Zürich, Switzerland","Zürich, Switzerland",2026-08-24 20:28:29.661359+00,2026-08-24 20:28:29.661359+00
200,2016,1,39,Austin Swing Dance Championships,auto,Austin,Texas,United States,"Austin, TX, United States","Austin, TX",2026-08-24 20:28:29.661359+00,2026-08-24 20:28:29.661359+00
184,2016,1,110,BudaFest Open WCS Championships,auto,Budapest,,Hungary,"Budapest, Hungary","Budapest, Hungary",2026-08-24 20:28:29.661359+00,2026-08-24 20:28:29.661359+00
334,2016,1,8,Countdown Swing Boston,manual,Boston,Massachusetts,United States,"Boston, MA, United States","Boston, MA",2026-08-24 20:28:29.661359+00,2026-08-24 20:28:29.661359+00
242,2016,1,116,Derby City Swing,auto,Louisville,Kentucky,United States,"Louisville, KY, United States","Louisville, KY",2026-08-24 20:28:29.661359+00,2026-08-24 20:28:29.661359+00
42,2016,1,82,Floorplay Swing Vacation,auto,Orlando,Florida,United States,"Orlando, FL, United States","Orlando, FL",2026-08-24 20:28:29.661359+00,2026-08-24 20:28:29.661359+00
183,2016,1,66,Freedom Swing Dance Challenge,auto,Wilmington,Delaware,United States,"Wilmington, DE, United States","Wilmington, DE",2026-08-24 20:28:29.661359+00,2026-08-24 20:28:29.661359+00
62,2016,1,1,Monterey SwingFest,auto,Monterey,California,United States,"Monterey, CA, United States","Monterey, CA",2026-08-24 20:28:29.661359+00,2026-08-24 20:28:29.661359+00
241,2016,1,113,Moscow Xmas Dance Camp,auto,Moscow,,Russia,"Moscow, Russia","Moscow, Russia",2026-08-24 20:28:29.661359+00,2026-08-24 20:28:29.661359+00
214,2016,1,107,New Year's Swing Fling,auto,London,,United Kingdom,"London, United Kingdom","London, United Kingdom",2026-08-24 20:28:29.661359+00,2026-08-24 20:28:29.661359+00
195,2016,1,20,Palm Springs New Years Swing Dance Classic,auto,Palm Springs,California,United States,"Palm Springs, CA, United States","Palm Springs, CA",2026-08-24 20:28:29.661359+00,2026-08-24 20:28:29.661359+00
141,2016,1,43,Spotlight New Year's Celebration,auto,Nashville,Tennessee,United States,"Nashville, TN, United States","Nashville, TN",2026-08-24 20:28:29.661359+00,2026-08-24 20:28:29.661359+00
196,2016,1,4,SwingCouver,auto,Portland,Oregon,United States,"Portland, OR, United States","Portland, OR",2026-08-24 20:28:29.661359+00,2026-08-24 20:28:29.661359+00
75,2016,1,21,UCWDC Country Dance World Championship,auto,Dallas,Texas,United States,"Dallas, TX, United States","Dallas, TX",2026-08-24 20:28:29.661359+00,2026-08-24 20:28:29.661359+00
240,2016,1,199,Westie Gala,auto,Stockholm,,Sweden,"Stockholm, Sweden","Stockholm, Sweden",2026-08-24 20:28:29.661359+00,2026-08-24 20:28:29.661359+00
212,2015,12,73,The After Party (TAP),auto,Orange County,California,United States,"Orange County, CA, United States","Orange County, CA",2026-08-24 20:28:29.661359+00,2026-08-24 20:28:29.661359+00
239,2015,12,21,The Challenge,auto,Dallas,Texas,United States,"Dallas, TX, United States","Dallas, TX",2026-08-24 20:28:29.661359+00,2026-08-24 20:28:29.661359+00
238,2015,12,223,Winter White,auto,Oslo,,Norway,"Oslo, Norway","Oslo, Norway",2026-08-24 20:28:29.661359+00,2026-08-24 20:28:29.661359+00
87,2015,11,96,CASH Bash,auto,Cleveland,Ohio,United States,"Cleveland, OH, United States","Cleveland, OH",2026-08-24 20:28:29.661359+00,2026-08-24 20:28:29.661359+00
181,2015,11,38,DC Swing eXperience (DCSX),auto,Herndon,Virginia,United States,"Herndon, VA, United States","Herndon, VA",2026-08-24 20:28:29.661359+00,2026-08-24 20:28:29.661359+00
65,2015,11,24,Halloween SwingThing,auto,Costa Mesa,California,United States,"Costa Mesa, CA, United States","Costa Mesa, CA",2026-08-24 20:28:29.661359+00,2026-08-24 20:28:29.661359+00
166,2015,11,212,London SwingVitational,auto,Windsor,,United Kingdom,"Windsor, United Kingdom","Windsor, United Kingdom",2026-08-24 20:28:29.661359+00,2026-08-24 20:28:29.661359+00
194,2015,11,113,Moscow Westie Fest,auto,Moscow,,Russia,"Moscow, Russia","Moscow, Russia",2026-08-24 20:28:29.661359+00,2026-08-24 20:28:29.661359+00
31,2015,11,28,Mountain Magic,auto,South Lake Tahoe (near Reno),Nevada,United States,"South Lake Tahoe (near Reno), NV, United States","South Lake Tahoe (near Reno), NV",2026-08-24 20:28:29.661359+00,2026-08-24 20:28:29.661359+00
79,2015,11,30,Sea to Sky,auto,Seattle,Washington,United States,"Seattle, WA, United States","Seattle, WA",2026-08-24 20:28:29.661359+00,2026-08-24 20:28:29.661359+00
125,2015,11,34,Swing City Chicago,auto,Chicago,Illinois,United States,"Chicago, IL, United States","Chicago, IL",2026-08-24 20:28:29.661359+00,2026-08-24 20:28:29.661359+00
63,2015,11,70,Swingin' New England Dance Festival,auto,Newton,Massachusetts,United States,"Newton (Boston), MA, United States","Newton (Boston), MA",2026-08-24 20:28:29.661359+00,2026-08-24 20:28:29.661359+00
68,2015,11,22,US Open Swing Dance Championships,auto,Los Angeles,California,United States,"Los Angeles, CA, United States","Los Angeles, CA",2026-08-24 20:28:29.661359+00,2026-08-24 20:28:29.661359+00
236,2015,11,155,Warsaw Halloween Swing,auto,Warsaw,,Poland,"Warsaw, Poland","Warsaw, Poland",2026-08-24 20:28:29.661359+00,2026-08-24 20:28:29.661359+00
211,2015,10,25,Atlanta Swing Classic,auto,Atlanta,Georgia,United States,"Atlanta, GA, United States","Atlanta, GA, United States",2026-08-24 20:28:29.661359+00,2026-08-24 20:28:29.661359+00
180,2015,10,174,Australian Open Swing Dance Championships,auto,Melbourne,,Australia,"Melbourne, Australia","Melbourne, Australia",2026-08-24 20:28:29.661359+00,2026-08-24 20:28:29.661359+00
8,2015,10,2,Boogie By The Bay,auto,San Francisco,California,United States,"San Francisco, CA, United States","San Francisco, CA",2026-08-24 20:28:29.661359+00,2026-08-24 20:28:29.661359+00
257,2015,10,132,Italian Open,auto,Milan,,Italy,"Milan, Italy","Milan, Italy",2026-08-24 20:28:29.661359+00,2026-08-24 20:28:29.661359+00
178,2015,10,86,Montreal Westie Fest,auto,Montreal,,Canada,"Montreal, Canada","Montreal, Canada",2026-08-24 20:28:29.661359+00,2026-08-24 20:28:29.661359+00
179,2015,10,168,New Zealand Open Swing Dance Championships,auto,Auckland,,New Zealand,"Auckland, New Zealand","Auckland, New Zealand",2026-08-24 20:28:29.661359+00,2026-08-24 20:28:29.661359+00
43,2015,10,19,Paradise Dance Festival,auto,Irvine,California,United States,"Irvine, CA, United States","Irvine, CA",2026-08-24 20:28:29.661359+00,2026-08-24 20:28:29.661359+00
234,2015,10,66,Philly Swing Classic,auto,Wilmington,Delaware,United States,"Wilmington, DE, United States","Wilmington, DE",2026-08-24 20:28:29.661359+00,2026-08-24 20:28:29.661359+00
229,2015,10,199,Scandinavian Open,auto,Stockholm,,Sweden,"Stockholm, Sweden","Stockholm, Sweden",2026-08-24 20:28:29.661359+00,2026-08-24 20:28:29.661359+00
237,2015,10,204,WCS Helsinki,auto,Helsinki,,Finland,"Helsinki, Finland","Helsinki, Finland",2026-08-24 20:28:29.661359+00,2026-08-24 20:28:29.661359+00
233,2015,9,129,Bavarian Open,auto,Munich,,Germany,"Munich, Germany","Munich, Germany",2026-08-24 20:28:29.661359+00,2026-08-24 20:28:29.661359+00
167,2015,9,117,Best of the Best WCS,auto,Sydney,,Australia,"Sydney, Australia","Sydney, Australia",2026-08-24 20:28:29.661359+00,2026-08-24 20:28:29.661359+00
10,2015,9,74,Bridgetown Swing Boogie,auto,Vancouver,Washington,United States,"Vancouver, WA, United States","Vancouver, WA",2026-08-24 20:28:29.661359+00,2026-08-24 20:28:29.661359+00
15,2015,9,21,Dallas D.A.N.C.E.,auto,Dallas,Texas,United States,"Dallas, TX, United States","Dallas, TX",2026-08-24 20:28:29.661359+00,2026-08-24 20:28:29.661359+00
135,2015,9,3,Desert City Swing,auto,Phoenix,Arizona,United States,"Phoenix, AZ, United States","Phoenix, AZ",2026-08-24 20:28:29.661359+00,2026-08-24 20:28:29.661359+00
131,2015,9,49,Meet Me In St Louis,auto,St. Louis,Missouri,United States,"St. Louis, MO, United States","St. Louis, MO",2026-08-24 20:28:29.661359+00,2026-08-24 20:28:29.661359+00
165,2015,9,107,Midland Swing Open,auto,London,,United Kingdom,"London, United Kingdom","London, United Kingdom",2026-08-24 20:28:29.661359+00,2026-08-24 20:28:29.661359+00
232,2015,9,181,Norway Westie Fest,auto,Trondheim,,Norway,"Trondheim, Norway","Trondheim, Norway",2026-08-24 20:28:29.661359+00,2026-08-24 20:28:29.661359+00
177,2015,9,98,River City Swing,auto,Jacksonville,Florida,United States,"Jacksonville, FL, United States","Jacksonville, FL",2026-08-24 20:28:29.661359+00,2026-08-24 20:28:29.661359+00
48,2015,9,16,South Bay Dance Fling,auto,San Jose,California,United States,"San Jose, CA, United States","San Jose, CA",2026-08-24 20:28:29.661359+00,2026-08-24 20:28:29.661359+00
230,2015,9,248,Sunny Side Dance Camp,auto,Torrevieja,,Spain,"Torrevieja, Spain","Torrevieja, Spain",2026-08-24 20:28:29.661359+00,2026-08-24 20:28:29.661359+00
137,2015,9,53,Tampa Bay Classic,auto,Tampa,Florida,United States,"Tampa, FL, United States","Tampa, FL",2026-08-24 20:28:29.661359+00,2026-08-24 20:28:29.661359+00
190,2015,9,144,Vermont Swing Dance Championships,auto,Burlington,Vermont,United States,"Burlington, VT, United States","Burlington, VT",2026-08-24 20:28:29.661359+00,2026-08-24 20:28:29.661359+00
77,2015,8,3,Arizona Dance Classic,auto,Phoenix,Arizona,United States,"Phoenix, AZ, United States","Phoenix, AZ",2026-08-24 20:28:29.661359+00,2026-08-24 20:28:29.661359+00
119,2015,8,34,Chicagoland Country and Swing Dance Festival,auto,Chicago,Illinois,United States,"Chicago, IL, United States","Chicago, IL",2026-08-24 20:28:29.661359+00,2026-08-24 20:28:29.661359+00
120,2015,8,39,Lone Star Invitational,auto,Austin,Texas,United States,"Austin, TX, United States","Austin, TX",2026-08-24 20:28:29.661359+00,2026-08-24 20:28:29.661359+00
157,2015,8,70,New England Dance Festival,auto,Newton,Massachusetts,United States,"Newton (Boston), MA, United States","Newton (Boston), MA",2026-08-24 20:28:29.661359+00,2026-08-24 20:28:29.661359+00
51,2015,8,20,Palm Springs Summer Dance Classic,auto,Palm Springs,California,United States,"Palm Springs, CA, United States","Palm Springs, CA",2026-08-24 20:28:29.661359+00,2026-08-24 20:28:29.661359+00
53,2015,8,397,Summer Hummer,auto,Woburn,Massachusetts,United States,"Woburn (Boston), MA, United States","Woburn (Boston), MA",2026-08-24 20:28:29.661359+00,2026-08-24 20:28:29.661359+00
228,2015,8,151,Summer Swing Classic,auto,St. Petersburg,Florida,United States,"St. Petersburg, FL, United States","St. Petersburg, FL",2026-08-24 20:28:29.661359+00,2026-08-24 20:28:29.661359+00
59,2015,8,38,Swing Fling,auto,Herndon,Virginia,United States,"Herndon, VA, United States","Herndon, VA",2026-08-24 20:28:29.661359+00,2026-08-24 20:28:29.661359+00
227,2015,8,2,Swingtacular: The Galactic Open,auto,San Francisco,California,United States,"San Francisco, CA, United States","San Francisco, CA",2026-08-24 20:28:29.661359+00,2026-08-24 20:28:29.661359+00
159,2015,8,207,World Swing Masters,auto,Blackpool,,United Kingdom,"Blackpool, United Kingdom","Blackpool, United Kingdom",2026-08-24 20:28:29.661359+00,2026-08-24 20:28:29.661359+00
1,2015,7,3,4TH of July Convention,auto,Phoenix,Arizona,United States,"Phoenix, AZ, United States","Phoenix, AZ",2026-08-24 20:28:29.661359+00,2026-08-24 20:28:29.661359+00
156,2015,7,140,Big Apple Dance Festival,auto,Morristown,New Jersey,United States,"Morristown, NJ, United States","Morristown, NJ",2026-08-24 20:28:29.661359+00,2026-08-24 20:28:29.661359+00
148,2015,7,57,Dance Mardi Gras,auto,New Orleans,Louisiana,United States,"New Orleans, LA, United States","New Orleans, LA",2026-08-24 20:28:29.661359+00,2026-08-24 20:28:29.661359+00
149,2015,7,55,Florida Dance Magic,auto,Fort Lauderdale,Florida,United States,"Fort Lauderdale, FL, United States","Fort Lauderdale, FL",2026-08-24 20:28:29.661359+00,2026-08-24 20:28:29.661359+00
226,2015,7,55,Ft. Lauderdale Swing & Shag Beach Bash,auto,Fort Lauderdale,Florida,United States,"Fort Lauderdale, FL, United States","Fort Lauderdale, FL",2026-08-24 20:28:29.661359+00,2026-08-24 20:28:29.661359+00
255,2015,7,138,Indy Dance Explosion,auto,Fort Wayne,Indiana,United States,"Fort Wayne, IN, United States","Fort Wayne, IN",2026-08-24 20:28:29.661359+00,2026-08-24 20:28:29.661359+00
44,2015,7,4,Portland Dance Festival,auto,Portland,Oregon,United States,"Portland, OR, United States","Portland, OR",2026-08-24 20:28:29.661359+00,2026-08-24 20:28:29.661359+00
256,2015,7,215,Rock the Barn,auto,Umeå,,Sweden,"Umeå, Sweden","Umeå, Sweden",2026-08-24 20:28:29.661359+00,2026-08-24 20:28:29.661359+00
209,2015,7,27,SinCity Swing,auto,Las Vegas,Nevada,United States,"Las Vegas, NV, United States","Las Vegas, NV",2026-08-24 20:28:29.661359+00,2026-08-24 20:28:29.661359+00
47,2015,7,29,Swingtime in the Rockies,auto,Denver,Colorado,United States,"Denver, CO, United States","Denver, CO",2026-08-24 20:28:29.661359+00,2026-08-24 20:28:29.661359+00
225,2015,7,21,Wild Wild Westie,auto,Dallas,Texas,United States,"Dallas, TX, United States","Dallas, TX",2026-08-24 20:28:29.661359+00,2026-08-24 20:28:29.661359+00
222,2015,6,186,Baltic Swing,auto,Gdańsk,,Poland,"Gdańsk, Poland","Gdańsk, Poland",2026-08-24 20:28:29.661359+00,2026-08-24 20:28:29.661359+00
109,2015,6,29,Colorado Country Classic,auto,Denver,Colorado,United States,"Denver, CO, United States","Denver, CO",2026-08-24 20:28:29.661359+00,2026-08-24 20:28:29.661359+00
220,2015,6,127,D-Town Swing,auto,Düsseldorf,,Germany,"Düsseldorf, Germany","Düsseldorf, Germany",2026-08-24 20:28:29.661359+00,2026-08-24 20:28:29.661359+00
207,2015,6,133,Dance N Play,auto,Bend,Oregon,United States,"Bend, OR, United States","Bend, OR",2026-08-24 20:28:29.661359+00,2026-08-24 20:28:29.661359+00
254,2015,6,204,Finnfest,auto,Helsinki,,Finland,"Helsinki, Finland","Helsinki, Finland",2026-08-24 20:28:29.661359+00,2026-08-24 20:28:29.661359+00
25,2015,6,23,J&J O'Rama,auto,Anaheim,California,United States,"Anaheim, CA, United States","Anaheim, CA",2026-08-24 20:28:29.661359+00,2026-08-24 20:28:29.661359+00
96,2015,6,41,Liberty Swing Dance Championships,auto,New Brunswick,New Jersey,United States,"New Brunswick, NJ, United States","New Brunswick, NJ",2026-08-24 20:28:29.661359+00,2026-08-24 20:28:29.661359+00
188,2015,6,117,NSW West Coast Swing Dance Championships,auto,Sydney,,Australia,"Sydney, Australia","Sydney, Australia",2026-08-24 20:28:29.661359+00,2026-08-24 20:28:29.661359+00
117,2015,6,82,Orange Blossom Dance Festival,auto,Orlando,Florida,United States,"Orlando, FL, United States","Orlando, FL",2026-08-24 20:28:29.661359+00,2026-08-24 20:28:29.661359+00
162,2015,6,40,Swingapalooza,auto,Baton Rouge,Louisiana,United States,"Baton Rouge, LA, United States","Baton Rouge, LA",2026-08-24 20:28:29.661359+00,2026-08-24 20:28:29.661359+00
105,2015,5,86,Canadian Swing Championships,auto,Montreal,,Canada,"Montreal, Canada","Montreal, Canada",2026-08-24 20:28:29.661359+00,2026-08-24 20:28:29.661359+00
175,2015,5,109,French Open West Coast Swing,auto,Paris,,France,"Paris, France","Paris, France",2026-08-24 20:28:29.661359+00,2026-08-24 20:28:29.661359+00
20,2015,5,5,FreZno Dance Classic,auto,Fresno,California,United States,"Fresno, CA, United States","Fresno, CA",2026-08-24 20:28:29.661359+00,2026-08-24 20:28:29.661359+00
221,2015,5,49,Gateway Swing Classic,auto,St. Louis,Missouri,United States,"St. Louis, MO, United States","St. Louis, MO",2026-08-24 20:28:29.661359+00,2026-08-24 20:28:29.661359+00
206,2015,5,110,Hungarian Open,auto,Budapest,,Hungary,"Budapest, Hungary","Budapest, Hungary",2026-08-24 20:28:29.661359+00,2026-08-24 20:28:29.661359+00
219,2015,5,125,KIWI Fest,auto,Kiev,,Ukraine,"Kiev, Ukraine","Kiev, Ukraine",2026-08-24 20:28:29.661359+00,2026-08-24 20:28:29.661359+00
76,2015,5,51,Michigan Dance Classic,auto,Detroit,Michigan,United States,"Detroit, MI, United States","Detroit, MI",2026-08-24 20:28:29.661359+00,2026-08-24 20:28:29.661359+00
201,2015,5,38,MidAtlantic Dance Classic,auto,Herndon,Virginia,United States,"Herndon, VA, United States","Herndon, VA",2026-08-24 20:28:29.661359+00,2026-08-24 20:28:29.661359+00
253,2015,5,199,Nordic WCS Championships,auto,Stockholm,,Sweden,"Stockholm, Sweden","Stockholm, Sweden",2026-08-24 20:28:29.661359+00,2026-08-24 20:28:29.661359+00
61,2015,5,10,SwingDiego,auto,San Diego,California,United States,"San Diego, CA, United States","San Diego, CA",2026-08-24 20:28:29.661359+00,2026-08-24 20:28:29.661359+00
144,2015,5,131,Swingin' Into Spring,auto,Hartford,Connecticut,United States,"Hartford, CT, United States","Hartford, CT",2026-08-24 20:28:29.661359+00,2026-08-24 20:28:29.661359+00
174,2015,5,169,Swingsation,auto,Gold Coast,,Australia,"Gold Coast, Australia","Gold Coast, Australia",2026-08-24 20:28:29.661359+00,2026-08-24 20:28:29.661359+00
121,2015,5,39,The Texas Classic,auto,Austin,Texas,United States,"Austin, TX, United States","Austin, TX",2026-08-24 20:28:29.661359+00,2026-08-24 20:28:29.661359+00
22,2015,5,25,USA Grand Nationals,auto,Atlanta,Georgia,United States,"Atlanta, GA, United States","Atlanta, GA, United States",2026-08-24 20:28:29.661359+00,2026-08-24 20:28:29.661359+00
218,2015,4,159,Asia West Coast Swing Open,auto,Singapore,,Singapore,"Singapore, Singapore","Singapore, Singapore",2026-08-24 20:28:29.661359+00,2026-08-24 20:28:29.661359+00
247,2015,4,250,Austrian WCS Spectacle,auto,Vienna,,Austria,"Vienna, Austria","Vienna, Austria",2026-08-24 20:28:29.661359+00,2026-08-24 20:28:29.661359+00
187,2015,4,54,City of Angels WCS,auto,Burbank,California,United States,"Burbank, CA, United States","Burbank, CA",2026-08-24 20:28:29.661359+00,2026-08-24 20:28:29.661359+00
203,2015,4,166,Detonation Dance,auto,Manchester,,United Kingdom,"Manchester, United Kingdom","Manchester, United Kingdom",2026-08-24 20:28:29.661359+00,2026-08-24 20:28:29.661359+00
18,2015,4,30,Easter Swing,auto,Seattle,Washington,United States,"Seattle, WA, United States","Seattle, WA",2026-08-24 20:28:29.661359+00,2026-08-24 20:28:29.661359+00
217,2015,4,10,San Diego Dance Festival,auto,San Diego,California,United States,"San Diego, CA, United States","San Diego, CA",2026-08-24 20:28:29.661359+00,2026-08-24 20:28:29.661359+00
134,2015,4,89,Swing Dance America,auto,Lake Geneva,Illinois,United States,"Lake Geneva, IL, United States","Lake Geneva, IL",2026-08-24 20:28:29.661359+00,2026-08-24 20:28:29.661359+00
132,2015,4,58,Tulsa Spring Swing,auto,Tulsa,Oklahoma,United States,"Tulsa, OK, United States","Tulsa, OK",2026-08-24 20:28:29.661359+00,2026-08-24 20:28:29.661359+00
154,2015,4,107,UK WCS Championships,auto,London,,United Kingdom,"London, United Kingdom","London, United Kingdom",2026-08-24 20:28:29.661359+00,2026-08-24 20:28:29.661359+00
197,2015,3,29,5280 Westival,auto,Denver,Colorado,United States,"Denver, CO, United States","Denver, CO",2026-08-24 20:28:29.661359+00,2026-08-24 20:28:29.661359+00
9,2015,3,8,Boston Tea Party,auto,Boston,Massachusetts,United States,"Boston, MA, United States","Boston, MA",2026-08-24 20:28:29.661359+00,2026-08-24 20:28:29.661359+00
169,2015,3,114,Dance Camp Chicago,auto,Elmhurst,Illinois,United States,"Elmhurst, IL, United States","Elmhurst, IL",2026-08-24 20:28:29.661359+00,2026-08-24 20:28:29.661359+00
143,2015,3,18,High Desert Dance Classic,auto,Lancaster,California,United States,"Lancaster, CA, United States","Lancaster, CA",2026-08-24 20:28:29.661359+00,2026-08-24 20:28:29.661359+00
245,2015,3,175,Holy Land Open,auto,Eilat,,Israel,"Eilat, Israel","Eilat, Israel",2026-08-24 20:28:29.661359+00,2026-08-24 20:28:29.661359+00
92,2015,3,13,MADjam,auto,Washington,District of Columbia,United States,"Washington, DC, United States","Washington, DC",2026-08-24 20:28:29.661359+00,2026-08-24 20:28:29.661359+00
153,2015,3,44,Novice Invitational,auto,Houston,Texas,United States,"Houston, TX, United States","Houston, TX",2026-08-24 20:28:29.661359+00,2026-08-24 20:28:29.661359+00
244,2015,3,4,Rose City Swing,auto,Portland,Oregon,United States,"Portland, OR, United States","Portland, OR",2026-08-24 20:28:29.661359+00,2026-08-24 20:28:29.661359+00
170,2015,3,113,Russian Open WCS Championships,auto,Moscow,,Russia,"Moscow, Russia","Moscow, Russia",2026-08-24 20:28:29.661359+00,2026-08-24 20:28:29.661359+00
246,2015,3,209,Swing Escape,auto,Hunter Valley,,Australia,"Hunter Valley, Australia","Hunter Valley, Australia",2026-08-24 20:28:29.661359+00,2026-08-24 20:28:29.661359+00
216,2015,3,216,The Brazilian Open,auto,Fortaleza,,Brazil,"Fortaleza, Brazil","Fortaleza, Brazil",2026-08-24 20:28:29.661359+00,2026-08-24 20:28:29.661359+00
142,2015,3,34,The Chicago Classic,auto,Chicago,Illinois,United States,"Chicago, IL, United States","Chicago, IL",2026-08-24 20:28:29.661359+00,2026-08-24 20:28:29.661359+00
186,2015,3,156,West in Lyon,auto,Lyon,,France,"Lyon, France","Lyon, France",2026-08-24 20:28:29.661359+00,2026-08-24 20:28:29.661359+00
243,2015,2,136,Anti Valentines,auto,Tuscaloosa,Alabama,United States,"Tuscaloosa, AL, United States","Tuscaloosa, AL",2026-08-24 20:28:29.661359+00,2026-08-24 20:28:29.661359+00
12,2015,2,6,Capital Swing Dance Convention,auto,Sacramento,California,United States,"Sacramento, CA, United States","Sacramento, CA",2026-08-24 20:28:29.661359+00,2026-08-24 20:28:29.661359+00
242,2015,2,116,Derby City Swing,auto,Louisville,Kentucky,United States,"Louisville, KY, United States","Louisville, KY",2026-08-24 20:28:29.661359+00,2026-08-24 20:28:29.661359+00
185,2015,2,53,Sweetheart Swing Classic,auto,Tampa,Florida,United States,"Tampa, FL, United States","Tampa, FL",2026-08-24 20:28:29.661359+00,2026-08-24 20:28:29.661359+00
215,2015,2,222,Swing & Snow,auto,St. Petersburg,,Russia,"St. Petersburg, Russia","St. Petersburg, Russia",2026-08-24 20:28:29.661359+00,2026-08-24 20:28:29.661359+00
200,2015,1,39,Austin Swing Dance Championships,auto,Austin,Texas,United States,"Austin, TX, United States","Austin, TX",2026-08-24 20:28:29.661359+00,2026-08-24 20:28:29.661359+00
184,2015,1,110,BudaFest Open WCS Championships,auto,Budapest,,Hungary,"Budapest, Hungary","Budapest, Hungary",2026-08-24 20:28:29.661359+00,2026-08-24 20:28:29.661359+00
334,2015,1,8,Countdown Swing Boston,manual,Boston,Massachusetts,United States,"Boston, MA, United States","Boston, MA",2026-08-24 20:28:29.661359+00,2026-08-24 20:28:29.661359+00
42,2015,1,82,Floorplay Swing Vacation,auto,Orlando,Florida,United States,"Orlando, FL, United States","Orlando, FL",2026-08-24 20:28:29.661359+00,2026-08-24 20:28:29.661359+00
183,2015,1,66,Freedom Swing Dance Challenge,auto,Wilmington,Delaware,United States,"Wilmington, DE, United States","Wilmington, DE",2026-08-24 20:28:29.661359+00,2026-08-24 20:28:29.661359+00
62,2015,1,1,Monterey SwingFest,auto,Monterey,California,United States,"Monterey, CA, United States","Monterey, CA",2026-08-24 20:28:29.661359+00,2026-08-24 20:28:29.661359+00
241,2015,1,113,Moscow Xmas Dance Camp,auto,Moscow,,Russia,"Moscow, Russia","Moscow, Russia",2026-08-24 20:28:29.661359+00,2026-08-24 20:28:29.661359+00
214,2015,1,107,New Year's Swing Fling,auto,London,,United Kingdom,"London, United Kingdom","London, United Kingdom",2026-08-24 20:28:29.661359+00,2026-08-24 20:28:29.661359+00
195,2015,1,20,Palm Springs New Years Swing Dance Classic,auto,Palm Springs,California,United States,"Palm Springs, CA, United States","Palm Springs, CA",2026-08-24 20:28:29.661359+00,2026-08-24 20:28:29.661359+00
141,2015,1,43,Spotlight New Year's Celebration,auto,Nashville,Tennessee,United States,"Nashville, TN, United States","Nashville, TN",2026-08-24 20:28:29.661359+00,2026-08-24 20:28:29.661359+00
196,2015,1,4,SwingCouver,auto,Portland,Oregon,United States,"Portland, OR, United States","Portland, OR",2026-08-24 20:28:29.661359+00,2026-08-24 20:28:29.661359+00
240,2015,1,199,Westie Gala,auto,Stockholm,,Sweden,"Stockholm, Sweden","Stockholm, Sweden",2026-08-24 20:28:29.661359+00,2026-08-24 20:28:29.661359+00
152,2015,1,82,Worlds UCWDC,auto,Orlando,Florida,United States,"Orlando, FL, United States","Orlando, FL",2026-08-24 20:28:29.661359+00,2026-08-24 20:28:29.661359+00
213,2014,12,169,Swingtimate,auto,Gold Coast,,Australia,"Gold Coast, Australia","Gold Coast, Australia",2026-08-24 20:28:29.661359+00,2026-08-24 20:28:29.661359+00
212,2014,12,73,The After Party (TAP),auto,Orange County,California,United States,"Orange County, CA, United States","Orange County, CA",2026-08-24 20:28:29.661359+00,2026-08-24 20:28:29.661359+00
239,2014,12,21,The Challenge,auto,Dallas,Texas,United States,"Dallas, TX, United States","Dallas, TX",2026-08-24 20:28:29.661359+00,2026-08-24 20:28:29.661359+00
238,2014,12,223,Winter White,auto,Oslo,,Norway,"Oslo, Norway","Oslo, Norway",2026-08-24 20:28:29.661359+00,2026-08-24 20:28:29.661359+00
87,2014,11,96,CASH Bash,auto,Cleveland,Ohio,United States,"Cleveland, OH, United States","Cleveland, OH",2026-08-24 20:28:29.661359+00,2026-08-24 20:28:29.661359+00
181,2014,11,38,DC Swing eXperience (DCSX),auto,Herndon,Virginia,United States,"Herndon, VA, United States","Herndon, VA",2026-08-24 20:28:29.661359+00,2026-08-24 20:28:29.661359+00
194,2014,11,113,Moscow Westie Fest,auto,Moscow,,Russia,"Moscow, Russia","Moscow, Russia",2026-08-24 20:28:29.661359+00,2026-08-24 20:28:29.661359+00
31,2014,11,28,Mountain Magic,auto,South Lake Tahoe (near Reno),Nevada,United States,"South Lake Tahoe (near Reno), NV, United States","South Lake Tahoe (near Reno), NV",2026-08-24 20:28:29.661359+00,2026-08-24 20:28:29.661359+00
79,2014,11,30,Sea to Sky,auto,Seattle,Washington,United States,"Seattle, WA, United States","Seattle, WA",2026-08-24 20:28:29.661359+00,2026-08-24 20:28:29.661359+00
63,2014,11,70,Swingin' New England Dance Festival,auto,Newton,Massachusetts,United States,"Newton (Boston), MA, United States","Newton (Boston), MA",2026-08-24 20:28:29.661359+00,2026-08-24 20:28:29.661359+00
137,2014,11,53,Tampa Bay Classic,auto,Tampa,Florida,United States,"Tampa, FL, United States","Tampa, FL",2026-08-24 20:28:29.661359+00,2026-08-24 20:28:29.661359+00
68,2014,11,22,US Open Swing Dance Championships,auto,Los Angeles,California,United States,"Los Angeles, CA, United States","Los Angeles, CA",2026-08-24 20:28:29.661359+00,2026-08-24 20:28:29.661359+00
236,2014,11,155,Warsaw Halloween Swing,auto,Warsaw,,Poland,"Warsaw, Poland","Warsaw, Poland",2026-08-24 20:28:29.661359+00,2026-08-24 20:28:29.661359+00
211,2014,10,25,Atlanta Swing Classic,auto,Atlanta,Georgia,United States,"Atlanta, GA, United States","Atlanta, GA, United States",2026-08-24 20:28:29.661359+00,2026-08-24 20:28:29.661359+00
180,2014,10,174,Australian Open Swing Dance Championships,auto,Melbourne,,Australia,"Melbourne, Australia","Melbourne, Australia",2026-08-24 20:28:29.661359+00,2026-08-24 20:28:29.661359+00
8,2014,10,2,Boogie By The Bay,auto,San Francisco,California,United States,"San Francisco, CA, United States","San Francisco, CA",2026-08-24 20:28:29.661359+00,2026-08-24 20:28:29.661359+00
65,2014,10,24,Halloween SwingThing,auto,Costa Mesa,California,United States,"Costa Mesa, CA, United States","Costa Mesa, CA",2026-08-24 20:28:29.661359+00,2026-08-24 20:28:29.661359+00
179,2014,10,168,New Zealand Open Swing Dance Championships,auto,Auckland,,New Zealand,"Auckland, New Zealand","Auckland, New Zealand",2026-08-24 20:28:29.661359+00,2026-08-24 20:28:29.661359+00
43,2014,10,19,Paradise Dance Festival,auto,Irvine,California,United States,"Irvine, CA, United States","Irvine, CA",2026-08-24 20:28:29.661359+00,2026-08-24 20:28:29.661359+00
125,2014,10,34,Swing City Chicago,auto,Chicago,Illinois,United States,"Chicago, IL, United States","Chicago, IL",2026-08-24 20:28:29.661359+00,2026-08-24 20:28:29.661359+00
237,2014,10,204,WCS Helsinki,auto,Helsinki,,Finland,"Helsinki, Finland","Helsinki, Finland",2026-08-24 20:28:29.661359+00,2026-08-24 20:28:29.661359+00
233,2014,9,129,Bavarian Open,auto,Munich,,Germany,"Munich, Germany","Munich, Germany",2026-08-24 20:28:29.661359+00,2026-08-24 20:28:29.661359+00
10,2014,9,74,Bridgetown Swing Boogie,auto,Vancouver,Washington,United States,"Vancouver, WA, United States","Vancouver, WA",2026-08-24 20:28:29.661359+00,2026-08-24 20:28:29.661359+00
15,2014,9,21,Dallas D.A.N.C.E.,auto,Dallas,Texas,United States,"Dallas, TX, United States","Dallas, TX",2026-08-24 20:28:29.661359+00,2026-08-24 20:28:29.661359+00
135,2014,9,3,Desert City Swing,auto,Phoenix,Arizona,United States,"Phoenix, AZ, United States","Phoenix, AZ",2026-08-24 20:28:29.661359+00,2026-08-24 20:28:29.661359+00
131,2014,9,49,Meet Me In St Louis,auto,St. Louis,Missouri,United States,"St. Louis, MO, United States","St. Louis, MO",2026-08-24 20:28:29.661359+00,2026-08-24 20:28:29.661359+00
165,2014,9,107,Midland Swing Open,auto,London,,United Kingdom,"London, United Kingdom","London, United Kingdom",2026-08-24 20:28:29.661359+00,2026-08-24 20:28:29.661359+00
100,2014,9,94,New Mexico Dance Fiesta,auto,Albuquerque,New Mexico,United States,"Albuquerque, NM, United States","Albuquerque, NM",2026-08-24 20:28:29.661359+00,2026-08-24 20:28:29.661359+00
232,2014,9,181,Norway Westie Fest,auto,Trondheim,,Norway,"Trondheim, Norway","Trondheim, Norway",2026-08-24 20:28:29.661359+00,2026-08-24 20:28:29.661359+00
234,2014,9,66,Philly Swing Classic,auto,Wilmington,Delaware,United States,"Wilmington, DE, United States","Wilmington, DE",2026-08-24 20:28:29.661359+00,2026-08-24 20:28:29.661359+00
230,2014,9,248,Sunny Side Dance Camp,auto,Torrevieja,,Spain,"Torrevieja, Spain","Torrevieja, Spain",2026-08-24 20:28:29.661359+00,2026-08-24 20:28:29.661359+00
231,2014,9,63,Trilogy Swing,auto,Raleigh,North Carolina,United States,"Raleigh, NC, United States","Raleigh, NC",2026-08-24 20:28:29.661359+00,2026-08-24 20:28:29.661359+00
190,2014,9,144,Vermont Swing Dance Championships,auto,Burlington,Vermont,United States,"Burlington, VT, United States","Burlington, VT",2026-08-24 20:28:29.661359+00,2026-08-24 20:28:29.661359+00
77,2014,8,3,Arizona Dance Classic,auto,Phoenix,Arizona,United States,"Phoenix, AZ, United States","Phoenix, AZ",2026-08-24 20:28:29.661359+00,2026-08-24 20:28:29.661359+00
119,2014,8,34,Chicagoland Country and Swing Dance Festival,auto,Chicago,Illinois,United States,"Chicago, IL, United States","Chicago, IL",2026-08-24 20:28:29.661359+00,2026-08-24 20:28:29.661359+00
120,2014,8,39,Lone Star Invitational,auto,Austin,Texas,United States,"Austin, TX, United States","Austin, TX",2026-08-24 20:28:29.661359+00,2026-08-24 20:28:29.661359+00
157,2014,8,70,New England Dance Festival,auto,Newton,Massachusetts,United States,"Newton (Boston), MA, United States","Newton (Boston), MA",2026-08-24 20:28:29.661359+00,2026-08-24 20:28:29.661359+00
51,2014,8,20,Palm Springs Summer Dance Classic,auto,Palm Springs,California,United States,"Palm Springs, CA, United States","Palm Springs, CA",2026-08-24 20:28:29.661359+00,2026-08-24 20:28:29.661359+00
177,2014,8,98,River City Swing,auto,Jacksonville,Florida,United States,"Jacksonville, FL, United States","Jacksonville, FL",2026-08-24 20:28:29.661359+00,2026-08-24 20:28:29.661359+00
229,2014,8,199,Scandinavian Open,auto,Stockholm,,Sweden,"Stockholm, Sweden","Stockholm, Sweden",2026-08-24 20:28:29.661359+00,2026-08-24 20:28:29.661359+00
164,2014,8,158,Sea Sun and Swing,auto,La Grande Motte,,France,"La Grande Motte, France","La Grande Motte, France",2026-08-24 20:28:29.661359+00,2026-08-24 20:28:29.661359+00
48,2014,8,16,South Bay Dance Fling,auto,San Jose,California,United States,"San Jose, CA, United States","San Jose, CA",2026-08-24 20:28:29.661359+00,2026-08-24 20:28:29.661359+00
53,2014,8,397,Summer Hummer,auto,Woburn,Massachusetts,United States,"Woburn (Boston), MA, United States","Woburn (Boston), MA",2026-08-24 20:28:29.661359+00,2026-08-24 20:28:29.661359+00
228,2014,8,151,Summer Swing Classic,auto,St. Petersburg,Florida,United States,"St. Petersburg, FL, United States","St. Petersburg, FL",2026-08-24 20:28:29.661359+00,2026-08-24 20:28:29.661359+00
59,2014,8,38,Swing Fling,auto,Herndon,Virginia,United States,"Herndon, VA, United States","Herndon, VA",2026-08-24 20:28:29.661359+00,2026-08-24 20:28:29.661359+00
227,2014,8,2,Swingtacular: The Galactic Open,auto,San Francisco,California,United States,"San Francisco, CA, United States","San Francisco, CA",2026-08-24 20:28:29.661359+00,2026-08-24 20:28:29.661359+00
159,2014,8,207,World Swing Masters,auto,Blackpool,,United Kingdom,"Blackpool, United Kingdom","Blackpool, United Kingdom",2026-08-24 20:28:29.661359+00,2026-08-24 20:28:29.661359+00
1,2014,7,3,4TH of July Convention,auto,Phoenix,Arizona,United States,"Phoenix, AZ, United States","Phoenix, AZ",2026-08-24 20:28:29.661359+00,2026-08-24 20:28:29.661359+00
156,2014,7,140,Big Apple Dance Festival,auto,Morristown,New Jersey,United States,"Morristown, NJ, United States","Morristown, NJ",2026-08-24 20:28:29.661359+00,2026-08-24 20:28:29.661359+00
148,2014,7,57,Dance Mardi Gras,auto,New Orleans,Louisiana,United States,"New Orleans, LA, United States","New Orleans, LA",2026-08-24 20:28:29.661359+00,2026-08-24 20:28:29.661359+00
149,2014,7,55,Florida Dance Magic,auto,Fort Lauderdale,Florida,United States,"Fort Lauderdale, FL, United States","Fort Lauderdale, FL",2026-08-24 20:28:29.661359+00,2026-08-24 20:28:29.661359+00
226,2014,7,55,Ft. Lauderdale Swing & Shag Beach Bash,auto,Fort Lauderdale,Florida,United States,"Fort Lauderdale, FL, United States","Fort Lauderdale, FL",2026-08-24 20:28:29.661359+00,2026-08-24 20:28:29.661359+00
44,2014,7,4,Portland Dance Festival,auto,Portland,Oregon,United States,"Portland, OR, United States","Portland, OR",2026-08-24 20:28:29.661359+00,2026-08-24 20:28:29.661359+00
209,2014,7,27,SinCity Swing,auto,Las Vegas,Nevada,United States,"Las Vegas, NV, United States","Las Vegas, NV",2026-08-24 20:28:29.661359+00,2026-08-24 20:28:29.661359+00
47,2014,7,29,Swingtime in the Rockies,auto,Denver,Colorado,United States,"Denver, CO, United States","Denver, CO",2026-08-24 20:28:29.661359+00,2026-08-24 20:28:29.661359+00
147,2014,7,105,Toronto Open Swing & Hustle Championships,auto,Toronto,,Canada,"Toronto, Canada","Toronto, Canada",2026-08-24 20:28:29.661359+00,2026-08-24 20:28:29.661359+00
225,2014,7,21,Wild Wild Westie,auto,Dallas,Texas,United States,"Dallas, TX, United States","Dallas, TX",2026-08-24 20:28:29.661359+00,2026-08-24 20:28:29.661359+00
222,2014,6,186,Baltic Swing,auto,Gdańsk,,Poland,"Gdańsk, Poland","Gdańsk, Poland",2026-08-24 20:28:29.661359+00,2026-08-24 20:28:29.661359+00
109,2014,6,29,Colorado Country Classic,auto,Denver,Colorado,United States,"Denver, CO, United States","Denver, CO",2026-08-24 20:28:29.661359+00,2026-08-24 20:28:29.661359+00
207,2014,6,133,Dance N Play,auto,Bend,Oregon,United States,"Bend, OR, United States","Bend, OR",2026-08-24 20:28:29.661359+00,2026-08-24 20:28:29.661359+00
175,2014,6,109,French Open West Coast Swing,auto,Paris,,France,"Paris, France","Paris, France",2026-08-24 20:28:29.661359+00,2026-08-24 20:28:29.661359+00
25,2014,6,23,J&J O'Rama,auto,Anaheim,California,United States,"Anaheim, CA, United States","Anaheim, CA",2026-08-24 20:28:29.661359+00,2026-08-24 20:28:29.661359+00
96,2014,6,41,Liberty Swing Dance Championships,auto,New Brunswick,New Jersey,United States,"New Brunswick, NJ, United States","New Brunswick, NJ",2026-08-24 20:28:29.661359+00,2026-08-24 20:28:29.661359+00
76,2014,6,51,Michigan Dance Classic,auto,Detroit,Michigan,United States,"Detroit, MI, United States","Detroit, MI",2026-08-24 20:28:29.661359+00,2026-08-24 20:28:29.661359+00
224,2014,6,48,Midwest Westie Fest,auto,Overland Park,Kansas,United States,"Overland Park, KS, United States","Overland Park, KS",2026-08-24 20:28:29.661359+00,2026-08-24 20:28:29.661359+00
188,2014,6,117,NSW West Coast Swing Dance Championships,auto,Sydney,,Australia,"Sydney, Australia","Sydney, Australia",2026-08-24 20:28:29.661359+00,2026-08-24 20:28:29.661359+00
117,2014,6,82,Orange Blossom Dance Festival,auto,Orlando,Florida,United States,"Orlando, FL, United States","Orlando, FL",2026-08-24 20:28:29.661359+00,2026-08-24 20:28:29.661359+00
223,2014,6,223,Slingshot Swing,auto,Oslo,,Norway,"Oslo, Norway","Oslo, Norway",2026-08-24 20:28:29.661359+00,2026-08-24 20:28:29.661359+00
105,2014,5,86,Canadian Swing Championships,auto,Montreal,,Canada,"Montreal, Canada","Montreal, Canada",2026-08-24 20:28:29.661359+00,2026-08-24 20:28:29.661359+00
220,2014,5,127,D-Town Swing,auto,Düsseldorf,,Germany,"Düsseldorf, Germany","Düsseldorf, Germany",2026-08-24 20:28:29.661359+00,2026-08-24 20:28:29.661359+00
163,2014,5,21,DFW Pro Am Jam,auto,Dallas,Texas,United States,"Dallas, TX, United States","Dallas, TX",2026-08-24 20:28:29.661359+00,2026-08-24 20:28:29.661359+00
20,2014,5,5,FreZno Dance Classic,auto,Fresno,California,United States,"Fresno, CA, United States","Fresno, CA",2026-08-24 20:28:29.661359+00,2026-08-24 20:28:29.661359+00
221,2014,5,49,Gateway Swing Classic,auto,St. Louis,Missouri,United States,"St. Louis, MO, United States","St. Louis, MO",2026-08-24 20:28:29.661359+00,2026-08-24 20:28:29.661359+00
206,2014,5,110,Hungarian Open,auto,Budapest,,Hungary,"Budapest, Hungary","Budapest, Hungary",2026-08-24 20:28:29.661359+00,2026-08-24 20:28:29.661359+00
172,2014,5,82,International Hustle & Salsa Congress,auto,Orlando,Florida,United States,"Orlando, FL, United States","Orlando, FL",2026-08-24 20:28:29.661359+00,2026-08-24 20:28:29.661359+00
201,2014,5,38,MidAtlantic Dance Classic,auto,Herndon,Virginia,United States,"Herndon, VA, United States","Herndon, VA",2026-08-24 20:28:29.661359+00,2026-08-24 20:28:29.661359+00
205,2014,5,88,SOswing,auto,Ashland,Oregon,United States,"Ashland, OR, United States","Ashland, OR",2026-08-24 20:28:29.661359+00,2026-08-24 20:28:29.661359+00
204,2014,5,199,Spring Swing,auto,Stockholm,,Sweden,"Stockholm, Sweden","Stockholm, Sweden",2026-08-24 20:28:29.661359+00,2026-08-24 20:28:29.661359+00
162,2014,5,40,Swingapalooza,auto,Baton Rouge,Louisiana,United States,"Baton Rouge, LA, United States","Baton Rouge, LA",2026-08-24 20:28:29.661359+00,2026-08-24 20:28:29.661359+00
61,2014,5,10,SwingDiego,auto,San Diego,California,United States,"San Diego, CA, United States","San Diego, CA",2026-08-24 20:28:29.661359+00,2026-08-24 20:28:29.661359+00
144,2014,5,131,Swingin' Into Spring,auto,Hartford,Connecticut,United States,"Hartford, CT, United States","Hartford, CT",2026-08-24 20:28:29.661359+00,2026-08-24 20:28:29.661359+00
174,2014,5,169,Swingsation,auto,Gold Coast,,Australia,"Gold Coast, Australia","Gold Coast, Australia",2026-08-24 20:28:29.661359+00,2026-08-24 20:28:29.661359+00
121,2014,5,39,The Texas Classic,auto,Austin,Texas,United States,"Austin, TX, United States","Austin, TX",2026-08-24 20:28:29.661359+00,2026-08-24 20:28:29.661359+00
22,2014,5,25,USA Grand Nationals,auto,Atlanta,Georgia,United States,"Atlanta, GA, United States","Atlanta, GA, United States",2026-08-24 20:28:29.661359+00,2026-08-24 20:28:29.661359+00
218,2014,4,159,Asia West Coast Swing Open,auto,Singapore,,Singapore,"Singapore, Singapore","Singapore, Singapore",2026-08-24 20:28:29.661359+00,2026-08-24 20:28:29.661359+00
200,2014,4,39,Austin Swing Dance Championships,auto,Austin,Texas,United States,"Austin, TX, United States","Austin, TX",2026-08-24 20:28:29.661359+00,2026-08-24 20:28:29.661359+00
187,2014,4,54,City of Angels WCS,auto,Burbank,California,United States,"Burbank, CA, United States","Burbank, CA",2026-08-24 20:28:29.661359+00,2026-08-24 20:28:29.661359+00
203,2014,4,166,Detonation Dance,auto,Manchester,,United Kingdom,"Manchester, United Kingdom","Manchester, United Kingdom",2026-08-24 20:28:29.661359+00,2026-08-24 20:28:29.661359+00
18,2014,4,30,Easter Swing,auto,Seattle,Washington,United States,"Seattle, WA, United States","Seattle, WA",2026-08-24 20:28:29.661359+00,2026-08-24 20:28:29.661359+00
219,2014,4,125,KIWI Fest,auto,Kiev,,Ukraine,"Kiev, Ukraine","Kiev, Ukraine",2026-08-24 20:28:29.661359+00,2026-08-24 20:28:29.661359+00
217,2014,4,10,San Diego Dance Festival,auto,San Diego,California,United States,"San Diego, CA, United States","San Diego, CA",2026-08-24 20:28:29.661359+00,2026-08-24 20:28:29.661359+00
134,2014,4,89,Swing Dance America,auto,Lake Geneva,Illinois,United States,"Lake Geneva, IL, United States","Lake Geneva, IL",2026-08-24 20:28:29.661359+00,2026-08-24 20:28:29.661359+00
132,2014,4,58,Tulsa Spring Swing,auto,Tulsa,Oklahoma,United States,"Tulsa, OK, United States","Tulsa, OK",2026-08-24 20:28:29.661359+00,2026-08-24 20:28:29.661359+00
154,2014,4,107,UK WCS Championships,auto,London,,United Kingdom,"London, United Kingdom","London, United Kingdom",2026-08-24 20:28:29.661359+00,2026-08-24 20:28:29.661359+00
9,2014,3,8,Boston Tea Party,auto,Boston,Massachusetts,United States,"Boston, MA, United States","Boston, MA",2026-08-24 20:28:29.661359+00,2026-08-24 20:28:29.661359+00
169,2014,3,114,Dance Camp Chicago,auto,Elmhurst,Illinois,United States,"Elmhurst, IL, United States","Elmhurst, IL",2026-08-24 20:28:29.661359+00,2026-08-24 20:28:29.661359+00
143,2014,3,18,High Desert Dance Classic,auto,Lancaster,California,United States,"Lancaster, CA, United States","Lancaster, CA",2026-08-24 20:28:29.661359+00,2026-08-24 20:28:29.661359+00
92,2014,3,13,MADjam,auto,Washington,District of Columbia,United States,"Washington, DC, United States","Washington, DC",2026-08-24 20:28:29.661359+00,2026-08-24 20:28:29.661359+00
153,2014,3,44,Novice Invitational,auto,Houston,Texas,United States,"Houston, TX, United States","Houston, TX",2026-08-24 20:28:29.661359+00,2026-08-24 20:28:29.661359+00
170,2014,3,113,Russian Open WCS Championships,auto,Moscow,,Russia,"Moscow, Russia","Moscow, Russia",2026-08-24 20:28:29.661359+00,2026-08-24 20:28:29.661359+00
216,2014,3,216,The Brazilian Open,auto,Fortaleza,,Brazil,"Fortaleza, Brazil","Fortaleza, Brazil",2026-08-24 20:28:29.661359+00,2026-08-24 20:28:29.661359+00
142,2014,3,34,The Chicago Classic,auto,Chicago,Illinois,United States,"Chicago, IL, United States","Chicago, IL",2026-08-24 20:28:29.661359+00,2026-08-24 20:28:29.661359+00
186,2014,3,156,West in Lyon,auto,Lyon,,France,"Lyon, France","Lyon, France",2026-08-24 20:28:29.661359+00,2026-08-24 20:28:29.661359+00
197,2014,2,29,5280 Westival,auto,Denver,Colorado,United States,"Denver, CO, United States","Denver, CO",2026-08-24 20:28:29.661359+00,2026-08-24 20:28:29.661359+00
167,2014,2,117,Best of the Best WCS,auto,Sydney,,Australia,"Sydney, Australia","Sydney, Australia",2026-08-24 20:28:29.661359+00,2026-08-24 20:28:29.661359+00
12,2014,2,6,Capital Swing Dance Convention,auto,Sacramento,California,United States,"Sacramento, CA, United States","Sacramento, CA",2026-08-24 20:28:29.661359+00,2026-08-24 20:28:29.661359+00
168,2014,2,206,Scottish WCS Dance Championships,auto,Bathgate,,United Kingdom,"Bathgate, United Kingdom","Bathgate, United Kingdom",2026-08-24 20:28:29.661359+00,2026-08-24 20:28:29.661359+00
185,2014,2,53,Sweetheart Swing Classic,auto,Tampa,Florida,United States,"Tampa, FL, United States","Tampa, FL",2026-08-24 20:28:29.661359+00,2026-08-24 20:28:29.661359+00
215,2014,2,222,Swing & Snow,auto,St. Petersburg,,Russia,"St. Petersburg, Russia","St. Petersburg, Russia",2026-08-24 20:28:29.661359+00,2026-08-24 20:28:29.661359+00
67,2014,1,44,Americas Classic,auto,Houston,Texas,United States,"Houston, TX, United States","Houston, TX",2026-08-24 20:28:29.661359+00,2026-08-24 20:28:29.661359+00
184,2014,1,110,BudaFest Open WCS Championships,auto,Budapest,,Hungary,"Budapest, Hungary","Budapest, Hungary",2026-08-24 20:28:29.661359+00,2026-08-24 20:28:29.661359+00
183,2014,1,66,Freedom Swing Dance Challenge,auto,Wilmington,Delaware,United States,"Wilmington, DE, United States","Wilmington, DE",2026-08-24 20:28:29.661359+00,2026-08-24 20:28:29.661359+00
62,2014,1,1,Monterey SwingFest,auto,Monterey,California,United States,"Monterey, CA, United States","Monterey, CA",2026-08-24 20:28:29.661359+00,2026-08-24 20:28:29.661359+00
214,2014,1,107,New Year's Swing Fling,auto,London,,United Kingdom,"London, United Kingdom","London, United Kingdom",2026-08-24 20:28:29.661359+00,2026-08-24 20:28:29.661359+00
195,2014,1,20,Palm Springs New Years Swing Dance Classic,auto,Palm Springs,California,United States,"Palm Springs, CA, United States","Palm Springs, CA",2026-08-24 20:28:29.661359+00,2026-08-24 20:28:29.661359+00
196,2014,1,4,SwingCouver,auto,Portland,Oregon,United States,"Portland, OR, United States","Portland, OR",2026-08-24 20:28:29.661359+00,2026-08-24 20:28:29.661359+00
75,2014,1,21,UCWDC Country Dance World Championship,auto,Dallas,Texas,United States,"Dallas, TX, United States","Dallas, TX",2026-08-24 20:28:29.661359+00,2026-08-24 20:28:29.661359+00
87,2013,12,96,CASH Bash,auto,Cleveland,Ohio,United States,"Cleveland, OH, United States","Cleveland, OH",2026-08-24 20:28:29.661359+00,2026-08-24 20:28:29.661359+00
334,2013,12,8,Countdown Swing Boston,manual,Boston,Massachusetts,United States,"Boston, MA, United States","Boston, MA",2026-08-24 20:28:29.661359+00,2026-08-24 20:28:29.661359+00
42,2013,12,82,Floorplay Swing Vacation,auto,Orlando,Florida,United States,"Orlando, FL, United States","Orlando, FL",2026-08-24 20:28:29.661359+00,2026-08-24 20:28:29.661359+00
141,2013,12,43,Spotlight New Year's Celebration,auto,Nashville,Tennessee,United States,"Nashville, TN, United States","Nashville, TN",2026-08-24 20:28:29.661359+00,2026-08-24 20:28:29.661359+00
213,2013,12,169,Swingtimate,auto,Gold Coast,,Australia,"Gold Coast, Australia","Gold Coast, Australia",2026-08-24 20:28:29.661359+00,2026-08-24 20:28:29.661359+00
212,2013,12,73,The After Party (TAP),auto,Orange County,California,United States,"Orange County, CA, United States","Orange County, CA",2026-08-24 20:28:29.661359+00,2026-08-24 20:28:29.661359+00
68,2013,12,22,US Open Swing Dance Championships,auto,Los Angeles,California,United States,"Los Angeles, CA, United States","Los Angeles, CA",2026-08-24 20:28:29.661359+00,2026-08-24 20:28:29.661359+00
181,2013,11,38,DC Swing eXperience (DCSX),auto,Herndon,Virginia,United States,"Herndon, VA, United States","Herndon, VA",2026-08-24 20:28:29.661359+00,2026-08-24 20:28:29.661359+00
166,2013,11,212,London SwingVitational,auto,Windsor,,United Kingdom,"Windsor, United Kingdom","Windsor, United Kingdom",2026-08-24 20:28:29.661359+00,2026-08-24 20:28:29.661359+00
194,2013,11,113,Moscow Westie Fest,auto,Moscow,,Russia,"Moscow, Russia","Moscow, Russia",2026-08-24 20:28:29.661359+00,2026-08-24 20:28:29.661359+00
31,2013,11,28,Mountain Magic,auto,South Lake Tahoe (near Reno),Nevada,United States,"South Lake Tahoe (near Reno), NV, United States","South Lake Tahoe (near Reno), NV",2026-08-24 20:28:29.661359+00,2026-08-24 20:28:29.661359+00
79,2013,11,30,Sea to Sky,auto,Seattle,Washington,United States,"Seattle, WA, United States","Seattle, WA",2026-08-24 20:28:29.661359+00,2026-08-24 20:28:29.661359+00
63,2013,11,70,Swingin' New England Dance Festival,auto,Newton,Massachusetts,United States,"Newton (Boston), MA, United States","Newton (Boston), MA",2026-08-24 20:28:29.661359+00,2026-08-24 20:28:29.661359+00
137,2013,11,53,Tampa Bay Classic,auto,Tampa,Florida,United States,"Tampa, FL, United States","Tampa, FL",2026-08-24 20:28:29.661359+00,2026-08-24 20:28:29.661359+00
211,2013,10,25,Atlanta Swing Classic,auto,Atlanta,Georgia,United States,"Atlanta, GA, United States","Atlanta, GA, United States",2026-08-24 20:28:29.661359+00,2026-08-24 20:28:29.661359+00
180,2013,10,174,Australian Open Swing Dance Championships,auto,Melbourne,,Australia,"Melbourne, Australia","Melbourne, Australia",2026-08-24 20:28:29.661359+00,2026-08-24 20:28:29.661359+00
8,2013,10,2,Boogie By The Bay,auto,San Francisco,California,United States,"San Francisco, CA, United States","San Francisco, CA",2026-08-24 20:28:29.661359+00,2026-08-24 20:28:29.661359+00
65,2013,10,24,Halloween SwingThing,auto,Costa Mesa,California,United States,"Costa Mesa, CA, United States","Costa Mesa, CA",2026-08-24 20:28:29.661359+00,2026-08-24 20:28:29.661359+00
210,2013,10,172,Korean Open WCS Championships,auto,Incheon,,Republic of Korea,"Incheon, Republic of Korea","Incheon, Republic of Korea",2026-08-24 20:28:29.661359+00,2026-08-24 20:28:29.661359+00
178,2013,10,86,Montreal Westie Fest,auto,Montreal,,Canada,"Montreal, Canada","Montreal, Canada",2026-08-24 20:28:29.661359+00,2026-08-24 20:28:29.661359+00
179,2013,10,168,New Zealand Open Swing Dance Championships,auto,Auckland,,New Zealand,"Auckland, New Zealand","Auckland, New Zealand",2026-08-24 20:28:29.661359+00,2026-08-24 20:28:29.661359+00
43,2013,10,19,Paradise Dance Festival,auto,Irvine,California,United States,"Irvine, CA, United States","Irvine, CA",2026-08-24 20:28:29.661359+00,2026-08-24 20:28:29.661359+00
125,2013,10,34,Swing City Chicago,auto,Chicago,Illinois,United States,"Chicago, IL, United States","Chicago, IL",2026-08-24 20:28:29.661359+00,2026-08-24 20:28:29.661359+00
192,2013,10,156,Swing Generation,auto,Lyon,,France,"Lyon, France","Lyon, France",2026-08-24 20:28:29.661359+00,2026-08-24 20:28:29.661359+00
236,2013,10,155,Warsaw Halloween Swing,auto,Warsaw,,Poland,"Warsaw, Poland","Warsaw, Poland",2026-08-24 20:28:29.661359+00,2026-08-24 20:28:29.661359+00
10,2013,9,74,Bridgetown Swing Boogie,auto,Vancouver,Washington,United States,"Vancouver, WA, United States","Vancouver, WA",2026-08-24 20:28:29.661359+00,2026-08-24 20:28:29.661359+00
15,2013,9,21,Dallas D.A.N.C.E.,auto,Dallas,Texas,United States,"Dallas, TX, United States","Dallas, TX",2026-08-24 20:28:29.661359+00,2026-08-24 20:28:29.661359+00
135,2013,9,3,Desert City Swing,auto,Phoenix,Arizona,United States,"Phoenix, AZ, United States","Phoenix, AZ",2026-08-24 20:28:29.661359+00,2026-08-24 20:28:29.661359+00
131,2013,9,49,Meet Me In St Louis,auto,St. Louis,Missouri,United States,"St. Louis, MO, United States","St. Louis, MO",2026-08-24 20:28:29.661359+00,2026-08-24 20:28:29.661359+00
165,2013,9,107,Midland Swing Open,auto,London,,United Kingdom,"London, United Kingdom","London, United Kingdom",2026-08-24 20:28:29.661359+00,2026-08-24 20:28:29.661359+00
100,2013,9,94,New Mexico Dance Fiesta,auto,Albuquerque,New Mexico,United States,"Albuquerque, NM, United States","Albuquerque, NM",2026-08-24 20:28:29.661359+00,2026-08-24 20:28:29.661359+00
177,2013,9,98,River City Swing,auto,Jacksonville,Florida,United States,"Jacksonville, FL, United States","Jacksonville, FL",2026-08-24 20:28:29.661359+00,2026-08-24 20:28:29.661359+00
48,2013,9,16,South Bay Dance Fling,auto,San Jose,California,United States,"San Jose, CA, United States","San Jose, CA",2026-08-24 20:28:29.661359+00,2026-08-24 20:28:29.661359+00
191,2013,9,249,Sunny Side Dance Camp,auto,Crimea,,Ukraine,"Crimea, Ukraine","Crimea, Ukraine",2026-08-24 20:28:29.661359+00,2026-08-24 20:28:29.661359+00
190,2013,9,144,Vermont Swing Dance Championships,auto,Burlington,Vermont,United States,"Burlington, VT, United States","Burlington, VT",2026-08-24 20:28:29.661359+00,2026-08-24 20:28:29.661359+00
77,2013,8,3,Arizona Dance Classic,auto,Phoenix,Arizona,United States,"Phoenix, AZ, United States","Phoenix, AZ",2026-08-24 20:28:29.661359+00,2026-08-24 20:28:29.661359+00
119,2013,8,34,Chicagoland Country and Swing Dance Festival,auto,Chicago,Illinois,United States,"Chicago, IL, United States","Chicago, IL",2026-08-24 20:28:29.661359+00,2026-08-24 20:28:29.661359+00
120,2013,8,39,Lone Star Invitational,auto,Austin,Texas,United States,"Austin, TX, United States","Austin, TX",2026-08-24 20:28:29.661359+00,2026-08-24 20:28:29.661359+00
157,2013,8,70,New England Dance Festival,auto,Newton,Massachusetts,United States,"Newton (Boston), MA, United States","Newton (Boston), MA",2026-08-24 20:28:29.661359+00,2026-08-24 20:28:29.661359+00
51,2013,8,20,Palm Springs Summer Dance Classic,auto,Palm Springs,California,United States,"Palm Springs, CA, United States","Palm Springs, CA",2026-08-24 20:28:29.661359+00,2026-08-24 20:28:29.661359+00
164,2013,8,158,Sea Sun and Swing,auto,La Grande Motte,,France,"La Grande Motte, France","La Grande Motte, France",2026-08-24 20:28:29.661359+00,2026-08-24 20:28:29.661359+00
53,2013,8,397,Summer Hummer,auto,Woburn,Massachusetts,United States,"Woburn (Boston), MA, United States","Woburn (Boston), MA",2026-08-24 20:28:29.661359+00,2026-08-24 20:28:29.661359+00
59,2013,8,38,Swing Fling,auto,Herndon,Virginia,United States,"Herndon, VA, United States","Herndon, VA",2026-08-24 20:28:29.661359+00,2026-08-24 20:28:29.661359+00
159,2013,8,207,World Swing Masters,auto,Blackpool,,United Kingdom,"Blackpool, United Kingdom","Blackpool, United Kingdom",2026-08-24 20:28:29.661359+00,2026-08-24 20:28:29.661359+00
1,2013,7,3,4TH of July Convention,auto,Phoenix,Arizona,United States,"Phoenix, AZ, United States","Phoenix, AZ",2026-08-24 20:28:29.661359+00,2026-08-24 20:28:29.661359+00
148,2013,7,57,Dance Mardi Gras,auto,New Orleans,Louisiana,United States,"New Orleans, LA, United States","New Orleans, LA",2026-08-24 20:28:29.661359+00,2026-08-24 20:28:29.661359+00
149,2013,7,55,Florida Dance Magic,auto,Fort Lauderdale,Florida,United States,"Fort Lauderdale, FL, United States","Fort Lauderdale, FL",2026-08-24 20:28:29.661359+00,2026-08-24 20:28:29.661359+00
44,2013,7,4,Portland Dance Festival,auto,Portland,Oregon,United States,"Portland, OR, United States","Portland, OR",2026-08-24 20:28:29.661359+00,2026-08-24 20:28:29.661359+00
209,2013,7,27,SinCity Swing,auto,Las Vegas,Nevada,United States,"Las Vegas, NV, United States","Las Vegas, NV",2026-08-24 20:28:29.661359+00,2026-08-24 20:28:29.661359+00
47,2013,7,29,Swingtime in the Rockies,auto,Denver,Colorado,United States,"Denver, CO, United States","Denver, CO",2026-08-24 20:28:29.661359+00,2026-08-24 20:28:29.661359+00
147,2013,7,105,Toronto Open Swing & Hustle Championships,auto,Toronto,,Canada,"Toronto, Canada","Toronto, Canada",2026-08-24 20:28:29.661359+00,2026-08-24 20:28:29.661359+00
208,2013,7,163,WCS@IDB,auto,Rockville,Maryland,United States,"Rockville, MD, United States","Rockville, MD",2026-08-24 20:28:29.661359+00,2026-08-24 20:28:29.661359+00
109,2013,6,29,Colorado Country Classic,auto,Denver,Colorado,United States,"Denver, CO, United States","Denver, CO",2026-08-24 20:28:29.661359+00,2026-08-24 20:28:29.661359+00
207,2013,6,133,Dance N Play,auto,Bend,Oregon,United States,"Bend, OR, United States","Bend, OR",2026-08-24 20:28:29.661359+00,2026-08-24 20:28:29.661359+00
206,2013,6,110,Hungarian Open,auto,Budapest,,Hungary,"Budapest, Hungary","Budapest, Hungary",2026-08-24 20:28:29.661359+00,2026-08-24 20:28:29.661359+00
25,2013,6,23,J&J O'Rama,auto,Anaheim,California,United States,"Anaheim, CA, United States","Anaheim, CA",2026-08-24 20:28:29.661359+00,2026-08-24 20:28:29.661359+00
96,2013,6,41,Liberty Swing Dance Championships,auto,New Brunswick,New Jersey,United States,"New Brunswick, NJ, United States","New Brunswick, NJ",2026-08-24 20:28:29.661359+00,2026-08-24 20:28:29.661359+00
76,2013,6,51,Michigan Dance Classic,auto,Detroit,Michigan,United States,"Detroit, MI, United States","Detroit, MI",2026-08-24 20:28:29.661359+00,2026-08-24 20:28:29.661359+00
188,2013,6,117,NSW West Coast Swing Dance Championships,auto,Sydney,,Australia,"Sydney, Australia","Sydney, Australia",2026-08-24 20:28:29.661359+00,2026-08-24 20:28:29.661359+00
117,2013,6,82,Orange Blossom Dance Festival,auto,Orlando,Florida,United States,"Orlando, FL, United States","Orlando, FL",2026-08-24 20:28:29.661359+00,2026-08-24 20:28:29.661359+00
105,2013,5,86,Canadian Swing Championships,auto,Montreal,,Canada,"Montreal, Canada","Montreal, Canada",2026-08-24 20:28:29.661359+00,2026-08-24 20:28:29.661359+00
163,2013,5,21,DFW Pro Am Jam,auto,Dallas,Texas,United States,"Dallas, TX, United States","Dallas, TX",2026-08-24 20:28:29.661359+00,2026-08-24 20:28:29.661359+00
175,2013,5,109,French Open West Coast Swing,auto,Paris,,France,"Paris, France","Paris, France",2026-08-24 20:28:29.661359+00,2026-08-24 20:28:29.661359+00
20,2013,5,5,FreZno Dance Classic,auto,Fresno,California,United States,"Fresno, CA, United States","Fresno, CA",2026-08-24 20:28:29.661359+00,2026-08-24 20:28:29.661359+00
205,2013,5,88,SOswing,auto,Ashland,Oregon,United States,"Ashland, OR, United States","Ashland, OR",2026-08-24 20:28:29.661359+00,2026-08-24 20:28:29.661359+00
204,2013,5,199,Spring Swing,auto,Stockholm,,Sweden,"Stockholm, Sweden","Stockholm, Sweden",2026-08-24 20:28:29.661359+00,2026-08-24 20:28:29.661359+00
185,2013,5,53,Sweetheart Swing Classic,auto,Tampa,Florida,United States,"Tampa, FL, United States","Tampa, FL",2026-08-24 20:28:29.661359+00,2026-08-24 20:28:29.661359+00
162,2013,5,40,Swingapalooza,auto,Baton Rouge,Louisiana,United States,"Baton Rouge, LA, United States","Baton Rouge, LA",2026-08-24 20:28:29.661359+00,2026-08-24 20:28:29.661359+00
61,2013,5,10,SwingDiego,auto,San Diego,California,United States,"San Diego, CA, United States","San Diego, CA",2026-08-24 20:28:29.661359+00,2026-08-24 20:28:29.661359+00
144,2013,5,131,Swingin' Into Spring,auto,Hartford,Connecticut,United States,"Hartford, CT, United States","Hartford, CT",2026-08-24 20:28:29.661359+00,2026-08-24 20:28:29.661359+00
174,2013,5,169,Swingsation,auto,Gold Coast,,Australia,"Gold Coast, Australia","Gold Coast, Australia",2026-08-24 20:28:29.661359+00,2026-08-24 20:28:29.661359+00
121,2013,5,39,The Texas Classic,auto,Austin,Texas,United States,"Austin, TX, United States","Austin, TX",2026-08-24 20:28:29.661359+00,2026-08-24 20:28:29.661359+00
22,2013,5,25,USA Grand Nationals,auto,Atlanta,Georgia,United States,"Atlanta, GA, United States","Atlanta, GA, United States",2026-08-24 20:28:29.661359+00,2026-08-24 20:28:29.661359+00
218,2013,4,159,Asia West Coast Swing Open,auto,Singapore,,Singapore,"Singapore, Singapore","Singapore, Singapore",2026-08-24 20:28:29.661359+00,2026-08-24 20:28:29.661359+00
200,2013,4,39,Austin Swing Dance Championships,auto,Austin,Texas,United States,"Austin, TX, United States","Austin, TX",2026-08-24 20:28:29.661359+00,2026-08-24 20:28:29.661359+00
187,2013,4,54,City of Angels WCS,auto,Burbank,California,United States,"Burbank, CA, United States","Burbank, CA",2026-08-24 20:28:29.661359+00,2026-08-24 20:28:29.661359+00
203,2013,4,166,Detonation Dance,auto,Manchester,,United Kingdom,"Manchester, United Kingdom","Manchester, United Kingdom",2026-08-24 20:28:29.661359+00,2026-08-24 20:28:29.661359+00
172,2013,4,82,International Hustle & Salsa Congress,auto,Orlando,Florida,United States,"Orlando, FL, United States","Orlando, FL",2026-08-24 20:28:29.661359+00,2026-08-24 20:28:29.661359+00
201,2013,4,38,MidAtlantic Dance Classic,auto,Herndon,Virginia,United States,"Herndon, VA, United States","Herndon, VA",2026-08-24 20:28:29.661359+00,2026-08-24 20:28:29.661359+00
199,2013,4,135,San Francisco Dance Sensation,auto,Oakland,California,United States,"Oakland, CA, United States","Oakland, CA",2026-08-24 20:28:29.661359+00,2026-08-24 20:28:29.661359+00
134,2013,4,89,Swing Dance America,auto,Lake Geneva,Illinois,United States,"Lake Geneva, IL, United States","Lake Geneva, IL",2026-08-24 20:28:29.661359+00,2026-08-24 20:28:29.661359+00
154,2013,4,107,UK WCS Championships,auto,London,,United Kingdom,"London, United Kingdom","London, United Kingdom",2026-08-24 20:28:29.661359+00,2026-08-24 20:28:29.661359+00
197,2013,3,29,5280 Westival,auto,Denver,Colorado,United States,"Denver, CO, United States","Denver, CO",2026-08-24 20:28:29.661359+00,2026-08-24 20:28:29.661359+00
9,2013,3,8,Boston Tea Party,auto,Boston,Massachusetts,United States,"Boston, MA, United States","Boston, MA",2026-08-24 20:28:29.661359+00,2026-08-24 20:28:29.661359+00
18,2013,3,30,Easter Swing,auto,Seattle,Washington,United States,"Seattle, WA, United States","Seattle, WA",2026-08-24 20:28:29.661359+00,2026-08-24 20:28:29.661359+00
143,2013,3,18,High Desert Dance Classic,auto,Lancaster,California,United States,"Lancaster, CA, United States","Lancaster, CA",2026-08-24 20:28:29.661359+00,2026-08-24 20:28:29.661359+00
92,2013,3,13,MADjam,auto,Washington,District of Columbia,United States,"Washington, DC, United States","Washington, DC",2026-08-24 20:28:29.661359+00,2026-08-24 20:28:29.661359+00
153,2013,3,44,Novice Invitational,auto,Houston,Texas,United States,"Houston, TX, United States","Houston, TX",2026-08-24 20:28:29.661359+00,2026-08-24 20:28:29.661359+00
170,2013,3,113,Russian Open WCS Championships,auto,Moscow,,Russia,"Moscow, Russia","Moscow, Russia",2026-08-24 20:28:29.661359+00,2026-08-24 20:28:29.661359+00
142,2013,3,34,The Chicago Classic,auto,Chicago,Illinois,United States,"Chicago, IL, United States","Chicago, IL",2026-08-24 20:28:29.661359+00,2026-08-24 20:28:29.661359+00
132,2013,3,58,Tulsa Spring Swing,auto,Tulsa,Oklahoma,United States,"Tulsa, OK, United States","Tulsa, OK",2026-08-24 20:28:29.661359+00,2026-08-24 20:28:29.661359+00
186,2013,3,156,West in Lyon,auto,Lyon,,France,"Lyon, France","Lyon, France",2026-08-24 20:28:29.661359+00,2026-08-24 20:28:29.661359+00
12,2013,2,6,Capital Swing Dance Convention,auto,Sacramento,California,United States,"Sacramento, CA, United States","Sacramento, CA",2026-08-24 20:28:29.661359+00,2026-08-24 20:28:29.661359+00
169,2013,2,114,Dance Camp Chicago,auto,Elmhurst,Illinois,United States,"Elmhurst, IL, United States","Elmhurst, IL",2026-08-24 20:28:29.661359+00,2026-08-24 20:28:29.661359+00
168,2013,2,206,Scottish WCS Dance Championships,auto,Bathgate,,United Kingdom,"Bathgate, United Kingdom","Bathgate, United Kingdom",2026-08-24 20:28:29.661359+00,2026-08-24 20:28:29.661359+00
67,2013,1,44,Americas Classic,auto,Houston,Texas,United States,"Houston, TX, United States","Houston, TX",2026-08-24 20:28:29.661359+00,2026-08-24 20:28:29.661359+00
167,2013,1,117,Best of the Best WCS,auto,Sydney,,Australia,"Sydney, Australia","Sydney, Australia",2026-08-24 20:28:29.661359+00,2026-08-24 20:28:29.661359+00
184,2013,1,110,BudaFest Open WCS Championships,auto,Budapest,,Hungary,"Budapest, Hungary","Budapest, Hungary",2026-08-24 20:28:29.661359+00,2026-08-24 20:28:29.661359+00
334,2013,1,8,Countdown Swing Boston,manual,Boston,Massachusetts,United States,"Boston, MA, United States","Boston, MA",2026-08-24 20:28:29.661359+00,2026-08-24 20:28:29.661359+00
42,2013,1,82,Floorplay Swing Vacation,auto,Orlando,Florida,United States,"Orlando, FL, United States","Orlando, FL",2026-08-24 20:28:29.661359+00,2026-08-24 20:28:29.661359+00
183,2013,1,66,Freedom Swing Dance Challenge,auto,Wilmington,Delaware,United States,"Wilmington, DE, United States","Wilmington, DE",2026-08-24 20:28:29.661359+00,2026-08-24 20:28:29.661359+00
62,2013,1,1,Monterey SwingFest,auto,Monterey,California,United States,"Monterey, CA, United States","Monterey, CA",2026-08-24 20:28:29.661359+00,2026-08-24 20:28:29.661359+00
195,2013,1,20,Palm Springs New Years Swing Dance Classic,auto,Palm Springs,California,United States,"Palm Springs, CA, United States","Palm Springs, CA",2026-08-24 20:28:29.661359+00,2026-08-24 20:28:29.661359+00
141,2013,1,43,Spotlight New Year's Celebration,auto,Nashville,Tennessee,United States,"Nashville, TN, United States","Nashville, TN",2026-08-24 20:28:29.661359+00,2026-08-24 20:28:29.661359+00
196,2013,1,4,SwingCouver,auto,Portland,Oregon,United States,"Portland, OR, United States","Portland, OR",2026-08-24 20:28:29.661359+00,2026-08-24 20:28:29.661359+00
75,2013,1,21,UCWDC Country Dance World Championship,auto,Dallas,Texas,United States,"Dallas, TX, United States","Dallas, TX",2026-08-24 20:28:29.661359+00,2026-08-24 20:28:29.661359+00
126,2012,12,101,Chico Dance Sensation,auto,Chico,California,United States,"Chico, CA, United States","Chico, CA",2026-08-24 20:28:29.661359+00,2026-08-24 20:28:29.661359+00
87,2012,11,96,CASH Bash,auto,Cleveland,Ohio,United States,"Cleveland, OH, United States","Cleveland, OH",2026-08-24 20:28:29.661359+00,2026-08-24 20:28:29.661359+00
181,2012,11,38,DC Swing eXperience (DCSX),auto,Herndon,Virginia,United States,"Herndon, VA, United States","Herndon, VA",2026-08-24 20:28:29.661359+00,2026-08-24 20:28:29.661359+00
166,2012,11,212,London SwingVitational,auto,Windsor,,United Kingdom,"Windsor, United Kingdom","Windsor, United Kingdom",2026-08-24 20:28:29.661359+00,2026-08-24 20:28:29.661359+00
194,2012,11,113,Moscow Westie Fest,auto,Moscow,,Russia,"Moscow, Russia","Moscow, Russia",2026-08-24 20:28:29.661359+00,2026-08-24 20:28:29.661359+00
31,2012,11,28,Mountain Magic,auto,South Lake Tahoe (near Reno),Nevada,United States,"South Lake Tahoe (near Reno), NV, United States","South Lake Tahoe (near Reno), NV",2026-08-24 20:28:29.661359+00,2026-08-24 20:28:29.661359+00
79,2012,11,30,Sea to Sky,auto,Seattle,Washington,United States,"Seattle, WA, United States","Seattle, WA",2026-08-24 20:28:29.661359+00,2026-08-24 20:28:29.661359+00
63,2012,11,70,Swingin' New England Dance Festival,auto,Newton,Massachusetts,United States,"Newton (Boston), MA, United States","Newton (Boston), MA",2026-08-24 20:28:29.661359+00,2026-08-24 20:28:29.661359+00
137,2012,11,53,Tampa Bay Classic,auto,Tampa,Florida,United States,"Tampa, FL, United States","Tampa, FL",2026-08-24 20:28:29.661359+00,2026-08-24 20:28:29.661359+00
68,2012,11,22,US Open Swing Dance Championships,auto,Los Angeles,California,United States,"Los Angeles, CA, United States","Los Angeles, CA",2026-08-24 20:28:29.661359+00,2026-08-24 20:28:29.661359+00
180,2012,10,174,Australian Open Swing Dance Championships,auto,Melbourne,,Australia,"Melbourne, Australia","Melbourne, Australia",2026-08-24 20:28:29.661359+00,2026-08-24 20:28:29.661359+00
8,2012,10,2,Boogie By The Bay,auto,San Francisco,California,United States,"San Francisco, CA, United States","San Francisco, CA",2026-08-24 20:28:29.661359+00,2026-08-24 20:28:29.661359+00
65,2012,10,24,Halloween SwingThing,auto,Costa Mesa,California,United States,"Costa Mesa, CA, United States","Costa Mesa, CA",2026-08-24 20:28:29.661359+00,2026-08-24 20:28:29.661359+00
178,2012,10,86,Montreal Westie Fest,auto,Montreal,,Canada,"Montreal, Canada","Montreal, Canada",2026-08-24 20:28:29.661359+00,2026-08-24 20:28:29.661359+00
179,2012,10,168,New Zealand Open Swing Dance Championships,auto,Auckland,,New Zealand,"Auckland, New Zealand","Auckland, New Zealand",2026-08-24 20:28:29.661359+00,2026-08-24 20:28:29.661359+00
43,2012,10,19,Paradise Dance Festival,auto,Irvine,California,United States,"Irvine, CA, United States","Irvine, CA",2026-08-24 20:28:29.661359+00,2026-08-24 20:28:29.661359+00
125,2012,10,34,Swing City Chicago,auto,Chicago,Illinois,United States,"Chicago, IL, United States","Chicago, IL",2026-08-24 20:28:29.661359+00,2026-08-24 20:28:29.661359+00
192,2012,10,156,Swing Generation,auto,Lyon,,France,"Lyon, France","Lyon, France",2026-08-24 20:28:29.661359+00,2026-08-24 20:28:29.661359+00
236,2012,10,155,Warsaw Halloween Swing,auto,Warsaw,,Poland,"Warsaw, Poland","Warsaw, Poland",2026-08-24 20:28:29.661359+00,2026-08-24 20:28:29.661359+00
10,2012,9,74,Bridgetown Swing Boogie,auto,Vancouver,Washington,United States,"Vancouver, WA, United States","Vancouver, WA",2026-08-24 20:28:29.661359+00,2026-08-24 20:28:29.661359+00
15,2012,9,21,Dallas D.A.N.C.E.,auto,Dallas,Texas,United States,"Dallas, TX, United States","Dallas, TX",2026-08-24 20:28:29.661359+00,2026-08-24 20:28:29.661359+00
135,2012,9,3,Desert City Swing,auto,Phoenix,Arizona,United States,"Phoenix, AZ, United States","Phoenix, AZ",2026-08-24 20:28:29.661359+00,2026-08-24 20:28:29.661359+00
131,2012,9,49,Meet Me In St Louis,auto,St. Louis,Missouri,United States,"St. Louis, MO, United States","St. Louis, MO",2026-08-24 20:28:29.661359+00,2026-08-24 20:28:29.661359+00
165,2012,9,107,Midland Swing Open,auto,London,,United Kingdom,"London, United Kingdom","London, United Kingdom",2026-08-24 20:28:29.661359+00,2026-08-24 20:28:29.661359+00
177,2012,9,98,River City Swing,auto,Jacksonville,Florida,United States,"Jacksonville, FL, United States","Jacksonville, FL",2026-08-24 20:28:29.661359+00,2026-08-24 20:28:29.661359+00
48,2012,9,16,South Bay Dance Fling,auto,San Jose,California,United States,"San Jose, CA, United States","San Jose, CA",2026-08-24 20:28:29.661359+00,2026-08-24 20:28:29.661359+00
191,2012,9,249,Sunny Side Dance Camp,auto,Crimea,,Ukraine,"Crimea, Ukraine","Crimea, Ukraine",2026-08-24 20:28:29.661359+00,2026-08-24 20:28:29.661359+00
95,2012,9,80,Swing Niagara Dance Championships,auto,Buffalo,New York,United States,"Buffalo, NY, United States","Buffalo, NY",2026-08-24 20:28:29.661359+00,2026-08-24 20:28:29.661359+00
190,2012,9,144,Vermont Swing Dance Championships,auto,Burlington,Vermont,United States,"Burlington, VT, United States","Burlington, VT",2026-08-24 20:28:29.661359+00,2026-08-24 20:28:29.661359+00
77,2012,8,3,Arizona Dance Classic,auto,Phoenix,Arizona,United States,"Phoenix, AZ, United States","Phoenix, AZ",2026-08-24 20:28:29.661359+00,2026-08-24 20:28:29.661359+00
119,2012,8,34,Chicagoland Country and Swing Dance Festival,auto,Chicago,Illinois,United States,"Chicago, IL, United States","Chicago, IL",2026-08-24 20:28:29.661359+00,2026-08-24 20:28:29.661359+00
120,2012,8,39,Lone Star Invitational,auto,Austin,Texas,United States,"Austin, TX, United States","Austin, TX",2026-08-24 20:28:29.661359+00,2026-08-24 20:28:29.661359+00
157,2012,8,70,New England Dance Festival,auto,Newton,Massachusetts,United States,"Newton (Boston), MA, United States","Newton (Boston), MA",2026-08-24 20:28:29.661359+00,2026-08-24 20:28:29.661359+00
51,2012,8,20,Palm Springs Summer Dance Classic,auto,Palm Springs,California,United States,"Palm Springs, CA, United States","Palm Springs, CA",2026-08-24 20:28:29.661359+00,2026-08-24 20:28:29.661359+00
164,2012,8,158,Sea Sun and Swing,auto,La Grande Motte,,France,"La Grande Motte, France","La Grande Motte, France",2026-08-24 20:28:29.661359+00,2026-08-24 20:28:29.661359+00
53,2012,8,397,Summer Hummer,auto,Woburn,Massachusetts,United States,"Woburn (Boston), MA, United States","Woburn (Boston), MA",2026-08-24 20:28:29.661359+00,2026-08-24 20:28:29.661359+00
59,2012,8,38,Swing Fling,auto,Herndon,Virginia,United States,"Herndon, VA, United States","Herndon, VA",2026-08-24 20:28:29.661359+00,2026-08-24 20:28:29.661359+00
159,2012,8,207,World Swing Masters,auto,Blackpool,,United Kingdom,"Blackpool, United Kingdom","Blackpool, United Kingdom",2026-08-24 20:28:29.661359+00,2026-08-24 20:28:29.661359+00
1,2012,7,3,4TH of July Convention,auto,Phoenix,Arizona,United States,"Phoenix, AZ, United States","Phoenix, AZ",2026-08-24 20:28:29.661359+00,2026-08-24 20:28:29.661359+00
156,2012,7,140,Big Apple Dance Festival,auto,Morristown,New Jersey,United States,"Morristown, NJ, United States","Morristown, NJ",2026-08-24 20:28:29.661359+00,2026-08-24 20:28:29.661359+00
146,2012,7,8,Boston Dance Challenge,auto,Boston,Massachusetts,United States,"Boston, MA, United States","Boston, MA",2026-08-24 20:28:29.661359+00,2026-08-24 20:28:29.661359+00
148,2012,7,57,Dance Mardi Gras,auto,New Orleans,Louisiana,United States,"New Orleans, LA, United States","New Orleans, LA",2026-08-24 20:28:29.661359+00,2026-08-24 20:28:29.661359+00
149,2012,7,55,Florida Dance Magic,auto,Fort Lauderdale,Florida,United States,"Fort Lauderdale, FL, United States","Fort Lauderdale, FL",2026-08-24 20:28:29.661359+00,2026-08-24 20:28:29.661359+00
44,2012,7,4,Portland Dance Festival,auto,Portland,Oregon,United States,"Portland, OR, United States","Portland, OR",2026-08-24 20:28:29.661359+00,2026-08-24 20:28:29.661359+00
189,2012,7,117,Swingin in the Valley,auto,Sydney,,Australia,"Sydney, Australia","Sydney, Australia",2026-08-24 20:28:29.661359+00,2026-08-24 20:28:29.661359+00
47,2012,7,29,Swingtime in the Rockies,auto,Denver,Colorado,United States,"Denver, CO, United States","Denver, CO",2026-08-24 20:28:29.661359+00,2026-08-24 20:28:29.661359+00
147,2012,7,105,Toronto Open Swing & Hustle Championships,auto,Toronto,,Canada,"Toronto, Canada","Toronto, Canada",2026-08-24 20:28:29.661359+00,2026-08-24 20:28:29.661359+00
84,2012,7,61,Wisconsin Dance Challenge/Midwest Area Swing Dance Challenge,auto,Green Bay,Wisconsin,United States,"Green Bay, WI, United States","Green Bay, WI",2026-08-24 20:28:29.661359+00,2026-08-24 20:28:29.661359+00
109,2012,6,29,Colorado Country Classic,auto,Denver,Colorado,United States,"Denver, CO, United States","Denver, CO",2026-08-24 20:28:29.661359+00,2026-08-24 20:28:29.661359+00
25,2012,6,23,J&J O'Rama,auto,Anaheim,California,United States,"Anaheim, CA, United States","Anaheim, CA",2026-08-24 20:28:29.661359+00,2026-08-24 20:28:29.661359+00
96,2012,6,41,Liberty Swing Dance Championships,auto,New Brunswick,New Jersey,United States,"New Brunswick, NJ, United States","New Brunswick, NJ",2026-08-24 20:28:29.661359+00,2026-08-24 20:28:29.661359+00
76,2012,6,51,Michigan Dance Classic,auto,Detroit,Michigan,United States,"Detroit, MI, United States","Detroit, MI",2026-08-24 20:28:29.661359+00,2026-08-24 20:28:29.661359+00
188,2012,6,117,NSW West Coast Swing Dance Championships,auto,Sydney,,Australia,"Sydney, Australia","Sydney, Australia",2026-08-24 20:28:29.661359+00,2026-08-24 20:28:29.661359+00
117,2012,6,82,Orange Blossom Dance Festival,auto,Orlando,Florida,United States,"Orlando, FL, United States","Orlando, FL",2026-08-24 20:28:29.661359+00,2026-08-24 20:28:29.661359+00
105,2012,5,86,Canadian Swing Championships,auto,Montreal,,Canada,"Montreal, Canada","Montreal, Canada",2026-08-24 20:28:29.661359+00,2026-08-24 20:28:29.661359+00
163,2012,5,21,DFW Pro Am Jam,auto,Dallas,Texas,United States,"Dallas, TX, United States","Dallas, TX",2026-08-24 20:28:29.661359+00,2026-08-24 20:28:29.661359+00
175,2012,5,109,French Open West Coast Swing,auto,Paris,,France,"Paris, France","Paris, France",2026-08-24 20:28:29.661359+00,2026-08-24 20:28:29.661359+00
20,2012,5,5,FreZno Dance Classic,auto,Fresno,California,United States,"Fresno, CA, United States","Fresno, CA",2026-08-24 20:28:29.661359+00,2026-08-24 20:28:29.661359+00
162,2012,5,40,Swingapalooza,auto,Baton Rouge,Louisiana,United States,"Baton Rouge, LA, United States","Baton Rouge, LA",2026-08-24 20:28:29.661359+00,2026-08-24 20:28:29.661359+00
61,2012,5,10,SwingDiego,auto,San Diego,California,United States,"San Diego, CA, United States","San Diego, CA",2026-08-24 20:28:29.661359+00,2026-08-24 20:28:29.661359+00
144,2012,5,131,Swingin' Into Spring,auto,Hartford,Connecticut,United States,"Hartford, CT, United States","Hartford, CT",2026-08-24 20:28:29.661359+00,2026-08-24 20:28:29.661359+00
174,2012,5,169,Swingsation,auto,Gold Coast,,Australia,"Gold Coast, Australia","Gold Coast, Australia",2026-08-24 20:28:29.661359+00,2026-08-24 20:28:29.661359+00
121,2012,5,39,The Texas Classic,auto,Austin,Texas,United States,"Austin, TX, United States","Austin, TX",2026-08-24 20:28:29.661359+00,2026-08-24 20:28:29.661359+00
22,2012,5,25,USA Grand Nationals,auto,Atlanta,Georgia,United States,"Atlanta, GA, United States","Atlanta, GA, United States",2026-08-24 20:28:29.661359+00,2026-08-24 20:28:29.661359+00
187,2012,4,54,City of Angels WCS,auto,Burbank,California,United States,"Burbank, CA, United States","Burbank, CA",2026-08-24 20:28:29.661359+00,2026-08-24 20:28:29.661359+00
18,2012,4,30,Easter Swing,auto,Seattle,Washington,United States,"Seattle, WA, United States","Seattle, WA",2026-08-24 20:28:29.661359+00,2026-08-24 20:28:29.661359+00
172,2012,4,82,International Hustle & Salsa Congress,auto,Orlando,Florida,United States,"Orlando, FL, United States","Orlando, FL",2026-08-24 20:28:29.661359+00,2026-08-24 20:28:29.661359+00
134,2012,4,89,Swing Dance America,auto,Lake Geneva,Illinois,United States,"Lake Geneva, IL, United States","Lake Geneva, IL",2026-08-24 20:28:29.661359+00,2026-08-24 20:28:29.661359+00
132,2012,4,58,Tulsa Spring Swing,auto,Tulsa,Oklahoma,United States,"Tulsa, OK, United States","Tulsa, OK",2026-08-24 20:28:29.661359+00,2026-08-24 20:28:29.661359+00
154,2012,4,107,UK WCS Championships,auto,London,,United Kingdom,"London, United Kingdom","London, United Kingdom",2026-08-24 20:28:29.661359+00,2026-08-24 20:28:29.661359+00
9,2012,3,8,Boston Tea Party,auto,Boston,Massachusetts,United States,"Boston, MA, United States","Boston, MA",2026-08-24 20:28:29.661359+00,2026-08-24 20:28:29.661359+00
13,2012,3,34,Chicago Classic,auto,Chicago,Illinois,United States,"Chicago, IL, United States","Chicago, IL",2026-08-24 20:28:29.661359+00,2026-08-24 20:28:29.661359+00
143,2012,3,18,High Desert Dance Classic,auto,Lancaster,California,United States,"Lancaster, CA, United States","Lancaster, CA",2026-08-24 20:28:29.661359+00,2026-08-24 20:28:29.661359+00
92,2012,3,13,MADjam,auto,Washington,District of Columbia,United States,"Washington, DC, United States","Washington, DC",2026-08-24 20:28:29.661359+00,2026-08-24 20:28:29.661359+00
153,2012,3,44,Novice Invitational,auto,Houston,Texas,United States,"Houston, TX, United States","Houston, TX",2026-08-24 20:28:29.661359+00,2026-08-24 20:28:29.661359+00
170,2012,3,113,Russian Open WCS Championships,auto,Moscow,,Russia,"Moscow, Russia","Moscow, Russia",2026-08-24 20:28:29.661359+00,2026-08-24 20:28:29.661359+00
186,2012,3,156,West in Lyon,auto,Lyon,,France,"Lyon, France","Lyon, France",2026-08-24 20:28:29.661359+00,2026-08-24 20:28:29.661359+00
12,2012,2,6,Capital Swing Dance Convention,auto,Sacramento,California,United States,"Sacramento, CA, United States","Sacramento, CA",2026-08-24 20:28:29.661359+00,2026-08-24 20:28:29.661359+00
169,2012,2,114,Dance Camp Chicago,auto,Elmhurst,Illinois,United States,"Elmhurst, IL, United States","Elmhurst, IL",2026-08-24 20:28:29.661359+00,2026-08-24 20:28:29.661359+00
168,2012,2,206,Scottish WCS Dance Championships,auto,Bathgate,,United Kingdom,"Bathgate, United Kingdom","Bathgate, United Kingdom",2026-08-24 20:28:29.661359+00,2026-08-24 20:28:29.661359+00
185,2012,2,53,Sweetheart Swing Classic,auto,Tampa,Florida,United States,"Tampa, FL, United States","Tampa, FL",2026-08-24 20:28:29.661359+00,2026-08-24 20:28:29.661359+00
67,2012,1,44,Americas Classic,auto,Houston,Texas,United States,"Houston, TX, United States","Houston, TX",2026-08-24 20:28:29.661359+00,2026-08-24 20:28:29.661359+00
167,2012,1,117,Best of the Best WCS,auto,Sydney,,Australia,"Sydney, Australia","Sydney, Australia",2026-08-24 20:28:29.661359+00,2026-08-24 20:28:29.661359+00
184,2012,1,110,BudaFest Open WCS Championships,auto,Budapest,,Hungary,"Budapest, Hungary","Budapest, Hungary",2026-08-24 20:28:29.661359+00,2026-08-24 20:28:29.661359+00
334,2012,1,8,Countdown Swing Boston,manual,Boston,Massachusetts,United States,"Boston, MA, United States","Boston, MA",2026-08-24 20:28:29.661359+00,2026-08-24 20:28:29.661359+00
42,2012,1,82,Floorplay Swing Vacation,auto,Orlando,Florida,United States,"Orlando, FL, United States","Orlando, FL",2026-08-24 20:28:29.661359+00,2026-08-24 20:28:29.661359+00
183,2012,1,66,Freedom Swing Dance Challenge,auto,Wilmington,Delaware,United States,"Wilmington, DE, United States","Wilmington, DE",2026-08-24 20:28:29.661359+00,2026-08-24 20:28:29.661359+00
62,2012,1,1,Monterey SwingFest,auto,Monterey,California,United States,"Monterey, CA, United States","Monterey, CA",2026-08-24 20:28:29.661359+00,2026-08-24 20:28:29.661359+00
195,2012,1,20,Palm Springs New Years Swing Dance Classic,auto,Palm Springs,California,United States,"Palm Springs, CA, United States","Palm Springs, CA",2026-08-24 20:28:29.661359+00,2026-08-24 20:28:29.661359+00
141,2012,1,43,Spotlight New Year's Celebration,auto,Nashville,Tennessee,United States,"Nashville, TN, United States","Nashville, TN",2026-08-24 20:28:29.661359+00,2026-08-24 20:28:29.661359+00
152,2012,1,82,Worlds UCWDC,auto,Orlando,Florida,United States,"Orlando, FL, United States","Orlando, FL",2026-08-24 20:28:29.661359+00,2026-08-24 20:28:29.661359+00
126,2011,12,101,Chico Dance Sensation,auto,Chico,California,United States,"Chico, CA, United States","Chico, CA",2026-08-24 20:28:29.661359+00,2026-08-24 20:28:29.661359+00
87,2011,11,96,CASH Bash,auto,Cleveland,Ohio,United States,"Cleveland, OH, United States","Cleveland, OH",2026-08-24 20:28:29.661359+00,2026-08-24 20:28:29.661359+00
181,2011,11,38,DC Swing eXperience (DCSX),auto,Herndon,Virginia,United States,"Herndon, VA, United States","Herndon, VA",2026-08-24 20:28:29.661359+00,2026-08-24 20:28:29.661359+00
166,2011,11,212,London SwingVitational,auto,Windsor,,United Kingdom,"Windsor, United Kingdom","Windsor, United Kingdom",2026-08-24 20:28:29.661359+00,2026-08-24 20:28:29.661359+00
31,2011,11,28,Mountain Magic,auto,South Lake Tahoe (near Reno),Nevada,United States,"South Lake Tahoe (near Reno), NV, United States","South Lake Tahoe (near Reno), NV",2026-08-24 20:28:29.661359+00,2026-08-24 20:28:29.661359+00
151,2011,11,55,Sunshine State Dance Challenge,auto,Fort Lauderdale,Florida,United States,"Fort Lauderdale, FL, United States","Fort Lauderdale, FL",2026-08-24 20:28:29.661359+00,2026-08-24 20:28:29.661359+00
63,2011,11,70,Swingin' New England Dance Festival,auto,Newton,Massachusetts,United States,"Newton (Boston), MA, United States","Newton (Boston), MA",2026-08-24 20:28:29.661359+00,2026-08-24 20:28:29.661359+00
137,2011,11,53,Tampa Bay Classic,auto,Tampa,Florida,United States,"Tampa, FL, United States","Tampa, FL",2026-08-24 20:28:29.661359+00,2026-08-24 20:28:29.661359+00
68,2011,11,22,US Open Swing Dance Championships,auto,Los Angeles,California,United States,"Los Angeles, CA, United States","Los Angeles, CA",2026-08-24 20:28:29.661359+00,2026-08-24 20:28:29.661359+00
180,2011,10,174,Australian Open Swing Dance Championships,auto,Melbourne,,Australia,"Melbourne, Australia","Melbourne, Australia",2026-08-24 20:28:29.661359+00,2026-08-24 20:28:29.661359+00
8,2011,10,2,Boogie By The Bay,auto,San Francisco,California,United States,"San Francisco, CA, United States","San Francisco, CA",2026-08-24 20:28:29.661359+00,2026-08-24 20:28:29.661359+00
65,2011,10,24,Halloween SwingThing,auto,Costa Mesa,California,United States,"Costa Mesa, CA, United States","Costa Mesa, CA",2026-08-24 20:28:29.661359+00,2026-08-24 20:28:29.661359+00
165,2011,10,107,Midland Swing Open,auto,London,,United Kingdom,"London, United Kingdom","London, United Kingdom",2026-08-24 20:28:29.661359+00,2026-08-24 20:28:29.661359+00
178,2011,10,86,Montreal Westie Fest,auto,Montreal,,Canada,"Montreal, Canada","Montreal, Canada",2026-08-24 20:28:29.661359+00,2026-08-24 20:28:29.661359+00
179,2011,10,168,New Zealand Open Swing Dance Championships,auto,Auckland,,New Zealand,"Auckland, New Zealand","Auckland, New Zealand",2026-08-24 20:28:29.661359+00,2026-08-24 20:28:29.661359+00
43,2011,10,19,Paradise Dance Festival,auto,Irvine,California,United States,"Irvine, CA, United States","Irvine, CA",2026-08-24 20:28:29.661359+00,2026-08-24 20:28:29.661359+00
79,2011,10,30,Sea to Sky,auto,Seattle,Washington,United States,"Seattle, WA, United States","Seattle, WA",2026-08-24 20:28:29.661359+00,2026-08-24 20:28:29.661359+00
125,2011,10,34,Swing City Chicago,auto,Chicago,Illinois,United States,"Chicago, IL, United States","Chicago, IL",2026-08-24 20:28:29.661359+00,2026-08-24 20:28:29.661359+00
10,2011,9,74,Bridgetown Swing Boogie,auto,Vancouver,Washington,United States,"Vancouver, WA, United States","Vancouver, WA",2026-08-24 20:28:29.661359+00,2026-08-24 20:28:29.661359+00
15,2011,9,21,Dallas D.A.N.C.E.,auto,Dallas,Texas,United States,"Dallas, TX, United States","Dallas, TX",2026-08-24 20:28:29.661359+00,2026-08-24 20:28:29.661359+00
135,2011,9,3,Desert City Swing,auto,Phoenix,Arizona,United States,"Phoenix, AZ, United States","Phoenix, AZ",2026-08-24 20:28:29.661359+00,2026-08-24 20:28:29.661359+00
131,2011,9,49,Meet Me In St Louis,auto,St. Louis,Missouri,United States,"St. Louis, MO, United States","St. Louis, MO",2026-08-24 20:28:29.661359+00,2026-08-24 20:28:29.661359+00
51,2011,9,20,Palm Springs Summer Dance Classic,auto,Palm Springs,California,United States,"Palm Springs, CA, United States","Palm Springs, CA",2026-08-24 20:28:29.661359+00,2026-08-24 20:28:29.661359+00
177,2011,9,98,River City Swing,auto,Jacksonville,Florida,United States,"Jacksonville, FL, United States","Jacksonville, FL",2026-08-24 20:28:29.661359+00,2026-08-24 20:28:29.661359+00
48,2011,9,16,South Bay Dance Fling,auto,San Jose,California,United States,"San Jose, CA, United States","San Jose, CA",2026-08-24 20:28:29.661359+00,2026-08-24 20:28:29.661359+00
95,2011,9,80,Swing Niagara Dance Championships,auto,Buffalo,New York,United States,"Buffalo, NY, United States","Buffalo, NY",2026-08-24 20:28:29.661359+00,2026-08-24 20:28:29.661359+00
77,2011,8,3,Arizona Dance Classic,auto,Phoenix,Arizona,United States,"Phoenix, AZ, United States","Phoenix, AZ",2026-08-24 20:28:29.661359+00,2026-08-24 20:28:29.661359+00
119,2011,8,34,Chicagoland Country and Swing Dance Festival,auto,Chicago,Illinois,United States,"Chicago, IL, United States","Chicago, IL",2026-08-24 20:28:29.661359+00,2026-08-24 20:28:29.661359+00
97,2011,8,9,Grand Prix of Swing,auto,Kansas City,Missouri,United States,"Kansas City, MO, United States","Kansas City, MO",2026-08-24 20:28:29.661359+00,2026-08-24 20:28:29.661359+00
120,2011,8,39,Lone Star Invitational,auto,Austin,Texas,United States,"Austin, TX, United States","Austin, TX",2026-08-24 20:28:29.661359+00,2026-08-24 20:28:29.661359+00
157,2011,8,70,New England Dance Festival,auto,Newton,Massachusetts,United States,"Newton (Boston), MA, United States","Newton (Boston), MA",2026-08-24 20:28:29.661359+00,2026-08-24 20:28:29.661359+00
164,2011,8,158,Sea Sun and Swing,auto,La Grande Motte,,France,"La Grande Motte, France","La Grande Motte, France",2026-08-24 20:28:29.661359+00,2026-08-24 20:28:29.661359+00
53,2011,8,397,Summer Hummer,auto,Woburn,Massachusetts,United States,"Woburn (Boston), MA, United States","Woburn (Boston), MA",2026-08-24 20:28:29.661359+00,2026-08-24 20:28:29.661359+00
59,2011,8,38,Swing Fling,auto,Herndon,Virginia,United States,"Herndon, VA, United States","Herndon, VA",2026-08-24 20:28:29.661359+00,2026-08-24 20:28:29.661359+00
159,2011,8,207,World Swing Masters,auto,Blackpool,,United Kingdom,"Blackpool, United Kingdom","Blackpool, United Kingdom",2026-08-24 20:28:29.661359+00,2026-08-24 20:28:29.661359+00
1,2011,7,3,4TH of July Convention,auto,Phoenix,Arizona,United States,"Phoenix, AZ, United States","Phoenix, AZ",2026-08-24 20:28:29.661359+00,2026-08-24 20:28:29.661359+00
156,2011,7,140,Big Apple Dance Festival,auto,Morristown,New Jersey,United States,"Morristown, NJ, United States","Morristown, NJ",2026-08-24 20:28:29.661359+00,2026-08-24 20:28:29.661359+00
146,2011,7,8,Boston Dance Challenge,auto,Boston,Massachusetts,United States,"Boston, MA, United States","Boston, MA",2026-08-24 20:28:29.661359+00,2026-08-24 20:28:29.661359+00
148,2011,7,57,Dance Mardi Gras,auto,New Orleans,Louisiana,United States,"New Orleans, LA, United States","New Orleans, LA",2026-08-24 20:28:29.661359+00,2026-08-24 20:28:29.661359+00
149,2011,7,55,Florida Dance Magic,auto,Fort Lauderdale,Florida,United States,"Fort Lauderdale, FL, United States","Fort Lauderdale, FL",2026-08-24 20:28:29.661359+00,2026-08-24 20:28:29.661359+00
44,2011,7,4,Portland Dance Festival,auto,Portland,Oregon,United States,"Portland, OR, United States","Portland, OR",2026-08-24 20:28:29.661359+00,2026-08-24 20:28:29.661359+00
47,2011,7,29,Swingtime in the Rockies,auto,Denver,Colorado,United States,"Denver, CO, United States","Denver, CO",2026-08-24 20:28:29.661359+00,2026-08-24 20:28:29.661359+00
155,2011,7,109,The City of Light,auto,Paris,,France,"Paris, France","Paris, France",2026-08-24 20:28:29.661359+00,2026-08-24 20:28:29.661359+00
147,2011,7,105,Toronto Open Swing & Hustle Championships,auto,Toronto,,Canada,"Toronto, Canada","Toronto, Canada",2026-08-24 20:28:29.661359+00,2026-08-24 20:28:29.661359+00
84,2011,7,61,Wisconsin Dance Challenge/Midwest Area Swing Dance Challenge,auto,Green Bay,Wisconsin,United States,"Green Bay, WI, United States","Green Bay, WI",2026-08-24 20:28:29.661359+00,2026-08-24 20:28:29.661359+00
73,2011,7,14,World Swing Dance Championships,auto,San Bernardino,California,United States,"San Bernardino, CA, United States","San Bernardino, CA",2026-08-24 20:28:29.661359+00,2026-08-24 20:28:29.661359+00
109,2011,6,29,Colorado Country Classic,auto,Denver,Colorado,United States,"Denver, CO, United States","Denver, CO",2026-08-24 20:28:29.661359+00,2026-08-24 20:28:29.661359+00
175,2011,6,109,French Open West Coast Swing,auto,Paris,,France,"Paris, France","Paris, France",2026-08-24 20:28:29.661359+00,2026-08-24 20:28:29.661359+00
25,2011,6,23,J&J O'Rama,auto,Anaheim,California,United States,"Anaheim, CA, United States","Anaheim, CA",2026-08-24 20:28:29.661359+00,2026-08-24 20:28:29.661359+00
96,2011,6,41,Liberty Swing Dance Championships,auto,New Brunswick,New Jersey,United States,"New Brunswick, NJ, United States","New Brunswick, NJ",2026-08-24 20:28:29.661359+00,2026-08-24 20:28:29.661359+00
76,2011,6,51,Michigan Dance Classic,auto,Detroit,Michigan,United States,"Detroit, MI, United States","Detroit, MI",2026-08-24 20:28:29.661359+00,2026-08-24 20:28:29.661359+00
117,2011,6,82,Orange Blossom Dance Festival,auto,Orlando,Florida,United States,"Orlando, FL, United States","Orlando, FL",2026-08-24 20:28:29.661359+00,2026-08-24 20:28:29.661359+00
173,2011,5,250,Austrian Open,auto,Vienna,,Austria,"Vienna, Austria","Vienna, Austria",2026-08-24 20:28:29.661359+00,2026-08-24 20:28:29.661359+00
105,2011,5,86,Canadian Swing Championships,auto,Montreal,,Canada,"Montreal, Canada","Montreal, Canada",2026-08-24 20:28:29.661359+00,2026-08-24 20:28:29.661359+00
163,2011,5,21,DFW Pro Am Jam,auto,Dallas,Texas,United States,"Dallas, TX, United States","Dallas, TX",2026-08-24 20:28:29.661359+00,2026-08-24 20:28:29.661359+00
20,2011,5,5,FreZno Dance Classic,auto,Fresno,California,United States,"Fresno, CA, United States","Fresno, CA",2026-08-24 20:28:29.661359+00,2026-08-24 20:28:29.661359+00
134,2011,5,89,Swing Dance America,auto,Lake Geneva,Illinois,United States,"Lake Geneva, IL, United States","Lake Geneva, IL",2026-08-24 20:28:29.661359+00,2026-08-24 20:28:29.661359+00
162,2011,5,40,Swingapalooza,auto,Baton Rouge,Louisiana,United States,"Baton Rouge, LA, United States","Baton Rouge, LA",2026-08-24 20:28:29.661359+00,2026-08-24 20:28:29.661359+00
61,2011,5,10,SwingDiego,auto,San Diego,California,United States,"San Diego, CA, United States","San Diego, CA",2026-08-24 20:28:29.661359+00,2026-08-24 20:28:29.661359+00
144,2011,5,131,Swingin' Into Spring,auto,Hartford,Connecticut,United States,"Hartford, CT, United States","Hartford, CT",2026-08-24 20:28:29.661359+00,2026-08-24 20:28:29.661359+00
174,2011,5,169,Swingsation,auto,Gold Coast,,Australia,"Gold Coast, Australia","Gold Coast, Australia",2026-08-24 20:28:29.661359+00,2026-08-24 20:28:29.661359+00
22,2011,5,25,USA Grand Nationals,auto,Atlanta,Georgia,United States,"Atlanta, GA, United States","Atlanta, GA, United States",2026-08-24 20:28:29.661359+00,2026-08-24 20:28:29.661359+00
18,2011,4,30,Easter Swing,auto,Seattle,Washington,United States,"Seattle, WA, United States","Seattle, WA",2026-08-24 20:28:29.661359+00,2026-08-24 20:28:29.661359+00
172,2011,4,82,International Hustle & Salsa Congress,auto,Orlando,Florida,United States,"Orlando, FL, United States","Orlando, FL",2026-08-24 20:28:29.661359+00,2026-08-24 20:28:29.661359+00
104,2011,4,22,Los Angeles Premiere Dance Classic,auto,Los Angeles,California,United States,"Los Angeles, CA, United States","Los Angeles, CA",2026-08-24 20:28:29.661359+00,2026-08-24 20:28:29.661359+00
91,2011,4,77,Reno Dance Sensation,auto,Reno,Nevada,United States,"Reno, NV, United States","Reno, NV",2026-08-24 20:28:29.661359+00,2026-08-24 20:28:29.661359+00
170,2011,4,113,Russian Open WCS Championships,auto,Moscow,,Russia,"Moscow, Russia","Moscow, Russia",2026-08-24 20:28:29.661359+00,2026-08-24 20:28:29.661359+00
132,2011,4,58,Tulsa Spring Swing,auto,Tulsa,Oklahoma,United States,"Tulsa, OK, United States","Tulsa, OK",2026-08-24 20:28:29.661359+00,2026-08-24 20:28:29.661359+00
154,2011,4,107,UK WCS Championships,auto,London,,United Kingdom,"London, United Kingdom","London, United Kingdom",2026-08-24 20:28:29.661359+00,2026-08-24 20:28:29.661359+00
161,2011,4,43,USA Jack & Jill Championships,auto,Nashville,Tennessee,United States,"Nashville, TN, United States","Nashville, TN",2026-08-24 20:28:29.661359+00,2026-08-24 20:28:29.661359+00
9,2011,3,8,Boston Tea Party,auto,Boston,Massachusetts,United States,"Boston, MA, United States","Boston, MA",2026-08-24 20:28:29.661359+00,2026-08-24 20:28:29.661359+00
143,2011,3,18,High Desert Dance Classic,auto,Lancaster,California,United States,"Lancaster, CA, United States","Lancaster, CA",2026-08-24 20:28:29.661359+00,2026-08-24 20:28:29.661359+00
92,2011,3,13,MADjam,auto,Washington,District of Columbia,United States,"Washington, DC, United States","Washington, DC",2026-08-24 20:28:29.661359+00,2026-08-24 20:28:29.661359+00
153,2011,3,44,Novice Invitational,auto,Houston,Texas,United States,"Houston, TX, United States","Houston, TX",2026-08-24 20:28:29.661359+00,2026-08-24 20:28:29.661359+00
142,2011,3,34,The Chicago Classic,auto,Chicago,Illinois,United States,"Chicago, IL, United States","Chicago, IL",2026-08-24 20:28:29.661359+00,2026-08-24 20:28:29.661359+00
167,2011,2,117,Best of the Best WCS,auto,Sydney,,Australia,"Sydney, Australia","Sydney, Australia",2026-08-24 20:28:29.661359+00,2026-08-24 20:28:29.661359+00
12,2011,2,6,Capital Swing Dance Convention,auto,Sacramento,California,United States,"Sacramento, CA, United States","Sacramento, CA",2026-08-24 20:28:29.661359+00,2026-08-24 20:28:29.661359+00
169,2011,2,114,Dance Camp Chicago,auto,Elmhurst,Illinois,United States,"Elmhurst, IL, United States","Elmhurst, IL",2026-08-24 20:28:29.661359+00,2026-08-24 20:28:29.661359+00
168,2011,2,206,Scottish WCS Dance Championships,auto,Bathgate,,United Kingdom,"Bathgate, United Kingdom","Bathgate, United Kingdom",2026-08-24 20:28:29.661359+00,2026-08-24 20:28:29.661359+00
171,2011,2,105,Toronto International Swing Dance,auto,Toronto,,Canada,"Toronto, Canada","Toronto, Canada",2026-08-24 20:28:29.661359+00,2026-08-24 20:28:29.661359+00
67,2011,1,44,Americas Classic,auto,Houston,Texas,United States,"Houston, TX, United States","Houston, TX",2026-08-24 20:28:29.661359+00,2026-08-24 20:28:29.661359+00
42,2011,1,82,Floorplay Swing Vacation,auto,Orlando,Florida,United States,"Orlando, FL, United States","Orlando, FL",2026-08-24 20:28:29.661359+00,2026-08-24 20:28:29.661359+00
62,2011,1,1,Monterey SwingFest,auto,Monterey,California,United States,"Monterey, CA, United States","Monterey, CA",2026-08-24 20:28:29.661359+00,2026-08-24 20:28:29.661359+00
139,2011,1,79,New Year's Dancin' Eve,auto,Burlington,Massachusetts,United States,"Burlington (Boston), MA, United States","Burlington (Boston), MA",2026-08-24 20:28:29.661359+00,2026-08-24 20:28:29.661359+00
195,2011,1,20,Palm Springs New Years Swing Dance Classic,auto,Palm Springs,California,United States,"Palm Springs, CA, United States","Palm Springs, CA",2026-08-24 20:28:29.661359+00,2026-08-24 20:28:29.661359+00
126,2010,12,101,Chico Dance Sensation,auto,Chico,California,United States,"Chico, CA, United States","Chico, CA",2026-08-24 20:28:29.661359+00,2026-08-24 20:28:29.661359+00
87,2010,11,96,CASH Bash,auto,Cleveland,Ohio,United States,"Cleveland, OH, United States","Cleveland, OH",2026-08-24 20:28:29.661359+00,2026-08-24 20:28:29.661359+00
166,2010,11,212,London SwingVitational,auto,Windsor,,United Kingdom,"Windsor, United Kingdom","Windsor, United Kingdom",2026-08-24 20:28:29.661359+00,2026-08-24 20:28:29.661359+00
31,2010,11,28,Mountain Magic,auto,South Lake Tahoe (near Reno),Nevada,United States,"South Lake Tahoe (near Reno), NV, United States","South Lake Tahoe (near Reno), NV",2026-08-24 20:28:29.661359+00,2026-08-24 20:28:29.661359+00
151,2010,11,55,Sunshine State Dance Challenge,auto,Fort Lauderdale,Florida,United States,"Fort Lauderdale, FL, United States","Fort Lauderdale, FL",2026-08-24 20:28:29.661359+00,2026-08-24 20:28:29.661359+00
63,2010,11,70,Swingin' New England Dance Festival,auto,Newton,Massachusetts,United States,"Newton (Boston), MA, United States","Newton (Boston), MA",2026-08-24 20:28:29.661359+00,2026-08-24 20:28:29.661359+00
137,2010,11,53,Tampa Bay Classic,auto,Tampa,Florida,United States,"Tampa, FL, United States","Tampa, FL",2026-08-24 20:28:29.661359+00,2026-08-24 20:28:29.661359+00
68,2010,11,22,US Open Swing Dance Championships,auto,Los Angeles,California,United States,"Los Angeles, CA, United States","Los Angeles, CA",2026-08-24 20:28:29.661359+00,2026-08-24 20:28:29.661359+00
70,2010,11,38,Virginia State Open,auto,Herndon,Virginia,United States,"Herndon, VA, United States","Herndon, VA",2026-08-24 20:28:29.661359+00,2026-08-24 20:28:29.661359+00
8,2010,10,2,Boogie By The Bay,auto,San Francisco,California,United States,"San Francisco, CA, United States","San Francisco, CA",2026-08-24 20:28:29.661359+00,2026-08-24 20:28:29.661359+00
65,2010,10,24,Halloween SwingThing,auto,Costa Mesa,California,United States,"Costa Mesa, CA, United States","Costa Mesa, CA",2026-08-24 20:28:29.661359+00,2026-08-24 20:28:29.661359+00
43,2010,10,19,Paradise Dance Festival,auto,Irvine,California,United States,"Irvine, CA, United States","Irvine, CA",2026-08-24 20:28:29.661359+00,2026-08-24 20:28:29.661359+00
125,2010,10,34,Swing City Chicago,auto,Chicago,Illinois,United States,"Chicago, IL, United States","Chicago, IL",2026-08-24 20:28:29.661359+00,2026-08-24 20:28:29.661359+00
10,2010,9,74,Bridgetown Swing Boogie,auto,Vancouver,Washington,United States,"Vancouver, WA, United States","Vancouver, WA",2026-08-24 20:28:29.661359+00,2026-08-24 20:28:29.661359+00
15,2010,9,21,Dallas D.A.N.C.E.,auto,Dallas,Texas,United States,"Dallas, TX, United States","Dallas, TX",2026-08-24 20:28:29.661359+00,2026-08-24 20:28:29.661359+00
135,2010,9,3,Desert City Swing,auto,Phoenix,Arizona,United States,"Phoenix, AZ, United States","Phoenix, AZ",2026-08-24 20:28:29.661359+00,2026-08-24 20:28:29.661359+00
131,2010,9,49,Meet Me In St Louis,auto,St. Louis,Missouri,United States,"St. Louis, MO, United States","St. Louis, MO",2026-08-24 20:28:29.661359+00,2026-08-24 20:28:29.661359+00
165,2010,9,107,Midland Swing Open,auto,London,,United Kingdom,"London, United Kingdom","London, United Kingdom",2026-08-24 20:28:29.661359+00,2026-08-24 20:28:29.661359+00
100,2010,9,94,New Mexico Dance Fiesta,auto,Albuquerque,New Mexico,United States,"Albuquerque, NM, United States","Albuquerque, NM",2026-08-24 20:28:29.661359+00,2026-08-24 20:28:29.661359+00
51,2010,9,20,Palm Springs Summer Dance Classic,auto,Palm Springs,California,United States,"Palm Springs, CA, United States","Palm Springs, CA",2026-08-24 20:28:29.661359+00,2026-08-24 20:28:29.661359+00
130,2010,9,205,River City Dance Festival,auto,Edmonton,,Canada,"Edmonton, Canada","Edmonton, Canada",2026-08-24 20:28:29.661359+00,2026-08-24 20:28:29.661359+00
79,2010,9,30,Sea to Sky,auto,Seattle,Washington,United States,"Seattle, WA, United States","Seattle, WA",2026-08-24 20:28:29.661359+00,2026-08-24 20:28:29.661359+00
95,2010,9,80,Swing Niagara Dance Championships,auto,Buffalo,New York,United States,"Buffalo, NY, United States","Buffalo, NY",2026-08-24 20:28:29.661359+00,2026-08-24 20:28:29.661359+00
77,2010,8,3,Arizona Dance Classic,auto,Phoenix,Arizona,United States,"Phoenix, AZ, United States","Phoenix, AZ",2026-08-24 20:28:29.661359+00,2026-08-24 20:28:29.661359+00
119,2010,8,34,Chicagoland Country and Swing Dance Festival,auto,Chicago,Illinois,United States,"Chicago, IL, United States","Chicago, IL",2026-08-24 20:28:29.661359+00,2026-08-24 20:28:29.661359+00
120,2010,8,39,Lone Star Invitational,auto,Austin,Texas,United States,"Austin, TX, United States","Austin, TX",2026-08-24 20:28:29.661359+00,2026-08-24 20:28:29.661359+00
157,2010,8,70,New England Dance Festival,auto,Newton,Massachusetts,United States,"Newton (Boston), MA, United States","Newton (Boston), MA",2026-08-24 20:28:29.661359+00,2026-08-24 20:28:29.661359+00
164,2010,8,158,Sea Sun and Swing,auto,La Grande Motte,,France,"La Grande Motte, France","La Grande Motte, France",2026-08-24 20:28:29.661359+00,2026-08-24 20:28:29.661359+00
48,2010,8,16,South Bay Dance Fling,auto,San Jose,California,United States,"San Jose, CA, United States","San Jose, CA",2026-08-24 20:28:29.661359+00,2026-08-24 20:28:29.661359+00
53,2010,8,397,Summer Hummer,auto,Woburn,Massachusetts,United States,"Woburn (Boston), MA, United States","Woburn (Boston), MA",2026-08-24 20:28:29.661359+00,2026-08-24 20:28:29.661359+00
47,2010,8,29,Swingtime in the Rockies,auto,Denver,Colorado,United States,"Denver, CO, United States","Denver, CO",2026-08-24 20:28:29.661359+00,2026-08-24 20:28:29.661359+00
159,2010,8,207,World Swing Masters,auto,Blackpool,,United Kingdom,"Blackpool, United Kingdom","Blackpool, United Kingdom",2026-08-24 20:28:29.661359+00,2026-08-24 20:28:29.661359+00
1,2010,7,3,4TH of July Convention,auto,Phoenix,Arizona,United States,"Phoenix, AZ, United States","Phoenix, AZ",2026-08-24 20:28:29.661359+00,2026-08-24 20:28:29.661359+00
156,2010,7,140,Big Apple Dance Festival,auto,Morristown,New Jersey,United States,"Morristown, NJ, United States","Morristown, NJ",2026-08-24 20:28:29.661359+00,2026-08-24 20:28:29.661359+00
148,2010,7,57,Dance Mardi Gras,auto,New Orleans,Louisiana,United States,"New Orleans, LA, United States","New Orleans, LA",2026-08-24 20:28:29.661359+00,2026-08-24 20:28:29.661359+00
149,2010,7,55,Florida Dance Magic,auto,Fort Lauderdale,Florida,United States,"Fort Lauderdale, FL, United States","Fort Lauderdale, FL",2026-08-24 20:28:29.661359+00,2026-08-24 20:28:29.661359+00
97,2010,7,9,Grand Prix of Swing,auto,Kansas City,Missouri,United States,"Kansas City, MO, United States","Kansas City, MO",2026-08-24 20:28:29.661359+00,2026-08-24 20:28:29.661359+00
76,2010,7,51,Michigan Dance Classic,auto,Detroit,Michigan,United States,"Detroit, MI, United States","Detroit, MI",2026-08-24 20:28:29.661359+00,2026-08-24 20:28:29.661359+00
59,2010,7,38,Swing Fling,auto,Herndon,Virginia,United States,"Herndon, VA, United States","Herndon, VA",2026-08-24 20:28:29.661359+00,2026-08-24 20:28:29.661359+00
155,2010,7,109,The City of Light,auto,Paris,,France,"Paris, France","Paris, France",2026-08-24 20:28:29.661359+00,2026-08-24 20:28:29.661359+00
147,2010,7,105,Toronto Open Swing & Hustle Championships,auto,Toronto,,Canada,"Toronto, Canada","Toronto, Canada",2026-08-24 20:28:29.661359+00,2026-08-24 20:28:29.661359+00
84,2010,7,61,Wisconsin Dance Challenge/Midwest Area Swing Dance Challenge,auto,Green Bay,Wisconsin,United States,"Green Bay, WI, United States","Green Bay, WI",2026-08-24 20:28:29.661359+00,2026-08-24 20:28:29.661359+00
109,2010,6,29,Colorado Country Classic,auto,Denver,Colorado,United States,"Denver, CO, United States","Denver, CO",2026-08-24 20:28:29.661359+00,2026-08-24 20:28:29.661359+00
25,2010,6,23,J&J O'Rama,auto,Anaheim,California,United States,"Anaheim, CA, United States","Anaheim, CA",2026-08-24 20:28:29.661359+00,2026-08-24 20:28:29.661359+00
96,2010,6,41,Liberty Swing Dance Championships,auto,New Brunswick,New Jersey,United States,"New Brunswick, NJ, United States","New Brunswick, NJ",2026-08-24 20:28:29.661359+00,2026-08-24 20:28:29.661359+00
117,2010,6,82,Orange Blossom Dance Festival,auto,Orlando,Florida,United States,"Orlando, FL, United States","Orlando, FL",2026-08-24 20:28:29.661359+00,2026-08-24 20:28:29.661359+00
44,2010,6,4,Portland Dance Festival,auto,Portland,Oregon,United States,"Portland, OR, United States","Portland, OR",2026-08-24 20:28:29.661359+00,2026-08-24 20:28:29.661359+00
105,2010,5,86,Canadian Swing Championships,auto,Montreal,,Canada,"Montreal, Canada","Montreal, Canada",2026-08-24 20:28:29.661359+00,2026-08-24 20:28:29.661359+00
145,2010,5,4,Come Rain Come Shine,auto,Portland,Oregon,United States,"Portland, OR, United States","Portland, OR",2026-08-24 20:28:29.661359+00,2026-08-24 20:28:29.661359+00
163,2010,5,21,DFW Pro Am Jam,auto,Dallas,Texas,United States,"Dallas, TX, United States","Dallas, TX",2026-08-24 20:28:29.661359+00,2026-08-24 20:28:29.661359+00
19,2010,5,13,Eastern/Washington Dance Challenge,auto,Washington,District of Columbia,United States,"Washington, DC, United States","Washington, DC",2026-08-24 20:28:29.661359+00,2026-08-24 20:28:29.661359+00
20,2010,5,5,FreZno Dance Classic,auto,Fresno,California,United States,"Fresno, CA, United States","Fresno, CA",2026-08-24 20:28:29.661359+00,2026-08-24 20:28:29.661359+00
162,2010,5,40,Swingapalooza,auto,Baton Rouge,Louisiana,United States,"Baton Rouge, LA, United States","Baton Rouge, LA",2026-08-24 20:28:29.661359+00,2026-08-24 20:28:29.661359+00
61,2010,5,10,SwingDiego,auto,San Diego,California,United States,"San Diego, CA, United States","San Diego, CA",2026-08-24 20:28:29.661359+00,2026-08-24 20:28:29.661359+00
144,2010,5,131,Swingin' Into Spring,auto,Hartford,Connecticut,United States,"Hartford, CT, United States","Hartford, CT",2026-08-24 20:28:29.661359+00,2026-08-24 20:28:29.661359+00
121,2010,5,39,The Texas Classic,auto,Austin,Texas,United States,"Austin, TX, United States","Austin, TX",2026-08-24 20:28:29.661359+00,2026-08-24 20:28:29.661359+00
22,2010,5,25,USA Grand Nationals,auto,Atlanta,Georgia,United States,"Atlanta, GA, United States","Atlanta, GA, United States",2026-08-24 20:28:29.661359+00,2026-08-24 20:28:29.661359+00
73,2010,5,14,World Swing Dance Championships,auto,San Bernardino,California,United States,"San Bernardino, CA, United States","San Bernardino, CA",2026-08-24 20:28:29.661359+00,2026-08-24 20:28:29.661359+00
116,2010,4,148,Calgary Dance Stampede,auto,Calgary,,Canada,"Calgary, Canada","Calgary, Canada",2026-08-24 20:28:29.661359+00,2026-08-24 20:28:29.661359+00
18,2010,4,30,Easter Swing,auto,Seattle,Washington,United States,"Seattle, WA, United States","Seattle, WA",2026-08-24 20:28:29.661359+00,2026-08-24 20:28:29.661359+00
104,2010,4,22,Los Angeles Premiere Dance Classic,auto,Los Angeles,California,United States,"Los Angeles, CA, United States","Los Angeles, CA",2026-08-24 20:28:29.661359+00,2026-08-24 20:28:29.661359+00
134,2010,4,89,Swing Dance America,auto,Lake Geneva,Illinois,United States,"Lake Geneva, IL, United States","Lake Geneva, IL",2026-08-24 20:28:29.661359+00,2026-08-24 20:28:29.661359+00
154,2010,4,107,UK WCS Championships,auto,London,,United Kingdom,"London, United Kingdom","London, United Kingdom",2026-08-24 20:28:29.661359+00,2026-08-24 20:28:29.661359+00
161,2010,4,43,USA Jack & Jill Championships,auto,Nashville,Tennessee,United States,"Nashville, TN, United States","Nashville, TN",2026-08-24 20:28:29.661359+00,2026-08-24 20:28:29.661359+00
9,2010,3,8,Boston Tea Party,auto,Boston,Massachusetts,United States,"Boston, MA, United States","Boston, MA",2026-08-24 20:28:29.661359+00,2026-08-24 20:28:29.661359+00
13,2010,3,34,Chicago Classic,auto,Chicago,Illinois,United States,"Chicago, IL, United States","Chicago, IL",2026-08-24 20:28:29.661359+00,2026-08-24 20:28:29.661359+00
143,2010,3,18,High Desert Dance Classic,auto,Lancaster,California,United States,"Lancaster, CA, United States","Lancaster, CA",2026-08-24 20:28:29.661359+00,2026-08-24 20:28:29.661359+00
92,2010,3,13,MADjam,auto,Washington,District of Columbia,United States,"Washington, DC, United States","Washington, DC",2026-08-24 20:28:29.661359+00,2026-08-24 20:28:29.661359+00
153,2010,3,44,Novice Invitational,auto,Houston,Texas,United States,"Houston, TX, United States","Houston, TX",2026-08-24 20:28:29.661359+00,2026-08-24 20:28:29.661359+00
91,2010,3,77,Reno Dance Sensation,auto,Reno,Nevada,United States,"Reno, NV, United States","Reno, NV",2026-08-24 20:28:29.661359+00,2026-08-24 20:28:29.661359+00
132,2010,3,58,Tulsa Spring Swing,auto,Tulsa,Oklahoma,United States,"Tulsa, OK, United States","Tulsa, OK",2026-08-24 20:28:29.661359+00,2026-08-24 20:28:29.661359+00
12,2010,2,6,Capital Swing Dance Convention,auto,Sacramento,California,United States,"Sacramento, CA, United States","Sacramento, CA",2026-08-24 20:28:29.661359+00,2026-08-24 20:28:29.661359+00
115,2010,2,34,Da Dance Camp,auto,Chicago,Illinois,United States,"Chicago, IL, United States","Chicago, IL",2026-08-24 20:28:29.661359+00,2026-08-24 20:28:29.661359+00
67,2010,1,44,Americas Classic,auto,Houston,Texas,United States,"Houston, TX, United States","Houston, TX",2026-08-24 20:28:29.661359+00,2026-08-24 20:28:29.661359+00
42,2010,1,82,Floorplay Swing Vacation,auto,Orlando,Florida,United States,"Orlando, FL, United States","Orlando, FL",2026-08-24 20:28:29.661359+00,2026-08-24 20:28:29.661359+00
62,2010,1,1,Monterey SwingFest,auto,Monterey,California,United States,"Monterey, CA, United States","Monterey, CA",2026-08-24 20:28:29.661359+00,2026-08-24 20:28:29.661359+00
139,2010,1,79,New Year's Dancin' Eve,auto,Burlington,Massachusetts,United States,"Burlington (Boston), MA, United States","Burlington (Boston), MA",2026-08-24 20:28:29.661359+00,2026-08-24 20:28:29.661359+00
195,2010,1,20,Palm Springs New Years Swing Dance Classic,auto,Palm Springs,California,United States,"Palm Springs, CA, United States","Palm Springs, CA",2026-08-24 20:28:29.661359+00,2026-08-24 20:28:29.661359+00
141,2010,1,43,Spotlight New Year's Celebration,auto,Nashville,Tennessee,United States,"Nashville, TN, United States","Nashville, TN",2026-08-24 20:28:29.661359+00,2026-08-24 20:28:29.661359+00
75,2010,1,21,UCWDC Country Dance World Championship,auto,Dallas,Texas,United States,"Dallas, TX, United States","Dallas, TX",2026-08-24 20:28:29.661359+00,2026-08-24 20:28:29.661359+00
42,2009,12,82,Floorplay Swing Vacation,auto,Orlando,Florida,United States,"Orlando, FL, United States","Orlando, FL",2026-08-24 20:28:29.661359+00,2026-08-24 20:28:29.661359+00
139,2009,12,79,New Year's Dancin' Eve,auto,Burlington,Massachusetts,United States,"Burlington (Boston), MA, United States","Burlington (Boston), MA",2026-08-24 20:28:29.661359+00,2026-08-24 20:28:29.661359+00
195,2009,12,20,Palm Springs New Years Swing Dance Classic,auto,Palm Springs,California,United States,"Palm Springs, CA, United States","Palm Springs, CA",2026-08-24 20:28:29.661359+00,2026-08-24 20:28:29.661359+00
141,2009,12,43,Spotlight New Year's Celebration,auto,Nashville,Tennessee,United States,"Nashville, TN, United States","Nashville, TN",2026-08-24 20:28:29.661359+00,2026-08-24 20:28:29.661359+00
152,2009,12,82,Worlds UCWDC,auto,Orlando,Florida,United States,"Orlando, FL, United States","Orlando, FL",2026-08-24 20:28:29.661359+00,2026-08-24 20:28:29.661359+00
87,2009,11,96,CASH Bash,auto,Cleveland,Ohio,United States,"Cleveland, OH, United States","Cleveland, OH",2026-08-24 20:28:29.661359+00,2026-08-24 20:28:29.661359+00
31,2009,11,28,Mountain Magic,auto,South Lake Tahoe (near Reno),Nevada,United States,"South Lake Tahoe (near Reno), NV, United States","South Lake Tahoe (near Reno), NV",2026-08-24 20:28:29.661359+00,2026-08-24 20:28:29.661359+00
151,2009,11,55,Sunshine State Dance Challenge,auto,Fort Lauderdale,Florida,United States,"Fort Lauderdale, FL, United States","Fort Lauderdale, FL",2026-08-24 20:28:29.661359+00,2026-08-24 20:28:29.661359+00
63,2009,11,70,Swingin' New England Dance Festival,auto,Newton,Massachusetts,United States,"Newton (Boston), MA, United States","Newton (Boston), MA",2026-08-24 20:28:29.661359+00,2026-08-24 20:28:29.661359+00
137,2009,11,53,Tampa Bay Classic,auto,Tampa,Florida,United States,"Tampa, FL, United States","Tampa, FL",2026-08-24 20:28:29.661359+00,2026-08-24 20:28:29.661359+00
68,2009,11,22,US Open Swing Dance Championships,auto,Los Angeles,California,United States,"Los Angeles, CA, United States","Los Angeles, CA",2026-08-24 20:28:29.661359+00,2026-08-24 20:28:29.661359+00
129,2009,11,97,West Coast Dance Challenge,auto,Redmond,Washington,United States,"Redmond, WA, United States","Redmond, WA",2026-08-24 20:28:29.661359+00,2026-08-24 20:28:29.661359+00
8,2009,10,2,Boogie By The Bay,auto,San Francisco,California,United States,"San Francisco, CA, United States","San Francisco, CA",2026-08-24 20:28:29.661359+00,2026-08-24 20:28:29.661359+00
126,2009,10,101,Chico Dance Sensation,auto,Chico,California,United States,"Chico, CA, United States","Chico, CA",2026-08-24 20:28:29.661359+00,2026-08-24 20:28:29.661359+00
136,2009,10,160,Halloween In Harrisburg & Swingzing,auto,Carlisle,Pennsylvania,United States,"Carlisle, PA, United States","Carlisle, PA",2026-08-24 20:28:29.661359+00,2026-08-24 20:28:29.661359+00
65,2009,10,24,Halloween SwingThing,auto,Costa Mesa,California,United States,"Costa Mesa, CA, United States","Costa Mesa, CA",2026-08-24 20:28:29.661359+00,2026-08-24 20:28:29.661359+00
43,2009,10,19,Paradise Dance Festival,auto,Irvine,California,United States,"Irvine, CA, United States","Irvine, CA",2026-08-24 20:28:29.661359+00,2026-08-24 20:28:29.661359+00
125,2009,10,34,Swing City Chicago,auto,Chicago,Illinois,United States,"Chicago, IL, United States","Chicago, IL",2026-08-24 20:28:29.661359+00,2026-08-24 20:28:29.661359+00
10,2009,9,74,Bridgetown Swing Boogie,auto,Vancouver,Washington,United States,"Vancouver, WA, United States","Vancouver, WA",2026-08-24 20:28:29.661359+00,2026-08-24 20:28:29.661359+00
15,2009,9,21,Dallas D.A.N.C.E.,auto,Dallas,Texas,United States,"Dallas, TX, United States","Dallas, TX",2026-08-24 20:28:29.661359+00,2026-08-24 20:28:29.661359+00
135,2009,9,3,Desert City Swing,auto,Phoenix,Arizona,United States,"Phoenix, AZ, United States","Phoenix, AZ",2026-08-24 20:28:29.661359+00,2026-08-24 20:28:29.661359+00
131,2009,9,49,Meet Me In St Louis,auto,St. Louis,Missouri,United States,"St. Louis, MO, United States","St. Louis, MO",2026-08-24 20:28:29.661359+00,2026-08-24 20:28:29.661359+00
51,2009,9,20,Palm Springs Summer Dance Classic,auto,Palm Springs,California,United States,"Palm Springs, CA, United States","Palm Springs, CA",2026-08-24 20:28:29.661359+00,2026-08-24 20:28:29.661359+00
130,2009,9,205,River City Dance Festival,auto,Edmonton,,Canada,"Edmonton, Canada","Edmonton, Canada",2026-08-24 20:28:29.661359+00,2026-08-24 20:28:29.661359+00
79,2009,9,30,Sea to Sky,auto,Seattle,Washington,United States,"Seattle, WA, United States","Seattle, WA",2026-08-24 20:28:29.661359+00,2026-08-24 20:28:29.661359+00
70,2009,9,38,Virginia State Open,auto,Herndon,Virginia,United States,"Herndon, VA, United States","Herndon, VA",2026-08-24 20:28:29.661359+00,2026-08-24 20:28:29.661359+00
119,2009,8,34,Chicagoland Country and Swing Dance Festival,auto,Chicago,Illinois,United States,"Chicago, IL, United States","Chicago, IL",2026-08-24 20:28:29.661359+00,2026-08-24 20:28:29.661359+00
120,2009,8,39,Lone Star Invitational,auto,Austin,Texas,United States,"Austin, TX, United States","Austin, TX",2026-08-24 20:28:29.661359+00,2026-08-24 20:28:29.661359+00
157,2009,8,70,New England Dance Festival,auto,Newton,Massachusetts,United States,"Newton (Boston), MA, United States","Newton (Boston), MA",2026-08-24 20:28:29.661359+00,2026-08-24 20:28:29.661359+00
48,2009,8,16,South Bay Dance Fling,auto,San Jose,California,United States,"San Jose, CA, United States","San Jose, CA",2026-08-24 20:28:29.661359+00,2026-08-24 20:28:29.661359+00
53,2009,8,397,Summer Hummer,auto,Woburn,Massachusetts,United States,"Woburn (Boston), MA, United States","Woburn (Boston), MA",2026-08-24 20:28:29.661359+00,2026-08-24 20:28:29.661359+00
47,2009,8,29,Swingtime in the Rockies,auto,Denver,Colorado,United States,"Denver, CO, United States","Denver, CO",2026-08-24 20:28:29.661359+00,2026-08-24 20:28:29.661359+00
159,2009,8,207,World Swing Masters,auto,Blackpool,,United Kingdom,"Blackpool, United Kingdom","Blackpool, United Kingdom",2026-08-24 20:28:29.661359+00,2026-08-24 20:28:29.661359+00
1,2009,7,3,4TH of July Convention,auto,Phoenix,Arizona,United States,"Phoenix, AZ, United States","Phoenix, AZ",2026-08-24 20:28:29.661359+00,2026-08-24 20:28:29.661359+00
156,2009,7,140,Big Apple Dance Festival,auto,Morristown,New Jersey,United States,"Morristown, NJ, United States","Morristown, NJ",2026-08-24 20:28:29.661359+00,2026-08-24 20:28:29.661359+00
146,2009,7,8,Boston Dance Challenge,auto,Boston,Massachusetts,United States,"Boston, MA, United States","Boston, MA",2026-08-24 20:28:29.661359+00,2026-08-24 20:28:29.661359+00
149,2009,7,55,Florida Dance Magic,auto,Fort Lauderdale,Florida,United States,"Fort Lauderdale, FL, United States","Fort Lauderdale, FL",2026-08-24 20:28:29.661359+00,2026-08-24 20:28:29.661359+00
97,2009,7,9,Grand Prix of Swing,auto,Kansas City,Missouri,United States,"Kansas City, MO, United States","Kansas City, MO",2026-08-24 20:28:29.661359+00,2026-08-24 20:28:29.661359+00
160,2009,7,14,Inland Valley Dance Festival,auto,San Bernardino,California,United States,"San Bernardino, CA, United States","San Bernardino, CA",2026-08-24 20:28:29.661359+00,2026-08-24 20:28:29.661359+00
76,2009,7,51,Michigan Dance Classic,auto,Detroit,Michigan,United States,"Detroit, MI, United States","Detroit, MI",2026-08-24 20:28:29.661359+00,2026-08-24 20:28:29.661359+00
59,2009,7,38,Swing Fling,auto,Herndon,Virginia,United States,"Herndon, VA, United States","Herndon, VA",2026-08-24 20:28:29.661359+00,2026-08-24 20:28:29.661359+00
155,2009,7,109,The City of Light,auto,Paris,,France,"Paris, France","Paris, France",2026-08-24 20:28:29.661359+00,2026-08-24 20:28:29.661359+00
147,2009,7,105,Toronto Open Swing & Hustle Championships,auto,Toronto,,Canada,"Toronto, Canada","Toronto, Canada",2026-08-24 20:28:29.661359+00,2026-08-24 20:28:29.661359+00
84,2009,7,61,Wisconsin Dance Challenge/Midwest Area Swing Dance Challenge,auto,Green Bay,Wisconsin,United States,"Green Bay, WI, United States","Green Bay, WI",2026-08-24 20:28:29.661359+00,2026-08-24 20:28:29.661359+00
86,2009,7,123,World Hustle Dance Championships,auto,Secaucus,New Jersey,United States,"Secaucus, NJ, United States","Secaucus, NJ",2026-08-24 20:28:29.661359+00,2026-08-24 20:28:29.661359+00
109,2009,6,29,Colorado Country Classic,auto,Denver,Colorado,United States,"Denver, CO, United States","Denver, CO",2026-08-24 20:28:29.661359+00,2026-08-24 20:28:29.661359+00
25,2009,6,23,J&J O'Rama,auto,Anaheim,California,United States,"Anaheim, CA, United States","Anaheim, CA",2026-08-24 20:28:29.661359+00,2026-08-24 20:28:29.661359+00
96,2009,6,41,Liberty Swing Dance Championships,auto,New Brunswick,New Jersey,United States,"New Brunswick, NJ, United States","New Brunswick, NJ",2026-08-24 20:28:29.661359+00,2026-08-24 20:28:29.661359+00
117,2009,6,82,Orange Blossom Dance Festival,auto,Orlando,Florida,United States,"Orlando, FL, United States","Orlando, FL",2026-08-24 20:28:29.661359+00,2026-08-24 20:28:29.661359+00
44,2009,6,4,Portland Dance Festival,auto,Portland,Oregon,United States,"Portland, OR, United States","Portland, OR",2026-08-24 20:28:29.661359+00,2026-08-24 20:28:29.661359+00
95,2009,6,80,Swing Niagara Dance Championships,auto,Buffalo,New York,United States,"Buffalo, NY, United States","Buffalo, NY",2026-08-24 20:28:29.661359+00,2026-08-24 20:28:29.661359+00
67,2009,5,44,Americas Classic,auto,Houston,Texas,United States,"Houston, TX, United States","Houston, TX",2026-08-24 20:28:29.661359+00,2026-08-24 20:28:29.661359+00
105,2009,5,86,Canadian Swing Championships,auto,Montreal,,Canada,"Montreal, Canada","Montreal, Canada",2026-08-24 20:28:29.661359+00,2026-08-24 20:28:29.661359+00
145,2009,5,4,Come Rain Come Shine,auto,Portland,Oregon,United States,"Portland, OR, United States","Portland, OR",2026-08-24 20:28:29.661359+00,2026-08-24 20:28:29.661359+00
19,2009,5,13,Eastern/Washington Dance Challenge,auto,Washington,District of Columbia,United States,"Washington, DC, United States","Washington, DC",2026-08-24 20:28:29.661359+00,2026-08-24 20:28:29.661359+00
20,2009,5,5,FreZno Dance Classic,auto,Fresno,California,United States,"Fresno, CA, United States","Fresno, CA",2026-08-24 20:28:29.661359+00,2026-08-24 20:28:29.661359+00
144,2009,5,131,Swingin' Into Spring,auto,Hartford,Connecticut,United States,"Hartford, CT, United States","Hartford, CT",2026-08-24 20:28:29.661359+00,2026-08-24 20:28:29.661359+00
121,2009,5,39,The Texas Classic,auto,Austin,Texas,United States,"Austin, TX, United States","Austin, TX",2026-08-24 20:28:29.661359+00,2026-08-24 20:28:29.661359+00
22,2009,5,25,USA Grand Nationals,auto,Atlanta,Georgia,United States,"Atlanta, GA, United States","Atlanta, GA, United States",2026-08-24 20:28:29.661359+00,2026-08-24 20:28:29.661359+00
116,2009,4,148,Calgary Dance Stampede,auto,Calgary,,Canada,"Calgary, Canada","Calgary, Canada",2026-08-24 20:28:29.661359+00,2026-08-24 20:28:29.661359+00
18,2009,4,30,Easter Swing,auto,Seattle,Washington,United States,"Seattle, WA, United States","Seattle, WA",2026-08-24 20:28:29.661359+00,2026-08-24 20:28:29.661359+00
104,2009,4,22,Los Angeles Premiere Dance Classic,auto,Los Angeles,California,United States,"Los Angeles, CA, United States","Los Angeles, CA",2026-08-24 20:28:29.661359+00,2026-08-24 20:28:29.661359+00
134,2009,4,89,Swing Dance America,auto,Lake Geneva,Illinois,United States,"Lake Geneva, IL, United States","Lake Geneva, IL",2026-08-24 20:28:29.661359+00,2026-08-24 20:28:29.661359+00
154,2009,4,107,UK WCS Championships,auto,London,,United Kingdom,"London, United Kingdom","London, United Kingdom",2026-08-24 20:28:29.661359+00,2026-08-24 20:28:29.661359+00
9,2009,3,8,Boston Tea Party,auto,Boston,Massachusetts,United States,"Boston, MA, United States","Boston, MA",2026-08-24 20:28:29.661359+00,2026-08-24 20:28:29.661359+00
143,2009,3,18,High Desert Dance Classic,auto,Lancaster,California,United States,"Lancaster, CA, United States","Lancaster, CA",2026-08-24 20:28:29.661359+00,2026-08-24 20:28:29.661359+00
92,2009,3,13,MADjam,auto,Washington,District of Columbia,United States,"Washington, DC, United States","Washington, DC",2026-08-24 20:28:29.661359+00,2026-08-24 20:28:29.661359+00
153,2009,3,44,Novice Invitational,auto,Houston,Texas,United States,"Houston, TX, United States","Houston, TX",2026-08-24 20:28:29.661359+00,2026-08-24 20:28:29.661359+00
91,2009,3,77,Reno Dance Sensation,auto,Reno,Nevada,United States,"Reno, NV, United States","Reno, NV",2026-08-24 20:28:29.661359+00,2026-08-24 20:28:29.661359+00
142,2009,3,34,The Chicago Classic,auto,Chicago,Illinois,United States,"Chicago, IL, United States","Chicago, IL",2026-08-24 20:28:29.661359+00,2026-08-24 20:28:29.661359+00
132,2009,3,58,Tulsa Spring Swing,auto,Tulsa,Oklahoma,United States,"Tulsa, OK, United States","Tulsa, OK",2026-08-24 20:28:29.661359+00,2026-08-24 20:28:29.661359+00
12,2009,2,6,Capital Swing Dance Convention,auto,Sacramento,California,United States,"Sacramento, CA, United States","Sacramento, CA",2026-08-24 20:28:29.661359+00,2026-08-24 20:28:29.661359+00
62,2009,1,1,Monterey SwingFest,auto,Monterey,California,United States,"Monterey, CA, United States","Monterey, CA",2026-08-24 20:28:29.661359+00,2026-08-24 20:28:29.661359+00
61,2009,1,10,SwingDiego,auto,San Diego,California,United States,"San Diego, CA, United States","San Diego, CA",2026-08-24 20:28:29.661359+00,2026-08-24 20:28:29.661359+00
75,2008,12,21,UCWDC Country Dance World Championship,auto,Dallas,Texas,United States,"Dallas, TX, United States","Dallas, TX",2026-08-24 20:28:29.661359+00,2026-08-24 20:28:29.661359+00
87,2008,11,96,CASH Bash,auto,Cleveland,Ohio,United States,"Cleveland, OH, United States","Cleveland, OH",2026-08-24 20:28:29.661359+00,2026-08-24 20:28:29.661359+00
31,2008,11,28,Mountain Magic,auto,South Lake Tahoe (near Reno),Nevada,United States,"South Lake Tahoe (near Reno), NV, United States","South Lake Tahoe (near Reno), NV",2026-08-24 20:28:29.661359+00,2026-08-24 20:28:29.661359+00
138,2008,11,43,Music City Swing Dance Championships,auto,Nashville,Tennessee,United States,"Nashville, TN, United States","Nashville, TN",2026-08-24 20:28:29.661359+00,2026-08-24 20:28:29.661359+00
151,2008,11,55,Sunshine State Dance Challenge,auto,Fort Lauderdale,Florida,United States,"Fort Lauderdale, FL, United States","Fort Lauderdale, FL",2026-08-24 20:28:29.661359+00,2026-08-24 20:28:29.661359+00
63,2008,11,70,Swingin' New England Dance Festival,auto,Newton,Massachusetts,United States,"Newton (Boston), MA, United States","Newton (Boston), MA",2026-08-24 20:28:29.661359+00,2026-08-24 20:28:29.661359+00
137,2008,11,53,Tampa Bay Classic,auto,Tampa,Florida,United States,"Tampa, FL, United States","Tampa, FL",2026-08-24 20:28:29.661359+00,2026-08-24 20:28:29.661359+00
68,2008,11,22,US Open Swing Dance Championships,auto,Los Angeles,California,United States,"Los Angeles, CA, United States","Los Angeles, CA",2026-08-24 20:28:29.661359+00,2026-08-24 20:28:29.661359+00
129,2008,11,97,West Coast Dance Challenge,auto,Redmond,Washington,United States,"Redmond, WA, United States","Redmond, WA",2026-08-24 20:28:29.661359+00,2026-08-24 20:28:29.661359+00
8,2008,10,2,Boogie By The Bay,auto,San Francisco,California,United States,"San Francisco, CA, United States","San Francisco, CA",2026-08-24 20:28:29.661359+00,2026-08-24 20:28:29.661359+00
150,2008,10,325,Carolina Groove,auto,North Myrtle Beach,South Carolina,United States,"North Myrtle Beach, SC, United States","North Myrtle Beach, SC",2026-08-24 20:28:29.661359+00,2026-08-24 20:28:29.661359+00
126,2008,10,101,Chico Dance Sensation,auto,Chico,California,United States,"Chico, CA, United States","Chico, CA",2026-08-24 20:28:29.661359+00,2026-08-24 20:28:29.661359+00
65,2008,10,24,Halloween SwingThing,auto,Costa Mesa,California,United States,"Costa Mesa, CA, United States","Costa Mesa, CA",2026-08-24 20:28:29.661359+00,2026-08-24 20:28:29.661359+00
43,2008,10,19,Paradise Dance Festival,auto,Irvine,California,United States,"Irvine, CA, United States","Irvine, CA",2026-08-24 20:28:29.661359+00,2026-08-24 20:28:29.661359+00
125,2008,10,34,Swing City Chicago,auto,Chicago,Illinois,United States,"Chicago, IL, United States","Chicago, IL",2026-08-24 20:28:29.661359+00,2026-08-24 20:28:29.661359+00
127,2008,10,58,Tulsa Fall Fling,auto,Tulsa,Oklahoma,United States,"Tulsa, OK, United States","Tulsa, OK",2026-08-24 20:28:29.661359+00,2026-08-24 20:28:29.661359+00
10,2008,9,74,Bridgetown Swing Boogie,auto,Vancouver,Washington,United States,"Vancouver, WA, United States","Vancouver, WA",2026-08-24 20:28:29.661359+00,2026-08-24 20:28:29.661359+00
15,2008,9,21,Dallas D.A.N.C.E.,auto,Dallas,Texas,United States,"Dallas, TX, United States","Dallas, TX",2026-08-24 20:28:29.661359+00,2026-08-24 20:28:29.661359+00
135,2008,9,3,Desert City Swing,auto,Phoenix,Arizona,United States,"Phoenix, AZ, United States","Phoenix, AZ",2026-08-24 20:28:29.661359+00,2026-08-24 20:28:29.661359+00
131,2008,9,49,Meet Me In St Louis,auto,St. Louis,Missouri,United States,"St. Louis, MO, United States","St. Louis, MO",2026-08-24 20:28:29.661359+00,2026-08-24 20:28:29.661359+00
100,2008,9,94,New Mexico Dance Fiesta,auto,Albuquerque,New Mexico,United States,"Albuquerque, NM, United States","Albuquerque, NM",2026-08-24 20:28:29.661359+00,2026-08-24 20:28:29.661359+00
51,2008,9,20,Palm Springs Summer Dance Classic,auto,Palm Springs,California,United States,"Palm Springs, CA, United States","Palm Springs, CA",2026-08-24 20:28:29.661359+00,2026-08-24 20:28:29.661359+00
130,2008,9,205,River City Dance Festival,auto,Edmonton,,Canada,"Edmonton, Canada","Edmonton, Canada",2026-08-24 20:28:29.661359+00,2026-08-24 20:28:29.661359+00
79,2008,9,30,Sea to Sky,auto,Seattle,Washington,United States,"Seattle, WA, United States","Seattle, WA",2026-08-24 20:28:29.661359+00,2026-08-24 20:28:29.661359+00
70,2008,9,38,Virginia State Open,auto,Herndon,Virginia,United States,"Herndon, VA, United States","Herndon, VA",2026-08-24 20:28:29.661359+00,2026-08-24 20:28:29.661359+00
77,2008,8,3,Arizona Dance Classic,auto,Phoenix,Arizona,United States,"Phoenix, AZ, United States","Phoenix, AZ",2026-08-24 20:28:29.661359+00,2026-08-24 20:28:29.661359+00
122,2008,8,8,Boston Dance Revolution,auto,Boston,Massachusetts,United States,"Boston, MA, United States","Boston, MA",2026-08-24 20:28:29.661359+00,2026-08-24 20:28:29.661359+00
119,2008,8,34,Chicagoland Country and Swing Dance Festival,auto,Chicago,Illinois,United States,"Chicago, IL, United States","Chicago, IL",2026-08-24 20:28:29.661359+00,2026-08-24 20:28:29.661359+00
120,2008,8,39,Lone Star Invitational,auto,Austin,Texas,United States,"Austin, TX, United States","Austin, TX",2026-08-24 20:28:29.661359+00,2026-08-24 20:28:29.661359+00
48,2008,8,16,South Bay Dance Fling,auto,San Jose,California,United States,"San Jose, CA, United States","San Jose, CA",2026-08-24 20:28:29.661359+00,2026-08-24 20:28:29.661359+00
53,2008,8,397,Summer Hummer,auto,Woburn,Massachusetts,United States,"Woburn (Boston), MA, United States","Woburn (Boston), MA",2026-08-24 20:28:29.661359+00,2026-08-24 20:28:29.661359+00
47,2008,8,29,Swingtime in the Rockies,auto,Denver,Colorado,United States,"Denver, CO, United States","Denver, CO",2026-08-24 20:28:29.661359+00,2026-08-24 20:28:29.661359+00
1,2008,7,3,4TH of July Convention,auto,Phoenix,Arizona,United States,"Phoenix, AZ, United States","Phoenix, AZ",2026-08-24 20:28:29.661359+00,2026-08-24 20:28:29.661359+00
146,2008,7,8,Boston Dance Challenge,auto,Boston,Massachusetts,United States,"Boston, MA, United States","Boston, MA",2026-08-24 20:28:29.661359+00,2026-08-24 20:28:29.661359+00
148,2008,7,57,Dance Mardi Gras,auto,New Orleans,Louisiana,United States,"New Orleans, LA, United States","New Orleans, LA",2026-08-24 20:28:29.661359+00,2026-08-24 20:28:29.661359+00
149,2008,7,55,Florida Dance Magic,auto,Fort Lauderdale,Florida,United States,"Fort Lauderdale, FL, United States","Fort Lauderdale, FL",2026-08-24 20:28:29.661359+00,2026-08-24 20:28:29.661359+00
97,2008,7,9,Grand Prix of Swing,auto,Kansas City,Missouri,United States,"Kansas City, MO, United States","Kansas City, MO",2026-08-24 20:28:29.661359+00,2026-08-24 20:28:29.661359+00
160,2008,7,14,Inland Valley Dance Festival,auto,San Bernardino,California,United States,"San Bernardino, CA, United States","San Bernardino, CA",2026-08-24 20:28:29.661359+00,2026-08-24 20:28:29.661359+00
59,2008,7,38,Swing Fling,auto,Herndon,Virginia,United States,"Herndon, VA, United States","Herndon, VA",2026-08-24 20:28:29.661359+00,2026-08-24 20:28:29.661359+00
147,2008,7,105,Toronto Open Swing & Hustle Championships,auto,Toronto,,Canada,"Toronto, Canada","Toronto, Canada",2026-08-24 20:28:29.661359+00,2026-08-24 20:28:29.661359+00
84,2008,7,61,Wisconsin Dance Challenge/Midwest Area Swing Dance Challenge,auto,Green Bay,Wisconsin,United States,"Green Bay, WI, United States","Green Bay, WI",2026-08-24 20:28:29.661359+00,2026-08-24 20:28:29.661359+00
86,2008,7,123,World Hustle Dance Championships,auto,Secaucus,New Jersey,United States,"Secaucus, NJ, United States","Secaucus, NJ",2026-08-24 20:28:29.661359+00,2026-08-24 20:28:29.661359+00
109,2008,6,29,Colorado Country Classic,auto,Denver,Colorado,United States,"Denver, CO, United States","Denver, CO",2026-08-24 20:28:29.661359+00,2026-08-24 20:28:29.661359+00
25,2008,6,23,J&J O'Rama,auto,Anaheim,California,United States,"Anaheim, CA, United States","Anaheim, CA",2026-08-24 20:28:29.661359+00,2026-08-24 20:28:29.661359+00
96,2008,6,41,Liberty Swing Dance Championships,auto,New Brunswick,New Jersey,United States,"New Brunswick, NJ, United States","New Brunswick, NJ",2026-08-24 20:28:29.661359+00,2026-08-24 20:28:29.661359+00
117,2008,6,82,Orange Blossom Dance Festival,auto,Orlando,Florida,United States,"Orlando, FL, United States","Orlando, FL",2026-08-24 20:28:29.661359+00,2026-08-24 20:28:29.661359+00
44,2008,6,4,Portland Dance Festival,auto,Portland,Oregon,United States,"Portland, OR, United States","Portland, OR",2026-08-24 20:28:29.661359+00,2026-08-24 20:28:29.661359+00
95,2008,6,80,Swing Niagara Dance Championships,auto,Buffalo,New York,United States,"Buffalo, NY, United States","Buffalo, NY",2026-08-24 20:28:29.661359+00,2026-08-24 20:28:29.661359+00
67,2008,5,44,Americas Classic,auto,Houston,Texas,United States,"Houston, TX, United States","Houston, TX",2026-08-24 20:28:29.661359+00,2026-08-24 20:28:29.661359+00
145,2008,5,4,Come Rain Come Shine,auto,Portland,Oregon,United States,"Portland, OR, United States","Portland, OR",2026-08-24 20:28:29.661359+00,2026-08-24 20:28:29.661359+00
19,2008,5,13,Eastern/Washington Dance Challenge,auto,Washington,District of Columbia,United States,"Washington, DC, United States","Washington, DC",2026-08-24 20:28:29.661359+00,2026-08-24 20:28:29.661359+00
20,2008,5,5,FreZno Dance Classic,auto,Fresno,California,United States,"Fresno, CA, United States","Fresno, CA",2026-08-24 20:28:29.661359+00,2026-08-24 20:28:29.661359+00
144,2008,5,131,Swingin' Into Spring,auto,Hartford,Connecticut,United States,"Hartford, CT, United States","Hartford, CT",2026-08-24 20:28:29.661359+00,2026-08-24 20:28:29.661359+00
121,2008,5,39,The Texas Classic,auto,Austin,Texas,United States,"Austin, TX, United States","Austin, TX",2026-08-24 20:28:29.661359+00,2026-08-24 20:28:29.661359+00
22,2008,5,25,USA Grand Nationals,auto,Atlanta,Georgia,United States,"Atlanta, GA, United States","Atlanta, GA, United States",2026-08-24 20:28:29.661359+00,2026-08-24 20:28:29.661359+00
73,2008,5,14,World Swing Dance Championships,auto,San Bernardino,California,United States,"San Bernardino, CA, United States","San Bernardino, CA",2026-08-24 20:28:29.661359+00,2026-08-24 20:28:29.661359+00
116,2008,4,148,Calgary Dance Stampede,auto,Calgary,,Canada,"Calgary, Canada","Calgary, Canada",2026-08-24 20:28:29.661359+00,2026-08-24 20:28:29.661359+00
18,2008,4,30,Easter Swing,auto,Seattle,Washington,United States,"Seattle, WA, United States","Seattle, WA",2026-08-24 20:28:29.661359+00,2026-08-24 20:28:29.661359+00
104,2008,4,22,Los Angeles Premiere Dance Classic,auto,Los Angeles,California,United States,"Los Angeles, CA, United States","Los Angeles, CA",2026-08-24 20:28:29.661359+00,2026-08-24 20:28:29.661359+00
134,2008,4,89,Swing Dance America,auto,Lake Geneva,Illinois,United States,"Lake Geneva, IL, United States","Lake Geneva, IL",2026-08-24 20:28:29.661359+00,2026-08-24 20:28:29.661359+00
9,2008,3,8,Boston Tea Party,auto,Boston,Massachusetts,United States,"Boston, MA, United States","Boston, MA",2026-08-24 20:28:29.661359+00,2026-08-24 20:28:29.661359+00
143,2008,3,18,High Desert Dance Classic,auto,Lancaster,California,United States,"Lancaster, CA, United States","Lancaster, CA",2026-08-24 20:28:29.661359+00,2026-08-24 20:28:29.661359+00
92,2008,3,13,MADjam,auto,Washington,District of Columbia,United States,"Washington, DC, United States","Washington, DC",2026-08-24 20:28:29.661359+00,2026-08-24 20:28:29.661359+00
91,2008,3,77,Reno Dance Sensation,auto,Reno,Nevada,United States,"Reno, NV, United States","Reno, NV",2026-08-24 20:28:29.661359+00,2026-08-24 20:28:29.661359+00
142,2008,3,34,The Chicago Classic,auto,Chicago,Illinois,United States,"Chicago, IL, United States","Chicago, IL",2026-08-24 20:28:29.661359+00,2026-08-24 20:28:29.661359+00
132,2008,3,58,Tulsa Spring Swing,auto,Tulsa,Oklahoma,United States,"Tulsa, OK, United States","Tulsa, OK",2026-08-24 20:28:29.661359+00,2026-08-24 20:28:29.661359+00
12,2008,2,6,Capital Swing Dance Convention,auto,Sacramento,California,United States,"Sacramento, CA, United States","Sacramento, CA",2026-08-24 20:28:29.661359+00,2026-08-24 20:28:29.661359+00
115,2008,2,34,Da Dance Camp,auto,Chicago,Illinois,United States,"Chicago, IL, United States","Chicago, IL",2026-08-24 20:28:29.661359+00,2026-08-24 20:28:29.661359+00
62,2008,1,1,Monterey SwingFest,auto,Monterey,California,United States,"Monterey, CA, United States","Monterey, CA",2026-08-24 20:28:29.661359+00,2026-08-24 20:28:29.661359+00
61,2008,1,10,SwingDiego,auto,San Diego,California,United States,"San Diego, CA, United States","San Diego, CA",2026-08-24 20:28:29.661359+00,2026-08-24 20:28:29.661359+00
42,2007,12,82,Floorplay Swing Vacation,auto,Orlando,Florida,United States,"Orlando, FL, United States","Orlando, FL",2026-08-24 20:28:29.661359+00,2026-08-24 20:28:29.661359+00
140,2007,12,176,Hawaii Dance Sensation,auto,Honolulu,Hawaii,United States,"Honolulu, HI, United States","Honolulu, HI",2026-08-24 20:28:29.661359+00,2026-08-24 20:28:29.661359+00
139,2007,12,79,New Year's Dancin' Eve,auto,Burlington,Massachusetts,United States,"Burlington (Boston), MA, United States","Burlington (Boston), MA",2026-08-24 20:28:29.661359+00,2026-08-24 20:28:29.661359+00
195,2007,12,20,Palm Springs New Years Swing Dance Classic,auto,Palm Springs,California,United States,"Palm Springs, CA, United States","Palm Springs, CA",2026-08-24 20:28:29.661359+00,2026-08-24 20:28:29.661359+00
141,2007,12,43,Spotlight New Year's Celebration,auto,Nashville,Tennessee,United States,"Nashville, TN, United States","Nashville, TN",2026-08-24 20:28:29.661359+00,2026-08-24 20:28:29.661359+00
75,2007,12,21,UCWDC Country Dance World Championship,auto,Dallas,Texas,United States,"Dallas, TX, United States","Dallas, TX",2026-08-24 20:28:29.661359+00,2026-08-24 20:28:29.661359+00
87,2007,11,96,CASH Bash,auto,Cleveland,Ohio,United States,"Cleveland, OH, United States","Cleveland, OH",2026-08-24 20:28:29.661359+00,2026-08-24 20:28:29.661359+00
31,2007,11,28,Mountain Magic,auto,South Lake Tahoe (near Reno),Nevada,United States,"South Lake Tahoe (near Reno), NV, United States","South Lake Tahoe (near Reno), NV",2026-08-24 20:28:29.661359+00,2026-08-24 20:28:29.661359+00
138,2007,11,43,Music City Swing Dance Championships,auto,Nashville,Tennessee,United States,"Nashville, TN, United States","Nashville, TN",2026-08-24 20:28:29.661359+00,2026-08-24 20:28:29.661359+00
63,2007,11,70,Swingin' New England Dance Festival,auto,Newton,Massachusetts,United States,"Newton (Boston), MA, United States","Newton (Boston), MA",2026-08-24 20:28:29.661359+00,2026-08-24 20:28:29.661359+00
137,2007,11,53,Tampa Bay Classic,auto,Tampa,Florida,United States,"Tampa, FL, United States","Tampa, FL",2026-08-24 20:28:29.661359+00,2026-08-24 20:28:29.661359+00
80,2007,11,75,Twin City Swing Challenge,auto,Minneapolis,Minnesota,United States,"Minneapolis, MN, United States","Minneapolis, MN",2026-08-24 20:28:29.661359+00,2026-08-24 20:28:29.661359+00
68,2007,11,22,US Open Swing Dance Championships,auto,Los Angeles,California,United States,"Los Angeles, CA, United States","Los Angeles, CA",2026-08-24 20:28:29.661359+00,2026-08-24 20:28:29.661359+00
8,2007,10,2,Boogie By The Bay,auto,San Francisco,California,United States,"San Francisco, CA, United States","San Francisco, CA",2026-08-24 20:28:29.661359+00,2026-08-24 20:28:29.661359+00
126,2007,10,101,Chico Dance Sensation,auto,Chico,California,United States,"Chico, CA, United States","Chico, CA",2026-08-24 20:28:29.661359+00,2026-08-24 20:28:29.661359+00
136,2007,10,160,Halloween In Harrisburg & Swingzing,auto,Carlisle,Pennsylvania,United States,"Carlisle, PA, United States","Carlisle, PA",2026-08-24 20:28:29.661359+00,2026-08-24 20:28:29.661359+00
65,2007,10,24,Halloween SwingThing,auto,Costa Mesa,California,United States,"Costa Mesa, CA, United States","Costa Mesa, CA",2026-08-24 20:28:29.661359+00,2026-08-24 20:28:29.661359+00
125,2007,10,34,Swing City Chicago,auto,Chicago,Illinois,United States,"Chicago, IL, United States","Chicago, IL",2026-08-24 20:28:29.661359+00,2026-08-24 20:28:29.661359+00
127,2007,10,58,Tulsa Fall Fling,auto,Tulsa,Oklahoma,United States,"Tulsa, OK, United States","Tulsa, OK",2026-08-24 20:28:29.661359+00,2026-08-24 20:28:29.661359+00
10,2007,9,74,Bridgetown Swing Boogie,auto,Vancouver,Washington,United States,"Vancouver, WA, United States","Vancouver, WA",2026-08-24 20:28:29.661359+00,2026-08-24 20:28:29.661359+00
15,2007,9,21,Dallas D.A.N.C.E.,auto,Dallas,Texas,United States,"Dallas, TX, United States","Dallas, TX",2026-08-24 20:28:29.661359+00,2026-08-24 20:28:29.661359+00
135,2007,9,3,Desert City Swing,auto,Phoenix,Arizona,United States,"Phoenix, AZ, United States","Phoenix, AZ",2026-08-24 20:28:29.661359+00,2026-08-24 20:28:29.661359+00
131,2007,9,49,Meet Me In St Louis,auto,St. Louis,Missouri,United States,"St. Louis, MO, United States","St. Louis, MO",2026-08-24 20:28:29.661359+00,2026-08-24 20:28:29.661359+00
100,2007,9,94,New Mexico Dance Fiesta,auto,Albuquerque,New Mexico,United States,"Albuquerque, NM, United States","Albuquerque, NM",2026-08-24 20:28:29.661359+00,2026-08-24 20:28:29.661359+00
51,2007,9,20,Palm Springs Summer Dance Classic,auto,Palm Springs,California,United States,"Palm Springs, CA, United States","Palm Springs, CA",2026-08-24 20:28:29.661359+00,2026-08-24 20:28:29.661359+00
130,2007,9,205,River City Dance Festival,auto,Edmonton,,Canada,"Edmonton, Canada","Edmonton, Canada",2026-08-24 20:28:29.661359+00,2026-08-24 20:28:29.661359+00
79,2007,9,30,Sea to Sky,auto,Seattle,Washington,United States,"Seattle, WA, United States","Seattle, WA",2026-08-24 20:28:29.661359+00,2026-08-24 20:28:29.661359+00
70,2007,9,38,Virginia State Open,auto,Herndon,Virginia,United States,"Herndon, VA, United States","Herndon, VA",2026-08-24 20:28:29.661359+00,2026-08-24 20:28:29.661359+00
122,2007,8,8,Boston Dance Revolution,auto,Boston,Massachusetts,United States,"Boston, MA, United States","Boston, MA",2026-08-24 20:28:29.661359+00,2026-08-24 20:28:29.661359+00
119,2007,8,34,Chicagoland Country and Swing Dance Festival,auto,Chicago,Illinois,United States,"Chicago, IL, United States","Chicago, IL",2026-08-24 20:28:29.661359+00,2026-08-24 20:28:29.661359+00
120,2007,8,39,Lone Star Invitational,auto,Austin,Texas,United States,"Austin, TX, United States","Austin, TX",2026-08-24 20:28:29.661359+00,2026-08-24 20:28:29.661359+00
48,2007,8,16,South Bay Dance Fling,auto,San Jose,California,United States,"San Jose, CA, United States","San Jose, CA",2026-08-24 20:28:29.661359+00,2026-08-24 20:28:29.661359+00
53,2007,8,397,Summer Hummer,auto,Woburn,Massachusetts,United States,"Woburn (Boston), MA, United States","Woburn (Boston), MA",2026-08-24 20:28:29.661359+00,2026-08-24 20:28:29.661359+00
47,2007,8,29,Swingtime in the Rockies,auto,Denver,Colorado,United States,"Denver, CO, United States","Denver, CO",2026-08-24 20:28:29.661359+00,2026-08-24 20:28:29.661359+00
1,2007,7,3,4TH of July Convention,auto,Phoenix,Arizona,United States,"Phoenix, AZ, United States","Phoenix, AZ",2026-08-24 20:28:29.661359+00,2026-08-24 20:28:29.661359+00
110,2007,7,14,Brandin' Iron Dance Festival,auto,San Bernardino,California,United States,"San Bernardino, CA, United States","San Bernardino, CA",2026-08-24 20:28:29.661359+00,2026-08-24 20:28:29.661359+00
123,2007,7,145,Champions Weekend (MA),auto,Natick,Massachusetts,United States,"Natick, MA, United States","Natick, MA",2026-08-24 20:28:29.661359+00,2026-08-24 20:28:29.661359+00
97,2007,7,9,Grand Prix of Swing,auto,Kansas City,Missouri,United States,"Kansas City, MO, United States","Kansas City, MO",2026-08-24 20:28:29.661359+00,2026-08-24 20:28:29.661359+00
32,2007,7,31,National Jitterbug Championships,auto,Long Beach,California,United States,"Long Beach, CA, United States","Long Beach, CA",2026-08-24 20:28:29.661359+00,2026-08-24 20:28:29.661359+00
59,2007,7,38,Swing Fling,auto,Herndon,Virginia,United States,"Herndon, VA, United States","Herndon, VA",2026-08-24 20:28:29.661359+00,2026-08-24 20:28:29.661359+00
86,2007,7,123,World Hustle Dance Championships,auto,Secaucus,New Jersey,United States,"Secaucus, NJ, United States","Secaucus, NJ",2026-08-24 20:28:29.661359+00,2026-08-24 20:28:29.661359+00
109,2007,6,29,Colorado Country Classic,auto,Denver,Colorado,United States,"Denver, CO, United States","Denver, CO",2026-08-24 20:28:29.661359+00,2026-08-24 20:28:29.661359+00
25,2007,6,23,J&J O'Rama,auto,Anaheim,California,United States,"Anaheim, CA, United States","Anaheim, CA",2026-08-24 20:28:29.661359+00,2026-08-24 20:28:29.661359+00
96,2007,6,41,Liberty Swing Dance Championships,auto,New Brunswick,New Jersey,United States,"New Brunswick, NJ, United States","New Brunswick, NJ",2026-08-24 20:28:29.661359+00,2026-08-24 20:28:29.661359+00
117,2007,6,82,Orange Blossom Dance Festival,auto,Orlando,Florida,United States,"Orlando, FL, United States","Orlando, FL",2026-08-24 20:28:29.661359+00,2026-08-24 20:28:29.661359+00
95,2007,6,80,Swing Niagara Dance Championships,auto,Buffalo,New York,United States,"Buffalo, NY, United States","Buffalo, NY",2026-08-24 20:28:29.661359+00,2026-08-24 20:28:29.661359+00
67,2007,5,44,Americas Classic,auto,Houston,Texas,United States,"Houston, TX, United States","Houston, TX",2026-08-24 20:28:29.661359+00,2026-08-24 20:28:29.661359+00
105,2007,5,86,Canadian Swing Championships,auto,Montreal,,Canada,"Montreal, Canada","Montreal, Canada",2026-08-24 20:28:29.661359+00,2026-08-24 20:28:29.661359+00
93,2007,5,152,Champion's Weekend (MD),auto,College Park,Maryland,United States,"College Park, MD, United States","College Park, MD",2026-08-24 20:28:29.661359+00,2026-08-24 20:28:29.661359+00
19,2007,5,13,Eastern/Washington Dance Challenge,auto,Washington,District of Columbia,United States,"Washington, DC, United States","Washington, DC",2026-08-24 20:28:29.661359+00,2026-08-24 20:28:29.661359+00
20,2007,5,5,FreZno Dance Classic,auto,Fresno,California,United States,"Fresno, CA, United States","Fresno, CA",2026-08-24 20:28:29.661359+00,2026-08-24 20:28:29.661359+00
121,2007,5,39,The Texas Classic,auto,Austin,Texas,United States,"Austin, TX, United States","Austin, TX",2026-08-24 20:28:29.661359+00,2026-08-24 20:28:29.661359+00
22,2007,5,25,USA Grand Nationals,auto,Atlanta,Georgia,United States,"Atlanta, GA, United States","Atlanta, GA, United States",2026-08-24 20:28:29.661359+00,2026-08-24 20:28:29.661359+00
73,2007,5,14,World Swing Dance Championships,auto,San Bernardino,California,United States,"San Bernardino, CA, United States","San Bernardino, CA",2026-08-24 20:28:29.661359+00,2026-08-24 20:28:29.661359+00
116,2007,4,148,Calgary Dance Stampede,auto,Calgary,,Canada,"Calgary, Canada","Calgary, Canada",2026-08-24 20:28:29.661359+00,2026-08-24 20:28:29.661359+00
18,2007,4,30,Easter Swing,auto,Seattle,Washington,United States,"Seattle, WA, United States","Seattle, WA",2026-08-24 20:28:29.661359+00,2026-08-24 20:28:29.661359+00
104,2007,4,22,Los Angeles Premiere Dance Classic,auto,Los Angeles,California,United States,"Los Angeles, CA, United States","Los Angeles, CA",2026-08-24 20:28:29.661359+00,2026-08-24 20:28:29.661359+00
107,2007,4,51,Motown Dance Championships,auto,Detroit,Michigan,United States,"Detroit, MI, United States","Detroit, MI",2026-08-24 20:28:29.661359+00,2026-08-24 20:28:29.661359+00
134,2007,4,89,Swing Dance America,auto,Lake Geneva,Illinois,United States,"Lake Geneva, IL, United States","Lake Geneva, IL",2026-08-24 20:28:29.661359+00,2026-08-24 20:28:29.661359+00
9,2007,3,8,Boston Tea Party,auto,Boston,Massachusetts,United States,"Boston, MA, United States","Boston, MA",2026-08-24 20:28:29.661359+00,2026-08-24 20:28:29.661359+00
114,2007,3,128,British Columbia Dance Challenge,auto,Richmond,,Canada,"Richmond, Canada","Richmond, Canada",2026-08-24 20:28:29.661359+00,2026-08-24 20:28:29.661359+00
92,2007,3,13,MADjam,auto,Washington,District of Columbia,United States,"Washington, DC, United States","Washington, DC",2026-08-24 20:28:29.661359+00,2026-08-24 20:28:29.661359+00
91,2007,3,77,Reno Dance Sensation,auto,Reno,Nevada,United States,"Reno, NV, United States","Reno, NV",2026-08-24 20:28:29.661359+00,2026-08-24 20:28:29.661359+00
132,2007,3,58,Tulsa Spring Swing,auto,Tulsa,Oklahoma,United States,"Tulsa, OK, United States","Tulsa, OK",2026-08-24 20:28:29.661359+00,2026-08-24 20:28:29.661359+00
12,2007,2,6,Capital Swing Dance Convention,auto,Sacramento,California,United States,"Sacramento, CA, United States","Sacramento, CA",2026-08-24 20:28:29.661359+00,2026-08-24 20:28:29.661359+00
115,2007,2,34,Da Dance Camp,auto,Chicago,Illinois,United States,"Chicago, IL, United States","Chicago, IL",2026-08-24 20:28:29.661359+00,2026-08-24 20:28:29.661359+00
82,2007,2,12,Motor City Jam,auto,Michigan,Michigan,United States,"Michigan, MI, United States","Michigan, MI",2026-08-24 20:28:29.661359+00,2026-08-24 20:28:29.661359+00
62,2007,1,1,Monterey SwingFest,auto,Monterey,California,United States,"Monterey, CA, United States","Monterey, CA",2026-08-24 20:28:29.661359+00,2026-08-24 20:28:29.661359+00
61,2007,1,10,SwingDiego,auto,San Diego,California,United States,"San Diego, CA, United States","San Diego, CA",2026-08-24 20:28:29.661359+00,2026-08-24 20:28:29.661359+00
42,2006,12,82,Floorplay Swing Vacation,auto,Orlando,Florida,United States,"Orlando, FL, United States","Orlando, FL",2026-08-24 20:28:29.661359+00,2026-08-24 20:28:29.661359+00
195,2006,12,20,Palm Springs New Years Swing Dance Classic,auto,Palm Springs,California,United States,"Palm Springs, CA, United States","Palm Springs, CA",2026-08-24 20:28:29.661359+00,2026-08-24 20:28:29.661359+00
87,2006,11,96,CASH Bash,auto,Cleveland,Ohio,United States,"Cleveland, OH, United States","Cleveland, OH",2026-08-24 20:28:29.661359+00,2026-08-24 20:28:29.661359+00
113,2006,11,21,Dallas Dance Festival,auto,Dallas,Texas,United States,"Dallas, TX, United States","Dallas, TX",2026-08-24 20:28:29.661359+00,2026-08-24 20:28:29.661359+00
31,2006,11,28,Mountain Magic,auto,South Lake Tahoe (near Reno),Nevada,United States,"South Lake Tahoe (near Reno), NV, United States","South Lake Tahoe (near Reno), NV",2026-08-24 20:28:29.661359+00,2026-08-24 20:28:29.661359+00
63,2006,11,70,Swingin' New England Dance Festival,auto,Newton,Massachusetts,United States,"Newton (Boston), MA, United States","Newton (Boston), MA",2026-08-24 20:28:29.661359+00,2026-08-24 20:28:29.661359+00
80,2006,11,75,Twin City Swing Challenge,auto,Minneapolis,Minnesota,United States,"Minneapolis, MN, United States","Minneapolis, MN",2026-08-24 20:28:29.661359+00,2026-08-24 20:28:29.661359+00
68,2006,11,22,US Open Swing Dance Championships,auto,Los Angeles,California,United States,"Los Angeles, CA, United States","Los Angeles, CA",2026-08-24 20:28:29.661359+00,2026-08-24 20:28:29.661359+00
129,2006,11,97,West Coast Dance Challenge,auto,Redmond,Washington,United States,"Redmond, WA, United States","Redmond, WA",2026-08-24 20:28:29.661359+00,2026-08-24 20:28:29.661359+00
8,2006,10,2,Boogie By The Bay,auto,San Francisco,California,United States,"San Francisco, CA, United States","San Francisco, CA",2026-08-24 20:28:29.661359+00,2026-08-24 20:28:29.661359+00
126,2006,10,101,Chico Dance Sensation,auto,Chico,California,United States,"Chico, CA, United States","Chico, CA",2026-08-24 20:28:29.661359+00,2026-08-24 20:28:29.661359+00
65,2006,10,24,Halloween SwingThing,auto,Costa Mesa,California,United States,"Costa Mesa, CA, United States","Costa Mesa, CA",2026-08-24 20:28:29.661359+00,2026-08-24 20:28:29.661359+00
81,2006,10,43,Nashville Swing & Shag Dance Classic,auto,Nashville,Tennessee,United States,"Nashville, TN, United States","Nashville, TN",2026-08-24 20:28:29.661359+00,2026-08-24 20:28:29.661359+00
43,2006,10,19,Paradise Dance Festival,auto,Irvine,California,United States,"Irvine, CA, United States","Irvine, CA",2026-08-24 20:28:29.661359+00,2026-08-24 20:28:29.661359+00
124,2006,10,146,ProviDANCE Swing in the City,auto,Providence,Rhode Island,United States,"Providence, RI, United States","Providence, RI",2026-08-24 20:28:29.661359+00,2026-08-24 20:28:29.661359+00
125,2006,10,34,Swing City Chicago,auto,Chicago,Illinois,United States,"Chicago, IL, United States","Chicago, IL",2026-08-24 20:28:29.661359+00,2026-08-24 20:28:29.661359+00
127,2006,10,58,Tulsa Fall Fling,auto,Tulsa,Oklahoma,United States,"Tulsa, OK, United States","Tulsa, OK",2026-08-24 20:28:29.661359+00,2026-08-24 20:28:29.661359+00
112,2006,10,13,US National Dance Championships,auto,Washington,District of Columbia,United States,"Washington, DC, United States","Washington, DC",2026-08-24 20:28:29.661359+00,2026-08-24 20:28:29.661359+00
128,2006,10,44,Waltz Across Texas,auto,Houston,Texas,United States,"Houston, TX, United States","Houston, TX",2026-08-24 20:28:29.661359+00,2026-08-24 20:28:29.661359+00
10,2006,9,74,Bridgetown Swing Boogie,auto,Vancouver,Washington,United States,"Vancouver, WA, United States","Vancouver, WA",2026-08-24 20:28:29.661359+00,2026-08-24 20:28:29.661359+00
15,2006,9,21,Dallas D.A.N.C.E.,auto,Dallas,Texas,United States,"Dallas, TX, United States","Dallas, TX",2026-08-24 20:28:29.661359+00,2026-08-24 20:28:29.661359+00
100,2006,9,94,New Mexico Dance Fiesta,auto,Albuquerque,New Mexico,United States,"Albuquerque, NM, United States","Albuquerque, NM",2026-08-24 20:28:29.661359+00,2026-08-24 20:28:29.661359+00
51,2006,9,20,Palm Springs Summer Dance Classic,auto,Palm Springs,California,United States,"Palm Springs, CA, United States","Palm Springs, CA",2026-08-24 20:28:29.661359+00,2026-08-24 20:28:29.661359+00
130,2006,9,205,River City Dance Festival,auto,Edmonton,,Canada,"Edmonton, Canada","Edmonton, Canada",2026-08-24 20:28:29.661359+00,2026-08-24 20:28:29.661359+00
70,2006,9,38,Virginia State Open,auto,Herndon,Virginia,United States,"Herndon, VA, United States","Herndon, VA",2026-08-24 20:28:29.661359+00,2026-08-24 20:28:29.661359+00
122,2006,8,8,Boston Dance Revolution,auto,Boston,Massachusetts,United States,"Boston, MA, United States","Boston, MA",2026-08-24 20:28:29.661359+00,2026-08-24 20:28:29.661359+00
119,2006,8,34,Chicagoland Country and Swing Dance Festival,auto,Chicago,Illinois,United States,"Chicago, IL, United States","Chicago, IL",2026-08-24 20:28:29.661359+00,2026-08-24 20:28:29.661359+00
120,2006,8,39,Lone Star Invitational,auto,Austin,Texas,United States,"Austin, TX, United States","Austin, TX",2026-08-24 20:28:29.661359+00,2026-08-24 20:28:29.661359+00
111,2006,8,115,MadMAC,auto,Madison,Wisconsin,United States,"Madison, WI, United States","Madison, WI",2026-08-24 20:28:29.661359+00,2026-08-24 20:28:29.661359+00
48,2006,8,16,South Bay Dance Fling,auto,San Jose,California,United States,"San Jose, CA, United States","San Jose, CA",2026-08-24 20:28:29.661359+00,2026-08-24 20:28:29.661359+00
53,2006,8,397,Summer Hummer,auto,Woburn,Massachusetts,United States,"Woburn (Boston), MA, United States","Woburn (Boston), MA",2026-08-24 20:28:29.661359+00,2026-08-24 20:28:29.661359+00
47,2006,8,29,Swingtime in the Rockies,auto,Denver,Colorado,United States,"Denver, CO, United States","Denver, CO",2026-08-24 20:28:29.661359+00,2026-08-24 20:28:29.661359+00
1,2006,7,3,4TH of July Convention,auto,Phoenix,Arizona,United States,"Phoenix, AZ, United States","Phoenix, AZ",2026-08-24 20:28:29.661359+00,2026-08-24 20:28:29.661359+00
110,2006,7,14,Brandin' Iron Dance Festival,auto,San Bernardino,California,United States,"San Bernardino, CA, United States","San Bernardino, CA",2026-08-24 20:28:29.661359+00,2026-08-24 20:28:29.661359+00
123,2006,7,145,Champions Weekend (MA),auto,Natick,Massachusetts,United States,"Natick, MA, United States","Natick, MA",2026-08-24 20:28:29.661359+00,2026-08-24 20:28:29.661359+00
97,2006,7,9,Grand Prix of Swing,auto,Kansas City,Missouri,United States,"Kansas City, MO, United States","Kansas City, MO",2026-08-24 20:28:29.661359+00,2026-08-24 20:28:29.661359+00
76,2006,7,51,Michigan Dance Classic,auto,Detroit,Michigan,United States,"Detroit, MI, United States","Detroit, MI",2026-08-24 20:28:29.661359+00,2026-08-24 20:28:29.661359+00
59,2006,7,38,Swing Fling,auto,Herndon,Virginia,United States,"Herndon, VA, United States","Herndon, VA",2026-08-24 20:28:29.661359+00,2026-08-24 20:28:29.661359+00
84,2006,7,61,Wisconsin Dance Challenge/Midwest Area Swing Dance Challenge,auto,Green Bay,Wisconsin,United States,"Green Bay, WI, United States","Green Bay, WI",2026-08-24 20:28:29.661359+00,2026-08-24 20:28:29.661359+00
109,2006,6,29,Colorado Country Classic,auto,Denver,Colorado,United States,"Denver, CO, United States","Denver, CO",2026-08-24 20:28:29.661359+00,2026-08-24 20:28:29.661359+00
85,2006,6,64,Indy Swing Classic,auto,Indianapolis,Indiana,United States,"Indianapolis, IN, United States","Indianapolis, IN",2026-08-24 20:28:29.661359+00,2026-08-24 20:28:29.661359+00
25,2006,6,23,J&J O'Rama,auto,Anaheim,California,United States,"Anaheim, CA, United States","Anaheim, CA",2026-08-24 20:28:29.661359+00,2026-08-24 20:28:29.661359+00
96,2006,6,41,Liberty Swing Dance Championships,auto,New Brunswick,New Jersey,United States,"New Brunswick, NJ, United States","New Brunswick, NJ",2026-08-24 20:28:29.661359+00,2026-08-24 20:28:29.661359+00
117,2006,6,82,Orange Blossom Dance Festival,auto,Orlando,Florida,United States,"Orlando, FL, United States","Orlando, FL",2026-08-24 20:28:29.661359+00,2026-08-24 20:28:29.661359+00
44,2006,6,4,Portland Dance Festival,auto,Portland,Oregon,United States,"Portland, OR, United States","Portland, OR",2026-08-24 20:28:29.661359+00,2026-08-24 20:28:29.661359+00
95,2006,6,80,Swing Niagara Dance Championships,auto,Buffalo,New York,United States,"Buffalo, NY, United States","Buffalo, NY",2026-08-24 20:28:29.661359+00,2026-08-24 20:28:29.661359+00
67,2006,5,44,Americas Classic,auto,Houston,Texas,United States,"Houston, TX, United States","Houston, TX",2026-08-24 20:28:29.661359+00,2026-08-24 20:28:29.661359+00
105,2006,5,86,Canadian Swing Championships,auto,Montreal,,Canada,"Montreal, Canada","Montreal, Canada",2026-08-24 20:28:29.661359+00,2026-08-24 20:28:29.661359+00
93,2006,5,152,Champion's Weekend (MD),auto,College Park,Maryland,United States,"College Park, MD, United States","College Park, MD",2026-08-24 20:28:29.661359+00,2026-08-24 20:28:29.661359+00
19,2006,5,13,Eastern/Washington Dance Challenge,auto,Washington,District of Columbia,United States,"Washington, DC, United States","Washington, DC",2026-08-24 20:28:29.661359+00,2026-08-24 20:28:29.661359+00
20,2006,5,5,FreZno Dance Classic,auto,Fresno,California,United States,"Fresno, CA, United States","Fresno, CA",2026-08-24 20:28:29.661359+00,2026-08-24 20:28:29.661359+00
121,2006,5,39,The Texas Classic,auto,Austin,Texas,United States,"Austin, TX, United States","Austin, TX",2026-08-24 20:28:29.661359+00,2026-08-24 20:28:29.661359+00
22,2006,5,25,USA Grand Nationals,auto,Atlanta,Georgia,United States,"Atlanta, GA, United States","Atlanta, GA, United States",2026-08-24 20:28:29.661359+00,2026-08-24 20:28:29.661359+00
108,2006,5,154,Vancouver Vibrations,auto,Vancouver,,Canada,"Vancouver, Canada","Vancouver, Canada",2026-08-24 20:28:29.661359+00,2026-08-24 20:28:29.661359+00
116,2006,4,148,Calgary Dance Stampede,auto,Calgary,,Canada,"Calgary, Canada","Calgary, Canada",2026-08-24 20:28:29.661359+00,2026-08-24 20:28:29.661359+00
18,2006,4,30,Easter Swing,auto,Seattle,Washington,United States,"Seattle, WA, United States","Seattle, WA",2026-08-24 20:28:29.661359+00,2026-08-24 20:28:29.661359+00
104,2006,4,22,Los Angeles Premiere Dance Classic,auto,Los Angeles,California,United States,"Los Angeles, CA, United States","Los Angeles, CA",2026-08-24 20:28:29.661359+00,2026-08-24 20:28:29.661359+00
107,2006,4,51,Motown Dance Championships,auto,Detroit,Michigan,United States,"Detroit, MI, United States","Detroit, MI",2026-08-24 20:28:29.661359+00,2026-08-24 20:28:29.661359+00
106,2006,4,3,Phoenix Dance Festival,auto,Phoenix,Arizona,United States,"Phoenix, AZ, United States","Phoenix, AZ",2026-08-24 20:28:29.661359+00,2026-08-24 20:28:29.661359+00
9,2006,3,8,Boston Tea Party,auto,Boston,Massachusetts,United States,"Boston, MA, United States","Boston, MA",2026-08-24 20:28:29.661359+00,2026-08-24 20:28:29.661359+00
114,2006,3,128,British Columbia Dance Challenge,auto,Richmond,,Canada,"Richmond, Canada","Richmond, Canada",2026-08-24 20:28:29.661359+00,2026-08-24 20:28:29.661359+00
92,2006,3,13,MADjam,auto,Washington,District of Columbia,United States,"Washington, DC, United States","Washington, DC",2026-08-24 20:28:29.661359+00,2026-08-24 20:28:29.661359+00
91,2006,3,77,Reno Dance Sensation,auto,Reno,Nevada,United States,"Reno, NV, United States","Reno, NV",2026-08-24 20:28:29.661359+00,2026-08-24 20:28:29.661359+00
12,2006,2,6,Capital Swing Dance Convention,auto,Sacramento,California,United States,"Sacramento, CA, United States","Sacramento, CA",2026-08-24 20:28:29.661359+00,2026-08-24 20:28:29.661359+00
115,2006,2,34,Da Dance Camp,auto,Chicago,Illinois,United States,"Chicago, IL, United States","Chicago, IL",2026-08-24 20:28:29.661359+00,2026-08-24 20:28:29.661359+00
82,2006,2,12,Motor City Jam,auto,Michigan,Michigan,United States,"Michigan, MI, United States","Michigan, MI",2026-08-24 20:28:29.661359+00,2026-08-24 20:28:29.661359+00
334,2006,1,8,Countdown Swing Boston,manual,Boston,Massachusetts,United States,"Boston, MA, United States","Boston, MA",2026-08-24 20:28:29.661359+00,2026-08-24 20:28:29.661359+00
62,2006,1,1,Monterey SwingFest,auto,Monterey,California,United States,"Monterey, CA, United States","Monterey, CA",2026-08-24 20:28:29.661359+00,2026-08-24 20:28:29.661359+00
61,2006,1,10,SwingDiego,auto,San Diego,California,United States,"San Diego, CA, United States","San Diego, CA",2026-08-24 20:28:29.661359+00,2026-08-24 20:28:29.661359+00
195,2005,12,20,Palm Springs New Years Swing Dance Classic,auto,Palm Springs,California,United States,"Palm Springs, CA, United States","Palm Springs, CA",2026-08-24 20:28:29.661359+00,2026-08-24 20:28:29.661359+00
75,2005,12,21,UCWDC Country Dance World Championship,auto,Dallas,Texas,United States,"Dallas, TX, United States","Dallas, TX",2026-08-24 20:28:29.661359+00,2026-08-24 20:28:29.661359+00
87,2005,11,96,CASH Bash,auto,Cleveland,Ohio,United States,"Cleveland, OH, United States","Cleveland, OH",2026-08-24 20:28:29.661359+00,2026-08-24 20:28:29.661359+00
113,2005,11,21,Dallas Dance Festival,auto,Dallas,Texas,United States,"Dallas, TX, United States","Dallas, TX",2026-08-24 20:28:29.661359+00,2026-08-24 20:28:29.661359+00
31,2005,11,28,Mountain Magic,auto,South Lake Tahoe (near Reno),Nevada,United States,"South Lake Tahoe (near Reno), NV, United States","South Lake Tahoe (near Reno), NV",2026-08-24 20:28:29.661359+00,2026-08-24 20:28:29.661359+00
63,2005,11,70,Swingin' New England Dance Festival,auto,Newton,Massachusetts,United States,"Newton (Boston), MA, United States","Newton (Boston), MA",2026-08-24 20:28:29.661359+00,2026-08-24 20:28:29.661359+00
80,2005,11,75,Twin City Swing Challenge,auto,Minneapolis,Minnesota,United States,"Minneapolis, MN, United States","Minneapolis, MN",2026-08-24 20:28:29.661359+00,2026-08-24 20:28:29.661359+00
68,2005,11,22,US Open Swing Dance Championships,auto,Los Angeles,California,United States,"Los Angeles, CA, United States","Los Angeles, CA",2026-08-24 20:28:29.661359+00,2026-08-24 20:28:29.661359+00
8,2005,10,2,Boogie By The Bay,auto,San Francisco,California,United States,"San Francisco, CA, United States","San Francisco, CA",2026-08-24 20:28:29.661359+00,2026-08-24 20:28:29.661359+00
65,2005,10,24,Halloween SwingThing,auto,Costa Mesa,California,United States,"Costa Mesa, CA, United States","Costa Mesa, CA",2026-08-24 20:28:29.661359+00,2026-08-24 20:28:29.661359+00
89,2005,10,81,Monster Mash,auto,Spokane,Washington,United States,"Spokane, WA, United States","Spokane, WA",2026-08-24 20:28:29.661359+00,2026-08-24 20:28:29.661359+00
81,2005,10,43,Nashville Swing & Shag Dance Classic,auto,Nashville,Tennessee,United States,"Nashville, TN, United States","Nashville, TN",2026-08-24 20:28:29.661359+00,2026-08-24 20:28:29.661359+00
43,2005,10,19,Paradise Dance Festival,auto,Irvine,California,United States,"Irvine, CA, United States","Irvine, CA",2026-08-24 20:28:29.661359+00,2026-08-24 20:28:29.661359+00
112,2005,10,13,US National Dance Championships,auto,Washington,District of Columbia,United States,"Washington, DC, United States","Washington, DC",2026-08-24 20:28:29.661359+00,2026-08-24 20:28:29.661359+00
10,2005,9,74,Bridgetown Swing Boogie,auto,Vancouver,Washington,United States,"Vancouver, WA, United States","Vancouver, WA",2026-08-24 20:28:29.661359+00,2026-08-24 20:28:29.661359+00
15,2005,9,21,Dallas D.A.N.C.E.,auto,Dallas,Texas,United States,"Dallas, TX, United States","Dallas, TX",2026-08-24 20:28:29.661359+00,2026-08-24 20:28:29.661359+00
100,2005,9,94,New Mexico Dance Fiesta,auto,Albuquerque,New Mexico,United States,"Albuquerque, NM, United States","Albuquerque, NM",2026-08-24 20:28:29.661359+00,2026-08-24 20:28:29.661359+00
51,2005,9,20,Palm Springs Summer Dance Classic,auto,Palm Springs,California,United States,"Palm Springs, CA, United States","Palm Springs, CA",2026-08-24 20:28:29.661359+00,2026-08-24 20:28:29.661359+00
70,2005,9,38,Virginia State Open,auto,Herndon,Virginia,United States,"Herndon, VA, United States","Herndon, VA",2026-08-24 20:28:29.661359+00,2026-08-24 20:28:29.661359+00
77,2005,8,3,Arizona Dance Classic,auto,Phoenix,Arizona,United States,"Phoenix, AZ, United States","Phoenix, AZ",2026-08-24 20:28:29.661359+00,2026-08-24 20:28:29.661359+00
119,2005,8,34,Chicagoland Country and Swing Dance Festival,auto,Chicago,Illinois,United States,"Chicago, IL, United States","Chicago, IL",2026-08-24 20:28:29.661359+00,2026-08-24 20:28:29.661359+00
111,2005,8,115,MadMAC,auto,Madison,Wisconsin,United States,"Madison, WI, United States","Madison, WI",2026-08-24 20:28:29.661359+00,2026-08-24 20:28:29.661359+00
48,2005,8,16,South Bay Dance Fling,auto,San Jose,California,United States,"San Jose, CA, United States","San Jose, CA",2026-08-24 20:28:29.661359+00,2026-08-24 20:28:29.661359+00
53,2005,8,397,Summer Hummer,auto,Woburn,Massachusetts,United States,"Woburn (Boston), MA, United States","Woburn (Boston), MA",2026-08-24 20:28:29.661359+00,2026-08-24 20:28:29.661359+00
47,2005,8,29,Swingtime in the Rockies,auto,Denver,Colorado,United States,"Denver, CO, United States","Denver, CO",2026-08-24 20:28:29.661359+00,2026-08-24 20:28:29.661359+00
1,2005,7,3,4TH of July Convention,auto,Phoenix,Arizona,United States,"Phoenix, AZ, United States","Phoenix, AZ",2026-08-24 20:28:29.661359+00,2026-08-24 20:28:29.661359+00
110,2005,7,14,Brandin' Iron Dance Festival,auto,San Bernardino,California,United States,"San Bernardino, CA, United States","San Bernardino, CA",2026-08-24 20:28:29.661359+00,2026-08-24 20:28:29.661359+00
97,2005,7,9,Grand Prix of Swing,auto,Kansas City,Missouri,United States,"Kansas City, MO, United States","Kansas City, MO",2026-08-24 20:28:29.661359+00,2026-08-24 20:28:29.661359+00
76,2005,7,51,Michigan Dance Classic,auto,Detroit,Michigan,United States,"Detroit, MI, United States","Detroit, MI",2026-08-24 20:28:29.661359+00,2026-08-24 20:28:29.661359+00
59,2005,7,38,Swing Fling,auto,Herndon,Virginia,United States,"Herndon, VA, United States","Herndon, VA",2026-08-24 20:28:29.661359+00,2026-08-24 20:28:29.661359+00
84,2005,7,61,Wisconsin Dance Challenge/Midwest Area Swing Dance Challenge,auto,Green Bay,Wisconsin,United States,"Green Bay, WI, United States","Green Bay, WI",2026-08-24 20:28:29.661359+00,2026-08-24 20:28:29.661359+00
86,2005,7,123,World Hustle Dance Championships,auto,Secaucus,New Jersey,United States,"Secaucus, NJ, United States","Secaucus, NJ",2026-08-24 20:28:29.661359+00,2026-08-24 20:28:29.661359+00
109,2005,6,29,Colorado Country Classic,auto,Denver,Colorado,United States,"Denver, CO, United States","Denver, CO",2026-08-24 20:28:29.661359+00,2026-08-24 20:28:29.661359+00
85,2005,6,64,Indy Swing Classic,auto,Indianapolis,Indiana,United States,"Indianapolis, IN, United States","Indianapolis, IN",2026-08-24 20:28:29.661359+00,2026-08-24 20:28:29.661359+00
25,2005,6,23,J&J O'Rama,auto,Anaheim,California,United States,"Anaheim, CA, United States","Anaheim, CA",2026-08-24 20:28:29.661359+00,2026-08-24 20:28:29.661359+00
96,2005,6,41,Liberty Swing Dance Championships,auto,New Brunswick,New Jersey,United States,"New Brunswick, NJ, United States","New Brunswick, NJ",2026-08-24 20:28:29.661359+00,2026-08-24 20:28:29.661359+00
44,2005,6,4,Portland Dance Festival,auto,Portland,Oregon,United States,"Portland, OR, United States","Portland, OR",2026-08-24 20:28:29.661359+00,2026-08-24 20:28:29.661359+00
95,2005,6,80,Swing Niagara Dance Championships,auto,Buffalo,New York,United States,"Buffalo, NY, United States","Buffalo, NY",2026-08-24 20:28:29.661359+00,2026-08-24 20:28:29.661359+00
67,2005,5,44,Americas Classic,auto,Houston,Texas,United States,"Houston, TX, United States","Houston, TX",2026-08-24 20:28:29.661359+00,2026-08-24 20:28:29.661359+00
105,2005,5,86,Canadian Swing Championships,auto,Montreal,,Canada,"Montreal, Canada","Montreal, Canada",2026-08-24 20:28:29.661359+00,2026-08-24 20:28:29.661359+00
93,2005,5,152,Champion's Weekend (MD),auto,College Park,Maryland,United States,"College Park, MD, United States","College Park, MD",2026-08-24 20:28:29.661359+00,2026-08-24 20:28:29.661359+00
19,2005,5,13,Eastern/Washington Dance Challenge,auto,Washington,District of Columbia,United States,"Washington, DC, United States","Washington, DC",2026-08-24 20:28:29.661359+00,2026-08-24 20:28:29.661359+00
20,2005,5,5,FreZno Dance Classic,auto,Fresno,California,United States,"Fresno, CA, United States","Fresno, CA",2026-08-24 20:28:29.661359+00,2026-08-24 20:28:29.661359+00
22,2005,5,25,USA Grand Nationals,auto,Atlanta,Georgia,United States,"Atlanta, GA, United States","Atlanta, GA, United States",2026-08-24 20:28:29.661359+00,2026-08-24 20:28:29.661359+00
108,2005,5,154,Vancouver Vibrations,auto,Vancouver,,Canada,"Vancouver, Canada","Vancouver, Canada",2026-08-24 20:28:29.661359+00,2026-08-24 20:28:29.661359+00
73,2005,5,14,World Swing Dance Championships,auto,San Bernardino,California,United States,"San Bernardino, CA, United States","San Bernardino, CA",2026-08-24 20:28:29.661359+00,2026-08-24 20:28:29.661359+00
18,2005,4,30,Easter Swing,auto,Seattle,Washington,United States,"Seattle, WA, United States","Seattle, WA",2026-08-24 20:28:29.661359+00,2026-08-24 20:28:29.661359+00
104,2005,4,22,Los Angeles Premiere Dance Classic,auto,Los Angeles,California,United States,"Los Angeles, CA, United States","Los Angeles, CA",2026-08-24 20:28:29.661359+00,2026-08-24 20:28:29.661359+00
107,2005,4,51,Motown Dance Championships,auto,Detroit,Michigan,United States,"Detroit, MI, United States","Detroit, MI",2026-08-24 20:28:29.661359+00,2026-08-24 20:28:29.661359+00
106,2005,4,3,Phoenix Dance Festival,auto,Phoenix,Arizona,United States,"Phoenix, AZ, United States","Phoenix, AZ",2026-08-24 20:28:29.661359+00,2026-08-24 20:28:29.661359+00
9,2005,3,8,Boston Tea Party,auto,Boston,Massachusetts,United States,"Boston, MA, United States","Boston, MA",2026-08-24 20:28:29.661359+00,2026-08-24 20:28:29.661359+00
92,2005,3,13,MADjam,auto,Washington,District of Columbia,United States,"Washington, DC, United States","Washington, DC",2026-08-24 20:28:29.661359+00,2026-08-24 20:28:29.661359+00
91,2005,3,77,Reno Dance Sensation,auto,Reno,Nevada,United States,"Reno, NV, United States","Reno, NV",2026-08-24 20:28:29.661359+00,2026-08-24 20:28:29.661359+00
12,2005,2,6,Capital Swing Dance Convention,auto,Sacramento,California,United States,"Sacramento, CA, United States","Sacramento, CA",2026-08-24 20:28:29.661359+00,2026-08-24 20:28:29.661359+00
82,2005,2,12,Motor City Jam,auto,Michigan,Michigan,United States,"Michigan, MI, United States","Michigan, MI",2026-08-24 20:28:29.661359+00,2026-08-24 20:28:29.661359+00
103,2005,2,4,Xanadu - Midwinter Dance Celebration,auto,Portland,Oregon,United States,"Portland, OR, United States","Portland, OR",2026-08-24 20:28:29.661359+00,2026-08-24 20:28:29.661359+00
334,2005,1,8,Countdown Swing Boston,manual,Boston,Massachusetts,United States,"Boston, MA, United States","Boston, MA",2026-08-24 20:28:29.661359+00,2026-08-24 20:28:29.661359+00
102,2005,1,30,Dance America Seattle,auto,Seattle,Washington,United States,"Seattle, WA, United States","Seattle, WA",2026-08-24 20:28:29.661359+00,2026-08-24 20:28:29.661359+00
62,2005,1,1,Monterey SwingFest,auto,Monterey,California,United States,"Monterey, CA, United States","Monterey, CA",2026-08-24 20:28:29.661359+00,2026-08-24 20:28:29.661359+00
61,2005,1,10,SwingDiego,auto,San Diego,California,United States,"San Diego, CA, United States","San Diego, CA",2026-08-24 20:28:29.661359+00,2026-08-24 20:28:29.661359+00
195,2004,12,20,Palm Springs New Years Swing Dance Classic,auto,Palm Springs,California,United States,"Palm Springs, CA, United States","Palm Springs, CA",2026-08-24 20:28:29.661359+00,2026-08-24 20:28:29.661359+00
75,2004,12,21,UCWDC Country Dance World Championship,auto,Dallas,Texas,United States,"Dallas, TX, United States","Dallas, TX",2026-08-24 20:28:29.661359+00,2026-08-24 20:28:29.661359+00
87,2004,11,96,CASH Bash,auto,Cleveland,Ohio,United States,"Cleveland, OH, United States","Cleveland, OH",2026-08-24 20:28:29.661359+00,2026-08-24 20:28:29.661359+00
31,2004,11,28,Mountain Magic,auto,South Lake Tahoe (near Reno),Nevada,United States,"South Lake Tahoe (near Reno), NV, United States","South Lake Tahoe (near Reno), NV",2026-08-24 20:28:29.661359+00,2026-08-24 20:28:29.661359+00
63,2004,11,70,Swingin' New England Dance Festival,auto,Newton,Massachusetts,United States,"Newton (Boston), MA, United States","Newton (Boston), MA",2026-08-24 20:28:29.661359+00,2026-08-24 20:28:29.661359+00
80,2004,11,75,Twin City Swing Challenge,auto,Minneapolis,Minnesota,United States,"Minneapolis, MN, United States","Minneapolis, MN",2026-08-24 20:28:29.661359+00,2026-08-24 20:28:29.661359+00
8,2004,10,2,Boogie By The Bay,auto,San Francisco,California,United States,"San Francisco, CA, United States","San Francisco, CA",2026-08-24 20:28:29.661359+00,2026-08-24 20:28:29.661359+00
65,2004,10,24,Halloween SwingThing,auto,Costa Mesa,California,United States,"Costa Mesa, CA, United States","Costa Mesa, CA",2026-08-24 20:28:29.661359+00,2026-08-24 20:28:29.661359+00
89,2004,10,81,Monster Mash,auto,Spokane,Washington,United States,"Spokane, WA, United States","Spokane, WA",2026-08-24 20:28:29.661359+00,2026-08-24 20:28:29.661359+00
81,2004,10,43,Nashville Swing & Shag Dance Classic,auto,Nashville,Tennessee,United States,"Nashville, TN, United States","Nashville, TN",2026-08-24 20:28:29.661359+00,2026-08-24 20:28:29.661359+00
10,2004,9,74,Bridgetown Swing Boogie,auto,Vancouver,Washington,United States,"Vancouver, WA, United States","Vancouver, WA",2026-08-24 20:28:29.661359+00,2026-08-24 20:28:29.661359+00
15,2004,9,21,Dallas D.A.N.C.E.,auto,Dallas,Texas,United States,"Dallas, TX, United States","Dallas, TX",2026-08-24 20:28:29.661359+00,2026-08-24 20:28:29.661359+00
78,2004,9,34,Mid-American Dance Championships,auto,Chicago,Illinois,United States,"Chicago, IL, United States","Chicago, IL",2026-08-24 20:28:29.661359+00,2026-08-24 20:28:29.661359+00
100,2004,9,94,New Mexico Dance Fiesta,auto,Albuquerque,New Mexico,United States,"Albuquerque, NM, United States","Albuquerque, NM",2026-08-24 20:28:29.661359+00,2026-08-24 20:28:29.661359+00
51,2004,9,20,Palm Springs Summer Dance Classic,auto,Palm Springs,California,United States,"Palm Springs, CA, United States","Palm Springs, CA",2026-08-24 20:28:29.661359+00,2026-08-24 20:28:29.661359+00
77,2004,8,3,Arizona Dance Classic,auto,Phoenix,Arizona,United States,"Phoenix, AZ, United States","Phoenix, AZ",2026-08-24 20:28:29.661359+00,2026-08-24 20:28:29.661359+00
119,2004,8,34,Chicagoland Country and Swing Dance Festival,auto,Chicago,Illinois,United States,"Chicago, IL, United States","Chicago, IL",2026-08-24 20:28:29.661359+00,2026-08-24 20:28:29.661359+00
98,2004,8,30,Pacific Rim Dance Classic,auto,Seattle,Washington,United States,"Seattle, WA, United States","Seattle, WA",2026-08-24 20:28:29.661359+00,2026-08-24 20:28:29.661359+00
48,2004,8,16,South Bay Dance Fling,auto,San Jose,California,United States,"San Jose, CA, United States","San Jose, CA",2026-08-24 20:28:29.661359+00,2026-08-24 20:28:29.661359+00
53,2004,8,397,Summer Hummer,auto,Woburn,Massachusetts,United States,"Woburn (Boston), MA, United States","Woburn (Boston), MA",2026-08-24 20:28:29.661359+00,2026-08-24 20:28:29.661359+00
47,2004,8,29,Swingtime in the Rockies,auto,Denver,Colorado,United States,"Denver, CO, United States","Denver, CO",2026-08-24 20:28:29.661359+00,2026-08-24 20:28:29.661359+00
1,2004,7,3,4TH of July Convention,auto,Phoenix,Arizona,United States,"Phoenix, AZ, United States","Phoenix, AZ",2026-08-24 20:28:29.661359+00,2026-08-24 20:28:29.661359+00
97,2004,7,9,Grand Prix of Swing,auto,Kansas City,Missouri,United States,"Kansas City, MO, United States","Kansas City, MO",2026-08-24 20:28:29.661359+00,2026-08-24 20:28:29.661359+00
76,2004,7,51,Michigan Dance Classic,auto,Detroit,Michigan,United States,"Detroit, MI, United States","Detroit, MI",2026-08-24 20:28:29.661359+00,2026-08-24 20:28:29.661359+00
32,2004,7,31,National Jitterbug Championships,auto,Long Beach,California,United States,"Long Beach, CA, United States","Long Beach, CA",2026-08-24 20:28:29.661359+00,2026-08-24 20:28:29.661359+00
59,2004,7,38,Swing Fling,auto,Herndon,Virginia,United States,"Herndon, VA, United States","Herndon, VA",2026-08-24 20:28:29.661359+00,2026-08-24 20:28:29.661359+00
84,2004,7,61,Wisconsin Dance Challenge/Midwest Area Swing Dance Challenge,auto,Green Bay,Wisconsin,United States,"Green Bay, WI, United States","Green Bay, WI",2026-08-24 20:28:29.661359+00,2026-08-24 20:28:29.661359+00
86,2004,7,123,World Hustle Dance Championships,auto,Secaucus,New Jersey,United States,"Secaucus, NJ, United States","Secaucus, NJ",2026-08-24 20:28:29.661359+00,2026-08-24 20:28:29.661359+00
94,2004,6,51,American Open,auto,Detroit,Michigan,United States,"Detroit, MI, United States","Detroit, MI",2026-08-24 20:28:29.661359+00,2026-08-24 20:28:29.661359+00
85,2004,6,64,Indy Swing Classic,auto,Indianapolis,Indiana,United States,"Indianapolis, IN, United States","Indianapolis, IN",2026-08-24 20:28:29.661359+00,2026-08-24 20:28:29.661359+00
25,2004,6,23,J&J O'Rama,auto,Anaheim,California,United States,"Anaheim, CA, United States","Anaheim, CA",2026-08-24 20:28:29.661359+00,2026-08-24 20:28:29.661359+00
96,2004,6,41,Liberty Swing Dance Championships,auto,New Brunswick,New Jersey,United States,"New Brunswick, NJ, United States","New Brunswick, NJ",2026-08-24 20:28:29.661359+00,2026-08-24 20:28:29.661359+00
95,2004,6,80,Swing Niagara Dance Championships,auto,Buffalo,New York,United States,"Buffalo, NY, United States","Buffalo, NY",2026-08-24 20:28:29.661359+00,2026-08-24 20:28:29.661359+00
67,2004,5,44,Americas Classic,auto,Houston,Texas,United States,"Houston, TX, United States","Houston, TX",2026-08-24 20:28:29.661359+00,2026-08-24 20:28:29.661359+00
93,2004,5,152,Champion's Weekend (MD),auto,College Park,Maryland,United States,"College Park, MD, United States","College Park, MD",2026-08-24 20:28:29.661359+00,2026-08-24 20:28:29.661359+00
19,2004,5,13,Eastern/Washington Dance Challenge,auto,Washington,District of Columbia,United States,"Washington, DC, United States","Washington, DC",2026-08-24 20:28:29.661359+00,2026-08-24 20:28:29.661359+00
20,2004,5,5,FreZno Dance Classic,auto,Fresno,California,United States,"Fresno, CA, United States","Fresno, CA",2026-08-24 20:28:29.661359+00,2026-08-24 20:28:29.661359+00
22,2004,5,25,USA Grand Nationals,auto,Atlanta,Georgia,United States,"Atlanta, GA, United States","Atlanta, GA, United States",2026-08-24 20:28:29.661359+00,2026-08-24 20:28:29.661359+00
73,2004,5,14,World Swing Dance Championships,auto,San Bernardino,California,United States,"San Bernardino, CA, United States","San Bernardino, CA",2026-08-24 20:28:29.661359+00,2026-08-24 20:28:29.661359+00
18,2004,4,30,Easter Swing,auto,Seattle,Washington,United States,"Seattle, WA, United States","Seattle, WA",2026-08-24 20:28:29.661359+00,2026-08-24 20:28:29.661359+00
40,2004,4,65,North Atlantic Swing Dance Championships,auto,Cape Cod,Massachusetts,United States,"Cape Cod, MA, United States","Cape Cod, MA",2026-08-24 20:28:29.661359+00,2026-08-24 20:28:29.661359+00
9,2004,3,8,Boston Tea Party,auto,Boston,Massachusetts,United States,"Boston, MA, United States","Boston, MA",2026-08-24 20:28:29.661359+00,2026-08-24 20:28:29.661359+00
92,2004,3,13,MADjam,auto,Washington,District of Columbia,United States,"Washington, DC, United States","Washington, DC",2026-08-24 20:28:29.661359+00,2026-08-24 20:28:29.661359+00
91,2004,3,77,Reno Dance Sensation,auto,Reno,Nevada,United States,"Reno, NV, United States","Reno, NV",2026-08-24 20:28:29.661359+00,2026-08-24 20:28:29.661359+00
12,2004,2,6,Capital Swing Dance Convention,auto,Sacramento,California,United States,"Sacramento, CA, United States","Sacramento, CA",2026-08-24 20:28:29.661359+00,2026-08-24 20:28:29.661359+00
82,2004,2,12,Motor City Jam,auto,Michigan,Michigan,United States,"Michigan, MI, United States","Michigan, MI",2026-08-24 20:28:29.661359+00,2026-08-24 20:28:29.661359+00
334,2004,1,8,Countdown Swing Boston,manual,Boston,Massachusetts,United States,"Boston, MA, United States","Boston, MA",2026-08-24 20:28:29.661359+00,2026-08-24 20:28:29.661359+00
28,2004,1,27,Las Vegas Swing Expo,auto,Las Vegas,Nevada,United States,"Las Vegas, NV, United States","Las Vegas, NV",2026-08-24 20:28:29.661359+00,2026-08-24 20:28:29.661359+00
62,2004,1,1,Monterey SwingFest,auto,Monterey,California,United States,"Monterey, CA, United States","Monterey, CA",2026-08-24 20:28:29.661359+00,2026-08-24 20:28:29.661359+00
101,2004,1,20,New Years Swing & Salsa Ball,auto,Palm Springs,California,United States,"Palm Springs, CA, United States","Palm Springs, CA",2026-08-24 20:28:29.661359+00,2026-08-24 20:28:29.661359+00
61,2004,1,10,SwingDiego,auto,San Diego,California,United States,"San Diego, CA, United States","San Diego, CA",2026-08-24 20:28:29.661359+00,2026-08-24 20:28:29.661359+00
195,2003,12,20,Palm Springs New Years Swing Dance Classic,auto,Palm Springs,California,United States,"Palm Springs, CA, United States","Palm Springs, CA",2026-08-24 20:28:29.661359+00,2026-08-24 20:28:29.661359+00
87,2003,11,96,CASH Bash,auto,Cleveland,Ohio,United States,"Cleveland, OH, United States","Cleveland, OH",2026-08-24 20:28:29.661359+00,2026-08-24 20:28:29.661359+00
88,2003,11,9,KC Swing Challenge and Heartland Dance Festival,auto,Kansas City,Missouri,United States,"Kansas City, MO, United States","Kansas City, MO",2026-08-24 20:28:29.661359+00,2026-08-24 20:28:29.661359+00
31,2003,11,28,Mountain Magic,auto,South Lake Tahoe (near Reno),Nevada,United States,"South Lake Tahoe (near Reno), NV, United States","South Lake Tahoe (near Reno), NV",2026-08-24 20:28:29.661359+00,2026-08-24 20:28:29.661359+00
63,2003,11,70,Swingin' New England Dance Festival,auto,Newton,Massachusetts,United States,"Newton (Boston), MA, United States","Newton (Boston), MA",2026-08-24 20:28:29.661359+00,2026-08-24 20:28:29.661359+00
80,2003,11,75,Twin City Swing Challenge,auto,Minneapolis,Minnesota,United States,"Minneapolis, MN, United States","Minneapolis, MN",2026-08-24 20:28:29.661359+00,2026-08-24 20:28:29.661359+00
3,2003,10,142,American Lindy Hop Championships,auto,Stamford,Connecticut,United States,"Stamford, CT, United States","Stamford, CT",2026-08-24 20:28:29.661359+00,2026-08-24 20:28:29.661359+00
7,2003,10,31,Boogie & Blues,auto,Long Beach,California,United States,"Long Beach, CA, United States","Long Beach, CA",2026-08-24 20:28:29.661359+00,2026-08-24 20:28:29.661359+00
8,2003,10,2,Boogie By The Bay,auto,San Francisco,California,United States,"San Francisco, CA, United States","San Francisco, CA",2026-08-24 20:28:29.661359+00,2026-08-24 20:28:29.661359+00
65,2003,10,24,Halloween SwingThing,auto,Costa Mesa,California,United States,"Costa Mesa, CA, United States","Costa Mesa, CA",2026-08-24 20:28:29.661359+00,2026-08-24 20:28:29.661359+00
89,2003,10,81,Monster Mash,auto,Spokane,Washington,United States,"Spokane, WA, United States","Spokane, WA",2026-08-24 20:28:29.661359+00,2026-08-24 20:28:29.661359+00
81,2003,10,43,Nashville Swing & Shag Dance Classic,auto,Nashville,Tennessee,United States,"Nashville, TN, United States","Nashville, TN",2026-08-24 20:28:29.661359+00,2026-08-24 20:28:29.661359+00
10,2003,9,74,Bridgetown Swing Boogie,auto,Vancouver,Washington,United States,"Vancouver, WA, United States","Vancouver, WA",2026-08-24 20:28:29.661359+00,2026-08-24 20:28:29.661359+00
15,2003,9,21,Dallas D.A.N.C.E.,auto,Dallas,Texas,United States,"Dallas, TX, United States","Dallas, TX",2026-08-24 20:28:29.661359+00,2026-08-24 20:28:29.661359+00
78,2003,9,34,Mid-American Dance Championships,auto,Chicago,Illinois,United States,"Chicago, IL, United States","Chicago, IL",2026-08-24 20:28:29.661359+00,2026-08-24 20:28:29.661359+00
51,2003,9,20,Palm Springs Summer Dance Classic,auto,Palm Springs,California,United States,"Palm Springs, CA, United States","Palm Springs, CA",2026-08-24 20:28:29.661359+00,2026-08-24 20:28:29.661359+00
79,2003,9,30,Sea to Sky,auto,Seattle,Washington,United States,"Seattle, WA, United States","Seattle, WA",2026-08-24 20:28:29.661359+00,2026-08-24 20:28:29.661359+00
70,2003,9,38,Virginia State Open,auto,Herndon,Virginia,United States,"Herndon, VA, United States","Herndon, VA",2026-08-24 20:28:29.661359+00,2026-08-24 20:28:29.661359+00
29,2003,8,12,Michigan Swing Dance Champs,auto,Michigan,Michigan,United States,"Michigan, MI, United States","Michigan, MI",2026-08-24 20:28:29.661359+00,2026-08-24 20:28:29.661359+00
48,2003,8,16,South Bay Dance Fling,auto,San Jose,California,United States,"San Jose, CA, United States","San Jose, CA",2026-08-24 20:28:29.661359+00,2026-08-24 20:28:29.661359+00
53,2003,8,397,Summer Hummer,auto,Woburn,Massachusetts,United States,"Woburn (Boston), MA, United States","Woburn (Boston), MA",2026-08-24 20:28:29.661359+00,2026-08-24 20:28:29.661359+00
47,2003,8,29,Swingtime in the Rockies,auto,Denver,Colorado,United States,"Denver, CO, United States","Denver, CO",2026-08-24 20:28:29.661359+00,2026-08-24 20:28:29.661359+00
1,2003,7,3,4TH of July Convention,auto,Phoenix,Arizona,United States,"Phoenix, AZ, United States","Phoenix, AZ",2026-08-24 20:28:29.661359+00,2026-08-24 20:28:29.661359+00
32,2003,7,31,National Jitterbug Championships,auto,Long Beach,California,United States,"Long Beach, CA, United States","Long Beach, CA",2026-08-24 20:28:29.661359+00,2026-08-24 20:28:29.661359+00
52,2003,7,20,Summer Dance Festival,auto,Palm Springs,California,United States,"Palm Springs, CA, United States","Palm Springs, CA",2026-08-24 20:28:29.661359+00,2026-08-24 20:28:29.661359+00
59,2003,7,38,Swing Fling,auto,Herndon,Virginia,United States,"Herndon, VA, United States","Herndon, VA",2026-08-24 20:28:29.661359+00,2026-08-24 20:28:29.661359+00
84,2003,7,61,Wisconsin Dance Challenge/Midwest Area Swing Dance Challenge,auto,Green Bay,Wisconsin,United States,"Green Bay, WI, United States","Green Bay, WI",2026-08-24 20:28:29.661359+00,2026-08-24 20:28:29.661359+00
86,2003,7,123,World Hustle Dance Championships,auto,Secaucus,New Jersey,United States,"Secaucus, NJ, United States","Secaucus, NJ",2026-08-24 20:28:29.661359+00,2026-08-24 20:28:29.661359+00
85,2003,6,64,Indy Swing Classic,auto,Indianapolis,Indiana,United States,"Indianapolis, IN, United States","Indianapolis, IN",2026-08-24 20:28:29.661359+00,2026-08-24 20:28:29.661359+00
25,2003,6,23,J&J O'Rama,auto,Anaheim,California,United States,"Anaheim, CA, United States","Anaheim, CA",2026-08-24 20:28:29.661359+00,2026-08-24 20:28:29.661359+00
67,2003,5,44,Americas Classic,auto,Houston,Texas,United States,"Houston, TX, United States","Houston, TX",2026-08-24 20:28:29.661359+00,2026-08-24 20:28:29.661359+00
19,2003,5,13,Eastern/Washington Dance Challenge,auto,Washington,District of Columbia,United States,"Washington, DC, United States","Washington, DC",2026-08-24 20:28:29.661359+00,2026-08-24 20:28:29.661359+00
20,2003,5,5,FreZno Dance Classic,auto,Fresno,California,United States,"Fresno, CA, United States","Fresno, CA",2026-08-24 20:28:29.661359+00,2026-08-24 20:28:29.661359+00
83,2003,5,51,Spring Swing,auto,Detroit,Michigan,United States,"Detroit, MI, United States","Detroit, MI",2026-08-24 20:28:29.661359+00,2026-08-24 20:28:29.661359+00
22,2003,5,25,USA Grand Nationals,auto,Atlanta,Georgia,United States,"Atlanta, GA, United States","Atlanta, GA, United States",2026-08-24 20:28:29.661359+00,2026-08-24 20:28:29.661359+00
73,2003,5,14,World Swing Dance Championships,auto,San Bernardino,California,United States,"San Bernardino, CA, United States","San Bernardino, CA",2026-08-24 20:28:29.661359+00,2026-08-24 20:28:29.661359+00
90,2003,4,34,Chicago Dance Challenge,auto,Chicago,Illinois,United States,"Chicago, IL, United States","Chicago, IL",2026-08-24 20:28:29.661359+00,2026-08-24 20:28:29.661359+00
18,2003,4,30,Easter Swing,auto,Seattle,Washington,United States,"Seattle, WA, United States","Seattle, WA",2026-08-24 20:28:29.661359+00,2026-08-24 20:28:29.661359+00
40,2003,4,65,North Atlantic Swing Dance Championships,auto,Cape Cod,Massachusetts,United States,"Cape Cod, MA, United States","Cape Cod, MA",2026-08-24 20:28:29.661359+00,2026-08-24 20:28:29.661359+00
9,2003,3,8,Boston Tea Party,auto,Boston,Massachusetts,United States,"Boston, MA, United States","Boston, MA",2026-08-24 20:28:29.661359+00,2026-08-24 20:28:29.661359+00
30,2003,3,12,Mid USA Jack & Jill,auto,Michigan,Michigan,United States,"Michigan, MI, United States","Michigan, MI",2026-08-24 20:28:29.661359+00,2026-08-24 20:28:29.661359+00
50,2003,3,100,St. Patrick's Day Swing,auto,Woodland Hills,California,United States,"Woodland Hills, CA, United States","Woodland Hills, CA",2026-08-24 20:28:29.661359+00,2026-08-24 20:28:29.661359+00
12,2003,2,6,Capital Swing Dance Convention,auto,Sacramento,California,United States,"Sacramento, CA, United States","Sacramento, CA",2026-08-24 20:28:29.661359+00,2026-08-24 20:28:29.661359+00
82,2003,2,12,Motor City Jam,auto,Michigan,Michigan,United States,"Michigan, MI, United States","Michigan, MI",2026-08-24 20:28:29.661359+00,2026-08-24 20:28:29.661359+00
334,2003,1,8,Countdown Swing Boston,manual,Boston,Massachusetts,United States,"Boston, MA, United States","Boston, MA",2026-08-24 20:28:29.661359+00,2026-08-24 20:28:29.661359+00
62,2003,1,1,Monterey SwingFest,auto,Monterey,California,United States,"Monterey, CA, United States","Monterey, CA",2026-08-24 20:28:29.661359+00,2026-08-24 20:28:29.661359+00
58,2003,1,27,Swing Expo,auto,Las Vegas,Nevada,United States,"Las Vegas, NV, United States","Las Vegas, NV",2026-08-24 20:28:29.661359+00,2026-08-24 20:28:29.661359+00
61,2003,1,10,SwingDiego,auto,San Diego,California,United States,"San Diego, CA, United States","San Diego, CA",2026-08-24 20:28:29.661359+00,2026-08-24 20:28:29.661359+00
195,2002,12,20,Palm Springs New Years Swing Dance Classic,auto,Palm Springs,California,United States,"Palm Springs, CA, United States","Palm Springs, CA",2026-08-24 20:28:29.661359+00,2026-08-24 20:28:29.661359+00
31,2002,11,28,Mountain Magic,auto,South Lake Tahoe (near Reno),Nevada,United States,"South Lake Tahoe (near Reno), NV, United States","South Lake Tahoe (near Reno), NV",2026-08-24 20:28:29.661359+00,2026-08-24 20:28:29.661359+00
63,2002,11,70,Swingin' New England Dance Festival,auto,Newton,Massachusetts,United States,"Newton (Boston), MA, United States","Newton (Boston), MA",2026-08-24 20:28:29.661359+00,2026-08-24 20:28:29.661359+00
80,2002,11,75,Twin City Swing Challenge,auto,Minneapolis,Minnesota,United States,"Minneapolis, MN, United States","Minneapolis, MN",2026-08-24 20:28:29.661359+00,2026-08-24 20:28:29.661359+00
7,2002,10,31,Boogie & Blues,auto,Long Beach,California,United States,"Long Beach, CA, United States","Long Beach, CA",2026-08-24 20:28:29.661359+00,2026-08-24 20:28:29.661359+00
8,2002,10,2,Boogie By The Bay,auto,San Francisco,California,United States,"San Francisco, CA, United States","San Francisco, CA",2026-08-24 20:28:29.661359+00,2026-08-24 20:28:29.661359+00
65,2002,10,24,Halloween SwingThing,auto,Costa Mesa,California,United States,"Costa Mesa, CA, United States","Costa Mesa, CA",2026-08-24 20:28:29.661359+00,2026-08-24 20:28:29.661359+00
81,2002,10,43,Nashville Swing & Shag Dance Classic,auto,Nashville,Tennessee,United States,"Nashville, TN, United States","Nashville, TN",2026-08-24 20:28:29.661359+00,2026-08-24 20:28:29.661359+00
41,2002,10,81,Northwest Regional,auto,Spokane,Washington,United States,"Spokane, WA, United States","Spokane, WA",2026-08-24 20:28:29.661359+00,2026-08-24 20:28:29.661359+00
10,2002,9,74,Bridgetown Swing Boogie,auto,Vancouver,Washington,United States,"Vancouver, WA, United States","Vancouver, WA",2026-08-24 20:28:29.661359+00,2026-08-24 20:28:29.661359+00
15,2002,9,21,Dallas D.A.N.C.E.,auto,Dallas,Texas,United States,"Dallas, TX, United States","Dallas, TX",2026-08-24 20:28:29.661359+00,2026-08-24 20:28:29.661359+00
78,2002,9,34,Mid-American Dance Championships,auto,Chicago,Illinois,United States,"Chicago, IL, United States","Chicago, IL",2026-08-24 20:28:29.661359+00,2026-08-24 20:28:29.661359+00
51,2002,9,20,Palm Springs Summer Dance Classic,auto,Palm Springs,California,United States,"Palm Springs, CA, United States","Palm Springs, CA",2026-08-24 20:28:29.661359+00,2026-08-24 20:28:29.661359+00
79,2002,9,30,Sea to Sky,auto,Seattle,Washington,United States,"Seattle, WA, United States","Seattle, WA",2026-08-24 20:28:29.661359+00,2026-08-24 20:28:29.661359+00
54,2002,9,25,Summer Swing Jam,auto,Atlanta,Georgia,United States,"Atlanta, GA, United States","Atlanta, GA, United States",2026-08-24 20:28:29.661359+00,2026-08-24 20:28:29.661359+00
70,2002,9,38,Virginia State Open,auto,Herndon,Virginia,United States,"Herndon, VA, United States","Herndon, VA",2026-08-24 20:28:29.661359+00,2026-08-24 20:28:29.661359+00
77,2002,8,3,Arizona Dance Classic,auto,Phoenix,Arizona,United States,"Phoenix, AZ, United States","Phoenix, AZ",2026-08-24 20:28:29.661359+00,2026-08-24 20:28:29.661359+00
48,2002,8,16,South Bay Dance Fling,auto,San Jose,California,United States,"San Jose, CA, United States","San Jose, CA",2026-08-24 20:28:29.661359+00,2026-08-24 20:28:29.661359+00
53,2002,8,397,Summer Hummer,auto,Woburn,Massachusetts,United States,"Woburn (Boston), MA, United States","Woburn (Boston), MA",2026-08-24 20:28:29.661359+00,2026-08-24 20:28:29.661359+00
47,2002,8,29,Swingtime in the Rockies,auto,Denver,Colorado,United States,"Denver, CO, United States","Denver, CO",2026-08-24 20:28:29.661359+00,2026-08-24 20:28:29.661359+00
1,2002,7,3,4TH of July Convention,auto,Phoenix,Arizona,United States,"Phoenix, AZ, United States","Phoenix, AZ",2026-08-24 20:28:29.661359+00,2026-08-24 20:28:29.661359+00
76,2002,7,51,Michigan Dance Classic,auto,Detroit,Michigan,United States,"Detroit, MI, United States","Detroit, MI",2026-08-24 20:28:29.661359+00,2026-08-24 20:28:29.661359+00
32,2002,7,31,National Jitterbug Championships,auto,Long Beach,California,United States,"Long Beach, CA, United States","Long Beach, CA",2026-08-24 20:28:29.661359+00,2026-08-24 20:28:29.661359+00
52,2002,7,20,Summer Dance Festival,auto,Palm Springs,California,United States,"Palm Springs, CA, United States","Palm Springs, CA",2026-08-24 20:28:29.661359+00,2026-08-24 20:28:29.661359+00
59,2002,7,38,Swing Fling,auto,Herndon,Virginia,United States,"Herndon, VA, United States","Herndon, VA",2026-08-24 20:28:29.661359+00,2026-08-24 20:28:29.661359+00
25,2002,6,23,J&J O'Rama,auto,Anaheim,California,United States,"Anaheim, CA, United States","Anaheim, CA",2026-08-24 20:28:29.661359+00,2026-08-24 20:28:29.661359+00
67,2002,5,44,Americas Classic,auto,Houston,Texas,United States,"Houston, TX, United States","Houston, TX",2026-08-24 20:28:29.661359+00,2026-08-24 20:28:29.661359+00
19,2002,5,13,Eastern/Washington Dance Challenge,auto,Washington,District of Columbia,United States,"Washington, DC, United States","Washington, DC",2026-08-24 20:28:29.661359+00,2026-08-24 20:28:29.661359+00
20,2002,5,5,FreZno Dance Classic,auto,Fresno,California,United States,"Fresno, CA, United States","Fresno, CA",2026-08-24 20:28:29.661359+00,2026-08-24 20:28:29.661359+00
22,2002,5,25,USA Grand Nationals,auto,Atlanta,Georgia,United States,"Atlanta, GA, United States","Atlanta, GA, United States",2026-08-24 20:28:29.661359+00,2026-08-24 20:28:29.661359+00
73,2002,5,14,World Swing Dance Championships,auto,San Bernardino,California,United States,"San Bernardino, CA, United States","San Bernardino, CA",2026-08-24 20:28:29.661359+00,2026-08-24 20:28:29.661359+00
18,2002,4,30,Easter Swing,auto,Seattle,Washington,United States,"Seattle, WA, United States","Seattle, WA",2026-08-24 20:28:29.661359+00,2026-08-24 20:28:29.661359+00
40,2002,4,65,North Atlantic Swing Dance Championships,auto,Cape Cod,Massachusetts,United States,"Cape Cod, MA, United States","Cape Cod, MA",2026-08-24 20:28:29.661359+00,2026-08-24 20:28:29.661359+00
9,2002,3,8,Boston Tea Party,auto,Boston,Massachusetts,United States,"Boston, MA, United States","Boston, MA",2026-08-24 20:28:29.661359+00,2026-08-24 20:28:29.661359+00
30,2002,3,12,Mid USA Jack & Jill,auto,Michigan,Michigan,United States,"Michigan, MI, United States","Michigan, MI",2026-08-24 20:28:29.661359+00,2026-08-24 20:28:29.661359+00
50,2002,3,100,St. Patrick's Day Swing,auto,Woodland Hills,California,United States,"Woodland Hills, CA, United States","Woodland Hills, CA",2026-08-24 20:28:29.661359+00,2026-08-24 20:28:29.661359+00
12,2002,2,6,Capital Swing Dance Convention,auto,Sacramento,California,United States,"Sacramento, CA, United States","Sacramento, CA",2026-08-24 20:28:29.661359+00,2026-08-24 20:28:29.661359+00
334,2002,1,8,Countdown Swing Boston,manual,Boston,Massachusetts,United States,"Boston, MA, United States","Boston, MA",2026-08-24 20:28:29.661359+00,2026-08-24 20:28:29.661359+00
62,2002,1,1,Monterey SwingFest,auto,Monterey,California,United States,"Monterey, CA, United States","Monterey, CA",2026-08-24 20:28:29.661359+00,2026-08-24 20:28:29.661359+00
58,2002,1,27,Swing Expo,auto,Las Vegas,Nevada,United States,"Las Vegas, NV, United States","Las Vegas, NV",2026-08-24 20:28:29.661359+00,2026-08-24 20:28:29.661359+00
61,2002,1,10,SwingDiego,auto,San Diego,California,United States,"San Diego, CA, United States","San Diego, CA",2026-08-24 20:28:29.661359+00,2026-08-24 20:28:29.661359+00
42,2001,12,82,Floorplay Swing Vacation,auto,Orlando,Florida,United States,"Orlando, FL, United States","Orlando, FL",2026-08-24 20:28:29.661359+00,2026-08-24 20:28:29.661359+00
195,2001,12,20,Palm Springs New Years Swing Dance Classic,auto,Palm Springs,California,United States,"Palm Springs, CA, United States","Palm Springs, CA",2026-08-24 20:28:29.661359+00,2026-08-24 20:28:29.661359+00
31,2001,11,28,Mountain Magic,auto,South Lake Tahoe (near Reno),Nevada,United States,"South Lake Tahoe (near Reno), NV, United States","South Lake Tahoe (near Reno), NV",2026-08-24 20:28:29.661359+00,2026-08-24 20:28:29.661359+00
63,2001,11,70,Swingin' New England Dance Festival,auto,Newton,Massachusetts,United States,"Newton (Boston), MA, United States","Newton (Boston), MA",2026-08-24 20:28:29.661359+00,2026-08-24 20:28:29.661359+00
3,2001,10,142,American Lindy Hop Championships,auto,Stamford,Connecticut,United States,"Stamford, CT, United States","Stamford, CT",2026-08-24 20:28:29.661359+00,2026-08-24 20:28:29.661359+00
7,2001,10,31,Boogie & Blues,auto,Long Beach,California,United States,"Long Beach, CA, United States","Long Beach, CA",2026-08-24 20:28:29.661359+00,2026-08-24 20:28:29.661359+00
8,2001,10,2,Boogie By The Bay,auto,San Francisco,California,United States,"San Francisco, CA, United States","San Francisco, CA",2026-08-24 20:28:29.661359+00,2026-08-24 20:28:29.661359+00
65,2001,10,24,Halloween SwingThing,auto,Costa Mesa,California,United States,"Costa Mesa, CA, United States","Costa Mesa, CA",2026-08-24 20:28:29.661359+00,2026-08-24 20:28:29.661359+00
10,2001,9,74,Bridgetown Swing Boogie,auto,Vancouver,Washington,United States,"Vancouver, WA, United States","Vancouver, WA",2026-08-24 20:28:29.661359+00,2026-08-24 20:28:29.661359+00
15,2001,9,21,Dallas D.A.N.C.E.,auto,Dallas,Texas,United States,"Dallas, TX, United States","Dallas, TX",2026-08-24 20:28:29.661359+00,2026-08-24 20:28:29.661359+00
34,2001,9,8,New England Swing Dance Championships,auto,Boston,Massachusetts,United States,"Boston, MA, United States","Boston, MA",2026-08-24 20:28:29.661359+00,2026-08-24 20:28:29.661359+00
54,2001,9,25,Summer Swing Jam,auto,Atlanta,Georgia,United States,"Atlanta, GA, United States","Atlanta, GA, United States",2026-08-24 20:28:29.661359+00,2026-08-24 20:28:29.661359+00
70,2001,9,38,Virginia State Open,auto,Herndon,Virginia,United States,"Herndon, VA, United States","Herndon, VA",2026-08-24 20:28:29.661359+00,2026-08-24 20:28:29.661359+00
29,2001,8,12,Michigan Swing Dance Champs,auto,Michigan,Michigan,United States,"Michigan, MI, United States","Michigan, MI",2026-08-24 20:28:29.661359+00,2026-08-24 20:28:29.661359+00
48,2001,8,16,South Bay Dance Fling,auto,San Jose,California,United States,"San Jose, CA, United States","San Jose, CA",2026-08-24 20:28:29.661359+00,2026-08-24 20:28:29.661359+00
53,2001,8,397,Summer Hummer,auto,Woburn,Massachusetts,United States,"Woburn (Boston), MA, United States","Woburn (Boston), MA",2026-08-24 20:28:29.661359+00,2026-08-24 20:28:29.661359+00
47,2001,8,29,Swingtime in the Rockies,auto,Denver,Colorado,United States,"Denver, CO, United States","Denver, CO",2026-08-24 20:28:29.661359+00,2026-08-24 20:28:29.661359+00
1,2001,7,3,4TH of July Convention,auto,Phoenix,Arizona,United States,"Phoenix, AZ, United States","Phoenix, AZ",2026-08-24 20:28:29.661359+00,2026-08-24 20:28:29.661359+00
32,2001,7,31,National Jitterbug Championships,auto,Long Beach,California,United States,"Long Beach, CA, United States","Long Beach, CA",2026-08-24 20:28:29.661359+00,2026-08-24 20:28:29.661359+00
52,2001,7,20,Summer Dance Festival,auto,Palm Springs,California,United States,"Palm Springs, CA, United States","Palm Springs, CA",2026-08-24 20:28:29.661359+00,2026-08-24 20:28:29.661359+00
59,2001,7,38,Swing Fling,auto,Herndon,Virginia,United States,"Herndon, VA, United States","Herndon, VA",2026-08-24 20:28:29.661359+00,2026-08-24 20:28:29.661359+00
25,2001,6,23,J&J O'Rama,auto,Anaheim,California,United States,"Anaheim, CA, United States","Anaheim, CA",2026-08-24 20:28:29.661359+00,2026-08-24 20:28:29.661359+00
67,2001,5,44,Americas Classic,auto,Houston,Texas,United States,"Houston, TX, United States","Houston, TX",2026-08-24 20:28:29.661359+00,2026-08-24 20:28:29.661359+00
20,2001,5,5,FreZno Dance Classic,auto,Fresno,California,United States,"Fresno, CA, United States","Fresno, CA",2026-08-24 20:28:29.661359+00,2026-08-24 20:28:29.661359+00
22,2001,5,25,USA Grand Nationals,auto,Atlanta,Georgia,United States,"Atlanta, GA, United States","Atlanta, GA, United States",2026-08-24 20:28:29.661359+00,2026-08-24 20:28:29.661359+00
73,2001,5,14,World Swing Dance Championships,auto,San Bernardino,California,United States,"San Bernardino, CA, United States","San Bernardino, CA",2026-08-24 20:28:29.661359+00,2026-08-24 20:28:29.661359+00
18,2001,4,30,Easter Swing,auto,Seattle,Washington,United States,"Seattle, WA, United States","Seattle, WA",2026-08-24 20:28:29.661359+00,2026-08-24 20:28:29.661359+00
40,2001,4,65,North Atlantic Swing Dance Championships,auto,Cape Cod,Massachusetts,United States,"Cape Cod, MA, United States","Cape Cod, MA",2026-08-24 20:28:29.661359+00,2026-08-24 20:28:29.661359+00
9,2001,3,8,Boston Tea Party,auto,Boston,Massachusetts,United States,"Boston, MA, United States","Boston, MA",2026-08-24 20:28:29.661359+00,2026-08-24 20:28:29.661359+00
16,2001,3,27,Dancers Fund/Moover & Groover/SwingExpo,auto,Las Vegas,Nevada,United States,"Las Vegas, NV, United States","Las Vegas, NV",2026-08-24 20:28:29.661359+00,2026-08-24 20:28:29.661359+00
12,2001,2,6,Capital Swing Dance Convention,auto,Sacramento,California,United States,"Sacramento, CA, United States","Sacramento, CA",2026-08-24 20:28:29.661359+00,2026-08-24 20:28:29.661359+00
334,2001,1,8,Countdown Swing Boston,manual,Boston,Massachusetts,United States,"Boston, MA, United States","Boston, MA",2026-08-24 20:28:29.661359+00,2026-08-24 20:28:29.661359+00
62,2001,1,1,Monterey SwingFest,auto,Monterey,California,United States,"Monterey, CA, United States","Monterey, CA",2026-08-24 20:28:29.661359+00,2026-08-24 20:28:29.661359+00
58,2001,1,27,Swing Expo,auto,Las Vegas,Nevada,United States,"Las Vegas, NV, United States","Las Vegas, NV",2026-08-24 20:28:29.661359+00,2026-08-24 20:28:29.661359+00
36,2000,12,42,New Years Dance Camp,auto,Bakersfield,California,United States,"Bakersfield, CA, United States","Bakersfield, CA",2026-08-24 20:28:29.661359+00,2026-08-24 20:28:29.661359+00
31,2000,11,28,Mountain Magic,auto,South Lake Tahoe (near Reno),Nevada,United States,"South Lake Tahoe (near Reno), NV, United States","South Lake Tahoe (near Reno), NV",2026-08-24 20:28:29.661359+00,2026-08-24 20:28:29.661359+00
63,2000,11,70,Swingin' New England Dance Festival,auto,Newton,Massachusetts,United States,"Newton (Boston), MA, United States","Newton (Boston), MA",2026-08-24 20:28:29.661359+00,2026-08-24 20:28:29.661359+00
68,2000,11,22,US Open Swing Dance Championships,auto,Los Angeles,California,United States,"Los Angeles, CA, United States","Los Angeles, CA",2026-08-24 20:28:29.661359+00,2026-08-24 20:28:29.661359+00
3,2000,10,142,American Lindy Hop Championships,auto,Stamford,Connecticut,United States,"Stamford, CT, United States","Stamford, CT",2026-08-24 20:28:29.661359+00,2026-08-24 20:28:29.661359+00
7,2000,10,31,Boogie & Blues,auto,Long Beach,California,United States,"Long Beach, CA, United States","Long Beach, CA",2026-08-24 20:28:29.661359+00,2026-08-24 20:28:29.661359+00
8,2000,10,2,Boogie By The Bay,auto,San Francisco,California,United States,"San Francisco, CA, United States","San Francisco, CA",2026-08-24 20:28:29.661359+00,2026-08-24 20:28:29.661359+00
65,2000,10,24,Halloween SwingThing,auto,Costa Mesa,California,United States,"Costa Mesa, CA, United States","Costa Mesa, CA",2026-08-24 20:28:29.661359+00,2026-08-24 20:28:29.661359+00
41,2000,10,81,Northwest Regional,auto,Spokane,Washington,United States,"Spokane, WA, United States","Spokane, WA",2026-08-24 20:28:29.661359+00,2026-08-24 20:28:29.661359+00
45,2000,10,34,Rising Star - Chicago,auto,Chicago,Illinois,United States,"Chicago, IL, United States","Chicago, IL",2026-08-24 20:28:29.661359+00,2026-08-24 20:28:29.661359+00
15,2000,9,21,Dallas D.A.N.C.E.,auto,Dallas,Texas,United States,"Dallas, TX, United States","Dallas, TX",2026-08-24 20:28:29.661359+00,2026-08-24 20:28:29.661359+00
70,2000,9,38,Virginia State Open,auto,Herndon,Virginia,United States,"Herndon, VA, United States","Herndon, VA",2026-08-24 20:28:29.661359+00,2026-08-24 20:28:29.661359+00
29,2000,8,12,Michigan Swing Dance Champs,auto,Michigan,Michigan,United States,"Michigan, MI, United States","Michigan, MI",2026-08-24 20:28:29.661359+00,2026-08-24 20:28:29.661359+00
53,2000,8,397,Summer Hummer,auto,Woburn,Massachusetts,United States,"Woburn (Boston), MA, United States","Woburn (Boston), MA",2026-08-24 20:28:29.661359+00,2026-08-24 20:28:29.661359+00
47,2000,8,29,Swingtime in the Rockies,auto,Denver,Colorado,United States,"Denver, CO, United States","Denver, CO",2026-08-24 20:28:29.661359+00,2026-08-24 20:28:29.661359+00
1,2000,7,3,4TH of July Convention,auto,Phoenix,Arizona,United States,"Phoenix, AZ, United States","Phoenix, AZ",2026-08-24 20:28:29.661359+00,2026-08-24 20:28:29.661359+00
52,2000,7,20,Summer Dance Festival,auto,Palm Springs,California,United States,"Palm Springs, CA, United States","Palm Springs, CA",2026-08-24 20:28:29.661359+00,2026-08-24 20:28:29.661359+00
59,2000,7,38,Swing Fling,auto,Herndon,Virginia,United States,"Herndon, VA, United States","Herndon, VA",2026-08-24 20:28:29.661359+00,2026-08-24 20:28:29.661359+00
71,2000,7,6,Westcoast Swing Dance Championships,auto,Sacramento,California,United States,"Sacramento, CA, United States","Sacramento, CA",2026-08-24 20:28:29.661359+00,2026-08-24 20:28:29.661359+00
25,2000,6,23,J&J O'Rama,auto,Anaheim,California,United States,"Anaheim, CA, United States","Anaheim, CA",2026-08-24 20:28:29.661359+00,2026-08-24 20:28:29.661359+00
67,2000,5,44,Americas Classic,auto,Houston,Texas,United States,"Houston, TX, United States","Houston, TX",2026-08-24 20:28:29.661359+00,2026-08-24 20:28:29.661359+00
19,2000,5,13,Eastern/Washington Dance Challenge,auto,Washington,District of Columbia,United States,"Washington, DC, United States","Washington, DC",2026-08-24 20:28:29.661359+00,2026-08-24 20:28:29.661359+00
20,2000,5,5,FreZno Dance Classic,auto,Fresno,California,United States,"Fresno, CA, United States","Fresno, CA",2026-08-24 20:28:29.661359+00,2026-08-24 20:28:29.661359+00
22,2000,5,25,USA Grand Nationals,auto,Atlanta,Georgia,United States,"Atlanta, GA, United States","Atlanta, GA, United States",2026-08-24 20:28:29.661359+00,2026-08-24 20:28:29.661359+00
18,2000,4,30,Easter Swing,auto,Seattle,Washington,United States,"Seattle, WA, United States","Seattle, WA",2026-08-24 20:28:29.661359+00,2026-08-24 20:28:29.661359+00
40,2000,4,65,North Atlantic Swing Dance Championships,auto,Cape Cod,Massachusetts,United States,"Cape Cod, MA, United States","Cape Cod, MA",2026-08-24 20:28:29.661359+00,2026-08-24 20:28:29.661359+00
56,2000,4,72,Swing Break,auto,Santa Clara,California,United States,"Santa Clara, CA, United States","Santa Clara, CA",2026-08-24 20:28:29.661359+00,2026-08-24 20:28:29.661359+00
9,2000,3,8,Boston Tea Party,auto,Boston,Massachusetts,United States,"Boston, MA, United States","Boston, MA",2026-08-24 20:28:29.661359+00,2026-08-24 20:28:29.661359+00
12,2000,2,6,Capital Swing Dance Convention,auto,Sacramento,California,United States,"Sacramento, CA, United States","Sacramento, CA",2026-08-24 20:28:29.661359+00,2026-08-24 20:28:29.661359+00
334,2000,1,8,Countdown Swing Boston,manual,Boston,Massachusetts,United States,"Boston, MA, United States","Boston, MA",2026-08-24 20:28:29.661359+00,2026-08-24 20:28:29.661359+00
28,2000,1,27,Las Vegas Swing Expo,auto,Las Vegas,Nevada,United States,"Las Vegas, NV, United States","Las Vegas, NV",2026-08-24 20:28:29.661359+00,2026-08-24 20:28:29.661359+00
62,2000,1,1,Monterey SwingFest,auto,Monterey,California,United States,"Monterey, CA, United States","Monterey, CA",2026-08-24 20:28:29.661359+00,2026-08-24 20:28:29.661359+00
38,2000,1,5,New Year's Dance Championships,auto,Fresno,California,United States,"Fresno, CA, United States","Fresno, CA",2026-08-24 20:28:29.661359+00,2026-08-24 20:28:29.661359+00
58,2000,1,27,Swing Expo,auto,Las Vegas,Nevada,United States,"Las Vegas, NV, United States","Las Vegas, NV",2026-08-24 20:28:29.661359+00,2026-08-24 20:28:29.661359+00
36,1999,12,42,New Years Dance Camp,auto,Bakersfield,California,United States,"Bakersfield, CA, United States","Bakersfield, CA",2026-08-24 20:28:29.661359+00,2026-08-24 20:28:29.661359+00
31,1999,11,28,Mountain Magic,auto,South Lake Tahoe (near Reno),Nevada,United States,"South Lake Tahoe (near Reno), NV, United States","South Lake Tahoe (near Reno), NV",2026-08-24 20:28:29.661359+00,2026-08-24 20:28:29.661359+00
63,1999,11,70,Swingin' New England Dance Festival,auto,Newton,Massachusetts,United States,"Newton (Boston), MA, United States","Newton (Boston), MA",2026-08-24 20:28:29.661359+00,2026-08-24 20:28:29.661359+00
7,1999,10,31,Boogie & Blues,auto,Long Beach,California,United States,"Long Beach, CA, United States","Long Beach, CA",2026-08-24 20:28:29.661359+00,2026-08-24 20:28:29.661359+00
8,1999,10,2,Boogie By The Bay,auto,San Francisco,California,United States,"San Francisco, CA, United States","San Francisco, CA",2026-08-24 20:28:29.661359+00,2026-08-24 20:28:29.661359+00
65,1999,10,24,Halloween SwingThing,auto,Costa Mesa,California,United States,"Costa Mesa, CA, United States","Costa Mesa, CA",2026-08-24 20:28:29.661359+00,2026-08-24 20:28:29.661359+00
43,1999,10,19,Paradise Dance Festival,auto,Irvine,California,United States,"Irvine, CA, United States","Irvine, CA",2026-08-24 20:28:29.661359+00,2026-08-24 20:28:29.661359+00
45,1999,10,34,Rising Star - Chicago,auto,Chicago,Illinois,United States,"Chicago, IL, United States","Chicago, IL",2026-08-24 20:28:29.661359+00,2026-08-24 20:28:29.661359+00
15,1999,9,21,Dallas D.A.N.C.E.,auto,Dallas,Texas,United States,"Dallas, TX, United States","Dallas, TX",2026-08-24 20:28:29.661359+00,2026-08-24 20:28:29.661359+00
51,1999,9,20,Palm Springs Summer Dance Classic,auto,Palm Springs,California,United States,"Palm Springs, CA, United States","Palm Springs, CA",2026-08-24 20:28:29.661359+00,2026-08-24 20:28:29.661359+00
69,1999,9,95,Valley DanceFest,auto,Modesto,California,United States,"Modesto, CA, United States","Modesto, CA",2026-08-24 20:28:29.661359+00,2026-08-24 20:28:29.661359+00
70,1999,9,38,Virginia State Open,auto,Herndon,Virginia,United States,"Herndon, VA, United States","Herndon, VA",2026-08-24 20:28:29.661359+00,2026-08-24 20:28:29.661359+00
23,1999,8,5,HustleMania,auto,Fresno,California,United States,"Fresno, CA, United States","Fresno, CA",2026-08-24 20:28:29.661359+00,2026-08-24 20:28:29.661359+00
29,1999,8,12,Michigan Swing Dance Champs,auto,Michigan,Michigan,United States,"Michigan, MI, United States","Michigan, MI",2026-08-24 20:28:29.661359+00,2026-08-24 20:28:29.661359+00
53,1999,8,397,Summer Hummer,auto,Woburn,Massachusetts,United States,"Woburn (Boston), MA, United States","Woburn (Boston), MA",2026-08-24 20:28:29.661359+00,2026-08-24 20:28:29.661359+00
47,1999,8,29,Swingtime in the Rockies,auto,Denver,Colorado,United States,"Denver, CO, United States","Denver, CO",2026-08-24 20:28:29.661359+00,2026-08-24 20:28:29.661359+00
1,1999,7,3,4TH of July Convention,auto,Phoenix,Arizona,United States,"Phoenix, AZ, United States","Phoenix, AZ",2026-08-24 20:28:29.661359+00,2026-08-24 20:28:29.661359+00
52,1999,7,20,Summer Dance Festival,auto,Palm Springs,California,United States,"Palm Springs, CA, United States","Palm Springs, CA",2026-08-24 20:28:29.661359+00,2026-08-24 20:28:29.661359+00
59,1999,7,38,Swing Fling,auto,Herndon,Virginia,United States,"Herndon, VA, United States","Herndon, VA",2026-08-24 20:28:29.661359+00,2026-08-24 20:28:29.661359+00
71,1999,7,6,Westcoast Swing Dance Championships,auto,Sacramento,California,United States,"Sacramento, CA, United States","Sacramento, CA",2026-08-24 20:28:29.661359+00,2026-08-24 20:28:29.661359+00
25,1999,6,23,J&J O'Rama,auto,Anaheim,California,United States,"Anaheim, CA, United States","Anaheim, CA",2026-08-24 20:28:29.661359+00,2026-08-24 20:28:29.661359+00
44,1999,6,4,Portland Dance Festival,auto,Portland,Oregon,United States,"Portland, OR, United States","Portland, OR",2026-08-24 20:28:29.661359+00,2026-08-24 20:28:29.661359+00
64,1999,6,83,Swinging In The Northland,auto,St. Paul,Minnesota,United States,"St. Paul, MN, United States","St. Paul, MN",2026-08-24 20:28:29.661359+00,2026-08-24 20:28:29.661359+00
11,1999,5,15,California State Championships,auto,Buena Park,California,United States,"Buena Park, CA, United States","Buena Park, CA",2026-08-24 20:28:29.661359+00,2026-08-24 20:28:29.661359+00
20,1999,5,5,FreZno Dance Classic,auto,Fresno,California,United States,"Fresno, CA, United States","Fresno, CA",2026-08-24 20:28:29.661359+00,2026-08-24 20:28:29.661359+00
22,1999,5,25,USA Grand Nationals,auto,Atlanta,Georgia,United States,"Atlanta, GA, United States","Atlanta, GA, United States",2026-08-24 20:28:29.661359+00,2026-08-24 20:28:29.661359+00
18,1999,4,30,Easter Swing,auto,Seattle,Washington,United States,"Seattle, WA, United States","Seattle, WA",2026-08-24 20:28:29.661359+00,2026-08-24 20:28:29.661359+00
40,1999,4,65,North Atlantic Swing Dance Championships,auto,Cape Cod,Massachusetts,United States,"Cape Cod, MA, United States","Cape Cod, MA",2026-08-24 20:28:29.661359+00,2026-08-24 20:28:29.661359+00
56,1999,4,72,Swing Break,auto,Santa Clara,California,United States,"Santa Clara, CA, United States","Santa Clara, CA",2026-08-24 20:28:29.661359+00,2026-08-24 20:28:29.661359+00
9,1999,3,8,Boston Tea Party,auto,Boston,Massachusetts,United States,"Boston, MA, United States","Boston, MA",2026-08-24 20:28:29.661359+00,2026-08-24 20:28:29.661359+00
12,1999,2,6,Capital Swing Dance Convention,auto,Sacramento,California,United States,"Sacramento, CA, United States","Sacramento, CA",2026-08-24 20:28:29.661359+00,2026-08-24 20:28:29.661359+00
14,1999,2,15,Country Boogie,auto,Buena Park,California,United States,"Buena Park, CA, United States","Buena Park, CA",2026-08-24 20:28:29.661359+00,2026-08-24 20:28:29.661359+00
26,1999,2,153,Jitterbug Jam,auto,Thousand Oaks,California,United States,"Thousand Oaks, CA, United States","Thousand Oaks, CA",2026-08-24 20:28:29.661359+00,2026-08-24 20:28:29.661359+00
334,1999,1,8,Countdown Swing Boston,manual,Boston,Massachusetts,United States,"Boston, MA, United States","Boston, MA",2026-08-24 20:28:29.661359+00,2026-08-24 20:28:29.661359+00
28,1999,1,27,Las Vegas Swing Expo,auto,Las Vegas,Nevada,United States,"Las Vegas, NV, United States","Las Vegas, NV",2026-08-24 20:28:29.661359+00,2026-08-24 20:28:29.661359+00
62,1999,1,1,Monterey SwingFest,auto,Monterey,California,United States,"Monterey, CA, United States","Monterey, CA",2026-08-24 20:28:29.661359+00,2026-08-24 20:28:29.661359+00
38,1999,1,5,New Year's Dance Championships,auto,Fresno,California,United States,"Fresno, CA, United States","Fresno, CA",2026-08-24 20:28:29.661359+00,2026-08-24 20:28:29.661359+00
58,1999,1,27,Swing Expo,auto,Las Vegas,Nevada,United States,"Las Vegas, NV, United States","Las Vegas, NV",2026-08-24 20:28:29.661359+00,2026-08-24 20:28:29.661359+00
36,1998,12,42,New Years Dance Camp,auto,Bakersfield,California,United States,"Bakersfield, CA, United States","Bakersfield, CA",2026-08-24 20:28:29.661359+00,2026-08-24 20:28:29.661359+00
4,1998,10,7,American Swing Dance Championships,auto,New York,New York,United States,"New York, NY, United States","New York, NY",2026-08-24 20:28:29.661359+00,2026-08-24 20:28:29.661359+00
7,1998,10,31,Boogie & Blues,auto,Long Beach,California,United States,"Long Beach, CA, United States","Long Beach, CA",2026-08-24 20:28:29.661359+00,2026-08-24 20:28:29.661359+00
8,1998,10,2,Boogie By The Bay,auto,San Francisco,California,United States,"San Francisco, CA, United States","San Francisco, CA",2026-08-24 20:28:29.661359+00,2026-08-24 20:28:29.661359+00
65,1998,10,24,Halloween SwingThing,auto,Costa Mesa,California,United States,"Costa Mesa, CA, United States","Costa Mesa, CA",2026-08-24 20:28:29.661359+00,2026-08-24 20:28:29.661359+00
43,1998,10,19,Paradise Dance Festival,auto,Irvine,California,United States,"Irvine, CA, United States","Irvine, CA",2026-08-24 20:28:29.661359+00,2026-08-24 20:28:29.661359+00
15,1998,9,21,Dallas D.A.N.C.E.,auto,Dallas,Texas,United States,"Dallas, TX, United States","Dallas, TX",2026-08-24 20:28:29.661359+00,2026-08-24 20:28:29.661359+00
34,1998,9,8,New England Swing Dance Championships,auto,Boston,Massachusetts,United States,"Boston, MA, United States","Boston, MA",2026-08-24 20:28:29.661359+00,2026-08-24 20:28:29.661359+00
51,1998,9,20,Palm Springs Summer Dance Classic,auto,Palm Springs,California,United States,"Palm Springs, CA, United States","Palm Springs, CA",2026-08-24 20:28:29.661359+00,2026-08-24 20:28:29.661359+00
55,1998,9,31,Sundance Labor Day Swing Dance Festival,auto,Long Beach,California,United States,"Long Beach, CA, United States","Long Beach, CA",2026-08-24 20:28:29.661359+00,2026-08-24 20:28:29.661359+00
70,1998,9,38,Virginia State Open,auto,Herndon,Virginia,United States,"Herndon, VA, United States","Herndon, VA",2026-08-24 20:28:29.661359+00,2026-08-24 20:28:29.661359+00
5,1998,8,42,Bakersfield Swing Bash,auto,Bakersfield,California,United States,"Bakersfield, CA, United States","Bakersfield, CA",2026-08-24 20:28:29.661359+00,2026-08-24 20:28:29.661359+00
29,1998,8,12,Michigan Swing Dance Champs,auto,Michigan,Michigan,United States,"Michigan, MI, United States","Michigan, MI",2026-08-24 20:28:29.661359+00,2026-08-24 20:28:29.661359+00
48,1998,8,16,South Bay Dance Fling,auto,San Jose,California,United States,"San Jose, CA, United States","San Jose, CA",2026-08-24 20:28:29.661359+00,2026-08-24 20:28:29.661359+00
53,1998,8,397,Summer Hummer,auto,Woburn,Massachusetts,United States,"Woburn (Boston), MA, United States","Woburn (Boston), MA",2026-08-24 20:28:29.661359+00,2026-08-24 20:28:29.661359+00
57,1998,8,9,Swing Challenge,auto,Kansas City,Missouri,United States,"Kansas City, MO, United States","Kansas City, MO",2026-08-24 20:28:29.661359+00,2026-08-24 20:28:29.661359+00
47,1998,8,29,Swingtime in the Rockies,auto,Denver,Colorado,United States,"Denver, CO, United States","Denver, CO",2026-08-24 20:28:29.661359+00,2026-08-24 20:28:29.661359+00
1,1998,7,3,4TH of July Convention,auto,Phoenix,Arizona,United States,"Phoenix, AZ, United States","Phoenix, AZ",2026-08-24 20:28:29.661359+00,2026-08-24 20:28:29.661359+00
52,1998,7,20,Summer Dance Festival,auto,Palm Springs,California,United States,"Palm Springs, CA, United States","Palm Springs, CA",2026-08-24 20:28:29.661359+00,2026-08-24 20:28:29.661359+00
59,1998,7,38,Swing Fling,auto,Herndon,Virginia,United States,"Herndon, VA, United States","Herndon, VA",2026-08-24 20:28:29.661359+00,2026-08-24 20:28:29.661359+00
71,1998,7,6,Westcoast Swing Dance Championships,auto,Sacramento,California,United States,"Sacramento, CA, United States","Sacramento, CA",2026-08-24 20:28:29.661359+00,2026-08-24 20:28:29.661359+00
25,1998,6,23,J&J O'Rama,auto,Anaheim,California,United States,"Anaheim, CA, United States","Anaheim, CA",2026-08-24 20:28:29.661359+00,2026-08-24 20:28:29.661359+00
64,1998,6,83,Swinging In The Northland,auto,St. Paul,Minnesota,United States,"St. Paul, MN, United States","St. Paul, MN",2026-08-24 20:28:29.661359+00,2026-08-24 20:28:29.661359+00
67,1998,5,44,Americas Classic,auto,Houston,Texas,United States,"Houston, TX, United States","Houston, TX",2026-08-24 20:28:29.661359+00,2026-08-24 20:28:29.661359+00
11,1998,5,15,California State Championships,auto,Buena Park,California,United States,"Buena Park, CA, United States","Buena Park, CA",2026-08-24 20:28:29.661359+00,2026-08-24 20:28:29.661359+00
20,1998,5,5,FreZno Dance Classic,auto,Fresno,California,United States,"Fresno, CA, United States","Fresno, CA",2026-08-24 20:28:29.661359+00,2026-08-24 20:28:29.661359+00
49,1998,5,10,Spring Fling,auto,San Diego,California,United States,"San Diego, CA, United States","San Diego, CA",2026-08-24 20:28:29.661359+00,2026-08-24 20:28:29.661359+00
22,1998,5,25,USA Grand Nationals,auto,Atlanta,Georgia,United States,"Atlanta, GA, United States","Atlanta, GA, United States",2026-08-24 20:28:29.661359+00,2026-08-24 20:28:29.661359+00
18,1998,4,30,Easter Swing,auto,Seattle,Washington,United States,"Seattle, WA, United States","Seattle, WA",2026-08-24 20:28:29.661359+00,2026-08-24 20:28:29.661359+00
21,1998,4,15,Golden State Classic,auto,Buena Park,California,United States,"Buena Park, CA, United States","Buena Park, CA",2026-08-24 20:28:29.661359+00,2026-08-24 20:28:29.661359+00
40,1998,4,65,North Atlantic Swing Dance Championships,auto,Cape Cod,Massachusetts,United States,"Cape Cod, MA, United States","Cape Cod, MA",2026-08-24 20:28:29.661359+00,2026-08-24 20:28:29.661359+00
9,1998,3,8,Boston Tea Party,auto,Boston,Massachusetts,United States,"Boston, MA, United States","Boston, MA",2026-08-24 20:28:29.661359+00,2026-08-24 20:28:29.661359+00
13,1998,3,34,Chicago Classic,auto,Chicago,Illinois,United States,"Chicago, IL, United States","Chicago, IL",2026-08-24 20:28:29.661359+00,2026-08-24 20:28:29.661359+00
12,1998,2,6,Capital Swing Dance Convention,auto,Sacramento,California,United States,"Sacramento, CA, United States","Sacramento, CA",2026-08-24 20:28:29.661359+00,2026-08-24 20:28:29.661359+00
14,1998,2,15,Country Boogie,auto,Buena Park,California,United States,"Buena Park, CA, United States","Buena Park, CA",2026-08-24 20:28:29.661359+00,2026-08-24 20:28:29.661359+00
28,1998,1,27,Las Vegas Swing Expo,auto,Las Vegas,Nevada,United States,"Las Vegas, NV, United States","Las Vegas, NV",2026-08-24 20:28:29.661359+00,2026-08-24 20:28:29.661359+00
62,1998,1,1,Monterey SwingFest,auto,Monterey,California,United States,"Monterey, CA, United States","Monterey, CA",2026-08-24 20:28:29.661359+00,2026-08-24 20:28:29.661359+00
58,1998,1,27,Swing Expo,auto,Las Vegas,Nevada,United States,"Las Vegas, NV, United States","Las Vegas, NV",2026-08-24 20:28:29.661359+00,2026-08-24 20:28:29.661359+00
36,1997,12,42,New Years Dance Camp,auto,Bakersfield,California,United States,"Bakersfield, CA, United States","Bakersfield, CA",2026-08-24 20:28:29.661359+00,2026-08-24 20:28:29.661359+00
68,1997,11,22,US Open Swing Dance Championships,auto,Los Angeles,California,United States,"Los Angeles, CA, United States","Los Angeles, CA",2026-08-24 20:28:29.661359+00,2026-08-24 20:28:29.661359+00
4,1997,10,7,American Swing Dance Championships,auto,New York,New York,United States,"New York, NY, United States","New York, NY",2026-08-24 20:28:29.661359+00,2026-08-24 20:28:29.661359+00
7,1997,10,31,Boogie & Blues,auto,Long Beach,California,United States,"Long Beach, CA, United States","Long Beach, CA",2026-08-24 20:28:29.661359+00,2026-08-24 20:28:29.661359+00
8,1997,10,2,Boogie By The Bay,auto,San Francisco,California,United States,"San Francisco, CA, United States","San Francisco, CA",2026-08-24 20:28:29.661359+00,2026-08-24 20:28:29.661359+00
65,1997,10,24,Halloween SwingThing,auto,Costa Mesa,California,United States,"Costa Mesa, CA, United States","Costa Mesa, CA",2026-08-24 20:28:29.661359+00,2026-08-24 20:28:29.661359+00
43,1997,10,19,Paradise Dance Festival,auto,Irvine,California,United States,"Irvine, CA, United States","Irvine, CA",2026-08-24 20:28:29.661359+00,2026-08-24 20:28:29.661359+00
45,1997,10,34,Rising Star - Chicago,auto,Chicago,Illinois,United States,"Chicago, IL, United States","Chicago, IL",2026-08-24 20:28:29.661359+00,2026-08-24 20:28:29.661359+00
15,1997,9,21,Dallas D.A.N.C.E.,auto,Dallas,Texas,United States,"Dallas, TX, United States","Dallas, TX",2026-08-24 20:28:29.661359+00,2026-08-24 20:28:29.661359+00
27,1997,9,15,Labor Day Swing Dance Festival,auto,Buena Park,California,United States,"Buena Park, CA, United States","Buena Park, CA",2026-08-24 20:28:29.661359+00,2026-08-24 20:28:29.661359+00
70,1997,9,38,Virginia State Open,auto,Herndon,Virginia,United States,"Herndon, VA, United States","Herndon, VA",2026-08-24 20:28:29.661359+00,2026-08-24 20:28:29.661359+00
29,1997,8,12,Michigan Swing Dance Champs,auto,Michigan,Michigan,United States,"Michigan, MI, United States","Michigan, MI",2026-08-24 20:28:29.661359+00,2026-08-24 20:28:29.661359+00
48,1997,8,16,South Bay Dance Fling,auto,San Jose,California,United States,"San Jose, CA, United States","San Jose, CA",2026-08-24 20:28:29.661359+00,2026-08-24 20:28:29.661359+00
53,1997,8,397,Summer Hummer,auto,Woburn,Massachusetts,United States,"Woburn (Boston), MA, United States","Woburn (Boston), MA",2026-08-24 20:28:29.661359+00,2026-08-24 20:28:29.661359+00
57,1997,8,9,Swing Challenge,auto,Kansas City,Missouri,United States,"Kansas City, MO, United States","Kansas City, MO",2026-08-24 20:28:29.661359+00,2026-08-24 20:28:29.661359+00
47,1997,8,29,Swingtime in the Rockies,auto,Denver,Colorado,United States,"Denver, CO, United States","Denver, CO",2026-08-24 20:28:29.661359+00,2026-08-24 20:28:29.661359+00
1,1997,7,3,4TH of July Convention,auto,Phoenix,Arizona,United States,"Phoenix, AZ, United States","Phoenix, AZ",2026-08-24 20:28:29.661359+00,2026-08-24 20:28:29.661359+00
2,1997,7,55,4TH of July Swing Bash,auto,Fort Lauderdale,Florida,United States,"Fort Lauderdale, FL, United States","Fort Lauderdale, FL",2026-08-24 20:28:29.661359+00,2026-08-24 20:28:29.661359+00
52,1997,7,20,Summer Dance Festival,auto,Palm Springs,California,United States,"Palm Springs, CA, United States","Palm Springs, CA",2026-08-24 20:28:29.661359+00,2026-08-24 20:28:29.661359+00
59,1997,7,38,Swing Fling,auto,Herndon,Virginia,United States,"Herndon, VA, United States","Herndon, VA",2026-08-24 20:28:29.661359+00,2026-08-24 20:28:29.661359+00
71,1997,7,6,Westcoast Swing Dance Championships,auto,Sacramento,California,United States,"Sacramento, CA, United States","Sacramento, CA",2026-08-24 20:28:29.661359+00,2026-08-24 20:28:29.661359+00
25,1997,6,23,J&J O'Rama,auto,Anaheim,California,United States,"Anaheim, CA, United States","Anaheim, CA",2026-08-24 20:28:29.661359+00,2026-08-24 20:28:29.661359+00
44,1997,6,4,Portland Dance Festival,auto,Portland,Oregon,United States,"Portland, OR, United States","Portland, OR",2026-08-24 20:28:29.661359+00,2026-08-24 20:28:29.661359+00
64,1997,6,83,Swinging In The Northland,auto,St. Paul,Minnesota,United States,"St. Paul, MN, United States","St. Paul, MN",2026-08-24 20:28:29.661359+00,2026-08-24 20:28:29.661359+00
67,1997,5,44,Americas Classic,auto,Houston,Texas,United States,"Houston, TX, United States","Houston, TX",2026-08-24 20:28:29.661359+00,2026-08-24 20:28:29.661359+00
11,1997,5,15,California State Championships,auto,Buena Park,California,United States,"Buena Park, CA, United States","Buena Park, CA",2026-08-24 20:28:29.661359+00,2026-08-24 20:28:29.661359+00
20,1997,5,5,FreZno Dance Classic,auto,Fresno,California,United States,"Fresno, CA, United States","Fresno, CA",2026-08-24 20:28:29.661359+00,2026-08-24 20:28:29.661359+00
49,1997,5,10,Spring Fling,auto,San Diego,California,United States,"San Diego, CA, United States","San Diego, CA",2026-08-24 20:28:29.661359+00,2026-08-24 20:28:29.661359+00
22,1997,5,25,USA Grand Nationals,auto,Atlanta,Georgia,United States,"Atlanta, GA, United States","Atlanta, GA, United States",2026-08-24 20:28:29.661359+00,2026-08-24 20:28:29.661359+00
18,1997,4,30,Easter Swing,auto,Seattle,Washington,United States,"Seattle, WA, United States","Seattle, WA",2026-08-24 20:28:29.661359+00,2026-08-24 20:28:29.661359+00
21,1997,4,15,Golden State Classic,auto,Buena Park,California,United States,"Buena Park, CA, United States","Buena Park, CA",2026-08-24 20:28:29.661359+00,2026-08-24 20:28:29.661359+00
60,1997,4,33,Swing Jam,auto,Alhambra,California,United States,"Alhambra, CA, United States","Alhambra, CA",2026-08-24 20:28:29.661359+00,2026-08-24 20:28:29.661359+00
9,1997,3,8,Boston Tea Party,auto,Boston,Massachusetts,United States,"Boston, MA, United States","Boston, MA",2026-08-24 20:28:29.661359+00,2026-08-24 20:28:29.661359+00
13,1997,3,34,Chicago Classic,auto,Chicago,Illinois,United States,"Chicago, IL, United States","Chicago, IL",2026-08-24 20:28:29.661359+00,2026-08-24 20:28:29.661359+00
12,1997,2,6,Capital Swing Dance Convention,auto,Sacramento,California,United States,"Sacramento, CA, United States","Sacramento, CA",2026-08-24 20:28:29.661359+00,2026-08-24 20:28:29.661359+00
14,1997,2,15,Country Boogie,auto,Buena Park,California,United States,"Buena Park, CA, United States","Buena Park, CA",2026-08-24 20:28:29.661359+00,2026-08-24 20:28:29.661359+00
28,1997,1,27,Las Vegas Swing Expo,auto,Las Vegas,Nevada,United States,"Las Vegas, NV, United States","Las Vegas, NV",2026-08-24 20:28:29.661359+00,2026-08-24 20:28:29.661359+00
62,1997,1,1,Monterey SwingFest,auto,Monterey,California,United States,"Monterey, CA, United States","Monterey, CA",2026-08-24 20:28:29.661359+00,2026-08-24 20:28:29.661359+00
58,1997,1,27,Swing Expo,auto,Las Vegas,Nevada,United States,"Las Vegas, NV, United States","Las Vegas, NV",2026-08-24 20:28:29.661359+00,2026-08-24 20:28:29.661359+00
35,1996,11,8,New England Swing Jam 1,auto,Boston,Massachusetts,United States,"Boston, MA, United States","Boston, MA",2026-08-24 20:28:29.661359+00,2026-08-24 20:28:29.661359+00
68,1996,11,22,US Open Swing Dance Championships,auto,Los Angeles,California,United States,"Los Angeles, CA, United States","Los Angeles, CA",2026-08-24 20:28:29.661359+00,2026-08-24 20:28:29.661359+00
4,1996,10,7,American Swing Dance Championships,auto,New York,New York,United States,"New York, NY, United States","New York, NY",2026-08-24 20:28:29.661359+00,2026-08-24 20:28:29.661359+00
7,1996,10,31,Boogie & Blues,auto,Long Beach,California,United States,"Long Beach, CA, United States","Long Beach, CA",2026-08-24 20:28:29.661359+00,2026-08-24 20:28:29.661359+00
8,1996,10,2,Boogie By The Bay,auto,San Francisco,California,United States,"San Francisco, CA, United States","San Francisco, CA",2026-08-24 20:28:29.661359+00,2026-08-24 20:28:29.661359+00
65,1996,10,24,Halloween SwingThing,auto,Costa Mesa,California,United States,"Costa Mesa, CA, United States","Costa Mesa, CA",2026-08-24 20:28:29.661359+00,2026-08-24 20:28:29.661359+00
43,1996,10,19,Paradise Dance Festival,auto,Irvine,California,United States,"Irvine, CA, United States","Irvine, CA",2026-08-24 20:28:29.661359+00,2026-08-24 20:28:29.661359+00
15,1996,9,21,Dallas D.A.N.C.E.,auto,Dallas,Texas,United States,"Dallas, TX, United States","Dallas, TX",2026-08-24 20:28:29.661359+00,2026-08-24 20:28:29.661359+00
27,1996,9,15,Labor Day Swing Dance Festival,auto,Buena Park,California,United States,"Buena Park, CA, United States","Buena Park, CA",2026-08-24 20:28:29.661359+00,2026-08-24 20:28:29.661359+00
70,1996,9,38,Virginia State Open,auto,Herndon,Virginia,United States,"Herndon, VA, United States","Herndon, VA",2026-08-24 20:28:29.661359+00,2026-08-24 20:28:29.661359+00
24,1996,8,27,J&J National Championships,auto,Las Vegas,Nevada,United States,"Las Vegas, NV, United States","Las Vegas, NV",2026-08-24 20:28:29.661359+00,2026-08-24 20:28:29.661359+00
29,1996,8,12,Michigan Swing Dance Champs,auto,Michigan,Michigan,United States,"Michigan, MI, United States","Michigan, MI",2026-08-24 20:28:29.661359+00,2026-08-24 20:28:29.661359+00
57,1996,8,9,Swing Challenge,auto,Kansas City,Missouri,United States,"Kansas City, MO, United States","Kansas City, MO",2026-08-24 20:28:29.661359+00,2026-08-24 20:28:29.661359+00
47,1996,8,29,Swingtime in the Rockies,auto,Denver,Colorado,United States,"Denver, CO, United States","Denver, CO",2026-08-24 20:28:29.661359+00,2026-08-24 20:28:29.661359+00
1,1996,7,3,4TH of July Convention,auto,Phoenix,Arizona,United States,"Phoenix, AZ, United States","Phoenix, AZ",2026-08-24 20:28:29.661359+00,2026-08-24 20:28:29.661359+00
17,1996,7,20,Desert Swing Dance Club,auto,Palm Springs,California,United States,"Palm Springs, CA, United States","Palm Springs, CA",2026-08-24 20:28:29.661359+00,2026-08-24 20:28:29.661359+00
52,1996,7,20,Summer Dance Festival,auto,Palm Springs,California,United States,"Palm Springs, CA, United States","Palm Springs, CA",2026-08-24 20:28:29.661359+00,2026-08-24 20:28:29.661359+00
59,1996,7,38,Swing Fling,auto,Herndon,Virginia,United States,"Herndon, VA, United States","Herndon, VA",2026-08-24 20:28:29.661359+00,2026-08-24 20:28:29.661359+00
25,1996,6,23,J&J O'Rama,auto,Anaheim,California,United States,"Anaheim, CA, United States","Anaheim, CA",2026-08-24 20:28:29.661359+00,2026-08-24 20:28:29.661359+00
67,1996,5,44,Americas Classic,auto,Houston,Texas,United States,"Houston, TX, United States","Houston, TX",2026-08-24 20:28:29.661359+00,2026-08-24 20:28:29.661359+00
20,1996,5,5,FreZno Dance Classic,auto,Fresno,California,United States,"Fresno, CA, United States","Fresno, CA",2026-08-24 20:28:29.661359+00,2026-08-24 20:28:29.661359+00
46,1996,5,21,Rising Star - Dallas,auto,Dallas,Texas,United States,"Dallas, TX, United States","Dallas, TX",2026-08-24 20:28:29.661359+00,2026-08-24 20:28:29.661359+00
49,1996,5,10,Spring Fling,auto,San Diego,California,United States,"San Diego, CA, United States","San Diego, CA",2026-08-24 20:28:29.661359+00,2026-08-24 20:28:29.661359+00
22,1996,5,25,USA Grand Nationals,auto,Atlanta,Georgia,United States,"Atlanta, GA, United States","Atlanta, GA, United States",2026-08-24 20:28:29.661359+00,2026-08-24 20:28:29.661359+00
21,1996,4,15,Golden State Classic,auto,Buena Park,California,United States,"Buena Park, CA, United States","Buena Park, CA",2026-08-24 20:28:29.661359+00,2026-08-24 20:28:29.661359+00
60,1996,4,33,Swing Jam,auto,Alhambra,California,United States,"Alhambra, CA, United States","Alhambra, CA",2026-08-24 20:28:29.661359+00,2026-08-24 20:28:29.661359+00
12,1996,2,6,Capital Swing Dance Convention,auto,Sacramento,California,United States,"Sacramento, CA, United States","Sacramento, CA",2026-08-24 20:28:29.661359+00,2026-08-24 20:28:29.661359+00
14,1996,2,15,Country Boogie,auto,Buena Park,California,United States,"Buena Park, CA, United States","Buena Park, CA",2026-08-24 20:28:29.661359+00,2026-08-24 20:28:29.661359+00
28,1996,1,27,Las Vegas Swing Expo,auto,Las Vegas,Nevada,United States,"Las Vegas, NV, United States","Las Vegas, NV",2026-08-24 20:28:29.661359+00,2026-08-24 20:28:29.661359+00
62,1996,1,1,Monterey SwingFest,auto,Monterey,California,United States,"Monterey, CA, United States","Monterey, CA",2026-08-24 20:28:29.661359+00,2026-08-24 20:28:29.661359+00
58,1996,1,27,Swing Expo,auto,Las Vegas,Nevada,United States,"Las Vegas, NV, United States","Las Vegas, NV",2026-08-24 20:28:29.661359+00,2026-08-24 20:28:29.661359+00
33,1995,12,21,National New Year,auto,Dallas,Texas,United States,"Dallas, TX, United States","Dallas, TX",2026-08-24 20:28:29.661359+00,2026-08-24 20:28:29.661359+00
75,1995,12,21,UCWDC Country Dance World Championship,auto,Dallas,Texas,United States,"Dallas, TX, United States","Dallas, TX",2026-08-24 20:28:29.661359+00,2026-08-24 20:28:29.661359+00
35,1995,11,8,New England Swing Jam 1,auto,Boston,Massachusetts,United States,"Boston, MA, United States","Boston, MA",2026-08-24 20:28:29.661359+00,2026-08-24 20:28:29.661359+00
68,1995,11,22,US Open Swing Dance Championships,auto,Los Angeles,California,United States,"Los Angeles, CA, United States","Los Angeles, CA",2026-08-24 20:28:29.661359+00,2026-08-24 20:28:29.661359+00
4,1995,10,7,American Swing Dance Championships,auto,New York,New York,United States,"New York, NY, United States","New York, NY",2026-08-24 20:28:29.661359+00,2026-08-24 20:28:29.661359+00
7,1995,10,31,Boogie & Blues,auto,Long Beach,California,United States,"Long Beach, CA, United States","Long Beach, CA",2026-08-24 20:28:29.661359+00,2026-08-24 20:28:29.661359+00
8,1995,10,2,Boogie By The Bay,auto,San Francisco,California,United States,"San Francisco, CA, United States","San Francisco, CA",2026-08-24 20:28:29.661359+00,2026-08-24 20:28:29.661359+00
65,1995,10,24,Halloween SwingThing,auto,Costa Mesa,California,United States,"Costa Mesa, CA, United States","Costa Mesa, CA",2026-08-24 20:28:29.661359+00,2026-08-24 20:28:29.661359+00
43,1995,10,19,Paradise Dance Festival,auto,Irvine,California,United States,"Irvine, CA, United States","Irvine, CA",2026-08-24 20:28:29.661359+00,2026-08-24 20:28:29.661359+00
15,1995,9,21,Dallas D.A.N.C.E.,auto,Dallas,Texas,United States,"Dallas, TX, United States","Dallas, TX",2026-08-24 20:28:29.661359+00,2026-08-24 20:28:29.661359+00
27,1995,9,15,Labor Day Swing Dance Festival,auto,Buena Park,California,United States,"Buena Park, CA, United States","Buena Park, CA",2026-08-24 20:28:29.661359+00,2026-08-24 20:28:29.661359+00
70,1995,9,38,Virginia State Open,auto,Herndon,Virginia,United States,"Herndon, VA, United States","Herndon, VA",2026-08-24 20:28:29.661359+00,2026-08-24 20:28:29.661359+00
29,1995,8,12,Michigan Swing Dance Champs,auto,Michigan,Michigan,United States,"Michigan, MI, United States","Michigan, MI",2026-08-24 20:28:29.661359+00,2026-08-24 20:28:29.661359+00
47,1995,8,29,Swingtime in the Rockies,auto,Denver,Colorado,United States,"Denver, CO, United States","Denver, CO",2026-08-24 20:28:29.661359+00,2026-08-24 20:28:29.661359+00
1,1995,7,3,4TH of July Convention,auto,Phoenix,Arizona,United States,"Phoenix, AZ, United States","Phoenix, AZ",2026-08-24 20:28:29.661359+00,2026-08-24 20:28:29.661359+00
52,1995,7,20,Summer Dance Festival,auto,Palm Springs,California,United States,"Palm Springs, CA, United States","Palm Springs, CA",2026-08-24 20:28:29.661359+00,2026-08-24 20:28:29.661359+00
59,1995,7,38,Swing Fling,auto,Herndon,Virginia,United States,"Herndon, VA, United States","Herndon, VA",2026-08-24 20:28:29.661359+00,2026-08-24 20:28:29.661359+00
72,1995,7,34,Windy City,auto,Chicago,Illinois,United States,"Chicago, IL, United States","Chicago, IL",2026-08-24 20:28:29.661359+00,2026-08-24 20:28:29.661359+00
25,1995,6,23,J&J O'Rama,auto,Anaheim,California,United States,"Anaheim, CA, United States","Anaheim, CA",2026-08-24 20:28:29.661359+00,2026-08-24 20:28:29.661359+00
67,1995,5,44,Americas Classic,auto,Houston,Texas,United States,"Houston, TX, United States","Houston, TX",2026-08-24 20:28:29.661359+00,2026-08-24 20:28:29.661359+00
20,1995,5,5,FreZno Dance Classic,auto,Fresno,California,United States,"Fresno, CA, United States","Fresno, CA",2026-08-24 20:28:29.661359+00,2026-08-24 20:28:29.661359+00
49,1995,5,10,Spring Fling,auto,San Diego,California,United States,"San Diego, CA, United States","San Diego, CA",2026-08-24 20:28:29.661359+00,2026-08-24 20:28:29.661359+00
18,1995,4,30,Easter Swing,auto,Seattle,Washington,United States,"Seattle, WA, United States","Seattle, WA",2026-08-24 20:28:29.661359+00,2026-08-24 20:28:29.661359+00
60,1995,4,33,Swing Jam,auto,Alhambra,California,United States,"Alhambra, CA, United States","Alhambra, CA",2026-08-24 20:28:29.661359+00,2026-08-24 20:28:29.661359+00
6,1995,2,2,Bay Swingers,auto,San Francisco,California,United States,"San Francisco, CA, United States","San Francisco, CA",2026-08-24 20:28:29.661359+00,2026-08-24 20:28:29.661359+00
12,1995,2,6,Capital Swing Dance Convention,auto,Sacramento,California,United States,"Sacramento, CA, United States","Sacramento, CA",2026-08-24 20:28:29.661359+00,2026-08-24 20:28:29.661359+00
14,1995,2,15,Country Boogie,auto,Buena Park,California,United States,"Buena Park, CA, United States","Buena Park, CA",2026-08-24 20:28:29.661359+00,2026-08-24 20:28:29.661359+00
334,1995,1,8,Countdown Swing Boston,manual,Boston,Massachusetts,United States,"Boston, MA, United States","Boston, MA",2026-08-24 20:28:29.661359+00,2026-08-24 20:28:29.661359+00
28,1995,1,27,Las Vegas Swing Expo,auto,Las Vegas,Nevada,United States,"Las Vegas, NV, United States","Las Vegas, NV",2026-08-24 20:28:29.661359+00,2026-08-24 20:28:29.661359+00
62,1995,1,1,Monterey SwingFest,auto,Monterey,California,United States,"Monterey, CA, United States","Monterey, CA",2026-08-24 20:28:29.661359+00,2026-08-24 20:28:29.661359+00
58,1995,1,27,Swing Expo,auto,Las Vegas,Nevada,United States,"Las Vegas, NV, United States","Las Vegas, NV",2026-08-24 20:28:29.661359+00,2026-08-24 20:28:29.661359+00
33,1994,12,21,National New Year,auto,Dallas,Texas,United States,"Dallas, TX, United States","Dallas, TX",2026-08-24 20:28:29.661359+00,2026-08-24 20:28:29.661359+00
68,1994,11,22,US Open Swing Dance Championships,auto,Los Angeles,California,United States,"Los Angeles, CA, United States","Los Angeles, CA",2026-08-24 20:28:29.661359+00,2026-08-24 20:28:29.661359+00
4,1994,10,7,American Swing Dance Championships,auto,New York,New York,United States,"New York, NY, United States","New York, NY",2026-08-24 20:28:29.661359+00,2026-08-24 20:28:29.661359+00
8,1994,10,2,Boogie By The Bay,auto,San Francisco,California,United States,"San Francisco, CA, United States","San Francisco, CA",2026-08-24 20:28:29.661359+00,2026-08-24 20:28:29.661359+00
65,1994,10,24,Halloween SwingThing,auto,Costa Mesa,California,United States,"Costa Mesa, CA, United States","Costa Mesa, CA",2026-08-24 20:28:29.661359+00,2026-08-24 20:28:29.661359+00
15,1994,9,21,Dallas D.A.N.C.E.,auto,Dallas,Texas,United States,"Dallas, TX, United States","Dallas, TX",2026-08-24 20:28:29.661359+00,2026-08-24 20:28:29.661359+00
27,1994,9,15,Labor Day Swing Dance Festival,auto,Buena Park,California,United States,"Buena Park, CA, United States","Buena Park, CA",2026-08-24 20:28:29.661359+00,2026-08-24 20:28:29.661359+00
70,1994,9,38,Virginia State Open,auto,Herndon,Virginia,United States,"Herndon, VA, United States","Herndon, VA",2026-08-24 20:28:29.661359+00,2026-08-24 20:28:29.661359+00
29,1994,8,12,Michigan Swing Dance Champs,auto,Michigan,Michigan,United States,"Michigan, MI, United States","Michigan, MI",2026-08-24 20:28:29.661359+00,2026-08-24 20:28:29.661359+00
47,1994,8,29,Swingtime in the Rockies,auto,Denver,Colorado,United States,"Denver, CO, United States","Denver, CO",2026-08-24 20:28:29.661359+00,2026-08-24 20:28:29.661359+00
1,1994,7,3,4TH of July Convention,auto,Phoenix,Arizona,United States,"Phoenix, AZ, United States","Phoenix, AZ",2026-08-24 20:28:29.661359+00,2026-08-24 20:28:29.661359+00
52,1994,7,20,Summer Dance Festival,auto,Palm Springs,California,United States,"Palm Springs, CA, United States","Palm Springs, CA",2026-08-24 20:28:29.661359+00,2026-08-24 20:28:29.661359+00
59,1994,7,38,Swing Fling,auto,Herndon,Virginia,United States,"Herndon, VA, United States","Herndon, VA",2026-08-24 20:28:29.661359+00,2026-08-24 20:28:29.661359+00
72,1994,7,34,Windy City,auto,Chicago,Illinois,United States,"Chicago, IL, United States","Chicago, IL",2026-08-24 20:28:29.661359+00,2026-08-24 20:28:29.661359+00
20,1994,5,5,FreZno Dance Classic,auto,Fresno,California,United States,"Fresno, CA, United States","Fresno, CA",2026-08-24 20:28:29.661359+00,2026-08-24 20:28:29.661359+00
49,1994,5,10,Spring Fling,auto,San Diego,California,United States,"San Diego, CA, United States","San Diego, CA",2026-08-24 20:28:29.661359+00,2026-08-24 20:28:29.661359+00
18,1994,4,30,Easter Swing,auto,Seattle,Washington,United States,"Seattle, WA, United States","Seattle, WA",2026-08-24 20:28:29.661359+00,2026-08-24 20:28:29.661359+00
60,1994,4,33,Swing Jam,auto,Alhambra,California,United States,"Alhambra, CA, United States","Alhambra, CA",2026-08-24 20:28:29.661359+00,2026-08-24 20:28:29.661359+00
6,1994,2,2,Bay Swingers,auto,San Francisco,California,United States,"San Francisco, CA, United States","San Francisco, CA",2026-08-24 20:28:29.661359+00,2026-08-24 20:28:29.661359+00
12,1994,2,6,Capital Swing Dance Convention,auto,Sacramento,California,United States,"Sacramento, CA, United States","Sacramento, CA",2026-08-24 20:28:29.661359+00,2026-08-24 20:28:29.661359+00
14,1994,2,15,Country Boogie,auto,Buena Park,California,United States,"Buena Park, CA, United States","Buena Park, CA",2026-08-24 20:28:29.661359+00,2026-08-24 20:28:29.661359+00
28,1994,1,27,Las Vegas Swing Expo,auto,Las Vegas,Nevada,United States,"Las Vegas, NV, United States","Las Vegas, NV",2026-08-24 20:28:29.661359+00,2026-08-24 20:28:29.661359+00
62,1994,1,1,Monterey SwingFest,auto,Monterey,California,United States,"Monterey, CA, United States","Monterey, CA",2026-08-24 20:28:29.661359+00,2026-08-24 20:28:29.661359+00
58,1994,1,27,Swing Expo,auto,Las Vegas,Nevada,United States,"Las Vegas, NV, United States","Las Vegas, NV",2026-08-24 20:28:29.661359+00,2026-08-24 20:28:29.661359+00
68,1993,11,22,US Open Swing Dance Championships,auto,Los Angeles,California,United States,"Los Angeles, CA, United States","Los Angeles, CA",2026-08-24 20:28:29.661359+00,2026-08-24 20:28:29.661359+00
8,1993,10,2,Boogie By The Bay,auto,San Francisco,California,United States,"San Francisco, CA, United States","San Francisco, CA",2026-08-24 20:28:29.661359+00,2026-08-24 20:28:29.661359+00
15,1993,9,21,Dallas D.A.N.C.E.,auto,Dallas,Texas,United States,"Dallas, TX, United States","Dallas, TX",2026-08-24 20:28:29.661359+00,2026-08-24 20:28:29.661359+00
70,1993,9,38,Virginia State Open,auto,Herndon,Virginia,United States,"Herndon, VA, United States","Herndon, VA",2026-08-24 20:28:29.661359+00,2026-08-24 20:28:29.661359+00
29,1993,8,12,Michigan Swing Dance Champs,auto,Michigan,Michigan,United States,"Michigan, MI, United States","Michigan, MI",2026-08-24 20:28:29.661359+00,2026-08-24 20:28:29.661359+00
47,1993,8,29,Swingtime in the Rockies,auto,Denver,Colorado,United States,"Denver, CO, United States","Denver, CO",2026-08-24 20:28:29.661359+00,2026-08-24 20:28:29.661359+00
1,1993,7,3,4TH of July Convention,auto,Phoenix,Arizona,United States,"Phoenix, AZ, United States","Phoenix, AZ",2026-08-24 20:28:29.661359+00,2026-08-24 20:28:29.661359+00
49,1993,5,10,Spring Fling,auto,San Diego,California,United States,"San Diego, CA, United States","San Diego, CA",2026-08-24 20:28:29.661359+00,2026-08-24 20:28:29.661359+00
73,1993,5,14,World Swing Dance Championships,auto,San Bernardino,California,United States,"San Bernardino, CA, United States","San Bernardino, CA",2026-08-24 20:28:29.661359+00,2026-08-24 20:28:29.661359+00
60,1993,4,33,Swing Jam,auto,Alhambra,California,United States,"Alhambra, CA, United States","Alhambra, CA",2026-08-24 20:28:29.661359+00,2026-08-24 20:28:29.661359+00
6,1993,2,2,Bay Swingers,auto,San Francisco,California,United States,"San Francisco, CA, United States","San Francisco, CA",2026-08-24 20:28:29.661359+00,2026-08-24 20:28:29.661359+00
12,1993,2,6,Capital Swing Dance Convention,auto,Sacramento,California,United States,"Sacramento, CA, United States","Sacramento, CA",2026-08-24 20:28:29.661359+00,2026-08-24 20:28:29.661359+00
28,1993,1,27,Las Vegas Swing Expo,auto,Las Vegas,Nevada,United States,"Las Vegas, NV, United States","Las Vegas, NV",2026-08-24 20:28:29.661359+00,2026-08-24 20:28:29.661359+00
58,1993,1,27,Swing Expo,auto,Las Vegas,Nevada,United States,"Las Vegas, NV, United States","Las Vegas, NV",2026-08-24 20:28:29.661359+00,2026-08-24 20:28:29.661359+00
68,1992,11,22,US Open Swing Dance Championships,auto,Los Angeles,California,United States,"Los Angeles, CA, United States","Los Angeles, CA",2026-08-24 20:28:29.661359+00,2026-08-24 20:28:29.661359+00
15,1992,9,21,Dallas D.A.N.C.E.,auto,Dallas,Texas,United States,"Dallas, TX, United States","Dallas, TX",2026-08-24 20:28:29.661359+00,2026-08-24 20:28:29.661359+00
29,1992,8,12,Michigan Swing Dance Champs,auto,Michigan,Michigan,United States,"Michigan, MI, United States","Michigan, MI",2026-08-24 20:28:29.661359+00,2026-08-24 20:28:29.661359+00
47,1992,8,29,Swingtime in the Rockies,auto,Denver,Colorado,United States,"Denver, CO, United States","Denver, CO",2026-08-24 20:28:29.661359+00,2026-08-24 20:28:29.661359+00
1,1992,7,3,4TH of July Convention,auto,Phoenix,Arizona,United States,"Phoenix, AZ, United States","Phoenix, AZ",2026-08-24 20:28:29.661359+00,2026-08-24 20:28:29.661359+00
49,1992,5,10,Spring Fling,auto,San Diego,California,United States,"San Diego, CA, United States","San Diego, CA",2026-08-24 20:28:29.661359+00,2026-08-24 20:28:29.661359+00
16,1992,3,27,Dancers Fund/Moover & Groover/SwingExpo,auto,Las Vegas,Nevada,United States,"Las Vegas, NV, United States","Las Vegas, NV",2026-08-24 20:28:29.661359+00,2026-08-24 20:28:29.661359+00
6,1992,2,2,Bay Swingers,auto,San Francisco,California,United States,"San Francisco, CA, United States","San Francisco, CA",2026-08-24 20:28:29.661359+00,2026-08-24 20:28:29.661359+00
28,1992,1,27,Las Vegas Swing Expo,auto,Las Vegas,Nevada,United States,"Las Vegas, NV, United States","Las Vegas, NV",2026-08-24 20:28:29.661359+00,2026-08-24 20:28:29.661359+00
1,1991,7,3,4TH of July Convention,auto,Phoenix,Arizona,United States,"Phoenix, AZ, United States","Phoenix, AZ",2026-08-24 20:28:29.661359+00,2026-08-24 20:28:29.661359+00
49,1991,5,10,Spring Fling,auto,San Diego,California,United States,"San Diego, CA, United States","San Diego, CA",2026-08-24 20:28:29.661359+00,2026-08-24 20:28:29.661359+00
