edition_id,event_id,event_name,event_year,event_month,edition_date,start_date,end_date,date_source,calendar_status,event_occurred,location_id,place_city,place_state,place_country,location_raw,result_rows,unique_dancers,url,typical_location,registry_status
9993,211,Atlanta Swing Classic,2026,10,2026-10-01,2026-10-01,2026-10-04,wsdc_calendar,scheduled,t,25,Atlanta,Georgia,United States,"Atlanta, GA, United States",145,141,https://www.atlantaswingclassic.com/,"Atlanta, GA, United States",Registry Event
10722,388,Norwegian Open WCS,2026,10,2026-10-01,2026-10-01,2026-10-04,wsdc_calendar,scheduled,t,274,Hamar,,Norway,"Hamar, Norway",109,100,https://norwegianopen.no/,"Hamar, Norway",
10725,392,Westie Harbor,2026,10,2026-10-01,2026-10-01,2026-10-05,wsdc_calendar,scheduled,t,280,Gothenburg,,Sweden,"Gothenburg, Sweden",131,109,,"Gothenburg, Sweden",
10530,300,Austin Rocks,2026,9,2026-09-01,2026-09-18,2026-09-20,wsdc_calendar,scheduled,t,39,Austin,Texas,United States,"Austin, TX, United States",113,112,http://www.atxrox.com,"Austin, TX",
10174,233,Bavarian Open,2026,9,2026-09-01,2026-09-10,2026-09-14,wsdc_calendar,scheduled,t,129,Munich,,Germany,"Munich, Germany",144,138,https://bavarianopen.com/,"Munich, Germany",Registry Event
9662,167,Best of the Best WCS,2026,9,2026-09-01,2026-09-24,2026-09-27,wsdc_calendar,scheduled,t,117,Sydney,,Australia,"Sydney, Australia",80,68,https://www.bestofthebestwcs.com/,"Sydney, Australia",Registry Event
10598,324,Calgary Town Open,2026,9,2026-09-01,2026-09-24,2026-09-27,wsdc_calendar,scheduled,t,148,Calgary,,Canada,"Calgary, Canada",64,60,https://ctodance.ca/,"Calgary, Canada",
10278,254,Finnfest,2026,9,2026-09-01,2026-09-18,2026-09-21,wsdc_calendar,scheduled,t,204,Helsinki,,Finland,"Helsinki, Finland",118,111,https://finnfest.fi/,"Helsinki, Finland",Registry Event
10648,342,Global Grand Prix -- West Coast Swing Championships,2026,9,2026-09-01,2026-09-18,2026-09-21,wsdc_calendar,scheduled,t,109,Paris,,France,"Paris, France",129,115,https://www.globalgrandprixwcs.com/,"Toulouse, France",
10365,268,Korea Westival,2026,9,2026-09-01,2026-09-03,2026-09-06,wsdc_calendar,scheduled,t,213,Jeju,,Republic of Korea,"Jeju, Republic of Korea",88,80,http://koreawestival.com,"Jeju, Republic of Korea",
9325,131,Meet Me In St Louis,2026,9,2026-09-01,2026-09-24,2026-09-28,wsdc_calendar,scheduled,t,49,St. Louis,Missouri,United States,"St. Louis, MO, United States",82,71,http://Www.mmisl.com,"St. Louis, MO",
9640,165,Midland Swing Open,2026,9,2026-09-01,2026-09-24,2026-09-28,wsdc_calendar,scheduled,t,107,London,,United Kingdom,"London, United Kingdom",115,107,https://www.midlandswingopen.com/,"London, United Kingdom",Registry Event
10679,361,Mooseland Swing,2026,9,2026-09-01,2026-09-24,2026-09-28,wsdc_calendar,scheduled,t,270,Östersund,,Sweden,"Östersund, Sweden",68,65,https://mooselandswing.com/,"Östersund, Sweden",
10185,234,Philly Swing Classic,2026,9,2026-09-01,2026-09-25,2026-09-27,wsdc_calendar,scheduled,t,66,Wilmington,Delaware,United States,"Wilmington, DE, United States",90,82,http://www.phillyswing.com,"Wilmington, DE, United States",
10675,359,Retaliation Swing,2026,9,2026-09-01,2026-09-17,2026-09-20,wsdc_calendar,scheduled,t,30,Seattle,Washington,United States,"Seattle, WA, United States",99,86,https://www.retaliationswing.com/,"Seattle, WA",Registry Event
9732,177,River City Swing,2026,9,2026-09-01,2026-09-04,2026-09-07,wsdc_calendar,scheduled,t,98,Jacksonville,Florida,United States,"Jacksonville, FL, United States",92,82,http://www.floridadanceevents.com,"Jacksonville, FL",
10639,338,Sea Dance Fest,2026,9,2026-09-01,2026-09-11,2026-09-13,wsdc_calendar,scheduled,t,113,Moscow,,Russia,"Moscow, Russia",76,62,https://vk.com/seadancefest,"Moscow, Russia",
8587,48,South Bay Dance Fling,2026,9,2026-09-01,2026-09-03,2026-09-07,wsdc_calendar,scheduled,t,16,San Jose,California,United States,"San Jose, CA, United States",85,74,http://www.SBDF.dance,"San Jose, CA",
8562,47,SwingTime Denver,2026,9,2026-09-01,2026-09-10,2026-09-13,wsdc_calendar,scheduled,t,29,Denver,Colorado,United States,"Denver, CO, United States",117,109,http://www.swingtimewcs.com/,"Denver, CO, United States",Registry Event
10669,355,The Aloha Open,2026,9,2026-09-01,2026-09-23,2026-09-27,wsdc_calendar,scheduled,t,124,Wailea,Hawaii,United States,"Wailea, HI, United States",49,43,http://www.alohaopenwcs.com,"Wailea, HI, United States",
10157,231,Trilogy Swing,2026,9,2026-09-01,2026-09-10,2026-09-13,wsdc_calendar,scheduled,t,63,Raleigh,North Carolina,United States,"Raleigh, NC, United States",144,132,https://trilogywcs.com/,"Raleigh, NC",Registry Event
10673,357,WCS Party,2026,9,2026-09-01,2026-09-17,2026-09-21,wsdc_calendar,scheduled,t,250,Vienna,,Austria,"Vienna, Austria",99,87,https://www.wcsparty.com/,"Vienna, Austria",
8946,77,Arizona Dance Classic,2026,8,2026-08-01,2026-07-31,2026-08-02,wsdc_calendar,scheduled,t,3,Phoenix,Arizona,United States,"Phoenix, AZ, United States",59,54,https://arizonadanceclassic.com/,"Phoenix, AZ",Registry Event
10642,339,Bristol Swing Fiesta,2026,8,2026-08-01,2026-08-28,2026-08-30,wsdc_calendar,scheduled,t,234,Bristol,,United Kingdom,"Bristol, United Kingdom",93,81,https://www.bristolcityswing.com/bsf,"Bristol, United Kingdom",
9227,119,Chicagoland Country and Swing Dance Festival,2026,8,2026-08-01,2026-08-21,2026-08-23,wsdc_calendar,scheduled,t,34,Chicago,Illinois,United States,"Chicago, IL, United States",73,70,https://chicagolanddancefestival.com/,"Chicago, IL",Registry Event
9375,135,Desert City Swing,2026,8,2026-08-01,2026-08-27,2026-08-30,wsdc_calendar,scheduled,t,3,Phoenix,Arizona,United States,"Phoenix, AZ, United States",135,132,https://www.desertcityswing.com/,"Phoenix, AZ",Registry Event
10448,282,German Open,2026,8,2026-08-01,2026-08-05,2026-08-09,wsdc_calendar,scheduled,t,143,Freiburg,,Germany,"Freiburg, Germany",159,146,http://www.go-wcs.com,"Freiburg, Germany",
10716,384,Grand Party Sofia (GPS),2026,8,2026-08-01,2026-08-14,2026-08-17,wsdc_calendar,scheduled,t,184,Sofia,,Bulgaria,"Sofia, Bulgaria",101,91,https://wcs-gps.com/,"Sofia, Bulgaria",Registry Event
10712,382,Lisbon Westie Fest,2026,8,2026-08-01,2026-07-30,2026-08-02,wsdc_calendar,scheduled,t,251,Lisbon,,Portugal,"Lisbon, Portugal",112,96,https://lisbonwestiefest.com/,"Lisbon, Portugal",Registry Event
10728,400,Manneken Swing,2026,8,2026-08-01,2026-08-21,2026-08-23,wsdc_calendar,scheduled,t,387,Bruxelles,,Belgium,"Bruxelles, Belgium",96,87,,"Bruxelles, Belgium",
9582,157,New England Dance Festival,2026,8,2026-08-01,2026-08-06,2026-08-09,wsdc_calendar,scheduled,t,70,Newton,Massachusetts,United States,"Newton (Boston), MA, United States",66,59,http://www.nedancefestival.com,"Newton (Boston), MA, United States",Registry Event
10574,313,Rolling Swing,2026,8,2026-08-01,2026-08-27,2026-08-31,wsdc_calendar,scheduled,t,156,Lyon,,France,"Lyon, France",143,128,http://www.frenchywesty.com/,"Lyon, France",
9624,164,Sea Sun and Swing,2026,8,2026-08-01,2026-07-25,2026-08-01,wsdc_calendar,scheduled,t,158,La Grande Motte,,France,"La Grande Motte, France",86,73,https://www.seasunswing.fr/,"La Grande Motte, France",
10523,298,Shakedown Swing,2026,8,2026-08-01,2026-08-20,2026-08-23,wsdc_calendar,scheduled,t,260,Christchurch,,New Zealand,"Christchurch, New Zealand",56,52,http://www.code03swing.com/shakedown,"Christchurch, New Zealand",
8653,53,Summer Hummer,2026,8,2026-08-01,2026-08-20,2026-08-23,wsdc_calendar,scheduled,t,397,Woburn,Massachusetts,United States,"Woburn (Boston), MA, United States",126,117,https://summerhummerboston.com/,"Woburn (Boston), MA, United States",Registry Event
10729,401,Swing Creation Hamburg,2026,8,2026-08-01,2026-08-20,2026-08-23,wsdc_calendar,scheduled,t,221,Hamburg,,Germany,"Hamburg, Germany",100,89,,"Hamburg, Germany",
8703,59,Swing Fling,2026,8,2026-08-01,2026-08-06,2026-08-09,wsdc_calendar,scheduled,t,38,Herndon,Virginia,United States,"Herndon, VA, United States",139,127,http://www.swingfling.com,"Herndon, VA, United States",Registry Event
10132,227,Swingtacular: The Galactic Open,2026,8,2026-08-01,2026-08-06,2026-08-09,wsdc_calendar,scheduled,t,2,San Francisco,California,United States,"San Francisco, CA, United States",118,116,http://www.swingtacular.art/,"San Francisco, CA",Registry Event
10671,356,The Bend Connection,2026,8,2026-08-01,2026-08-20,2026-08-23,wsdc_calendar,scheduled,t,133,Bend,Oregon,United States,"Bend, OR, United States",101,90,https://thebendconnection.com/,"Bend, OR",Registry Event
10343,264,UpTown Swing,2026,8,2026-08-01,2026-08-14,2026-08-17,wsdc_calendar,scheduled,t,199,Stockholm,,Sweden,"Stockholm, Sweden",123,112,http://www.uptownswing.se/,"Stockholm, Sweden",Registry Event
10714,383,Warsaw Summer Nights Westival,2026,8,2026-08-01,2026-07-30,2026-08-02,wsdc_calendar,scheduled,t,155,Warsaw,,Poland,"Warsaw, Poland",103,100,https://www.summernightswestival.com/,"Warsaw, Poland",Registry Event
10732,407,Westie Joy,2026,8,2026-08-01,2026-08-21,2026-08-23,wsdc_calendar,scheduled,t,394,Bucharest,,Romania,"Bucharest, Romania",106,95,,"Bucharest, Romania",
8083,1,4TH of July Convention,2026,7,2026-07-01,2026-07-02,2026-07-05,wsdc_calendar,scheduled,t,3,Phoenix,Arizona,United States,"Phoenix, AZ, United States",114,111,http://phoenix4thofjuly.com,"Phoenix, AZ",
10430,278,Americano Dance Camp,2026,7,2026-07-01,2026-07-02,2026-07-06,wsdc_calendar,scheduled,t,252,Samara,,Russia,"Samara, Russia",86,73,https://t.me/americamodancecamp https://vk.com/americano2025,"Samara, Russia",
9566,156,Big Apple Dance Festival,2026,7,2026-07-01,2026-07-09,2026-07-12,wsdc_calendar,scheduled,t,140,Morristown,New Jersey,United States,"Morristown, NJ, United States",52,47,http://bigapplecountrydance.com/,"Morristown, NJ",
10699,373,Carolina Summer Swing,2026,7,2026-07-01,2026-07-09,2026-07-12,wsdc_calendar,scheduled,t,62,Charlotte,North Carolina,United States,"Charlotte, NC, United States",122,111,https://carolinasummerswing.com/,"Charlotte, NC",Registry Event
9510,149,Florida Dance Magic,2026,7,2026-07-01,2026-07-23,2026-07-26,wsdc_calendar,scheduled,t,55,Fort Lauderdale,Florida,United States,"Fort Lauderdale, FL, United States",106,99,https://floridadancemagic.com/,"Fort Lauderdale, FL",Registry Event
10691,369,FRENCH CONNECTION WCS,2026,7,2026-07-01,2026-07-03,2026-07-06,wsdc_calendar,scheduled,t,188,Annecy,,France,"Annecy, France",113,106,http://FRENCHCONNECTIONWCS.COM,"Annecy, France",Registry Event
10730,404,Infinite Swing,2026,7,2026-07-01,2026-07-23,2026-07-26,wsdc_calendar,scheduled,t,129,Munich,,Germany,"Munich, Germany",93,76,http://infinite-swing.com,"Munich, Germany",Registry Event
10703,375,Mediterranean Open WCS,2026,7,2026-07-01,2026-07-09,2026-07-13,wsdc_calendar,scheduled,t,162,Barcelona,,Spain,"Barcelona, Spain",120,99,https://mediterraneanopenwcs.com/,"Barcelona, Spain",
10104,224,Midwest Westie Fest,2026,7,2026-07-01,2026-07-16,2026-07-19,wsdc_calendar,scheduled,t,48,Overland Park,Kansas,United States,"Overland Park, KS, United States",112,103,http://www.midwestwestiefest.com/,"Overland Park, KS",Registry Event
10681,362,MY Swing,2026,7,2026-07-01,2026-07-09,2026-07-12,wsdc_calendar,scheduled,t,271,Kuala Lumpur,,Malaysia,"Kuala Lumpur, Malaysia",97,94,https://www.myswingopen.com/,"Kuala Lumpur, Malaysia",
10718,385,Revitalise WCS,2026,7,2026-07-01,2026-07-16,2026-07-19,wsdc_calendar,scheduled,t,174,Melbourne,,Australia,"Melbourne, Australia",76,72,https://revitalisewcs.melbourne/,"Melbourne, Australia",Registry Event
10296,256,Rock the Barn,2026,7,2026-07-01,2026-07-17,2026-07-19,wsdc_calendar,scheduled,t,215,Umeå,,Sweden,"Umeå, Sweden",98,90,https://rockthebarn.se/,"Umeå, Sweden",
10439,280,Saint Petersburg WCS Nights,2026,7,2026-07-01,2026-07-22,2026-07-26,wsdc_calendar,scheduled,t,222,St. Petersburg,,Russia,"St. Petersburg, Russia",102,91,http://wcsnights.ru,"St. Petersburg, Russia",Registry Event
10677,360,SaunaSwing,2026,7,2026-07-01,2026-07-02,2026-07-04,wsdc_calendar,scheduled,t,268,Ikaalinen,,Finland,"Ikaalinen, Finland",92,81,https://ekarolas.com/saunaswing/,"Ikaalinen, Finland",
10723,389,SwingLab Berlin,2026,7,2026-07-01,2026-07-10,2026-07-12,wsdc_calendar,scheduled,t,194,Berlin,,Germany,"Berlin, Germany",118,106,http://www.swinglab-berlin.com,"Berlin, Germany",
10116,225,Wild Wild Westie,2026,7,2026-07-01,2026-07-02,2026-07-05,wsdc_calendar,scheduled,t,21,Dallas,Texas,United States,"Dallas, TX, United States",150,146,http://www.WildWildWestie.com,"Dallas, TX",
10093,222,Baltic Swing,2026,6,2026-06-01,2026-06-11,2026-06-15,wsdc_calendar,scheduled,t,186,Gdańsk,,Poland,"Gdańsk, Poland",126,115,http://www.balticswing.com,"Gdańsk, Poland",Registry Event
10701,374,Barock Swing Ludwigsburg,2026,6,2026-06-01,2026-06-25,2026-06-28,wsdc_calendar,scheduled,t,279,Ludwigsburg,,Germany,"Ludwigsburg, Germany",97,84,https://baroqueswing.com/,"Ludwigsburg, Germany",Registry Event
9162,109,Colorado Country Classic,2026,6,2026-06-01,2026-06-25,2026-06-28,wsdc_calendar,scheduled,t,29,Denver,Colorado,United States,"Denver, CO, United States",68,67,https://coloradocountryclassic.net/,"Denver, CO",
10073,220,D-Town Swing,2026,6,2026-06-01,2026-06-19,2026-06-21,wsdc_calendar,scheduled,t,127,Düsseldorf,,Germany,"Düsseldorf, Germany",127,108,http://www.d-townswing.com/,"Düsseldorf, Germany",Registry Event
10695,371,Festival City Swing,2026,6,2026-06-01,2026-05-29,2026-06-01,wsdc_calendar,scheduled,t,229,Newcastle,,United Kingdom,"Newcastle, United Kingdom",62,48,https://www.fcswing.co.uk/,"Newcastle, United Kingdom",Registry Event
8387,25,J&J O'Rama,2026,6,2026-06-01,2026-06-04,2026-06-08,wsdc_calendar,scheduled,t,23,Anaheim,California,United States,"Anaheim, CA, United States",135,131,https://jackandjillorama.com/,"Anaheim, CA",
9092,96,Liberty Swing Dance Championships,2026,6,2026-06-01,2026-06-25,2026-06-28,wsdc_calendar,scheduled,t,41,New Brunswick,New Jersey,United States,"New Brunswick, NJ, United States",137,132,http://www.libertyswing.com/,"New Brunswick, NJ",Registry Event
10731,405,Milan Swing Vibes,2026,6,2026-06-01,2026-06-18,2026-06-21,wsdc_calendar,scheduled,t,402,Milano,,Italy,"Milano, Italy",92,80,https://www.westcoastswingmilan.com/milanswingvibes/,"Milan, Italy",Registry Event
10326,261,Neverland Swing,2026,6,2026-06-01,2026-06-25,2026-06-29,wsdc_calendar,scheduled,t,191,Amsterdam,,Netherlands,"Amsterdam, Netherlands",88,75,http://www.neverlandswing.com/,"Amsterdam, Netherlands",Registry Event
9205,117,Orange Blossom Dance Festival,2026,6,2026-06-01,2026-06-04,2026-06-07,wsdc_calendar,scheduled,t,82,Orlando,Florida,United States,"Orlando, FL, United States",56,48,http://www.orangeblossomdance.net/,"Orlando, FL",Registry Event
10608,331,Swing Fiction,2026,6,2026-06-01,2026-06-26,2026-06-28,wsdc_calendar,scheduled,t,266,Brno,,Czech Republic,"Brno, Czech Republic",89,87,https://swingfiction.cz/,"Brno, Czech Republic",
9608,162,Swingapalooza,2026,6,2026-06-01,2026-06-19,2026-06-21,wsdc_calendar,scheduled,t,40,Baton Rouge,Louisiana,United States,"Baton Rouge, LA, United States",103,86,http://www.swingapaloozaevent.com/,"Baton Rouge, LA",Registry Event
10659,347,BeeMAD,2026,5,2026-05-01,2026-05-01,2026-05-03,wsdc_calendar,scheduled,t,170,Madrid,,Spain,"Madrid, Spain",81,72,https://beemadwcs.com/,"Madrid, Spain",Registry Event
9137,105,Canadian Swing Championships,2026,5,2026-05-01,2026-05-15,2026-05-18,wsdc_calendar,scheduled,t,86,Montreal,,Canada,"Montreal, Canada",54,53,http://www.canadianswingchampionships.com,"Montreal, Canada",
10697,372,Dance Jam Jack & Jill Weekend,2026,5,2026-05-01,2026-05-08,2026-05-10,wsdc_calendar,scheduled,t,353,Silver Spring,Maryland,United States,"Silver Spring, MD, United States",82,81,https://dancejamproductions.com/westieweekend/,"Silver Spring, MD, United States",Registry Event
9719,175,French Open West Coast Swing,2026,5,2026-05-01,2026-05-13,2026-05-18,wsdc_calendar,scheduled,t,109,Paris,,France,"Paris, France",157,140,http://www.fowcs.com/,"Paris, France",Registry Event
9962,206,Hungarian Open,2026,5,2026-05-01,2026-05-22,2026-05-24,wsdc_calendar,scheduled,t,110,Budapest,,Hungary,"Budapest, Hungary",100,89,https://wcs-ho.com/,"Budapest, Hungary",Registry Event
10708,379,Med in Swing,2026,5,2026-05-01,2026-05-07,2026-05-11,wsdc_calendar,scheduled,t,386,La Londe-les-Maures,,France,"La Londe-les-Maures, France",143,128,http://www.medinswing.rocks,"La Londe-les-Maures, France",Registry Event
8926,76,Michigan Dance Classic,2026,5,2026-05-01,2026-05-28,2026-05-31,wsdc_calendar,scheduled,t,51,Detroit,Michigan,United States,"Detroit, MI, United States",103,88,http://michiganclassicswing.com/,"Detroit, MI",Registry Event
10685,364,Nanaimo Dance Fusion,2026,5,2026-05-01,2026-05-29,2026-05-31,wsdc_calendar,scheduled,t,217,Nanaimo,,Canada,"Nanaimo, Canada",61,54,http://www.nanaimodancefusion.ca/,"Nanaimo, Canada",Registry Event
10268,253,Nordic WCS Championships,2026,5,2026-05-01,2026-04-30,2026-05-04,wsdc_calendar,scheduled,t,199,Stockholm,,Sweden,"Stockholm, Sweden",150,134,http://www.nordicwcschamps.com/,"Stockholm, Sweden",Registry Event
10082,221,Gateway Swing Classic,2026,5,2026-05-01,2026-05-01,2026-05-01,edition,,,49,St. Louis,Missouri,United States,"St. Louis, MO, United States",87,78,,"St. Louis, MO",
10636,336,SOM - Swing of Music,2026,5,2026-05-01,2026-05-07,2026-05-11,wsdc_calendar,scheduled,t,197,Wels,,Austria,"Wels, Austria",96,86,https://www.swingofmusic.com/,"Wels, Austria",Registry Event
9951,205,SOswing,2026,5,2026-05-01,2026-05-14,2026-05-17,wsdc_calendar,scheduled,t,88,Ashland,Oregon,United States,"Ashland, OR, United States",106,98,http://wwww.soswingdance.com/,"Ashland, OR",Registry Event
10667,354,Spring Time Swing,2026,5,2026-05-01,2026-04-30,2026-05-04,wsdc_calendar,scheduled,t,143,Freiburg,,Germany,"Freiburg, Germany",128,116,https://springtimeswing.com/,"Freiburg, Germany",Registry Event
9459,144,Swingin' Into Spring,2026,5,2026-05-01,2026-04-30,2026-05-03,wsdc_calendar,scheduled,t,131,Hartford,Connecticut,United States,"Hartford, CT, United States",65,51,http://www.sis.djkenm.com/,"Hartford, CT",Registry Event
9705,174,Swingsation,2026,5,2026-05-01,2026-05-15,2026-05-18,wsdc_calendar,scheduled,t,169,Gold Coast,,Australia,"Gold Coast, Australia",60,54,https://rawconnection.com.au/swingsation/,"Gold Coast, Australia",Registry Event
9264,121,The Texas Classic,2026,5,2026-05-01,2026-05-15,2026-05-16,wsdc_calendar,scheduled,t,39,Austin,Texas,United States,"Austin, TX, United States",45,41,http://Www.thetexasclassic.com,"Austin, TX",
8356,22,USA Grand Nationals,2026,5,2026-05-01,2026-05-21,2026-05-25,wsdc_calendar,scheduled,t,25,Atlanta,Georgia,United States,"Atlanta, GA, United States",127,120,http://www.usagrandnationals.com/,"Atlanta, GA, United States",Registry Event
10056,218,Asia West Coast Swing Open,2026,4,2026-04-01,2026-04-16,2026-04-19,wsdc_calendar,scheduled,t,159,Singapore,,Singapore,"Singapore, Singapore",118,115,https://asiawcsopen.com/,"Singapore, Singapore",Registry Event
9185,116,Calgary Dance Stampede,2026,4,2026-04-01,2026-04-09,2026-04-12,wsdc_calendar,scheduled,t,148,Calgary,,Canada,"Calgary, Canada",72,67,http://www.calgarydancestampede.com/,"Calgary, Canada",Registry Event
9836,187,City of Angels WCS,2026,4,2026-04-01,2026-04-09,2026-04-12,wsdc_calendar,scheduled,t,54,Burbank,California,United States,"Burbank, CA, United States",122,115,https://cityofangelswcs.com/,"Burbank, CA",Registry Event
9938,203,Detonation Dance,2026,4,2026-04-01,2026-04-23,2026-04-26,wsdc_calendar,scheduled,t,166,Manchester,,United Kingdom,"Manchester, United Kingdom",109,91,https://www.detonationdance.com/,"Manchester, United Kingdom",Registry Event
8289,18,Easter Swing,2026,4,2026-04-01,2026-04-02,2026-04-05,wsdc_calendar,scheduled,t,30,Seattle,Washington,United States,"Seattle, WA, United States",143,137,https://easterswing.org/,"Seattle, WA, United States",Registry Event
10655,345,HONEY FEST,2026,4,2026-04-01,2026-04-23,2026-04-26,wsdc_calendar,scheduled,t,255,Ufa,,Russia,"Ufa, Russia",83,77,https://t.me/honeyfest,"Ufa, Russia",Registry Event
9980,210,Korean Open WCS Championships,2026,4,2026-04-01,2026-04-09,2026-04-12,wsdc_calendar,scheduled,t,172,Incheon,,Republic of Korea,"Incheon, Republic of Korea",124,115,https://www.kopenwcs.com/,"Incheon, Republic of Korea",Registry Event
10665,352,Slovenian Open,2026,4,2026-04-01,2026-04-23,2026-04-27,wsdc_calendar,scheduled,t,256,Ljubljana,,Slovenia,"Ljubljana, Slovenia",113,101,https://slovenianopen.dance/,"Ljubljana, Slovenia",Registry Event
10726,393,Swing in Bloom,2026,4,2026-04-01,2026-04-16,2026-04-19,wsdc_calendar,scheduled,t,179,Ottawa,,Canada,"Ottawa, Canada",94,81,http://www.swinginbloom.ca/,"Ottawa, Canada",Registry Event
10546,304,Swing In Capital,2026,4,2026-04-01,2026-04-09,2026-04-12,wsdc_calendar,scheduled,t,171,Rome,,Italy,"Rome, Italy",119,108,https://www.westcoastswingroma.it/swing-in-capital/,"Rome, Italy",Registry Event
10693,370,SwingIN Festival,2026,4,2026-04-01,2026-04-23,2026-04-26,wsdc_calendar,scheduled,t,189,Bonn,,Germany,"Bonn, Germany",116,103,http://www.swinginfestival.de/,"Bonn, Germany",Registry Event
10316,259,Swingover,2026,4,2026-04-01,2026-04-23,2026-04-26,wsdc_calendar,scheduled,t,82,Orlando,Florida,United States,"Orlando, FL, United States",149,136,http://swingoverevent.com/,"Orlando, FL",Registry Event
9340,132,Tulsa Spring Swing,2026,4,2026-04-01,2026-04-02,2026-04-05,wsdc_calendar,scheduled,t,58,Tulsa,Oklahoma,United States,"Tulsa, OK, United States",78,73,http://www.tulsaspringswing.com/,"Tulsa, OK",Registry Event
10508,293,Westy Nantes,2026,4,2026-04-01,2026-04-10,2026-04-12,wsdc_calendar,scheduled,t,190,Nantes,,France,"Nantes, France",117,107,https://www.westynantes.com/,"Nantes, France",Registry Event
9910,197,5280 Westival,2026,3,2026-03-01,2026-03-26,2026-03-30,wsdc_calendar,scheduled,t,29,Denver,Colorado,United States,"Denver, CO, United States",64,58,http://www.5280westival.com/,"Denver, CO",Registry Event
10584,318,All Star SwingJam,2026,3,2026-03-01,2026-03-12,2026-03-15,wsdc_calendar,scheduled,t,2,San Francisco,California,United States,"San Francisco, CA, United States",83,81,http://www.allstarswingjam.com,"San Francisco, CA",
8163,9,Boston Tea Party,2026,3,2026-03-01,2026-03-26,2026-03-30,wsdc_calendar,scheduled,t,8,Boston,Massachusetts,United States,"Boston, MA, United States",97,94,http://teapartyswings.com/,"Boston, MA",Registry Event
10415,275,Dutch Open West Coast Swing,2026,3,2026-03-01,2026-03-12,2026-03-15,wsdc_calendar,scheduled,t,227,Venray,,Netherlands,"Venray, Netherlands",71,60,http://www.dutchopenwcs.com/,"Venray, Netherlands",Registry Event
9443,143,High Desert Dance Classic,2026,3,2026-03-01,2026-03-06,2026-03-08,wsdc_calendar,scheduled,t,18,Lancaster,California,United States,"Lancaster, CA, United States",88,83,http://www.highdesertdanceclassic.com/,"Lancaster, CA",Registry Event
10501,292,King Swing,2026,3,2026-03-01,2026-03-19,2026-03-23,wsdc_calendar,scheduled,t,267,Kraków,,Poland,"Kraków, Poland",115,114,https://kingswing.pl/,"Kraków, Poland",Registry Event
9057,92,MADjam,2026,3,2026-03-01,2026-03-05,2026-03-09,wsdc_calendar,scheduled,t,13,Washington,District of Columbia,United States,"Washington, DC, United States",191,180,http://www.atlanticdancejam.com,"Washington, DC, United States",Registry Event
10706,378,New York Flow Festival,2026,3,2026-03-01,2026-02-27,2026-03-01,wsdc_calendar,scheduled,t,7,New York,New York,United States,"New York, NY, United States",78,78,https://www.flowfest.nyc/,"New York, NY",Registry Event
9534,153,Novice Invitational,2026,3,2026-03-01,2026-03-26,2026-03-29,wsdc_calendar,scheduled,t,44,Houston,Texas,United States,"Houston, TX, United States",103,101,http://www.htownthrowdownwcs.com/,"Houston, TX",Registry Event
10248,244,Rose City Swing,2026,3,2026-03-01,2026-02-26,2026-03-01,wsdc_calendar,scheduled,t,4,Portland,Oregon,United States,"Portland, OR, United States",144,125,https://rosecityswing.com/,"Portland, OR",Registry Event
10727,394,Southern Lights Swing,2026,3,2026-03-01,2026-02-26,2026-03-02,wsdc_calendar,scheduled,t,259,Hobart,,Australia,"Hobart, Australia",68,60,https://www.southernlightsswing.com.au/,"Hobart, Australia",Registry Event
10611,333,Swingvasion,2026,3,2026-03-01,2026-03-06,2026-03-08,wsdc_calendar,scheduled,t,242,Wellington,,New Zealand,"Wellington, New Zealand",45,41,https://swingvasion.nz/,"Wellington, New Zealand",Registry Event
9428,142,The Chicago Classic,2026,3,2026-03-01,2026-03-19,2026-03-22,wsdc_dump,scheduled,t,34,Chicago,Illinois,United States,"Chicago, IL, United States",165,154,https://thechicagoclassic.com/,"Chicago, IL",Registry Event
9547,154,UK WCS Championships,2026,3,2026-03-01,2026-03-26,2026-03-30,wsdc_calendar,scheduled,t,107,London,,United Kingdom,"London, United Kingdom",167,154,http://www.ukwcschamps.com/,"London, United Kingdom",Registry Event
9823,186,West in Lyon,2026,3,2026-03-01,2026-03-12,2026-03-15,wsdc_calendar,scheduled,t,156,Lyon,,France,"Lyon, France",147,133,http://www.west-in-lyon.fr/,"Lyon, France",Registry Event
10580,314,Westie Spring Thing,2026,3,2026-03-01,2026-03-11,2026-03-15,wsdc_dump,scheduled,t,110,Budapest,,Hungary,"Budapest, Hungary",130,122,https://westiespringthing.com/,"Budapest, Hungary",Registry Event
10652,344,Arousa Westie Fest,2026,2,2026-02-01,2026-02-19,2026-02-22,wsdc_calendar,scheduled,t,258,Sanxenxo,,Spain,"Sanxenxo, Spain",98,75,https://www.arousawestiefest.com/,"Sanxenxo, Spain",Registry Event
8219,12,Capital Swing Dance Convention,2026,2,2026-02-01,2026-02-12,2026-02-15,wsdc_calendar,scheduled,t,6,Sacramento,California,United States,"Sacramento, CA, United States",124,121,http://www.capitalswingconvention.com/,"Sacramento, CA",Registry Event
10407,273,Charlotte Westie Fest,2026,2,2026-02-01,2026-01-29,2026-02-02,wsdc_calendar,scheduled,t,62,Charlotte,North Carolina,United States,"Charlotte, NC, United States",144,128,https://charlottewestiefest.com/,"Charlotte, NC",Registry Event
10661,348,Euro Dance Festival,2026,2,2026-02-01,2026-02-17,2026-02-21,wsdc_calendar,scheduled,t,232,Rust,,Germany,"Rust, Germany",128,114,https://www.euro-dance-festival.com/,"Rust, Germany",Registry Event
10719,386,Prague Alchemy Swing,2026,2,2026-02-01,2026-02-13,2026-02-15,wsdc_calendar,scheduled,t,276,Prague,,Czech Republic,"Prague, Czech Republic",118,105,https://praguealchemyswing.cz/,"Prague, Czech Republic",Registry Event
10033,215,Swing & Snow,2026,2,2026-02-01,2026-02-05,2026-02-08,wsdc_calendar,scheduled,t,222,St. Petersburg,,Russia,"St. Petersburg, Russia",104,91,http://swingandsnow.ru/,"St. Petersburg, Russia",Registry Event
10650,343,Swing Crush,2026,2,2026-02-01,2026-02-19,2026-02-23,wsdc_calendar,scheduled,t,167,San Antonio,Texas,United States,"San Antonio, TX, United States",99,97,https://swingcrush.com/,"San Antonio, TX",Registry Event
10307,258,Swingtzerland,2026,2,2026-02-01,2026-02-05,2026-02-08,wsdc_calendar,scheduled,t,173,Zürich,,Switzerland,"Zürich, Switzerland",67,64,https://swingtzerland.com/,"Zürich, Switzerland",Registry Event
10683,363,Trinity Swing,2026,2,2026-02-01,2026-02-06,2026-02-08,wsdc_calendar,scheduled,t,230,Dundalk,,Ireland,"Dundalk, Ireland",69,61,http://www.trinityswing.com/,"Dundalk, Ireland",Registry Event
10558,310,Valentine Swing,2026,2,2026-02-01,2026-02-13,2026-02-15,wsdc_calendar,scheduled,t,199,Stockholm,,Sweden,"Stockholm, Sweden",90,81,http://www.valentineswing.dance,"Stockholm, Sweden",Registry Event
10720,387,Waterloo Ontario Open West Coast Swing Championships,2026,2,2026-02-01,2026-02-05,2026-02-08,wsdc_calendar,scheduled,t,180,Waterloo,,Canada,"Waterloo, Canada",79,72,http://www.waterlooopenwcs.com/,"Waterloo, Canada",Registry Event
10517,297,Winter Coast Swing,2026,2,2026-02-01,2026-02-19,2026-02-22,wsdc_calendar,scheduled,t,269,Kuopio,,Finland,"Kuopio, Finland",91,79,https://www.wintercoastswing.com/,"Kuopio, Finland",Registry Event
9922,200,Austin Swing Dance Championships,2026,1,2026-01-01,2026-01-15,2026-01-19,wsdc_calendar,scheduled,t,39,Austin,Texas,United States,"Austin, TX, United States",106,100,https://austinswingdance.com/,"Austin, TX",Registry Event
10552,309,Avignon City Swing,2026,1,2026-01-01,2026-01-16,2026-01-18,wsdc_calendar,scheduled,t,192,Nimes,,France,"Nimes, France",108,99,https://www.avignoncityswing.com/,"Nimes, France",Registry Event
9803,184,BudaFest Open WCS Championships,2026,1,2026-01-01,2026-01-06,2026-01-11,wsdc_calendar,scheduled,t,110,Budapest,,Hungary,"Budapest, Hungary",166,161,http://wcs-budafest.com/,"Budapest, Hungary",Registry Event
10634,334,Countdown Swing Boston,2026,1,2026-01-01,2025-12-31,2026-01-04,wsdc_calendar,scheduled,t,396,Mansfield,Massachusetts,United States,"Mansfield (Boston), MA, United States",102,87,http://countdownswingboston.com/,"Mansfield (Boston), MA, United States",Registry Event
10236,242,Derby City Swing,2026,1,2026-01-01,2026-01-22,2026-01-25,wsdc_calendar,scheduled,t,116,Louisville,Kentucky,United States,"Louisville, KY, United States",82,72,https://derbycityswing.com/,"Louisville, KY",Registry Event
8486,42,Floorplay Swing Vacation,2026,1,2026-01-01,2025-12-30,2026-01-04,wsdc_calendar,scheduled,t,82,Orlando,Florida,United States,"Orlando, FL, United States",95,92,http://www.floorplayswingvacation.com/,"Orlando, FL",Registry Event
9789,183,Freedom Swing Dance Challenge,2026,1,2026-01-01,2026-01-23,2026-01-25,wsdc_calendar,scheduled,t,66,Wilmington,Delaware,United States,"Wilmington, DE, United States",100,94,https://freedomswingdance.com/,"Wilmington, DE, United States",Registry Event
8758,62,Monterey SwingFest,2026,1,2026-01-01,2026-01-15,2026-01-19,wsdc_calendar,scheduled,t,1,Monterey,California,United States,"Monterey, CA, United States",138,136,http://www.montereyswing.com/,"Monterey, CA",Registry Event
10398,272,Paris Westie Fest,2026,1,2026-01-01,2026-01-23,2026-01-25,wsdc_calendar,scheduled,t,109,Paris,,France,"Paris, France",160,145,http://https//parisswingclassic.com,"Paris, France",Registry Event
9414,141,Spotlight New Year's Celebration,2026,1,2026-01-01,2025-12-31,2026-01-04,wsdc_calendar,scheduled,t,43,Nashville,Tennessee,United States,"Nashville, TN, United States",145,142,http://www.spotlightnewyears.com/,"Nashville, TN",Registry Event
10536,301,Swing Resolution,2026,1,2026-01-01,2026-01-22,2026-01-26,wsdc_calendar,scheduled,t,177,Edinburgh,,United Kingdom,"Edinburgh, United Kingdom",102,89,http://www.swingresolution.com/,"Edinburgh, United Kingdom",Registry Event
9897,196,SwingCouver,2026,1,2026-01-01,2025-12-31,2026-01-04,wsdc_calendar,scheduled,t,4,Portland,Oregon,United States,"Portland, OR, United States",117,109,https://swingco.dance/,"Portland, OR",Registry Event
10482,289,SwingVester,2026,1,2026-01-01,2025-12-31,2026-01-05,wsdc_calendar,scheduled,t,197,Wels,,Austria,"Wels, Austria",164,154,https://www.swingvester.com/,"Wels, Austria",Registry Event
8908,75,UCWDC Country Dance World Championship,2026,1,2026-01-01,2026-01-01,2026-01-03,wsdc_calendar,scheduled,t,21,Dallas,Texas,United States,"Dallas, TX, United States",78,69,http://www.ucwdcworlds.com/,"Dallas, TX",Registry Event
10223,240,Westie Gala,2026,1,2026-01-01,2025-12-28,2026-01-01,wsdc_calendar,scheduled,t,199,Stockholm,,Sweden,"Stockholm, Sweden",126,104,http://www.westiegala.com/,"Stockholm, Sweden",Registry Event
10390,271,Berlin Swing Revolution,2025,12,2025-12-01,2025-12-11,2025-12-14,wsdc_calendar,scheduled,t,194,Berlin,,Germany,"Berlin, Germany",63,60,https://berlinswingrevolution.com/,"Berlin, Germany",Registry Event
10647,342,Global Grand Prix - West Coast Swing Reunion,2025,12,2025-12-01,2025-12-12,2025-12-15,wsdc_calendar,scheduled,t,208,Toulouse,,France,"Toulouse, France",117,104,https://www.globalgrandprixwcs.com/,"Toulouse, France",
10705,377,Santa Swing,2025,12,2025-12-01,2025-12-11,2025-12-15,wsdc_calendar,scheduled,t,267,Kraków,,Poland,"Kraków, Poland",99,96,https://www.santaswing.pl/,"Kraków, Poland",Registry Event
10491,290,Shooba Dooba Swing,2025,12,2025-12-01,2025-12-05,2025-12-08,wsdc_calendar,scheduled,t,113,Moscow,,Russia,"Moscow, Russia",102,92,https://danceconvention.net/eventdirector/ru/eventpage/6023470-shooba-dooba-swing-2020/info,"Moscow, Russia",
10005,212,The After Party (TAP),2025,12,2025-12-01,2025-12-04,2025-12-07,wsdc_calendar,scheduled,t,73,Orange County,California,United States,"Orange County, CA, United States",115,113,http://www.tapwcs.com/,"Orange County, CA",Registry Event
10212,238,Winter White,2025,12,2025-12-01,2025-12-04,2025-12-08,wsdc_calendar,scheduled,t,223,Oslo,,Norway,"Oslo, Norway",102,99,http://www.winterwhite.no/,"Oslo, Norway",Registry Event
10373,269,Autumn Swing Challenge,2025,11,2025-11-01,2025-11-07,2025-11-09,wsdc_calendar,scheduled,t,110,Budapest,,Hungary,"Budapest, Hungary",127,112,http://www.asc-budapest.com/,"Budapest, Hungary",Registry Event
9023,87,CASH Bash,2025,11,2025-11-01,2025-11-27,2025-11-30,wsdc_dump,scheduled,t,96,Cleveland,Ohio,United States,"Cleveland, OH, United States",54,50,https://cashdanceclub.org/cash-bash/,"Cleveland, OH",Registry Event
9775,181,DC Swing eXperience (DCSX),2025,11,2025-11-01,2025-11-13,2025-11-16,wsdc_calendar,scheduled,t,38,Herndon,Virginia,United States,"Herndon, VA, United States",156,142,http://www.dcswingexperience.com,"Herndon, VA, United States",Registry Event
10686,365,Flowstate | West Coast Swing & Zouk Festival,2025,11,2025-11-01,2025-11-14,2025-11-16,wsdc_calendar,scheduled,t,107,London,,United Kingdom,"London, United Kingdom",58,55,http://www.flowstatefest.com/,"London, United Kingdom",Registry Event
10475,288,Midnight Madness,2025,11,2025-11-01,2025-11-13,2025-11-16,wsdc_calendar,scheduled,t,21,Dallas,Texas,United States,"Dallas, TX, United States",146,137,http://www.midnightmadnesswcs.com/,"Dallas, TX",Registry Event
9866,194,Moscow Westie Fest,2025,11,2025-11-01,2025-11-07,2025-11-10,wsdc_calendar,scheduled,t,113,Moscow,,Russia,"Moscow, Russia",99,85,http://westiefest.org/,"Moscow, Russia",Registry Event
8440,31,Mountain Magic,2025,11,2025-11-01,2025-10-30,2025-11-02,wsdc_calendar,scheduled,t,28,South Lake Tahoe (near Reno),Nevada,United States,"South Lake Tahoe (near Reno), NV, United States",57,51,http://mountainmagic.dance,"South Lake Tahoe (near Reno), NV",
10704,376,Northeast Swing Classic,2025,11,2025-11-01,2025-11-20,2025-11-23,wsdc_calendar,scheduled,t,146,Providence,Rhode Island,United States,"Providence, RI, United States",110,93,http://www.northeastswingclassic.com/,"Providence, RI, United States",Registry Event
10144,229,Scandinavian Open,2025,11,2025-11-01,2025-10-30,2025-11-02,wsdc_calendar,scheduled,t,199,Stockholm,,Sweden,"Stockholm, Sweden",144,140,http://www.snowcs.se/,"Stockholm, Sweden",Registry Event
10604,330,Simply Adelaide West Coast Swing,2025,11,2025-11-01,2025-11-06,2025-11-09,wsdc_calendar,scheduled,t,236,Adelaide,,Australia,"Adelaide, Australia",76,69,http://www.simplyadelaidewcs.com.au/,"Adelaide, Australia",Registry Event
10644,340,Spooky Westie Weekend,2025,11,2025-11-01,2025-10-31,2025-11-02,wsdc_calendar,scheduled,t,159,Singapore,,Singapore,"Singapore, Singapore",54,52,https://spookywestieweekend.com/,"Singapore, Singapore",Registry Event
9392,137,Tampa Bay Classic,2025,11,2025-11-01,2025-11-06,2025-11-09,wsdc_calendar,scheduled,t,53,Tampa,Florida,United States,"Tampa, FL, United States",103,83,http://www.tbcwcs.com/,"Tampa, FL",Registry Event
8856,68,US Open Swing Dance Championships,2025,11,2025-11-01,2025-11-01,2025-11-01,edition,,,22,Los Angeles,California,United States,"Los Angeles, CA, United States",144,135,http://www.theopenswing.com/,"Los Angeles, CA",Registry Event
10198,236,Warsaw Halloween Swing,2025,11,2025-11-01,2025-10-30,2025-11-03,wsdc_calendar,scheduled,t,155,Warsaw,,Poland,"Warsaw, Poland",144,133,http://www.warsawhalloweenswing.com/,"Warsaw, Poland",Registry Event
10567,312,Westie Pink City,2025,11,2025-11-01,2025-11-14,2025-11-16,wsdc_calendar,scheduled,t,208,Toulouse,,France,"Toulouse, France",105,94,http://www.westiepinkcity.fr/,"Toulouse, France",Registry Event
10382,270,Westie's Angels,2025,11,2025-11-01,2025-11-07,2025-11-10,wsdc_calendar,scheduled,t,156,Lyon,,France,"Lyon, France",114,100,http://www.frenchywesty.com/,"Lyon, France",Registry Event
10594,323,Westies on the Water,2025,11,2025-11-01,2025-10-31,2025-11-02,wsdc_calendar,scheduled,t,137,Huntsville,Alabama,United States,"Huntsville, AL, United States",72,66,http://rocketcityswing.com/,"Huntsville, Alabama, United States",Registry Event
9992,211,Atlanta Swing Classic,2025,10,2025-10-01,2025-10-02,2025-10-05,wsdc_calendar,scheduled,t,25,Atlanta,Georgia,United States,"Atlanta, GA, United States",145,138,https://www.atlantaswingclassic.com/,"Atlanta, GA, United States",Registry Event
10663,350,Augsburg Westie Station,2025,10,2025-10-01,2025-10-22,2025-10-25,wsdc_calendar,scheduled,t,195,Augsburg,,Germany,"Augsburg, Germany",102,96,https://www.augsburgwestiestation.com/,"Augsburg, Germany",Registry Event
8137,8,Boogie By The Bay,2025,10,2025-10-01,2025-10-16,2025-10-20,wsdc_calendar,scheduled,t,2,San Francisco,California,United States,"San Francisco, CA, United States",162,158,https://boogiebythebay.com/,"San Francisco, CA",Registry Event
10688,367,Go West SwingFest,2025,10,2025-10-01,2025-10-10,2025-10-12,wsdc_calendar,scheduled,t,253,Perth,,Australia,"Perth, Australia",41,29,,"Perth, Australia",
8811,65,Halloween SwingThing,2025,10,2025-10-01,2025-10-23,2025-10-26,wsdc_calendar,scheduled,t,24,Costa Mesa,California,United States,"Costa Mesa, CA, United States",108,104,http://hstswing.com/,"Costa Mesa, CA",Registry Event
10589,322,Milan Modern Swing,2025,10,2025-10-01,2025-10-09,2025-10-12,wsdc_calendar,scheduled,t,132,Milan,,Italy,"Milan, Italy",164,150,https://www.westcoastswingmilan.com/,"Milan, Italy",Registry Event
9743,178,Montreal Westie Fest,2025,10,2025-10-01,2025-10-17,2025-10-19,wsdc_calendar,scheduled,t,86,Montreal,,Canada,"Montreal, Canada",100,92,http://www.montrealwestiefest.com,"Montreal, Canada",Registry Event
9757,179,New Zealand Open Swing Dance Championships,2025,10,2025-10-01,2025-10-16,2025-10-19,wsdc_calendar,scheduled,t,168,Auckland,,New Zealand,"Auckland, New Zealand",60,57,https://www.streetswing.co.nz/the-new-zealand-open,"Auckland, New Zealand",Registry Event
10721,388,Norwegian Open WCS,2025,10,2025-10-01,2025-10-02,2025-10-06,wsdc_calendar,scheduled,t,274,Hamar,,Norway,"Hamar, Norway",81,75,https://norwegianopen.no/,"Hamar, Norway",
8509,43,Paradise Dance Festival,2025,10,2025-10-01,2025-10-09,2025-10-12,wsdc_calendar,scheduled,t,19,Irvine,California,United States,"Irvine, CA, United States",82,78,https://paradisecountrydancefestival.com/,"Irvine, CA",Registry Event
10709,380,SASS Spooky Albany Swing Spectacular,2025,10,2025-10-01,2025-10-24,2025-10-26,wsdc_calendar,scheduled,t,139,Albany,New York,United States,"Albany, NY, United States",67,58,http://www.spookyalbanyswing.com/,"Albany, NY, United States",Registry Event
9288,125,Swing City Chicago,2025,10,2025-10-01,2025-10-23,2025-10-26,wsdc_calendar,scheduled,t,34,Chicago,Illinois,United States,"Chicago, IL, United States",138,122,https://swingcitychicago.com/,"Chicago, IL",Registry Event
10657,346,Swingside Invitational,2025,10,2025-10-01,2025-10-24,2025-10-27,wsdc_dump,scheduled,t,272,Liège,,Belgium,"Liège, Belgium",105,99,https://www.swingside-invitational.com/,"Liège, Belgium",Registry Event
10357,267,Swustlicious,2025,10,2025-10-01,2025-10-17,2025-10-19,wsdc_calendar,scheduled,t,149,Philadelphia,Pennsylvania,United States,"Philadelphia, PA, United States",79,67,http://www.swustlicious.com/,"Philadelphia, PA",Registry Event
10668,355,The Aloha Open,2025,10,2025-10-01,2025-10-08,2025-10-12,wsdc_calendar,scheduled,t,124,Wailea,Hawaii,United States,"Wailea, HI, United States",43,39,http://www.alohaopenwcs.com,"Wailea, HI, United States",
10465,286,WCS Festival,2025,10,2025-10-01,2025-10-24,2025-10-26,wsdc_calendar,scheduled,t,127,Düsseldorf,,Germany,"Düsseldorf, Germany",111,96,http://www.wcsfestival.com/,"Düsseldorf, Germany",Registry Event
10529,300,Austin Rocks,2025,9,2025-09-01,2025-09-19,2025-09-21,wsdc_calendar,scheduled,t,39,Austin,Texas,United States,"Austin, TX, United States",124,121,http://www.atxrox.com,"Austin, TX",
10173,233,Bavarian Open,2025,9,2025-09-01,2025-09-11,2025-09-14,wsdc_calendar,scheduled,t,129,Munich,,Germany,"Munich, Germany",144,136,https://bavarianopen.com/,"Munich, Germany",Registry Event
9661,167,Best of the Best WCS,2025,9,2025-09-01,2025-09-11,2025-09-14,wsdc_calendar,scheduled,t,117,Sydney,,Australia,"Sydney, Australia",77,64,https://www.bestofthebestwcs.com/,"Sydney, Australia",Registry Event
9374,135,Desert City Swing,2025,9,2025-09-01,2025-08-28,2025-09-01,wsdc_calendar,scheduled,t,3,Phoenix,Arizona,United States,"Phoenix, AZ, United States",133,128,https://www.desertcityswing.com/,"Phoenix, AZ",Registry Event
10277,254,Finnfest,2025,9,2025-09-01,2025-09-19,2025-09-22,wsdc_calendar,scheduled,t,204,Helsinki,,Finland,"Helsinki, Finland",135,119,https://finnfest.fi/,"Helsinki, Finland",Registry Event
10364,268,Korea Westival,2025,9,2025-09-01,2025-09-04,2025-09-07,wsdc_calendar,scheduled,t,213,Jeju,,Republic of Korea,"Jeju, Republic of Korea",90,81,http://koreawestival.com,"Jeju, Republic of Korea",
9324,131,Meet Me In St Louis,2025,9,2025-09-01,2025-09-25,2025-09-28,wsdc_calendar,scheduled,t,49,St. Louis,Missouri,United States,"St. Louis, MO, United States",117,101,http://Www.mmisl.com,"St. Louis, MO",
9639,165,Midland Swing Open,2025,9,2025-09-01,2025-09-25,2025-09-29,wsdc_calendar,scheduled,t,107,London,,United Kingdom,"London, United Kingdom",138,123,https://www.midlandswingopen.com/,"London, United Kingdom",Registry Event
10678,361,Mooseland Swing,2025,9,2025-09-01,2025-09-25,2025-09-29,wsdc_calendar,scheduled,t,270,Östersund,,Sweden,"Östersund, Sweden",71,66,https://mooselandswing.com/,"Östersund, Sweden",
10184,234,Philly Swing Classic,2025,9,2025-09-01,2025-09-19,2025-09-21,wsdc_calendar,scheduled,t,66,Wilmington,Delaware,United States,"Wilmington, DE, United States",66,60,http://www.phillyswing.com,"Wilmington, DE, United States",
10674,359,Retaliation Swing,2025,9,2025-09-01,2025-09-18,2025-09-22,wsdc_calendar,scheduled,t,30,Seattle,Washington,United States,"Seattle, WA, United States",92,90,https://www.retaliationswing.com/,"Seattle, WA",Registry Event
10573,313,Rolling Swing,2025,9,2025-09-01,2025-08-28,2025-09-01,wsdc_calendar,scheduled,t,156,Lyon,,France,"Lyon, France",124,106,http://www.frenchywesty.com/,"Lyon, France",
10638,338,Sea Dance Fest,2025,9,2025-09-01,2025-09-05,2025-09-07,wsdc_calendar,scheduled,t,113,Moscow,,Russia,"Moscow, Russia",75,64,https://vk.com/seadancefest,"Moscow, Russia",
8586,48,South Bay Dance Fling,2025,9,2025-09-01,2025-08-28,2025-09-01,wsdc_calendar,scheduled,t,16,San Jose,California,United States,"San Jose, CA, United States",80,69,http://www.SBDF.dance,"San Jose, CA",
10156,231,Trilogy Swing,2025,9,2025-09-01,2025-09-04,2025-09-07,wsdc_calendar,scheduled,t,63,Raleigh,North Carolina,United States,"Raleigh, NC, United States",148,136,https://trilogywcs.com/,"Raleigh, NC",Registry Event
10672,357,WCS Party,2025,9,2025-09-01,2025-09-19,2025-09-21,wsdc_calendar,scheduled,t,250,Vienna,,Austria,"Vienna, Austria",118,105,https://www.wcsparty.com/,"Vienna, Austria",
8945,77,Arizona Dance Classic,2025,8,2025-08-01,2025-07-31,2025-08-03,wsdc_calendar,scheduled,t,3,Phoenix,Arizona,United States,"Phoenix, AZ, United States",57,57,https://arizonadanceclassic.com/,"Phoenix, AZ",Registry Event
10641,339,Bristol Swing Fiesta,2025,8,2025-08-01,2025-08-01,2025-08-03,wsdc_calendar,scheduled,t,234,Bristol,,United Kingdom,"Bristol, United Kingdom",89,75,https://www.bristolcityswing.com/bsf,"Bristol, United Kingdom",
9226,119,Chicagoland Country and Swing Dance Festival,2025,8,2025-08-01,2025-08-15,2025-08-17,wsdc_calendar,scheduled,t,34,Chicago,Illinois,United States,"Chicago, IL, United States",68,65,https://chicagolanddancefestival.com/,"Chicago, IL",Registry Event
10447,282,German Open,2025,8,2025-08-01,2025-08-07,2025-08-10,wsdc_calendar,scheduled,t,143,Freiburg,,Germany,"Freiburg, Germany",168,157,http://www.go-wcs.com,"Freiburg, Germany",
10715,384,Grand Party Sofia (GPS),2025,8,2025-08-01,2025-08-15,2025-08-17,wsdc_calendar,scheduled,t,184,Sofia,,Bulgaria,"Sofia, Bulgaria",77,69,https://wcs-gps.com/,"Sofia, Bulgaria",Registry Event
10711,382,Lisbon Westie Fest,2025,8,2025-08-01,2025-08-01,2025-08-03,wsdc_calendar,scheduled,t,251,Lisbon,,Portugal,"Lisbon, Portugal",100,88,https://lisbonwestiefest.com/,"Lisbon, Portugal",Registry Event
9246,120,Lone Star Invitational,2025,8,2025-08-01,2025-08-07,2025-08-10,wsdc_calendar,scheduled,t,39,Austin,Texas,United States,"Austin, TX, United States",23,23,,"Austin, TX",
9581,157,New England Dance Festival,2025,8,2025-08-01,2025-07-31,2025-08-03,wsdc_calendar,scheduled,t,70,Newton,Massachusetts,United States,"Newton (Boston), MA, United States",82,75,http://www.nedancefestival.com,"Newton (Boston), MA, United States",Registry Event
9731,177,River City Swing,2025,8,2025-08-01,2025-08-28,2025-08-31,wsdc_calendar,scheduled,t,98,Jacksonville,Florida,United States,"Jacksonville, FL, United States",80,74,http://www.floridadanceevents.com,"Jacksonville, FL",
10522,298,Shakedown Swing,2025,8,2025-08-01,2025-08-22,2025-08-24,wsdc_calendar,scheduled,t,260,Christchurch,,New Zealand,"Christchurch, New Zealand",38,37,http://www.code03swing.com/shakedown,"Christchurch, New Zealand",
8652,53,Summer Hummer,2025,8,2025-08-01,2025-08-21,2025-08-24,wsdc_calendar,scheduled,t,397,Woburn,Massachusetts,United States,"Woburn (Boston), MA, United States",135,123,https://summerhummerboston.com/,"Woburn (Boston), MA, United States",Registry Event
10724,391,Swing Dance Mania,2025,8,2025-08-01,2025-08-21,2025-08-24,wsdc_calendar,scheduled,t,183,Cincinnati,Ohio,United States,"Cincinnati, OH, United States",80,70,http://swingdancemania.com,"Cincinnati, OH",
8702,59,Swing Fling,2025,8,2025-08-01,2025-08-07,2025-08-11,wsdc_calendar,scheduled,t,38,Herndon,Virginia,United States,"Herndon, VA, United States",146,133,http://www.swingfling.com,"Herndon, VA, United States",Registry Event
10131,227,Swingtacular: The Galactic Open,2025,8,2025-08-01,2025-08-07,2025-08-10,wsdc_calendar,scheduled,t,2,San Francisco,California,United States,"San Francisco, CA, United States",118,116,http://www.swingtacular.art/,"San Francisco, CA",Registry Event
8561,47,SwingTime Denver,2025,8,2025-08-01,2025-08-14,2025-08-17,wsdc_calendar,scheduled,t,29,Denver,Colorado,United States,"Denver, CO, United States",139,129,http://www.swingtimewcs.com/,"Denver, CO, United States",Registry Event
10670,356,The Bend Connection,2025,8,2025-08-01,2025-08-21,2025-08-24,wsdc_calendar,scheduled,t,133,Bend,Oregon,United States,"Bend, OR, United States",69,65,https://thebendconnection.com/,"Bend, OR",Registry Event
10342,264,UpTown Swing,2025,8,2025-08-01,2025-08-15,2025-08-18,wsdc_calendar,scheduled,t,199,Stockholm,,Sweden,"Stockholm, Sweden",114,102,http://www.uptownswing.se/,"Stockholm, Sweden",Registry Event
10713,383,Warsaw Summer Nights Westival,2025,8,2025-08-01,2025-08-01,2025-08-03,wsdc_calendar,scheduled,t,155,Warsaw,,Poland,"Warsaw, Poland",94,93,https://www.summernightswestival.com/,"Warsaw, Poland",Registry Event
8082,1,4TH of July Convention,2025,7,2025-07-01,2025-07-03,2025-07-06,wsdc_calendar,scheduled,t,3,Phoenix,Arizona,United States,"Phoenix, AZ, United States",111,109,http://phoenix4thofjuly.com,"Phoenix, AZ",
10429,278,Americano Dance Camp,2025,7,2025-07-01,2025-07-03,2025-07-07,wsdc_calendar,scheduled,t,252,Samara,,Russia,"Samara, Russia",86,77,https://t.me/americamodancecamp https://vk.com/americano2025,"Samara, Russia",
9565,156,Big Apple Dance Festival,2025,7,2025-07-01,2025-07-10,2025-07-13,wsdc_calendar,scheduled,t,140,Morristown,New Jersey,United States,"Morristown, NJ, United States",43,41,http://bigapplecountrydance.com/,"Morristown, NJ",
10698,373,Carolina Summer Swing,2025,7,2025-07-01,2025-07-10,2025-07-13,wsdc_calendar,scheduled,t,62,Charlotte,North Carolina,United States,"Charlotte, NC, United States",122,109,https://carolinasummerswing.com/,"Charlotte, NC",Registry Event
9494,148,Dance Mardi Gras,2025,7,2025-07-01,2025-07-24,2025-07-27,wsdc_calendar,scheduled,t,57,New Orleans,Louisiana,United States,"New Orleans, LA, United States",51,37,http://www.dancemardigras.com,"New Orleans, LA",
9509,149,Florida Dance Magic,2025,7,2025-07-01,2025-07-24,2025-07-27,wsdc_calendar,scheduled,t,55,Fort Lauderdale,Florida,United States,"Fort Lauderdale, FL, United States",90,83,https://floridadancemagic.com/,"Fort Lauderdale, FL",Registry Event
10702,375,Mediterranean Open WCS,2025,7,2025-07-01,2025-07-11,2025-07-13,wsdc_calendar,scheduled,t,162,Barcelona,,Spain,"Barcelona, Spain",138,121,https://mediterraneanopenwcs.com/,"Barcelona, Spain",
10103,224,Midwest Westie Fest,2025,7,2025-07-01,2025-07-17,2025-07-20,wsdc_calendar,scheduled,t,48,Overland Park,Kansas,United States,"Overland Park, KS, United States",123,111,http://www.midwestwestiefest.com/,"Overland Park, KS",Registry Event
10680,362,MY Swing,2025,7,2025-07-01,2025-07-10,2025-07-13,wsdc_calendar,scheduled,t,271,Kuala Lumpur,,Malaysia,"Kuala Lumpur, Malaysia",92,90,https://www.myswingopen.com/,"Kuala Lumpur, Malaysia",
10717,385,Revitalise WCS,2025,7,2025-07-01,2025-07-18,2025-07-20,wsdc_calendar,scheduled,t,174,Melbourne,,Australia,"Melbourne, Australia",52,51,https://revitalisewcs.melbourne/,"Melbourne, Australia",Registry Event
10295,256,Rock the Barn,2025,7,2025-07-01,2025-07-18,2025-07-20,wsdc_calendar,scheduled,t,215,Umeå,,Sweden,"Umeå, Sweden",79,76,https://rockthebarn.se/,"Umeå, Sweden",
10438,280,Saint Petersburg WCS Nights,2025,7,2025-07-01,2025-07-17,2025-07-20,wsdc_calendar,scheduled,t,222,St. Petersburg,,Russia,"St. Petersburg, Russia",122,109,http://wcsnights.ru,"St. Petersburg, Russia",Registry Event
10676,360,SaunaSwing,2025,7,2025-07-01,2025-07-03,2025-07-06,wsdc_calendar,scheduled,t,268,Ikaalinen,,Finland,"Ikaalinen, Finland",94,76,https://ekarolas.com/saunaswing/,"Ikaalinen, Finland",
9480,147,Toronto Open Swing & Hustle Championships,2025,7,2025-07-01,2025-07-17,2025-07-20,wsdc_calendar,scheduled,t,105,Toronto,,Canada,"Toronto, Canada",94,78,http://www.TOSHC.com,"Toronto, Canada",
10115,225,Wild Wild Westie,2025,7,2025-07-01,2025-07-03,2025-07-06,wsdc_calendar,scheduled,t,21,Dallas,Texas,United States,"Dallas, TX, United States",146,144,http://www.WildWildWestie.com,"Dallas, TX",
10092,222,Baltic Swing,2025,6,2025-06-01,2025-06-05,2025-06-09,wsdc_calendar,scheduled,t,186,Gdańsk,,Poland,"Gdańsk, Poland",128,118,http://www.balticswing.com,"Gdańsk, Poland",Registry Event
10700,374,Barock Swing Ludwigsburg,2025,6,2025-06-01,2025-06-19,2025-06-22,wsdc_calendar,scheduled,t,279,Ludwigsburg,,Germany,"Ludwigsburg, Germany",93,83,https://baroqueswing.com/,"Ludwigsburg, Germany",Registry Event
9161,109,Colorado Country Classic,2025,6,2025-06-01,2025-06-26,2025-06-29,wsdc_calendar,scheduled,t,29,Denver,Colorado,United States,"Denver, CO, United States",68,64,https://coloradocountryclassic.net/,"Denver, CO",
10072,220,D-Town Swing,2025,6,2025-06-01,2025-06-12,2025-06-15,wsdc_calendar,scheduled,t,127,Düsseldorf,,Germany,"Düsseldorf, Germany",129,112,http://www.d-townswing.com/,"Düsseldorf, Germany",Registry Event
9971,207,Dance N Play,2025,6,2025-06-01,2025-06-26,2025-06-29,wsdc_calendar,scheduled,t,133,Bend,Oregon,United States,"Bend, OR, United States",56,51,https://dancenplay.com/,"Bend, OR",
10694,371,Festival City Swing,2025,6,2025-06-01,2025-05-30,2025-06-01,wsdc_calendar,scheduled,t,229,Newcastle,,United Kingdom,"Newcastle, United Kingdom",65,41,https://www.fcswing.co.uk/,"Newcastle, United Kingdom",Registry Event
10690,369,FRENCH CONNECTION WCS,2025,6,2025-06-01,2025-06-27,2025-06-30,wsdc_calendar,scheduled,t,188,Annecy,,France,"Annecy, France",118,108,http://FRENCHCONNECTIONWCS.COM,"Annecy, France",Registry Event
9718,175,French Open West Coast Swing,2025,6,2025-06-01,2025-05-28,2025-06-02,wsdc_calendar,scheduled,t,109,Paris,,France,"Paris, France",155,140,http://www.fowcs.com/,"Paris, France",Registry Event
9961,206,Hungarian Open,2025,6,2025-06-01,2025-05-30,2025-06-01,wsdc_calendar,scheduled,t,110,Budapest,,Hungary,"Budapest, Hungary",102,93,https://wcs-ho.com/,"Budapest, Hungary",Registry Event
10286,255,Indy Dance Explosion,2025,6,2025-06-01,2025-06-26,2025-06-29,operator,scheduled,t,138,Fort Wayne,Indiana,United States,"Fort Wayne, IN, United States",21,17,http://www.indydancex.com,"Fort Wayne, IN",
8386,25,J&J O'Rama,2025,6,2025-06-01,2025-06-05,2025-06-09,wsdc_calendar,scheduled,t,23,Anaheim,California,United States,"Anaheim, CA, United States",137,131,https://jackandjillorama.com/,"Anaheim, CA",
9091,96,Liberty Swing Dance Championships,2025,6,2025-06-01,2025-06-26,2025-06-29,wsdc_calendar,scheduled,t,41,New Brunswick,New Jersey,United States,"New Brunswick, NJ, United States",163,155,http://www.libertyswing.com/,"New Brunswick, NJ",Registry Event
8925,76,Michigan Dance Classic,2025,6,2025-06-01,2025-05-29,2025-06-01,wsdc_calendar,scheduled,t,51,Detroit,Michigan,United States,"Detroit, MI, United States",112,102,http://michiganclassicswing.com/,"Detroit, MI",Registry Event
10325,261,Neverland Swing,2025,6,2025-06-01,2025-06-26,2025-06-30,wsdc_calendar,scheduled,t,191,Amsterdam,,Netherlands,"Amsterdam, Netherlands",115,96,http://www.neverlandswing.com/,"Amsterdam, Netherlands",Registry Event
10689,368,Next Level Swing,2025,6,2025-06-01,2025-05-30,2025-06-01,wsdc_calendar,scheduled,t,280,Gothenburg,,Sweden,"Gothenburg, Sweden",74,66,http://www.next-level.dance,"Gothenburg, Sweden",
9204,117,Orange Blossom Dance Festival,2025,6,2025-06-01,2025-06-05,2025-06-08,wsdc_calendar,scheduled,t,82,Orlando,Florida,United States,"Orlando, FL, United States",57,53,http://www.orangeblossomdance.net/,"Orlando, FL",Registry Event
10607,331,Swing Fiction,2025,6,2025-06-01,2025-06-27,2025-06-29,wsdc_calendar,scheduled,t,266,Brno,,Czech Republic,"Brno, Czech Republic",87,85,https://swingfiction.cz/,"Brno, Czech Republic",
9607,162,Swingapalooza,2025,6,2025-06-01,2025-06-20,2025-06-22,wsdc_calendar,scheduled,t,40,Baton Rouge,Louisiana,United States,"Baton Rouge, LA, United States",107,91,http://www.swingapaloozaevent.com/,"Baton Rouge, LA",Registry Event
10658,347,BeeMAD,2025,5,2025-05-01,2025-05-01,2025-05-04,wsdc_calendar,scheduled,t,170,Madrid,,Spain,"Madrid, Spain",82,70,https://beemadwcs.com/,"Madrid, Spain",Registry Event
9136,105,Canadian Swing Championships,2025,5,2025-05-01,2025-05-16,2025-05-19,wsdc_calendar,scheduled,t,86,Montreal,,Canada,"Montreal, Canada",50,47,http://www.canadianswingchampionships.com,"Montreal, Canada",
10696,372,Dance Jam Jack & Jill Weekend,2025,5,2025-05-01,2025-05-16,2025-05-18,wsdc_calendar,scheduled,t,353,Silver Spring,Maryland,United States,"Silver Spring, MD, United States",85,81,https://dancejamproductions.com/westieweekend/,"Silver Spring, MD, United States",Registry Event
10707,379,Med in Swing,2025,5,2025-05-01,2025-05-08,2025-05-11,wsdc_calendar,scheduled,t,386,La Londe-les-Maures,,France,"La Londe-les-Maures, France",107,89,http://www.medinswing.rocks,"La Londe-les-Maures, France",Registry Event
10684,364,Nanaimo Dance Fusion,2025,5,2025-05-01,2025-05-23,2025-05-25,wsdc_calendar,scheduled,t,217,Nanaimo,,Canada,"Nanaimo, Canada",59,54,http://www.nanaimodancefusion.ca/,"Nanaimo, Canada",Registry Event
10267,253,Nordic WCS Championships,2025,5,2025-05-01,2025-05-01,2025-05-05,wsdc_calendar,scheduled,t,199,Stockholm,,Sweden,"Stockholm, Sweden",142,133,http://www.nordicwcschamps.com/,"Stockholm, Sweden",Registry Event
10081,221,Show Me Showdown,2025,5,2025-05-01,2025-05-15,2025-05-18,wsdc_calendar,scheduled,t,49,St. Louis,Missouri,United States,"St. Louis, MO, United States",65,61,,"St. Louis, MO",
10635,336,SOM - Swing of Music,2025,5,2025-05-01,2025-05-08,2025-05-12,wsdc_calendar,scheduled,t,197,Wels,,Austria,"Wels, Austria",83,75,https://www.swingofmusic.com/,"Wels, Austria",Registry Event
9950,205,SOswing,2025,5,2025-05-01,2025-05-15,2025-05-18,wsdc_calendar,scheduled,t,88,Ashland,Oregon,United States,"Ashland, OR, United States",113,109,http://wwww.soswingdance.com/,"Ashland, OR",Registry Event
10666,354,Spring Time Swing,2025,5,2025-05-01,2025-04-30,2025-05-04,wsdc_calendar,scheduled,t,143,Freiburg,,Germany,"Freiburg, Germany",136,125,https://springtimeswing.com/,"Freiburg, Germany",Registry Event
9458,144,Swingin' Into Spring,2025,5,2025-05-01,2025-05-01,2025-05-04,wsdc_calendar,scheduled,t,131,Hartford,Connecticut,United States,"Hartford, CT, United States",44,42,http://www.sis.djkenm.com/,"Hartford, CT",Registry Event
9704,174,Swingsation,2025,5,2025-05-01,2025-05-09,2025-05-11,wsdc_calendar,scheduled,t,169,Gold Coast,,Australia,"Gold Coast, Australia",66,63,https://rawconnection.com.au/swingsation/,"Gold Coast, Australia",Registry Event
9263,121,The Texas Classic,2025,5,2025-05-01,2025-05-16,2025-05-18,wsdc_calendar,scheduled,t,39,Austin,Texas,United States,"Austin, TX, United States",43,43,http://Www.thetexasclassic.com,"Austin, TX",
8355,22,USA Grand Nationals,2025,5,2025-05-01,2025-05-22,2025-05-26,wsdc_calendar,scheduled,t,25,Atlanta,Georgia,United States,"Atlanta, GA, United States",137,132,http://www.usagrandnationals.com/,"Atlanta, GA, United States",Registry Event
10055,218,Asia West Coast Swing Open,2025,4,2025-04-01,2025-04-17,2025-04-20,wsdc_calendar,scheduled,t,159,Singapore,,Singapore,"Singapore, Singapore",116,113,https://asiawcsopen.com/,"Singapore, Singapore",Registry Event
9184,116,Calgary Dance Stampede,2025,4,2025-04-01,2025-04-10,2025-04-13,wsdc_calendar,scheduled,t,148,Calgary,,Canada,"Calgary, Canada",66,58,http://www.calgarydancestampede.com/,"Calgary, Canada",Registry Event
9835,187,City of Angels WCS,2025,4,2025-04-01,2025-04-10,2025-04-13,wsdc_calendar,scheduled,t,54,Burbank,California,United States,"Burbank, CA, United States",143,131,https://cityofangelswcs.com/,"Burbank, CA",Registry Event
9937,203,Detonation Dance,2025,4,2025-04-01,2025-04-24,2025-04-28,wsdc_calendar,scheduled,t,166,Manchester,,United Kingdom,"Manchester, United Kingdom",99,82,https://www.detonationdance.com/,"Manchester, United Kingdom",Registry Event
8288,18,Easter Swing,2025,4,2025-04-01,2025-04-17,2025-04-20,wsdc_calendar,scheduled,t,30,Seattle,Washington,United States,"Seattle, WA, United States",146,140,https://easterswing.org/,"Seattle, WA, United States",Registry Event
10654,345,HONEY FEST,2025,4,2025-04-01,2025-04-24,2025-04-27,wsdc_calendar,scheduled,t,255,Ufa,,Russia,"Ufa, Russia",86,75,https://t.me/honeyfest,"Ufa, Russia",Registry Event
9979,210,Korean Open WCS Championships,2025,4,2025-04-01,2025-04-10,2025-04-13,wsdc_calendar,scheduled,t,172,Incheon,,Republic of Korea,"Incheon, Republic of Korea",120,112,https://www.kopenwcs.com/,"Incheon, Republic of Korea",Registry Event
10664,352,Slovenian Open,2025,4,2025-04-01,2025-04-10,2025-04-14,wsdc_calendar,scheduled,t,256,Ljubljana,,Slovenia,"Ljubljana, Slovenia",119,104,https://slovenianopen.dance/,"Ljubljana, Slovenia",Registry Event
10692,370,SwingIN Festival,2025,4,2025-04-01,2025-04-23,2025-04-27,wsdc_calendar,scheduled,t,189,Bonn,,Germany,"Bonn, Germany",126,108,http://www.swinginfestival.de/,"Bonn, Germany",Registry Event
10315,259,Swingover,2025,4,2025-04-01,2025-04-24,2025-04-27,wsdc_calendar,scheduled,t,82,Orlando,Florida,United States,"Orlando, FL, United States",150,142,http://swingoverevent.com/,"Orlando, FL",Registry Event
9339,132,Tulsa Spring Swing,2025,4,2025-04-01,2025-04-18,2025-04-20,wsdc_calendar,scheduled,t,58,Tulsa,Oklahoma,United States,"Tulsa, OK, United States",68,62,http://www.tulsaspringswing.com/,"Tulsa, OK",Registry Event
10507,293,Westy Nantes,2025,4,2025-04-01,2025-04-04,2025-04-06,wsdc_calendar,scheduled,t,190,Nantes,,France,"Nantes, France",127,113,https://www.westynantes.com/,"Nantes, France",Registry Event
9909,197,5280 Westival,2025,3,2025-03-01,2025-03-20,2025-03-24,wsdc_calendar,scheduled,t,29,Denver,Colorado,United States,"Denver, CO, United States",71,58,http://www.5280westival.com/,"Denver, CO",Registry Event
8162,9,Boston Tea Party,2025,3,2025-03-01,2025-03-20,2025-03-24,wsdc_calendar,scheduled,t,8,Boston,Massachusetts,United States,"Boston, MA, United States",114,109,http://teapartyswings.com/,"Boston, MA",Registry Event
10597,324,BTO Open,2025,3,2025-03-01,2025-03-27,2025-03-30,wsdc_calendar,scheduled,t,148,Calgary,,Canada,"Calgary, Canada",93,82,https://ctodance.ca/,"Calgary, Canada",
10414,275,Dutch Open West Coast Swing,2025,3,2025-03-01,2025-03-13,2025-03-16,wsdc_calendar,scheduled,t,227,Venray,,Netherlands,"Venray, Netherlands",80,65,http://www.dutchopenwcs.com/,"Venray, Netherlands",Registry Event
10660,348,Euro Dance Festival,2025,3,2025-03-01,2025-03-04,2025-03-09,wsdc_calendar,scheduled,t,232,Rust,,Germany,"Rust, Germany",109,100,https://www.euro-dance-festival.com/,"Rust, Germany",Registry Event
9442,143,High Desert Dance Classic,2025,3,2025-03-01,2025-03-07,2025-03-09,wsdc_calendar,scheduled,t,18,Lancaster,California,United States,"Lancaster, CA, United States",100,86,http://www.highdesertdanceclassic.com/,"Lancaster, CA",Registry Event
10500,292,King Swing,2025,3,2025-03-01,2025-03-20,2025-03-24,wsdc_calendar,scheduled,t,267,Kraków,,Poland,"Kraków, Poland",121,120,https://kingswing.pl/,"Kraków, Poland",Registry Event
9533,153,Novice Invitational,2025,3,2025-03-01,2025-03-20,2025-03-23,wsdc_calendar,scheduled,t,44,Houston,Texas,United States,"Houston, TX, United States",111,110,http://www.htownthrowdownwcs.com/,"Houston, TX",Registry Event
10610,333,Swingvasion,2025,3,2025-03-01,2025-03-07,2025-03-09,wsdc_calendar,scheduled,t,242,Wellington,,New Zealand,"Wellington, New Zealand",38,38,https://swingvasion.nz/,"Wellington, New Zealand",Registry Event
9427,142,The Chicago Classic,2025,3,2025-03-01,2025-03-13,2025-03-16,wsdc_calendar,scheduled,t,34,Chicago,Illinois,United States,"Chicago, IL, United States",170,160,https://thechicagoclassic.com/,"Chicago, IL",Registry Event
9546,154,UK WCS Championships,2025,3,2025-03-01,2025-03-27,2025-03-31,wsdc_calendar,scheduled,t,107,London,,United Kingdom,"London, United Kingdom",154,138,http://www.ukwcschamps.com/,"London, United Kingdom",Registry Event
9822,186,West in Lyon,2025,3,2025-03-01,2025-03-13,2025-03-16,wsdc_calendar,scheduled,t,156,Lyon,,France,"Lyon, France",159,144,http://www.west-in-lyon.fr/,"Lyon, France",Registry Event
10579,314,Westie Spring Thing,2025,3,2025-03-01,2025-03-13,2025-03-16,wsdc_calendar,scheduled,t,110,Budapest,,Hungary,"Budapest, Hungary",125,116,https://westiespringthing.com/,"Budapest, Hungary",Registry Event
10651,344,Arousa Westie Fest,2025,2,2025-02-01,2025-02-20,2025-02-23,wsdc_calendar,scheduled,t,258,Sanxenxo,,Spain,"Sanxenxo, Spain",94,73,https://www.arousawestiefest.com/,"Sanxenxo, Spain",Registry Event
8218,12,Capital Swing Dance Convention,2025,2,2025-02-01,2025-02-13,2025-02-16,wsdc_calendar,scheduled,t,6,Sacramento,California,United States,"Sacramento, CA, United States",122,118,http://www.capitalswingconvention.com/,"Sacramento, CA",Registry Event
10406,273,Charlotte Westie Fest,2025,2,2025-02-01,2025-01-30,2025-02-03,wsdc_calendar,scheduled,t,62,Charlotte,North Carolina,United States,"Charlotte, NC, United States",156,140,https://charlottewestiefest.com/,"Charlotte, NC",Registry Event
10397,272,Paris Westie Fest,2025,2,2025-02-01,2025-01-30,2025-02-02,wsdc_calendar,scheduled,t,109,Paris,,France,"Paris, France",138,123,http://https//parisswingclassic.com,"Paris, France",Registry Event
10247,244,Rose City Swing,2025,2,2025-02-01,2025-02-20,2025-02-23,wsdc_calendar,scheduled,t,4,Portland,Oregon,United States,"Portland, OR, United States",146,135,https://rosecityswing.com/,"Portland, OR",Registry Event
10032,215,Swing & Snow,2025,2,2025-02-01,2025-01-29,2025-02-02,wsdc_calendar,scheduled,t,222,St. Petersburg,,Russia,"St. Petersburg, Russia",113,107,http://swingandsnow.ru/,"St. Petersburg, Russia",Registry Event
10649,343,Swing Crush,2025,2,2025-02-01,2025-02-20,2025-02-23,wsdc_calendar,scheduled,t,167,San Antonio,Texas,United States,"San Antonio, TX, United States",92,88,https://swingcrush.com/,"San Antonio, TX",Registry Event
10306,258,Swingtzerland,2025,2,2025-02-01,2025-02-06,2025-02-09,wsdc_calendar,scheduled,t,173,Zürich,,Switzerland,"Zürich, Switzerland",69,64,https://swingtzerland.com/,"Zürich, Switzerland",Registry Event
10682,363,Trinity Swing,2025,2,2025-02-01,2025-02-07,2025-02-09,wsdc_calendar,scheduled,t,230,Dundalk,,Ireland,"Dundalk, Ireland",47,43,http://www.trinityswing.com/,"Dundalk, Ireland",Registry Event
10557,310,Valentine Swing,2025,2,2025-02-01,2025-02-14,2025-02-16,wsdc_calendar,scheduled,t,199,Stockholm,,Sweden,"Stockholm, Sweden",70,67,http://www.valentineswing.dance,"Stockholm, Sweden",Registry Event
10540,302,WesterOz Swing,2025,2,2025-02-01,2025-02-07,2025-02-09,wsdc_calendar,scheduled,t,253,Perth,,Australia,"Perth, Australia",44,40,http://magneticdance.com.au/westeroz,"Perth, Australia",
10516,297,Winter Coast Swing,2025,2,2025-02-01,2025-02-20,2025-02-23,wsdc_calendar,scheduled,t,269,Kuopio,,Finland,"Kuopio, Finland",93,79,https://www.wintercoastswing.com/,"Kuopio, Finland",Registry Event
9921,200,Austin Swing Dance Championships,2025,1,2025-01-01,2025-01-16,2025-01-19,wsdc_calendar,scheduled,t,39,Austin,Texas,United States,"Austin, TX, United States",106,104,https://austinswingdance.com/,"Austin, TX",Registry Event
10551,309,Avignon City Swing,2025,1,2025-01-01,2025-01-17,2025-01-20,wsdc_calendar,scheduled,t,192,Nimes,,France,"Nimes, France",124,105,https://www.avignoncityswing.com/,"Nimes, France",Registry Event
9802,184,BudaFest Open WCS Championships,2025,1,2025-01-01,2025-01-07,2025-01-12,wsdc_calendar,scheduled,t,110,Budapest,,Hungary,"Budapest, Hungary",169,163,http://wcs-budafest.com/,"Budapest, Hungary",Registry Event
10633,334,Countdown Swing Boston,2025,1,2025-01-01,2024-12-31,2025-01-05,wsdc_calendar,scheduled,t,396,Mansfield,Massachusetts,United States,"Mansfield (Boston), MA, United States",114,106,http://countdownswingboston.com/,"Mansfield (Boston), MA, United States",Registry Event
10235,242,Derby City Swing,2025,1,2025-01-01,2025-01-23,2025-01-26,wsdc_calendar,scheduled,t,116,Louisville,Kentucky,United States,"Louisville, KY, United States",106,91,https://derbycityswing.com/,"Louisville, KY",Registry Event
8485,42,Floorplay Swing Vacation,2025,1,2025-01-01,2024-12-27,2025-01-01,wsdc_calendar,scheduled,t,82,Orlando,Florida,United States,"Orlando, FL, United States",115,112,http://www.floorplayswingvacation.com/,"Orlando, FL",Registry Event
9788,183,Freedom Swing Dance Challenge,2025,1,2025-01-01,2025-01-24,2025-01-26,wsdc_calendar,scheduled,t,66,Wilmington,Delaware,United States,"Wilmington, DE, United States",100,90,https://freedomswingdance.com/,"Wilmington, DE, United States",Registry Event
8757,62,Monterey SwingFest,2025,1,2025-01-01,2025-01-14,2025-01-19,wsdc_calendar,scheduled,t,1,Monterey,California,United States,"Monterey, CA, United States",111,107,http://www.montereyswing.com/,"Monterey, CA",Registry Event
9413,141,Spotlight New Year's Celebration,2025,1,2025-01-01,2024-12-28,2025-01-01,wsdc_calendar,scheduled,t,43,Nashville,Tennessee,United States,"Nashville, TN, United States",151,144,http://www.spotlightnewyears.com/,"Nashville, TN",Registry Event
10535,301,Swing Resolution,2025,1,2025-01-01,2025-01-23,2025-01-26,wsdc_calendar,scheduled,t,177,Edinburgh,,United Kingdom,"Edinburgh, United Kingdom",98,84,http://www.swingresolution.com/,"Edinburgh, United Kingdom",Registry Event
9896,196,SwingCouver,2025,1,2025-01-01,2025-01-02,2025-01-05,wsdc_calendar,scheduled,t,4,Portland,Oregon,United States,"Portland, OR, United States",131,118,https://swingco.dance/,"Portland, OR",Registry Event
10481,289,SwingVester,2025,1,2025-01-01,2024-12-28,2025-01-02,wsdc_calendar,scheduled,t,197,Wels,,Austria,"Wels, Austria",149,141,https://www.swingvester.com/,"Wels, Austria",Registry Event
10710,381,The Australian Classic West Coast Swing Dance Championships (Trial Event),2025,1,2025-01-01,2025-01-17,2025-01-19,wsdc_calendar,scheduled,t,117,Sydney,,Australia,"Sydney, Australia",50,35,http://www.dancewcsa.com.au,"Sydney, Australia",
8907,75,UCWDC Country Dance World Championship,2025,1,2025-01-01,2024-12-29,2025-01-05,wsdc_calendar,scheduled,t,21,Dallas,Texas,United States,"Dallas, TX, United States",55,50,http://www.ucwdcworlds.com/,"Dallas, TX",Registry Event
10222,240,Westie Gala,2025,1,2025-01-01,2024-12-28,2025-01-01,wsdc_calendar,scheduled,t,199,Stockholm,,Sweden,"Stockholm, Sweden",111,97,http://www.westiegala.com/,"Stockholm, Sweden",Registry Event
10389,271,Berlin Swing Revolution,2024,12,2024-12-01,2024-12-12,2024-12-15,wsdc_dump,scheduled,t,194,Berlin,,Germany,"Berlin, Germany",61,57,https://berlinswingrevolution.com/,"Berlin, Germany",Registry Event
9022,87,CASH Bash,2024,12,2024-12-01,2024-11-28,2024-12-01,wsdc_dump,scheduled,t,96,Cleveland,Ohio,United States,"Cleveland, OH, United States",76,70,https://cashdanceclub.org/cash-bash/,"Cleveland, OH",Registry Event
10646,342,Global Grand Prix - West Coast Swing Reunion,2024,12,2024-12-01,2024-12-13,2024-12-16,wsdc_dump,scheduled,t,208,Toulouse,,France,"Toulouse, France",118,110,https://www.globalgrandprixwcs.com/,"Toulouse, France",
10490,290,Shooba Dooba Swing,2024,12,2024-12-01,2024-12-06,2024-12-09,wsdc_dump,scheduled,t,113,Moscow,,Russia,"Moscow, Russia",103,94,https://danceconvention.net/eventdirector/ru/eventpage/6023470-shooba-dooba-swing-2020/info,"Moscow, Russia",
10004,212,The After Party (TAP),2024,12,2024-12-01,2024-12-05,2024-12-08,wsdc_dump,scheduled,t,73,Orange County,California,United States,"Orange County, CA, United States",130,130,http://www.tapwcs.com/,"Orange County, CA",Registry Event
8855,68,US Open Swing Dance Championships,2024,12,2024-12-01,2024-11-28,2024-12-01,wsdc_dump,scheduled,t,22,Los Angeles,California,United States,"Los Angeles, CA, United States",163,151,http://www.theopenswing.com/,"Los Angeles, CA",Registry Event
10211,238,Winter White,2024,12,2024-12-01,2024-12-05,2024-12-08,wsdc_dump,scheduled,t,223,Oslo,,Norway,"Oslo, Norway",106,104,http://www.winterwhite.no/,"Oslo, Norway",Registry Event
10372,269,Autumn Swing Challenge,2024,11,2024-11-01,2024-11-08,2024-11-11,wsdc_dump,scheduled,t,110,Budapest,,Hungary,"Budapest, Hungary",126,121,http://www.asc-budapest.com/,"Budapest, Hungary",Registry Event
9774,181,DC Swing eXperience (DCSX),2024,11,2024-11-01,2024-11-14,2024-11-17,wsdc_dump,scheduled,t,38,Herndon,Virginia,United States,"Herndon, VA, United States",171,164,http://www.dcswingexperience.com,"Herndon, VA, United States",Registry Event
10474,288,Midnight Madness,2024,11,2024-11-01,2024-11-01,2024-11-03,wsdc_dump,scheduled,t,21,Dallas,Texas,United States,"Dallas, TX, United States",111,105,http://www.midnightmadnesswcs.com/,"Dallas, TX",Registry Event
8439,31,Mountain Magic,2024,11,2024-11-01,2024-10-31,2024-11-03,wsdc_dump,scheduled,t,28,South Lake Tahoe (near Reno),Nevada,United States,"South Lake Tahoe (near Reno), NV, United States",52,49,http://mountainmagic.dance,"South Lake Tahoe (near Reno), NV",
9756,179,New Zealand Open Swing Dance Championships,2024,11,2024-11-01,2024-11-07,2024-11-10,wsdc_dump,scheduled,t,168,Auckland,,New Zealand,"Auckland, New Zealand",56,54,https://www.streetswing.co.nz/the-new-zealand-open,"Auckland, New Zealand",Registry Event
10143,229,Scandinavian Open,2024,11,2024-11-01,2024-10-31,2024-11-03,wsdc_dump,scheduled,t,199,Stockholm,,Sweden,"Stockholm, Sweden",145,131,http://www.snowcs.se/,"Stockholm, Sweden",Registry Event
8966,79,Sea to Sky,2024,11,2024-11-01,2024-11-07,2024-11-11,wsdc_dump,scheduled,t,30,Seattle,Washington,United States,"Seattle, WA, United States",126,121,http://Seatoskywcs.com,"Seattle, WA",
10603,330,Simply Adelaide West Coast Swing,2024,11,2024-11-01,2024-10-31,2024-11-04,wsdc_dump,scheduled,t,236,Adelaide,,Australia,"Adelaide, Australia",57,51,http://www.simplyadelaidewcs.com.au/,"Adelaide, Australia",Registry Event
10643,340,Spooky Westie Weekend,2024,11,2024-11-01,2024-11-01,2024-11-03,wsdc_dump,scheduled,t,159,Singapore,,Singapore,"Singapore, Singapore",43,43,https://spookywestieweekend.com/,"Singapore, Singapore",Registry Event
10566,312,Westie Pink City,2024,11,2024-11-01,2024-11-08,2024-11-11,wsdc_dump,scheduled,t,208,Toulouse,,France,"Toulouse, France",108,99,http://www.westiepinkcity.fr/,"Toulouse, France",Registry Event
10381,270,Westie's Angels,2024,11,2024-11-01,2024-10-31,2024-11-04,wsdc_dump,scheduled,t,156,Lyon,,France,"Lyon, France",124,111,http://www.frenchywesty.com/,"Lyon, France",Registry Event
10593,323,Westies on the Water,2024,11,2024-11-01,2024-10-31,2024-11-03,wsdc_dump,scheduled,t,137,Huntsville,Alabama,United States,"Huntsville, AL, United States",66,56,http://rocketcityswing.com/,"Huntsville, Alabama, United States",Registry Event
9991,211,Atlanta Swing Classic,2024,10,2024-10-01,2024-10-03,2024-10-06,wsdc_dump,scheduled,t,25,Atlanta,Georgia,United States,"Atlanta, GA, United States",152,150,https://www.atlantaswingclassic.com/,"Atlanta, GA, United States",Registry Event
10662,350,Augsburg Westie Station,2024,10,2024-10-01,2024-10-17,2024-10-20,wsdc_dump,scheduled,t,195,Augsburg,,Germany,"Augsburg, Germany",88,83,https://www.augsburgwestiestation.com/,"Augsburg, Germany",Registry Event
8136,8,Boogie By The Bay,2024,10,2024-10-01,2024-10-10,2024-10-14,wsdc_dump,scheduled,t,2,San Francisco,California,United States,"San Francisco, CA, United States",155,150,https://boogiebythebay.com/,"San Francisco, CA",Registry Event
10687,367,Go West SwingFest,2024,10,2024-10-01,2024-10-11,2024-10-13,wsdc_dump,scheduled,t,253,Perth,,Australia,"Perth, Australia",25,25,,"Perth, Australia",
8810,65,Halloween SwingThing,2024,10,2024-10-01,2024-10-24,2024-10-27,wsdc_dump,scheduled,t,24,Costa Mesa,California,United States,"Costa Mesa, CA, United States",128,124,http://hstswing.com/,"Costa Mesa, CA",Registry Event
10588,322,Milan Modern Swing,2024,10,2024-10-01,2024-10-17,2024-10-20,wsdc_dump,scheduled,t,132,Milan,,Italy,"Milan, Italy",142,134,https://www.westcoastswingmilan.com/,"Milan, Italy",Registry Event
9742,178,Montreal Westie Fest,2024,10,2024-10-01,2024-10-10,2024-10-14,wsdc_dump,scheduled,t,86,Montreal,,Canada,"Montreal, Canada",95,91,http://www.montrealwestiefest.com,"Montreal, Canada",Registry Event
8508,43,Paradise Dance Festival,2024,10,2024-10-01,2024-10-17,2024-10-20,wsdc_dump,scheduled,t,19,Irvine,California,United States,"Irvine, CA, United States",80,79,https://paradisecountrydancefestival.com/,"Irvine, CA",Registry Event
9287,125,Swing City Chicago,2024,10,2024-10-01,2024-10-24,2024-10-27,wsdc_dump,scheduled,t,34,Chicago,Illinois,United States,"Chicago, IL, United States",153,137,https://swingcitychicago.com/,"Chicago, IL",Registry Event
10656,346,Swingside Invitational,2024,10,2024-10-01,2024-10-25,2024-10-27,wsdc_dump,scheduled,t,272,Liège,,Belgium,"Liège, Belgium",106,96,https://www.swingside-invitational.com/,"Liège, Belgium",Registry Event
10356,267,Swustlicious,2024,10,2024-10-01,2024-10-18,2024-10-20,wsdc_dump,scheduled,t,149,Philadelphia,Pennsylvania,United States,"Philadelphia, PA, United States",94,79,http://www.swustlicious.com/,"Philadelphia, PA",Registry Event
10197,236,Warsaw Halloween Swing,2024,10,2024-10-01,2024-10-24,2024-10-28,wsdc_dump,scheduled,t,155,Warsaw,,Poland,"Warsaw, Poland",145,136,http://www.warsawhalloweenswing.com/,"Warsaw, Poland",Registry Event
10464,286,WCS Festival,2024,10,2024-10-01,2024-10-11,2024-10-13,wsdc_dump,scheduled,t,127,Düsseldorf,,Germany,"Düsseldorf, Germany",121,105,http://www.wcsfestival.com/,"Düsseldorf, Germany",Registry Event
10528,300,Austin Rocks,2024,9,2024-09-01,2024-09-27,2024-09-29,wsdc_dump,scheduled,t,39,Austin,Texas,United States,"Austin, TX, United States",113,112,http://www.atxrox.com,"Austin, TX",
10172,233,Bavarian Open,2024,9,2024-09-01,2024-09-12,2024-09-15,wsdc_dump,scheduled,t,129,Munich,,Germany,"Munich, Germany",157,149,https://bavarianopen.com/,"Munich, Germany",Registry Event
9660,167,Best of the Best WCS,2024,9,2024-09-01,2024-09-12,2024-09-15,wsdc_dump,scheduled,t,117,Sydney,,Australia,"Sydney, Australia",82,66,https://www.bestofthebestwcs.com/,"Sydney, Australia",Registry Event
9373,135,Desert City Swing,2024,9,2024-09-01,2024-08-29,2024-09-02,wsdc_dump,scheduled,t,3,Phoenix,Arizona,United States,"Phoenix, AZ, United States",147,141,https://www.desertcityswing.com/,"Phoenix, AZ",Registry Event
10276,254,Finnfest,2024,9,2024-09-01,2024-09-20,2024-09-23,wsdc_dump,scheduled,t,204,Helsinki,,Finland,"Helsinki, Finland",140,127,https://finnfest.fi/,"Helsinki, Finland",Registry Event
10363,268,Korea Westival,2024,9,2024-09-01,2024-09-26,2024-09-29,wsdc_dump,scheduled,t,213,Jeju,,Republic of Korea,"Jeju, Republic of Korea",77,68,http://koreawestival.com,"Jeju, Republic of Korea",
9323,131,Meet Me In St Louis,2024,9,2024-09-01,2024-09-19,2024-09-22,wsdc_dump,scheduled,t,49,St. Louis,Missouri,United States,"St. Louis, MO, United States",116,105,http://Www.mmisl.com,"St. Louis, MO",
9638,165,Midland Swing Open,2024,9,2024-09-01,2024-09-26,2024-09-30,wsdc_dump,scheduled,t,107,London,,United Kingdom,"London, United Kingdom",149,134,https://www.midlandswingopen.com/,"London, United Kingdom",Registry Event
10183,234,Philly Swing Classic,2024,9,2024-09-01,2024-09-13,2024-09-15,wsdc_dump,scheduled,t,66,Wilmington,Delaware,United States,"Wilmington, DE, United States",84,74,http://www.phillyswing.com,"Wilmington, DE, United States",
9730,177,River City Swing,2024,9,2024-09-01,2024-08-29,2024-09-02,wsdc_dump,scheduled,t,98,Jacksonville,Florida,United States,"Jacksonville, FL, United States",71,67,http://www.floridadanceevents.com,"Jacksonville, FL",
10572,313,Rolling Swing,2024,9,2024-09-01,2024-08-29,2024-09-02,wsdc_dump,scheduled,t,156,Lyon,,France,"Lyon, France",138,124,http://www.frenchywesty.com/,"Lyon, France",
10637,338,Sea Dance Fest,2024,9,2024-09-01,2024-09-01,2024-09-08,wsdc_dump,scheduled,t,113,Moscow,,Russia,"Moscow, Russia",42,39,https://vk.com/seadancefest,"Moscow, Russia",
8585,48,South Bay Dance Fling,2024,9,2024-09-01,2024-08-29,2024-09-02,wsdc_dump,scheduled,t,16,San Jose,California,United States,"San Jose, CA, United States",62,58,http://www.SBDF.dance,"San Jose, CA",
10155,231,Trilogy Swing,2024,9,2024-09-01,2024-09-05,2024-09-08,wsdc_dump,scheduled,t,63,Raleigh,North Carolina,United States,"Raleigh, NC, United States",152,135,https://trilogywcs.com/,"Raleigh, NC",Registry Event
8944,77,Arizona Dance Classic,2024,8,2024-08-01,2024-08-01,2024-08-04,wsdc_dump,scheduled,t,3,Phoenix,Arizona,United States,"Phoenix, AZ, United States",39,36,https://arizonadanceclassic.com/,"Phoenix, AZ",Registry Event
10640,339,Bristol Swing Fiesta,2024,8,2024-08-01,2024-08-09,2024-08-11,wsdc_dump,scheduled,t,234,Bristol,,United Kingdom,"Bristol, United Kingdom",82,77,https://www.bristolcityswing.com/bsf,"Bristol, United Kingdom",
9225,119,Chicagoland Country and Swing Dance Festival,2024,8,2024-08-01,2024-08-16,2024-08-18,wsdc_dump,scheduled,t,34,Chicago,Illinois,United States,"Chicago, IL, United States",64,61,https://chicagolanddancefestival.com/,"Chicago, IL",Registry Event
10446,282,German Open,2024,8,2024-08-01,2024-08-01,2024-08-04,wsdc_dump,scheduled,t,143,Freiburg,,Germany,"Freiburg, Germany",170,153,http://www.go-wcs.com,"Freiburg, Germany",
9245,120,Lone Star Invitational,2024,8,2024-08-01,2024-08-08,2024-08-11,wsdc_dump,scheduled,t,39,Austin,Texas,United States,"Austin, TX, United States",42,39,,"Austin, TX",
9580,157,New England Dance Festival,2024,8,2024-08-01,2024-08-01,2024-08-04,wsdc_dump,scheduled,t,70,Newton,Massachusetts,United States,"Newton (Boston), MA, United States",68,63,http://www.nedancefestival.com,"Newton (Boston), MA, United States",Registry Event
9623,164,Sea Sun and Swing,2024,8,2024-08-01,2024-07-27,2024-08-03,wsdc_dump,scheduled,t,158,La Grande Motte,,France,"La Grande Motte, France",130,120,https://www.seasunswing.fr/,"La Grande Motte, France",
10521,298,Shakedown Swing,2024,8,2024-08-01,2024-08-23,2024-08-25,wsdc_dump,scheduled,t,260,Christchurch,,New Zealand,"Christchurch, New Zealand",36,35,http://www.code03swing.com/shakedown,"Christchurch, New Zealand",
8651,53,Summer Hummer,2024,8,2024-08-01,2024-08-22,2024-08-25,wsdc_dump,scheduled,t,397,Woburn,Massachusetts,United States,"Woburn (Boston), MA, United States",136,125,https://summerhummerboston.com/,"Woburn (Boston), MA, United States",Registry Event
8701,59,Swing Fling,2024,8,2024-08-01,2024-08-08,2024-08-12,wsdc_dump,scheduled,t,38,Herndon,Virginia,United States,"Herndon, VA, United States",170,154,http://www.swingfling.com,"Herndon, VA, United States",Registry Event
10130,227,Swingtacular: The Galactic Open,2024,8,2024-08-01,2024-08-01,2024-08-04,wsdc_dump,scheduled,t,2,San Francisco,California,United States,"San Francisco, CA, United States",140,138,http://www.swingtacular.art/,"San Francisco, CA",Registry Event
8560,47,SwingTime Denver,2024,8,2024-08-01,2024-08-15,2024-08-18,wsdc_dump,scheduled,t,29,Denver,Colorado,United States,"Denver, CO, United States",180,165,http://www.swingtimewcs.com/,"Denver, CO, United States",Registry Event
10341,264,UpTown Swing,2024,8,2024-08-01,2024-08-09,2024-08-12,wsdc_dump,scheduled,t,199,Stockholm,,Sweden,"Stockholm, Sweden",126,112,http://www.uptownswing.se/,"Stockholm, Sweden",Registry Event
8081,1,4TH of July Convention,2024,7,2024-07-01,2024-07-04,2024-07-07,wsdc_dump,scheduled,t,3,Phoenix,Arizona,United States,"Phoenix, AZ, United States",99,93,http://phoenix4thofjuly.com,"Phoenix, AZ",
10428,278,Americano Dance Camp,2024,7,2024-07-01,2024-07-04,2024-07-08,wsdc_dump,scheduled,t,252,Samara,,Russia,"Samara, Russia",88,78,https://t.me/americamodancecamp https://vk.com/americano2025,"Samara, Russia",
9564,156,Big Apple Dance Festival,2024,7,2024-07-01,2024-07-11,2024-07-14,wsdc_dump,scheduled,t,140,Morristown,New Jersey,United States,"Morristown, NJ, United States",41,39,http://bigapplecountrydance.com/,"Morristown, NJ",
9493,148,Dance Mardi Gras,2024,7,2024-07-01,2024-07-25,2024-07-28,wsdc_dump,scheduled,t,57,New Orleans,Louisiana,United States,"New Orleans, LA, United States",39,34,http://www.dancemardigras.com,"New Orleans, LA",
9508,149,Florida Dance Magic,2024,7,2024-07-01,2024-07-01,2024-07-01,edition,,,55,Fort Lauderdale,Florida,United States,"Fort Lauderdale, FL, United States",79,71,https://floridadancemagic.com/,"Fort Lauderdale, FL",Registry Event
10102,224,Midwest Westie Fest,2024,7,2024-07-01,2024-07-18,2024-07-21,wsdc_dump,scheduled,t,48,Overland Park,Kansas,United States,"Overland Park, KS, United States",129,112,http://www.midwestwestiefest.com/,"Overland Park, KS",Registry Event
10324,261,Neverland Swing,2024,7,2024-07-01,2024-06-27,2024-07-01,wsdc_dump,scheduled,t,191,Amsterdam,,Netherlands,"Amsterdam, Netherlands",96,82,http://www.neverlandswing.com/,"Amsterdam, Netherlands",Registry Event
10544,303,Odyssey West Coast Swing,2024,7,2024-07-01,2024-07-11,2024-07-14,wsdc_dump,scheduled,t,169,Gold Coast,,Australia,"Gold Coast, Australia",67,52,http://www.odysseywcs.dance,"Gold Coast, Australia",
10334,263,Riga Summer Swing,2024,7,2024-07-01,2024-07-25,2024-07-29,wsdc_dump,scheduled,t,203,Riga,,Latvia,"Riga, Latvia",83,79,,"Riga, Latvia",
10294,256,Rock the Barn,2024,7,2024-07-01,2024-07-18,2024-07-21,wsdc_dump,scheduled,t,215,Umeå,,Sweden,"Umeå, Sweden",61,58,https://rockthebarn.se/,"Umeå, Sweden",
10437,280,Saint Petersburg WCS Nights,2024,7,2024-07-01,2024-07-18,2024-07-21,wsdc_dump,scheduled,t,222,St. Petersburg,,Russia,"St. Petersburg, Russia",113,101,http://wcsnights.ru,"St. Petersburg, Russia",Registry Event
9479,147,Toronto Open Swing & Hustle Championships,2024,7,2024-07-01,2024-07-11,2024-07-14,wsdc_dump,scheduled,t,105,Toronto,,Canada,"Toronto, Canada",85,74,http://www.TOSHC.com,"Toronto, Canada",
10114,225,Wild Wild Westie,2024,7,2024-07-01,2024-07-04,2024-07-07,wsdc_dump,scheduled,t,21,Dallas,Texas,United States,"Dallas, TX, United States",160,158,http://www.WildWildWestie.com,"Dallas, TX",
10091,222,Baltic Swing,2024,6,2024-06-01,2024-06-06,2024-06-10,wsdc_dump,scheduled,t,186,Gdańsk,,Poland,"Gdańsk, Poland",125,114,http://www.balticswing.com,"Gdańsk, Poland",Registry Event
9160,109,Colorado Country Classic,2024,6,2024-06-01,2024-06-20,2024-06-23,wsdc_dump,scheduled,t,29,Denver,Colorado,United States,"Denver, CO, United States",49,46,https://coloradocountryclassic.net/,"Denver, CO",
10071,220,D-Town Swing,2024,6,2024-06-01,2024-06-14,2024-06-16,wsdc_dump,scheduled,t,127,Düsseldorf,,Germany,"Düsseldorf, Germany",143,130,http://www.d-townswing.com/,"Düsseldorf, Germany",Registry Event
9970,207,Dance N Play,2024,6,2024-06-01,2024-06-13,2024-06-16,wsdc_dump,scheduled,t,133,Bend,Oregon,United States,"Bend, OR, United States",63,60,https://dancenplay.com/,"Bend, OR",
9960,206,Hungarian Open,2024,6,2024-06-01,2024-05-31,2024-06-02,wsdc_dump,scheduled,t,110,Budapest,,Hungary,"Budapest, Hungary",116,104,https://wcs-ho.com/,"Budapest, Hungary",Registry Event
8385,25,J&J O'Rama,2024,6,2024-06-01,2024-06-06,2024-06-10,wsdc_dump,scheduled,t,23,Anaheim,California,United States,"Anaheim, CA, United States",145,141,https://jackandjillorama.com/,"Anaheim, CA",
9090,96,Liberty Swing Dance Championships,2024,6,2024-06-01,2024-06-27,2024-06-30,wsdc_dump,scheduled,t,41,New Brunswick,New Jersey,United States,"New Brunswick, NJ, United States",175,165,http://www.libertyswing.com/,"New Brunswick, NJ",Registry Event
8924,76,Michigan Dance Classic,2024,6,2024-06-01,2024-05-30,2024-06-02,wsdc_dump,scheduled,t,51,Detroit,Michigan,United States,"Detroit, MI, United States",98,88,http://michiganclassicswing.com/,"Detroit, MI",Registry Event
9203,117,Orange Blossom Dance Festival,2024,6,2024-06-01,2024-06-06,2024-06-09,wsdc_dump,scheduled,t,82,Orlando,Florida,United States,"Orlando, FL, United States",43,38,http://www.orangeblossomdance.net/,"Orlando, FL",Registry Event
10606,331,Swing Fiction,2024,6,2024-06-01,2024-06-28,2024-06-30,wsdc_dump,scheduled,t,266,Brno,,Czech Republic,"Brno, Czech Republic",98,97,https://swingfiction.cz/,"Brno, Czech Republic",
9606,162,Swingapalooza,2024,6,2024-06-01,2024-06-21,2024-06-23,wsdc_dump,scheduled,t,40,Baton Rouge,Louisiana,United States,"Baton Rouge, LA, United States",103,93,http://www.swingapaloozaevent.com/,"Baton Rouge, LA",Registry Event
9135,105,Canadian Swing Championships,2024,5,2024-05-01,2024-05-17,2024-05-20,wsdc_dump,scheduled,t,86,Montreal,,Canada,"Montreal, Canada",48,47,http://www.canadianswingchampionships.com,"Montreal, Canada",
9717,175,French Open West Coast Swing,2024,5,2024-05-01,2024-05-08,2024-05-13,wsdc_dump,scheduled,t,109,Paris,,France,"Paris, France",200,182,http://www.fowcs.com/,"Paris, France",Registry Event
10080,221,Show Me Showdown,2024,5,2024-05-01,2024-05-17,2024-05-19,wsdc_dump,scheduled,t,49,St. Louis,Missouri,United States,"St. Louis, MO, United States",61,54,,"St. Louis, MO",
9949,205,SOswing,2024,5,2024-05-01,2024-05-16,2024-05-19,wsdc_dump,scheduled,t,88,Ashland,Oregon,United States,"Ashland, OR, United States",107,102,http://wwww.soswingdance.com/,"Ashland, OR",Registry Event
9356,134,Swing Dance America,2024,5,2024-05-01,2024-05-02,2024-05-06,wsdc_dump,scheduled,t,89,Lake Geneva,Illinois,United States,"Lake Geneva, IL, United States",63,58,,"Lake Geneva, IL",
9457,144,Swingin' Into Spring,2024,5,2024-05-01,2024-05-02,2024-05-05,wsdc_dump,scheduled,t,131,Hartford,Connecticut,United States,"Hartford, CT, United States",23,22,http://www.sis.djkenm.com/,"Hartford, CT",Registry Event
9703,174,Swingsation,2024,5,2024-05-01,2024-05-10,2024-05-12,wsdc_dump,scheduled,t,169,Gold Coast,,Australia,"Gold Coast, Australia",66,63,https://rawconnection.com.au/swingsation/,"Gold Coast, Australia",Registry Event
9262,121,The Texas Classic,2024,5,2024-05-01,2024-05-17,2024-05-19,wsdc_dump,scheduled,t,39,Austin,Texas,United States,"Austin, TX, United States",58,54,http://Www.thetexasclassic.com,"Austin, TX",
8354,22,USA Grand Nationals,2024,5,2024-05-01,2024-05-23,2024-05-27,wsdc_dump,scheduled,t,25,Atlanta,Georgia,United States,"Atlanta, GA, United States",150,140,http://www.usagrandnationals.com/,"Atlanta, GA, United States",Registry Event
10054,218,Asia West Coast Swing Open,2024,4,2024-04-01,2024-04-18,2024-04-21,wsdc_dump,scheduled,t,159,Singapore,,Singapore,"Singapore, Singapore",125,122,https://asiawcsopen.com/,"Singapore, Singapore",Registry Event
9183,116,Calgary Dance Stampede,2024,4,2024-04-01,2024-04-11,2024-04-14,wsdc_dump,scheduled,t,148,Calgary,,Canada,"Calgary, Canada",50,44,http://www.calgarydancestampede.com/,"Calgary, Canada",Registry Event
9834,187,City of Angels WCS,2024,4,2024-04-01,2024-04-11,2024-04-14,wsdc_dump,scheduled,t,54,Burbank,California,United States,"Burbank, CA, United States",132,130,https://cityofangelswcs.com/,"Burbank, CA",Registry Event
9936,203,Detonation Dance,2024,4,2024-04-01,2024-04-18,2024-04-22,wsdc_dump,scheduled,t,166,Manchester,,United Kingdom,"Manchester, United Kingdom",110,91,https://www.detonationdance.com/,"Manchester, United Kingdom",Registry Event
10413,275,Dutch Open West Coast Swing,2024,4,2024-04-01,2024-04-04,2024-04-07,wsdc_dump,scheduled,t,227,Venray,,Netherlands,"Venray, Netherlands",66,59,http://www.dutchopenwcs.com/,"Venray, Netherlands",Registry Event
8287,18,Easter Swing,2024,4,2024-04-01,2024-03-28,2024-04-01,wsdc_dump,scheduled,t,30,Seattle,Washington,United States,"Seattle, WA, United States",150,144,https://easterswing.org/,"Seattle, WA, United States",Registry Event
10653,345,HONEY FEST,2024,4,2024-04-01,2024-04-18,2024-04-21,wsdc_dump,scheduled,t,255,Ufa,,Russia,"Ufa, Russia",86,78,https://t.me/honeyfest,"Ufa, Russia",Registry Event
9978,210,Korean Open WCS Championships,2024,4,2024-04-01,2024-04-12,2024-04-14,wsdc_dump,scheduled,t,172,Incheon,,Republic of Korea,"Incheon, Republic of Korea",143,133,https://www.kopenwcs.com/,"Incheon, Republic of Korea",Registry Event
10266,253,Nordic WCS Championships,2024,4,2024-04-01,2024-04-25,2024-04-29,wsdc_dump,scheduled,t,199,Stockholm,,Sweden,"Stockholm, Sweden",125,112,http://www.nordicwcschamps.com/,"Stockholm, Sweden",Registry Event
10314,259,Swingover,2024,4,2024-04-01,2024-04-18,2024-04-21,wsdc_dump,scheduled,t,82,Orlando,Florida,United States,"Orlando, FL, United States",120,114,http://swingoverevent.com/,"Orlando, FL",Registry Event
10506,293,Westy Nantes,2024,4,2024-04-01,2024-04-11,2024-04-13,wsdc_dump,scheduled,t,190,Nantes,,France,"Nantes, France",132,117,https://www.westynantes.com/,"Nantes, France",Registry Event
9908,197,5280 Westival,2024,3,2024-03-01,2024-03-21,2024-03-25,wsdc_dump,scheduled,t,29,Denver,Colorado,United States,"Denver, CO, United States",71,57,http://www.5280westival.com/,"Denver, CO",Registry Event
10583,318,All Star SwingJam,2024,3,2024-03-01,2024-03-14,2024-03-17,wsdc_dump,scheduled,t,2,San Francisco,California,United States,"San Francisco, CA, United States",79,76,http://www.allstarswingjam.com,"San Francisco, CA",
8161,9,Boston Tea Party,2024,3,2024-03-01,2024-03-21,2024-03-25,wsdc_dump,scheduled,t,8,Boston,Massachusetts,United States,"Boston, MA, United States",120,119,http://teapartyswings.com/,"Boston, MA",Registry Event
10596,324,BTO Open,2024,3,2024-03-01,2024-03-28,2024-03-31,wsdc_dump,scheduled,t,148,Calgary,,Canada,"Calgary, Canada",75,69,https://ctodance.ca/,"Calgary, Canada",
9441,143,High Desert Dance Classic,2024,3,2024-03-01,2024-03-08,2024-03-10,wsdc_dump,scheduled,t,18,Lancaster,California,United States,"Lancaster, CA, United States",88,74,http://www.highdesertdanceclassic.com/,"Lancaster, CA",Registry Event
10499,292,King Swing,2024,3,2024-03-01,2024-03-21,2024-03-25,wsdc_dump,scheduled,t,267,Kraków,,Poland,"Kraków, Poland",125,125,https://kingswing.pl/,"Kraków, Poland",Registry Event
9056,92,MADjam,2024,3,2024-03-01,2024-02-29,2024-03-03,wsdc_dump,scheduled,t,13,Washington,District of Columbia,United States,"Washington, DC, United States",199,191,http://www.atlanticdancejam.com,"Washington, DC, United States",Registry Event
9532,153,Novice Invitational,2024,3,2024-03-01,2024-03-22,2024-03-24,wsdc_dump,scheduled,t,44,Houston,Texas,United States,"Houston, TX, United States",112,110,http://www.htownthrowdownwcs.com/,"Houston, TX",Registry Event
10045,217,San Diego Dance Festival,2024,3,2024-03-01,2024-03-21,2024-03-24,wsdc_dump,scheduled,t,10,San Diego,California,United States,"San Diego, CA, United States",55,51,,"San Diego, CA",
10609,333,Swingvasion,2024,3,2024-03-01,2024-03-01,2024-03-03,wsdc_dump,scheduled,t,242,Wellington,,New Zealand,"Wellington, New Zealand",41,40,https://swingvasion.nz/,"Wellington, New Zealand",Registry Event
9426,142,The Chicago Classic,2024,3,2024-03-01,2024-03-14,2024-03-17,wsdc_dump,scheduled,t,34,Chicago,Illinois,United States,"Chicago, IL, United States",145,131,https://thechicagoclassic.com/,"Chicago, IL",Registry Event
9338,132,Tulsa Spring Swing,2024,3,2024-03-01,2024-03-29,2024-03-31,wsdc_dump,scheduled,t,58,Tulsa,Oklahoma,United States,"Tulsa, OK, United States",65,61,http://www.tulsaspringswing.com/,"Tulsa, OK",Registry Event
9821,186,West in Lyon,2024,3,2024-03-01,2024-03-07,2024-03-10,wsdc_dump,scheduled,t,156,Lyon,,France,"Lyon, France",175,163,http://www.west-in-lyon.fr/,"Lyon, France",Registry Event
10578,314,Westie Spring Thing,2024,3,2024-03-01,2024-03-14,2024-03-16,wsdc_dump,scheduled,t,110,Budapest,,Hungary,"Budapest, Hungary",128,119,https://westiespringthing.com/,"Budapest, Hungary",Registry Event
8217,12,Capital Swing Dance Convention,2024,2,2024-02-01,2024-02-15,2024-02-18,wsdc_dump,scheduled,t,6,Sacramento,California,United States,"Sacramento, CA, United States",125,123,http://www.capitalswingconvention.com/,"Sacramento, CA",Registry Event
10405,273,Charlotte Westie Fest,2024,2,2024-02-01,2024-02-01,2024-02-04,wsdc_dump,scheduled,t,62,Charlotte,North Carolina,United States,"Charlotte, NC, United States",170,157,https://charlottewestiefest.com/,"Charlotte, NC",Registry Event
10396,272,Paris Westie Fest,2024,2,2024-02-01,2024-02-02,2024-02-04,wsdc_dump,scheduled,t,109,Paris,,France,"Paris, France",135,125,http://https//parisswingclassic.com,"Paris, France",Registry Event
10246,244,Rose City Swing,2024,2,2024-02-01,2024-02-22,2024-02-25,wsdc_dump,scheduled,t,4,Portland,Oregon,United States,"Portland, OR, United States",135,130,https://rosecityswing.com/,"Portland, OR",Registry Event
10031,215,Swing & Snow,2024,2,2024-02-01,2024-02-01,2024-02-04,wsdc_dump,scheduled,t,222,St. Petersburg,,Russia,"St. Petersburg, Russia",100,95,http://swingandsnow.ru/,"St. Petersburg, Russia",Registry Event
10305,258,Swingtzerland,2024,2,2024-02-01,2024-02-08,2024-02-11,wsdc_dump,scheduled,t,173,Zürich,,Switzerland,"Zürich, Switzerland",68,66,https://swingtzerland.com/,"Zürich, Switzerland",Registry Event
10556,310,Valentine Swing,2024,2,2024-02-01,2024-02-16,2024-02-18,wsdc_dump,scheduled,t,199,Stockholm,,Sweden,"Stockholm, Sweden",78,73,http://www.valentineswing.dance,"Stockholm, Sweden",Registry Event
10515,297,Winter Coast Swing,2024,2,2024-02-01,2024-02-22,2024-02-25,wsdc_dump,scheduled,t,269,Kuopio,,Finland,"Kuopio, Finland",57,54,https://www.wintercoastswing.com/,"Kuopio, Finland",Registry Event
9920,200,Austin Swing Dance Championships,2024,1,2024-01-01,2024-01-11,2024-01-14,wsdc_dump,scheduled,t,39,Austin,Texas,United States,"Austin, TX, United States",114,113,https://austinswingdance.com/,"Austin, TX",Registry Event
10550,309,Avignon City Swing,2024,1,2024-01-01,2024-01-12,2024-01-14,wsdc_dump,scheduled,t,192,Nimes,,France,"Nimes, France",84,70,https://www.avignoncityswing.com/,"Nimes, France",Registry Event
9801,184,BudaFest Open WCS Championships,2024,1,2024-01-01,2024-01-03,2024-01-07,wsdc_dump,scheduled,t,110,Budapest,,Hungary,"Budapest, Hungary",180,173,http://wcs-budafest.com/,"Budapest, Hungary",Registry Event
10632,334,Countdown Swing Boston,2024,1,2024-01-01,2023-12-28,2024-01-01,wsdc_dump,scheduled,t,8,Boston,Massachusetts,United States,"Boston, MA, United States",121,112,http://countdownswingboston.com/,"Mansfield (Boston), MA, United States",Registry Event
10234,242,Derby City Swing,2024,1,2024-01-01,2024-01-18,2024-01-21,wsdc_dump,scheduled,t,116,Louisville,Kentucky,United States,"Louisville, KY, United States",87,72,https://derbycityswing.com/,"Louisville, KY",Registry Event
8484,42,Floorplay Swing Vacation,2024,1,2024-01-01,2023-12-28,2024-01-01,wsdc_dump,scheduled,t,82,Orlando,Florida,United States,"Orlando, FL, United States",99,96,http://www.floorplayswingvacation.com/,"Orlando, FL",Registry Event
9787,183,Freedom Swing Dance Challenge,2024,1,2024-01-01,2024-01-19,2024-01-21,wsdc_dump,scheduled,t,66,Wilmington,Delaware,United States,"Wilmington, DE, United States",104,97,https://freedomswingdance.com/,"Wilmington, DE, United States",Registry Event
8756,62,Monterey SwingFest,2024,1,2024-01-01,2024-01-10,2024-01-15,wsdc_dump,scheduled,t,1,Monterey,California,United States,"Monterey, CA, United States",114,110,http://www.montereyswing.com/,"Monterey, CA",Registry Event
9412,141,Spotlight New Year's Celebration,2024,1,2024-01-01,2023-12-28,2024-01-01,wsdc_dump,scheduled,t,43,Nashville,Tennessee,United States,"Nashville, TN, United States",137,132,http://www.spotlightnewyears.com/,"Nashville, TN",Registry Event
10534,301,Swing Resolution,2024,1,2024-01-01,2024-01-26,2024-01-29,wsdc_dump,scheduled,t,177,Edinburgh,,United Kingdom,"Edinburgh, United Kingdom",120,108,http://www.swingresolution.com/,"Edinburgh, United Kingdom",Registry Event
9895,196,SwingCouver,2024,1,2024-01-01,2023-12-28,2024-01-01,wsdc_dump,scheduled,t,4,Portland,Oregon,United States,"Portland, OR, United States",121,113,https://swingco.dance/,"Portland, OR",Registry Event
10480,289,SwingVester,2024,1,2024-01-01,2024-12-28,2025-01-02,wsdc_dump,scheduled,t,197,Wels,,Austria,"Wels, Austria",140,130,https://www.swingvester.com/,"Wels, Austria",Registry Event
8906,75,UCWDC Country Dance World Championship,2024,1,2024-01-01,2023-12-31,2024-01-07,wsdc_dump,scheduled,t,21,Dallas,Texas,United States,"Dallas, TX, United States",78,72,http://www.ucwdcworlds.com/,"Dallas, TX",Registry Event
10221,240,Westie Gala,2024,1,2024-01-01,2023-12-28,2024-01-01,wsdc_dump,scheduled,t,199,Stockholm,,Sweden,"Stockholm, Sweden",102,92,http://www.westiegala.com/,"Stockholm, Sweden",Registry Event
10388,271,Berlin Swing Revolution,2023,12,2023-12-01,2023-12-07,2023-12-10,wsdc_dump,scheduled,t,194,Berlin,,Germany,"Berlin, Germany",59,53,https://berlinswingrevolution.com/,"Berlin, Germany",Registry Event
10645,342,Global Grand Prix - West Coast Swing Reunion,2023,12,2023-12-01,2023-12-15,2023-12-18,wsdc_dump,scheduled,t,208,Toulouse,,France,"Toulouse, France",128,121,https://www.globalgrandprixwcs.com/,"Toulouse, France",
10489,290,Shooba Dooba Swing,2023,12,2023-12-01,2023-12-01,2023-12-04,wsdc_dump,scheduled,t,113,Moscow,,Russia,"Moscow, Russia",67,59,https://danceconvention.net/eventdirector/ru/eventpage/6023470-shooba-dooba-swing-2020/info,"Moscow, Russia",
10003,212,The After Party (TAP),2023,12,2023-12-01,2023-11-30,2023-12-03,wsdc_dump,scheduled,t,73,Orange County,California,United States,"Orange County, CA, United States",128,126,http://www.tapwcs.com/,"Orange County, CA",Registry Event
10210,238,Winter White,2023,12,2023-12-01,2023-11-30,2023-12-03,wsdc_dump,scheduled,t,223,Oslo,,Norway,"Oslo, Norway",81,77,http://www.winterwhite.no/,"Oslo, Norway",Registry Event
10371,269,Autumn Swing Challenge,2023,11,2023-11-01,2023-11-10,2023-11-12,wsdc_dump,scheduled,t,110,Budapest,,Hungary,"Budapest, Hungary",107,100,http://www.asc-budapest.com/,"Budapest, Hungary",Registry Event
9021,87,CASH Bash,2023,11,2023-11-01,2023-11-23,2023-11-26,wsdc_dump,scheduled,t,96,Cleveland,Ohio,United States,"Cleveland, OH, United States",41,38,https://cashdanceclub.org/cash-bash/,"Cleveland, OH",Registry Event
9773,181,DC Swing eXperience (DCSX),2023,11,2023-11-01,2023-11-16,2023-11-19,wsdc_dump,scheduled,t,38,Herndon,Virginia,United States,"Herndon, VA, United States",168,155,http://www.dcswingexperience.com,"Herndon, VA, United States",Registry Event
10473,288,Midnight Madness,2023,11,2023-11-01,2023-11-03,2023-11-05,wsdc_dump,scheduled,t,21,Dallas,Texas,United States,"Dallas, TX, United States",102,97,http://www.midnightmadnesswcs.com/,"Dallas, TX",Registry Event
9865,194,Moscow Westie Fest,2023,11,2023-11-01,2023-11-03,2023-11-06,wsdc_dump,scheduled,t,113,Moscow,,Russia,"Moscow, Russia",81,74,http://westiefest.org/,"Moscow, Russia",Registry Event
8438,31,Mountain Magic,2023,11,2023-11-01,2023-11-02,2023-11-05,wsdc_dump,scheduled,t,28,South Lake Tahoe (near Reno),Nevada,United States,"South Lake Tahoe (near Reno), NV, United States",64,59,http://mountainmagic.dance,"South Lake Tahoe (near Reno), NV",
10142,229,Scandinavian Open,2023,11,2023-11-01,2023-11-03,2023-11-05,wsdc_dump,scheduled,t,199,Stockholm,,Sweden,"Stockholm, Sweden",135,126,http://www.snowcs.se/,"Stockholm, Sweden",Registry Event
8965,79,Sea to Sky,2023,11,2023-11-01,2023-11-09,2023-11-12,wsdc_dump,scheduled,t,30,Seattle,Washington,United States,"Seattle, WA, United States",101,96,http://Seatoskywcs.com,"Seattle, WA",
9391,137,Tampa Bay Classic,2023,11,2023-11-01,2023-11-03,2023-11-05,wsdc_dump,scheduled,t,53,Tampa,Florida,United States,"Tampa, FL, United States",68,56,http://www.tbcwcs.com/,"Tampa, FL",Registry Event
8854,68,US Open Swing Dance Championships,2023,11,2023-11-01,2023-11-22,2023-11-26,wsdc_dump,scheduled,t,22,Los Angeles,California,United States,"Los Angeles, CA, United States",150,147,http://www.theopenswing.com/,"Los Angeles, CA",Registry Event
10565,312,Westie Pink City,2023,11,2023-11-01,2023-11-09,2023-11-12,wsdc_dump,scheduled,t,208,Toulouse,,France,"Toulouse, France",110,101,http://www.westiepinkcity.fr/,"Toulouse, France",Registry Event
10380,270,Westie's Angels,2023,11,2023-11-01,2023-11-16,2023-11-20,wsdc_dump,scheduled,t,156,Lyon,,France,"Lyon, France",133,120,http://www.frenchywesty.com/,"Lyon, France",Registry Event
10592,323,Westies on the Water,2023,11,2023-11-01,2023-11-09,2023-11-12,wsdc_dump,scheduled,t,137,Huntsville,Alabama,United States,"Huntsville, AL, United States",75,68,http://rocketcityswing.com/,"Huntsville, Alabama, United States",Registry Event
9990,211,Atlanta Swing Classic,2023,10,2023-10-01,2023-09-28,2023-10-01,wsdc_dump,scheduled,t,25,Atlanta,Georgia,United States,"Atlanta, GA, United States",146,139,https://www.atlantaswingclassic.com/,"Atlanta, GA, United States",Registry Event
8135,8,Boogie By The Bay,2023,10,2023-10-01,2023-10-05,2023-10-08,wsdc_dump,scheduled,t,2,San Francisco,California,United States,"San Francisco, CA, United States",150,146,https://boogiebythebay.com/,"San Francisco, CA",Registry Event
8809,65,Halloween SwingThing,2023,10,2023-10-01,2023-10-26,2023-10-29,wsdc_dump,scheduled,t,24,Costa Mesa,California,United States,"Costa Mesa, CA, United States",128,122,http://hstswing.com/,"Costa Mesa, CA",Registry Event
10587,322,Milan Modern Swing,2023,10,2023-10-01,2023-10-19,2023-10-22,wsdc_dump,scheduled,t,132,Milan,,Italy,"Milan, Italy",121,113,https://www.westcoastswingmilan.com/,"Milan, Italy",Registry Event
9741,178,Montreal Westie Fest,2023,10,2023-10-01,2023-10-19,2023-10-22,wsdc_dump,scheduled,t,86,Montreal,,Canada,"Montreal, Canada",80,75,http://www.montrealwestiefest.com,"Montreal, Canada",Registry Event
9755,179,New Zealand Open Swing Dance Championships,2023,10,2023-10-01,2023-10-13,2023-10-15,wsdc_dump,scheduled,t,168,Auckland,,New Zealand,"Auckland, New Zealand",45,44,https://www.streetswing.co.nz/the-new-zealand-open,"Auckland, New Zealand",Registry Event
8507,43,Paradise Dance Festival,2023,10,2023-10-01,2023-10-19,2023-10-22,wsdc_dump,scheduled,t,19,Irvine,California,United States,"Irvine, CA, United States",84,77,https://paradisecountrydancefestival.com/,"Irvine, CA",Registry Event
10602,330,Simply Adelaide West Coast Swing,2023,10,2023-10-01,2023-10-26,2023-10-29,wsdc_dump,scheduled,t,236,Adelaide,,Australia,"Adelaide, Australia",59,54,http://www.simplyadelaidewcs.com.au/,"Adelaide, Australia",Registry Event
9286,125,Swing City Chicago,2023,10,2023-10-01,2023-10-26,2023-10-29,wsdc_dump,scheduled,t,34,Chicago,Illinois,United States,"Chicago, IL, United States",130,122,https://swingcitychicago.com/,"Chicago, IL",Registry Event
10355,267,Swustlicious,2023,10,2023-10-01,2023-10-20,2023-10-22,wsdc_dump,scheduled,t,149,Philadelphia,Pennsylvania,United States,"Philadelphia, PA, United States",92,80,http://www.swustlicious.com/,"Philadelphia, PA",Registry Event
10196,236,Warsaw Halloween Swing,2023,10,2023-10-01,2023-10-26,2023-10-29,wsdc_dump,scheduled,t,155,Warsaw,,Poland,"Warsaw, Poland",130,126,http://www.warsawhalloweenswing.com/,"Warsaw, Poland",Registry Event
10463,286,WCS Festival,2023,10,2023-10-01,2023-10-12,2023-10-15,wsdc_dump,scheduled,t,127,Düsseldorf,,Germany,"Düsseldorf, Germany",132,116,http://www.wcsfestival.com/,"Düsseldorf, Germany",Registry Event
10171,233,Bavarian Open,2023,9,2023-09-01,2023-08-31,2023-09-03,wsdc_dump,scheduled,t,129,Munich,,Germany,"Munich, Germany",137,128,https://bavarianopen.com/,"Munich, Germany",Registry Event
9659,167,Best of the Best WCS,2023,9,2023-09-01,2023-09-14,2023-09-18,wsdc_dump,scheduled,t,117,Sydney,,Australia,"Sydney, Australia",53,44,https://www.bestofthebestwcs.com/,"Sydney, Australia",Registry Event
8184,10,Bridgetown Swing Boogie,2023,9,2023-09-01,2023-09-21,2023-09-24,wsdc_dump,scheduled,t,74,Vancouver,Washington,United States,"Vancouver, WA, United States",109,102,,"Vancouver, WA",
9372,135,Desert City Swing,2023,9,2023-09-01,2023-08-31,2023-09-04,wsdc_dump,scheduled,t,3,Phoenix,Arizona,United States,"Phoenix, AZ, United States",126,126,https://www.desertcityswing.com/,"Phoenix, AZ",Registry Event
10275,254,Finnfest,2023,9,2023-09-01,2023-09-22,2023-09-25,wsdc_dump,scheduled,t,204,Helsinki,,Finland,"Helsinki, Finland",101,91,https://finnfest.fi/,"Helsinki, Finland",Registry Event
10362,268,Korea Westival,2023,9,2023-09-01,2023-09-22,2023-09-24,wsdc_dump,scheduled,t,213,Jeju,,Republic of Korea,"Jeju, Republic of Korea",60,51,http://koreawestival.com,"Jeju, Republic of Korea",
9322,131,Meet Me In St Louis,2023,9,2023-09-01,2023-09-21,2023-09-25,wsdc_dump,scheduled,t,49,St. Louis,Missouri,United States,"St. Louis, MO, United States",83,80,http://Www.mmisl.com,"St. Louis, MO",
9637,165,Midland Swing Open,2023,9,2023-09-01,2023-09-21,2023-09-24,wsdc_dump,scheduled,t,107,London,,United Kingdom,"London, United Kingdom",116,101,https://www.midlandswingopen.com/,"London, United Kingdom",Registry Event
9729,177,River City Swing,2023,9,2023-09-01,2023-08-31,2023-09-03,wsdc_dump,scheduled,t,98,Jacksonville,Florida,United States,"Jacksonville, FL, United States",75,69,http://www.floridadanceevents.com,"Jacksonville, FL",
10571,313,Rolling Swing,2023,9,2023-09-01,2023-08-31,2023-09-04,wsdc_dump,scheduled,t,156,Lyon,,France,"Lyon, France",123,112,http://www.frenchywesty.com/,"Lyon, France",
8584,48,South Bay Dance Fling,2023,9,2023-09-01,2023-08-31,2023-09-04,wsdc_dump,scheduled,t,16,San Jose,California,United States,"San Jose, CA, United States",63,57,http://www.SBDF.dance,"San Jose, CA",
10154,231,Trilogy Swing,2023,9,2023-09-01,2023-09-07,2023-09-10,wsdc_dump,scheduled,t,63,Raleigh,North Carolina,United States,"Raleigh, NC, United States",160,149,https://trilogywcs.com/,"Raleigh, NC",Registry Event
8943,77,Arizona Dance Classic,2023,8,2023-08-01,2023-08-04,2023-08-06,wsdc_dump,scheduled,t,3,Phoenix,Arizona,United States,"Phoenix, AZ, United States",46,42,https://arizonadanceclassic.com/,"Phoenix, AZ",Registry Event
9224,119,Chicagoland Country and Swing Dance Festival,2023,8,2023-08-01,2023-08-18,2023-08-20,wsdc_dump,scheduled,t,34,Chicago,Illinois,United States,"Chicago, IL, United States",61,60,https://chicagolanddancefestival.com/,"Chicago, IL",Registry Event
10445,282,German Open,2023,8,2023-08-01,2023-08-03,2023-08-06,wsdc_dump,scheduled,t,143,Freiburg,,Germany,"Freiburg, Germany",145,134,http://www.go-wcs.com,"Freiburg, Germany",
10453,283,Kazan EL Fest,2023,8,2023-08-01,2023-08-10,2023-08-13,wsdc_dump,scheduled,t,263,Kazan,,Russia,"Kazan, Russia",51,51,,"Kazan, Russia",
9244,120,Lone Star Invitational,2023,8,2023-08-01,2023-08-11,2023-08-13,wsdc_dump,scheduled,t,39,Austin,Texas,United States,"Austin, TX, United States",58,57,,"Austin, TX",
9579,157,New England Dance Festival,2023,8,2023-08-01,2023-08-03,2023-08-06,wsdc_dump,scheduled,t,70,Newton,Massachusetts,United States,"Newton (Boston), MA, United States",51,49,http://www.nedancefestival.com,"Newton (Boston), MA, United States",Registry Event
9622,164,Sea Sun and Swing,2023,8,2023-08-01,2023-08-03,2023-08-06,wsdc_dump,scheduled,t,158,La Grande Motte,,France,"La Grande Motte, France",83,73,https://www.seasunswing.fr/,"La Grande Motte, France",
10520,298,Shakedown Swing,2023,8,2023-08-01,2023-08-25,2023-08-27,wsdc_dump,scheduled,t,260,Christchurch,,New Zealand,"Christchurch, New Zealand",36,34,http://www.code03swing.com/shakedown,"Christchurch, New Zealand",
8700,59,Swing Fling,2023,8,2023-08-01,2023-08-10,2023-08-14,wsdc_dump,scheduled,t,38,Herndon,Virginia,United States,"Herndon, VA, United States",162,140,http://www.swingfling.com,"Herndon, VA, United States",Registry Event
10129,227,Swingtacular: The Galactic Open,2023,8,2023-08-01,2023-08-03,2023-08-06,wsdc_dump,scheduled,t,2,San Francisco,California,United States,"San Francisco, CA, United States",130,128,http://www.swingtacular.art/,"San Francisco, CA",Registry Event
8559,47,SwingTime Denver,2023,8,2023-08-01,2023-08-17,2023-08-21,wsdc_dump,scheduled,t,29,Denver,Colorado,United States,"Denver, CO, United States",118,118,http://www.swingtimewcs.com/,"Denver, CO, United States",Registry Event
10340,264,UpTown Swing,2023,8,2023-08-01,2023-08-11,2023-08-14,wsdc_dump,scheduled,t,199,Stockholm,,Sweden,"Stockholm, Sweden",111,98,http://www.uptownswing.se/,"Stockholm, Sweden",Registry Event
8080,1,4TH of July Convention,2023,7,2023-07-01,2023-06-30,2023-07-04,wsdc_dump,scheduled,t,3,Phoenix,Arizona,United States,"Phoenix, AZ, United States",113,111,http://phoenix4thofjuly.com,"Phoenix, AZ",
10427,278,Americano Dance Camp,2023,7,2023-07-01,2023-07-06,2023-07-10,wsdc_dump,scheduled,t,252,Samara,,Russia,"Samara, Russia",72,64,https://t.me/americamodancecamp https://vk.com/americano2025,"Samara, Russia",
9563,156,Big Apple Dance Festival,2023,7,2023-07-01,2023-07-06,2023-07-09,wsdc_dump,scheduled,t,140,Morristown,New Jersey,United States,"Morristown, NJ, United States",31,29,http://bigapplecountrydance.com/,"Morristown, NJ",
9492,148,Dance Mardi Gras,2023,7,2023-07-01,2023-07-20,2023-07-23,wsdc_dump,scheduled,t,57,New Orleans,Louisiana,United States,"New Orleans, LA, United States",56,50,http://www.dancemardigras.com,"New Orleans, LA",
10285,255,Indy Dance Explosion,2023,7,2023-07-01,2023-06-29,2023-07-02,wsdc_dump,scheduled,t,138,Fort Wayne,Indiana,United States,"Fort Wayne, IN, United States",44,39,http://www.indydancex.com,"Fort Wayne, IN",
9089,96,Liberty Swing Dance Championships,2023,7,2023-07-01,2023-06-29,2023-07-02,wsdc_dump,scheduled,t,41,New Brunswick,New Jersey,United States,"New Brunswick, NJ, United States",164,156,http://www.libertyswing.com/,"New Brunswick, NJ",Registry Event
10101,224,Midwest Westie Fest,2023,7,2023-07-01,2023-07-13,2023-07-16,wsdc_dump,scheduled,t,48,Overland Park,Kansas,United States,"Overland Park, KS, United States",92,88,http://www.midwestwestiefest.com/,"Overland Park, KS",Registry Event
10323,261,Neverland Swing,2023,7,2023-07-01,2023-06-29,2023-07-03,wsdc_dump,scheduled,t,191,Amsterdam,,Netherlands,"Amsterdam, Netherlands",74,65,http://www.neverlandswing.com/,"Amsterdam, Netherlands",Registry Event
10543,303,Odyssey West Coast Swing,2023,7,2023-07-01,2023-07-21,2023-07-23,wsdc_dump,scheduled,t,169,Gold Coast,,Australia,"Gold Coast, Australia",50,41,http://www.odysseywcs.dance,"Gold Coast, Australia",
10293,256,Rock the Barn,2023,7,2023-07-01,2023-07-21,2023-07-23,wsdc_dump,scheduled,t,215,Umeå,,Sweden,"Umeå, Sweden",58,57,https://rockthebarn.se/,"Umeå, Sweden",
10436,280,Saint Petersburg WCS Nights,2023,7,2023-07-01,2023-07-20,2023-07-23,wsdc_dump,scheduled,t,222,St. Petersburg,,Russia,"St. Petersburg, Russia",74,71,http://wcsnights.ru,"St. Petersburg, Russia",Registry Event
10605,331,Swing Fiction,2023,7,2023-07-01,2023-06-30,2023-07-02,wsdc_dump,scheduled,t,266,Brno,,Czech Republic,"Brno, Czech Republic",85,83,https://swingfiction.cz/,"Brno, Czech Republic",
9478,147,Toronto Open Swing & Hustle Championships,2023,7,2023-07-01,2023-07-13,2023-07-16,wsdc_dump,scheduled,t,105,Toronto,,Canada,"Toronto, Canada",56,52,http://www.TOSHC.com,"Toronto, Canada",
10113,225,Wild Wild Westie,2023,7,2023-07-01,2023-07-06,2023-07-09,wsdc_dump,scheduled,t,21,Dallas,Texas,United States,"Dallas, TX, United States",175,173,http://www.WildWildWestie.com,"Dallas, TX",
10090,222,Baltic Swing,2023,6,2023-06-01,2023-06-15,2023-06-19,wsdc_dump,scheduled,t,186,Gdańsk,,Poland,"Gdańsk, Poland",107,105,http://www.balticswing.com,"Gdańsk, Poland",Registry Event
10070,220,D-Town Swing,2023,6,2023-06-01,2023-06-23,2023-06-25,wsdc_dump,scheduled,t,127,Düsseldorf,,Germany,"Düsseldorf, Germany",141,128,http://www.d-townswing.com/,"Düsseldorf, Germany",Registry Event
9959,206,Hungarian Open,2023,6,2023-06-01,2023-06-02,2023-06-04,wsdc_dump,scheduled,t,110,Budapest,,Hungary,"Budapest, Hungary",84,80,https://wcs-ho.com/,"Budapest, Hungary",Registry Event
8384,25,J&J O'Rama,2023,6,2023-06-01,2023-06-08,2023-06-12,wsdc_dump,scheduled,t,23,Anaheim,California,United States,"Anaheim, CA, United States",143,140,https://jackandjillorama.com/,"Anaheim, CA",
9202,117,Orange Blossom Dance Festival,2023,6,2023-06-01,2023-06-01,2023-06-04,wsdc_dump,scheduled,t,82,Orlando,Florida,United States,"Orlando, FL, United States",58,55,http://www.orangeblossomdance.net/,"Orlando, FL",Registry Event
9605,162,Swingapalooza,2023,6,2023-06-01,2023-06-16,2023-06-18,wsdc_dump,scheduled,t,40,Baton Rouge,Louisiana,United States,"Baton Rouge, LA, United States",91,86,http://www.swingapaloozaevent.com/,"Baton Rouge, LA",Registry Event
9134,105,Canadian Swing Championships,2023,5,2023-05-01,2023-05-19,2023-05-22,wsdc_dump,scheduled,t,86,Montreal,,Canada,"Montreal, Canada",57,54,http://www.canadianswingchampionships.com,"Montreal, Canada",
9716,175,French Open West Coast Swing,2023,5,2023-05-01,2023-05-18,2023-05-22,wsdc_dump,scheduled,t,109,Paris,,France,"Paris, France",169,156,http://www.fowcs.com/,"Paris, France",Registry Event
10265,253,Nordic WCS Championships,2023,5,2023-05-01,2023-04-28,2023-05-01,wsdc_dump,scheduled,t,199,Stockholm,,Sweden,"Stockholm, Sweden",100,97,http://www.nordicwcschamps.com/,"Stockholm, Sweden",Registry Event
9948,205,SOswing,2023,5,2023-05-01,2023-05-18,2023-05-21,wsdc_dump,scheduled,t,88,Ashland,Oregon,United States,"Ashland, OR, United States",105,98,http://wwww.soswingdance.com/,"Ashland, OR",Registry Event
9355,134,Swing Dance America,2023,5,2023-05-01,2023-04-27,2023-05-01,wsdc_dump,scheduled,t,89,Lake Geneva,Illinois,United States,"Lake Geneva, IL, United States",58,55,,"Lake Geneva, IL",
9702,174,Swingsation,2023,5,2023-05-01,2023-05-12,2023-05-14,wsdc_dump,scheduled,t,169,Gold Coast,,Australia,"Gold Coast, Australia",46,44,https://rawconnection.com.au/swingsation/,"Gold Coast, Australia",Registry Event
9261,121,The Texas Classic,2023,5,2023-05-01,2023-05-12,2023-05-14,wsdc_dump,scheduled,t,39,Austin,Texas,United States,"Austin, TX, United States",60,57,http://Www.thetexasclassic.com,"Austin, TX",
10560,311,TLV SwingFest,2023,5,2023-05-01,2023-05-12,2023-05-14,wsdc_dump,scheduled,t,147,Tel Aviv,,Israel,"Tel Aviv, Israel",67,65,http://www.tlv-swingfest.com/,"Tel Aviv, Israel",
8353,22,USA Grand Nationals,2023,5,2023-05-01,2023-05-25,2023-05-29,wsdc_dump,scheduled,t,25,Atlanta,Georgia,United States,"Atlanta, GA, United States",157,141,http://www.usagrandnationals.com/,"Atlanta, GA, United States",Registry Event
10053,218,Asia West Coast Swing Open,2023,4,2023-04-01,2023-04-20,2023-04-23,wsdc_dump,scheduled,t,159,Singapore,,Singapore,"Singapore, Singapore",93,91,https://asiawcsopen.com/,"Singapore, Singapore",Registry Event
10595,324,BTO Open,2023,4,2023-04-01,2023-03-30,2023-04-02,wsdc_dump,scheduled,t,148,Calgary,,Canada,"Calgary, Canada",62,56,https://ctodance.ca/,"Calgary, Canada",
9833,187,City of Angels WCS,2023,4,2023-04-01,2023-03-30,2023-04-02,wsdc_dump,scheduled,t,54,Burbank,California,United States,"Burbank, CA, United States",135,131,https://cityofangelswcs.com/,"Burbank, CA",Registry Event
9935,203,Detonation Dance,2023,4,2023-04-01,2023-04-20,2023-04-23,wsdc_dump,scheduled,t,166,Manchester,,United Kingdom,"Manchester, United Kingdom",86,70,https://www.detonationdance.com/,"Manchester, United Kingdom",Registry Event
8286,18,Easter Swing,2023,4,2023-04-01,2023-04-06,2023-04-09,wsdc_dump,scheduled,t,30,Seattle,Washington,United States,"Seattle, WA, United States",160,154,https://easterswing.org/,"Seattle, WA, United States",Registry Event
9977,210,Korean Open WCS Championships,2023,4,2023-04-01,2023-04-14,2023-04-16,wsdc_dump,scheduled,t,172,Incheon,,Republic of Korea,"Incheon, Republic of Korea",72,72,https://www.kopenwcs.com/,"Incheon, Republic of Korea",Registry Event
10313,259,Swingover,2023,4,2023-04-01,2023-04-14,2023-04-16,wsdc_dump,scheduled,t,82,Orlando,Florida,United States,"Orlando, FL, United States",110,104,http://swingoverevent.com/,"Orlando, FL",Registry Event
10505,293,Westy Nantes,2023,4,2023-04-01,2023-04-14,2023-04-16,wsdc_dump,scheduled,t,190,Nantes,,France,"Nantes, France",125,111,https://www.westynantes.com/,"Nantes, France",Registry Event
9907,197,5280 Westival,2023,3,2023-03-01,2023-03-23,2023-03-27,wsdc_dump,scheduled,t,29,Denver,Colorado,United States,"Denver, CO, United States",63,52,http://www.5280westival.com/,"Denver, CO",Registry Event
10582,318,All Star SwingJam,2023,3,2023-03-01,2023-03-16,2023-03-19,wsdc_dump,scheduled,t,2,San Francisco,California,United States,"San Francisco, CA, United States",99,90,http://www.allstarswingjam.com,"San Francisco, CA",
10412,275,Dutch Open West Coast Swing,2023,3,2023-03-01,2023-03-23,2023-03-26,wsdc_dump,scheduled,t,227,Venray,,Netherlands,"Venray, Netherlands",65,60,http://www.dutchopenwcs.com/,"Venray, Netherlands",Registry Event
10498,292,King Swing,2023,3,2023-03-01,2023-03-16,2023-03-19,wsdc_dump,scheduled,t,267,Kraków,,Poland,"Kraków, Poland",115,113,https://kingswing.pl/,"Kraków, Poland",Registry Event
9055,92,MADjam,2023,3,2023-03-01,2023-03-02,2023-03-06,wsdc_dump,scheduled,t,13,Washington,District of Columbia,United States,"Washington, DC, United States",194,185,http://www.atlanticdancejam.com,"Washington, DC, United States",Registry Event
9531,153,Novice Invitational,2023,3,2023-03-01,2023-03-24,2023-03-26,wsdc_dump,scheduled,t,44,Houston,Texas,United States,"Houston, TX, United States",96,93,http://www.htownthrowdownwcs.com/,"Houston, TX",Registry Event
9425,142,The Chicago Classic,2023,3,2023-03-01,2023-03-16,2023-03-19,wsdc_dump,scheduled,t,34,Chicago,Illinois,United States,"Chicago, IL, United States",134,123,https://thechicagoclassic.com/,"Chicago, IL",Registry Event
9820,186,West in Lyon,2023,3,2023-03-01,2023-03-09,2023-03-12,wsdc_dump,scheduled,t,156,Lyon,,France,"Lyon, France",153,141,http://www.west-in-lyon.fr/,"Lyon, France",Registry Event
10577,314,Westie Spring Thing,2023,3,2023-03-01,2023-03-09,2023-03-12,wsdc_dump,scheduled,t,110,Budapest,,Hungary,"Budapest, Hungary",113,103,https://westiespringthing.com/,"Budapest, Hungary",Registry Event
8216,12,Capital Swing Dance Convention,2023,2,2023-02-01,2023-02-16,2023-02-19,wsdc_dump,scheduled,t,6,Sacramento,California,United States,"Sacramento, CA, United States",120,118,http://www.capitalswingconvention.com/,"Sacramento, CA",Registry Event
10404,273,Charlotte Westie Fest,2023,2,2023-02-01,2023-02-02,2023-02-05,wsdc_dump,scheduled,t,62,Charlotte,North Carolina,United States,"Charlotte, NC, United States",140,136,https://charlottewestiefest.com/,"Charlotte, NC",Registry Event
10395,272,Paris Westie Fest,2023,2,2023-02-01,2023-02-03,2023-02-05,wsdc_dump,scheduled,t,109,Paris,,France,"Paris, France",120,118,http://https//parisswingclassic.com,"Paris, France",Registry Event
10245,244,Rose City Swing,2023,2,2023-02-01,2023-02-23,2023-02-26,wsdc_dump,scheduled,t,4,Portland,Oregon,United States,"Portland, OR, United States",125,112,https://rosecityswing.com/,"Portland, OR",Registry Event
10030,215,Swing & Snow,2023,2,2023-02-01,2023-02-02,2023-02-05,wsdc_dump,scheduled,t,222,St. Petersburg,,Russia,"St. Petersburg, Russia",95,88,http://swingandsnow.ru/,"St. Petersburg, Russia",Registry Event
10555,310,Valentine Swing,2023,2,2023-02-01,2023-02-17,2023-02-19,wsdc_dump,scheduled,t,199,Stockholm,,Sweden,"Stockholm, Sweden",66,63,http://www.valentineswing.dance,"Stockholm, Sweden",Registry Event
10539,302,WesterOz Swing,2023,2,2023-02-01,2023-02-10,2023-02-12,wsdc_dump,scheduled,t,253,Perth,,Australia,"Perth, Australia",26,24,http://magneticdance.com.au/westeroz,"Perth, Australia",
10514,297,Winter Coast Swing,2023,2,2023-02-01,2023-02-23,2023-02-26,wsdc_dump,scheduled,t,269,Kuopio,,Finland,"Kuopio, Finland",42,41,https://www.wintercoastswing.com/,"Kuopio, Finland",Registry Event
10549,309,Avignon City Swing,2023,1,2023-01-01,2023-01-06,2023-01-08,wsdc_dump,scheduled,t,192,Nimes,,France,"Nimes, France",82,74,https://www.avignoncityswing.com/,"Nimes, France",Registry Event
9800,184,BudaFest Open WCS Championships,2023,1,2023-01-01,2023-01-11,2023-01-15,wsdc_dump,scheduled,t,110,Budapest,,Hungary,"Budapest, Hungary",172,165,http://wcs-budafest.com/,"Budapest, Hungary",Registry Event
10631,334,Countdown Swing Boston,2023,1,2023-01-01,2022-12-29,2023-01-02,wsdc_dump,scheduled,t,8,Boston,Massachusetts,United States,"Boston, MA, United States",125,117,http://countdownswingboston.com/,"Mansfield (Boston), MA, United States",Registry Event
10233,242,Derby City Swing,2023,1,2023-01-01,2023-01-19,2023-01-22,wsdc_dump,scheduled,t,116,Louisville,Kentucky,United States,"Louisville, KY, United States",106,97,https://derbycityswing.com/,"Louisville, KY",Registry Event
8483,42,Floorplay Swing Vacation,2023,1,2023-01-01,2022-12-29,2023-01-01,wsdc_dump,scheduled,t,82,Orlando,Florida,United States,"Orlando, FL, United States",131,122,http://www.floorplayswingvacation.com/,"Orlando, FL",Registry Event
9786,183,Freedom Swing Dance Challenge,2023,1,2023-01-01,2023-01-20,2023-01-22,wsdc_dump,scheduled,t,66,Wilmington,Delaware,United States,"Wilmington, DE, United States",80,72,https://freedomswingdance.com/,"Wilmington, DE, United States",Registry Event
8755,62,Monterey SwingFest,2023,1,2023-01-01,2023-01-11,2023-01-16,wsdc_dump,scheduled,t,1,Monterey,California,United States,"Monterey, CA, United States",110,103,http://www.montereyswing.com/,"Monterey, CA",Registry Event
10533,301,Swing Resolution,2023,1,2023-01-01,2023-01-20,2023-01-23,wsdc_dump,scheduled,t,177,Edinburgh,,United Kingdom,"Edinburgh, United Kingdom",72,59,http://www.swingresolution.com/,"Edinburgh, United Kingdom",Registry Event
9894,196,SwingCouver,2023,1,2023-01-01,2022-12-29,2023-01-01,wsdc_dump,scheduled,t,4,Portland,Oregon,United States,"Portland, OR, United States",107,104,https://swingco.dance/,"Portland, OR",Registry Event
10479,289,SwingVester,2023,1,2023-01-01,2022-12-29,2023-01-02,wsdc_dump,scheduled,t,197,Wels,,Austria,"Wels, Austria",127,121,https://www.swingvester.com/,"Wels, Austria",Registry Event
8905,75,UCWDC Country Dance World Championship,2023,1,2023-01-01,2023-01-01,2023-01-08,wsdc_dump,scheduled,t,21,Dallas,Texas,United States,"Dallas, TX, United States",84,70,http://www.ucwdcworlds.com/,"Dallas, TX",Registry Event
10220,240,Westie Gala,2023,1,2023-01-01,2023-01-06,2023-01-09,wsdc_dump,scheduled,t,199,Stockholm,,Sweden,"Stockholm, Sweden",85,77,http://www.westiegala.com/,"Stockholm, Sweden",Registry Event
10387,271,Berlin Swing Revolution,2022,12,2022-12-01,2022-12-08,2022-12-11,wsdc_dump,scheduled,t,194,Berlin,,Germany,"Berlin, Germany",65,61,https://berlinswingrevolution.com/,"Berlin, Germany",Registry Event
10488,290,Shooba Dooba Swing,2022,12,2022-12-01,2022-12-23,2022-12-25,wsdc_dump,scheduled,t,113,Moscow,,Russia,"Moscow, Russia",56,56,https://danceconvention.net/eventdirector/ru/eventpage/6023470-shooba-dooba-swing-2020/info,"Moscow, Russia",
10013,213,Swingtimate,2022,12,2022-12-01,2022-12-09,2022-12-11,wsdc_dump,scheduled,t,169,Gold Coast,,Australia,"Gold Coast, Australia",33,32,https://rawconnection.com.au/swingtimate/,"Gold Coast, Australia",
10002,212,The After Party (TAP),2022,12,2022-12-01,2022-12-01,2022-12-04,wsdc_dump,scheduled,t,73,Orange County,California,United States,"Orange County, CA, United States",128,126,http://www.tapwcs.com/,"Orange County, CA",Registry Event
10209,238,Winter White,2022,12,2022-12-01,2022-12-01,2022-12-05,wsdc_dump,scheduled,t,223,Oslo,,Norway,"Oslo, Norway",73,72,http://www.winterwhite.no/,"Oslo, Norway",Registry Event
10370,269,Autumn Swing Challenge,2022,11,2022-11-01,2022-11-11,2022-11-13,wsdc_dump,scheduled,t,110,Budapest,,Hungary,"Budapest, Hungary",83,80,http://www.asc-budapest.com/,"Budapest, Hungary",Registry Event
9020,87,CASH Bash,2022,11,2022-11-01,2022-11-24,2022-11-27,wsdc_dump,scheduled,t,96,Cleveland,Ohio,United States,"Cleveland, OH, United States",55,46,https://cashdanceclub.org/cash-bash/,"Cleveland, OH",Registry Event
9772,181,DC Swing eXperience (DCSX),2022,11,2022-11-01,2022-11-17,2022-11-21,wsdc_dump,scheduled,t,38,Herndon,Virginia,United States,"Herndon, VA, United States",141,132,http://www.dcswingexperience.com,"Herndon, VA, United States",Registry Event
10472,288,Midnight Madness,2022,11,2022-11-01,2022-11-04,2022-11-06,wsdc_dump,scheduled,t,21,Dallas,Texas,United States,"Dallas, TX, United States",110,102,http://www.midnightmadnesswcs.com/,"Dallas, TX",Registry Event
9864,194,Moscow Westie Fest,2022,11,2022-11-01,2022-11-04,2022-11-06,wsdc_dump,scheduled,t,113,Moscow,,Russia,"Moscow, Russia",57,57,http://westiefest.org/,"Moscow, Russia",Registry Event
8437,31,Mountain Magic,2022,11,2022-11-01,2022-11-03,2022-11-06,wsdc_dump,scheduled,t,28,South Lake Tahoe (near Reno),Nevada,United States,"South Lake Tahoe (near Reno), NV, United States",74,65,http://mountainmagic.dance,"South Lake Tahoe (near Reno), NV",
10141,229,Scandinavian Open,2022,11,2022-11-01,2022-11-03,2022-11-06,wsdc_dump,scheduled,t,199,Stockholm,,Sweden,"Stockholm, Sweden",118,116,http://www.snowcs.se/,"Stockholm, Sweden",Registry Event
10601,330,Simply Adelaide West Coast Swing,2022,11,2022-11-01,2022-11-04,2022-11-06,wsdc_dump,scheduled,t,236,Adelaide,,Australia,"Adelaide, Australia",54,47,http://www.simplyadelaidewcs.com.au/,"Adelaide, Australia",Registry Event
8853,68,US Open Swing Dance Championships,2022,11,2022-11-01,2022-11-23,2022-11-27,wsdc_dump,scheduled,t,22,Los Angeles,California,United States,"Los Angeles, CA, United States",142,135,http://www.theopenswing.com/,"Los Angeles, CA",Registry Event
10564,312,Westie Pink City,2022,11,2022-11-01,2022-11-18,2022-11-20,wsdc_dump,scheduled,t,208,Toulouse,,France,"Toulouse, France",75,74,http://www.westiepinkcity.fr/,"Toulouse, France",Registry Event
10379,270,Westie's Angels,2022,11,2022-11-01,2022-11-10,2022-11-14,wsdc_dump,scheduled,t,156,Lyon,,France,"Lyon, France",117,115,http://www.frenchywesty.com/,"Lyon, France",Registry Event
10591,323,Westies on the Water,2022,11,2022-11-01,2022-11-10,2022-11-13,wsdc_dump,scheduled,t,137,Huntsville,Alabama,United States,"Huntsville, AL, United States",43,39,http://rocketcityswing.com/,"Huntsville, Alabama, United States",Registry Event
9989,211,Atlanta Swing Classic,2022,10,2022-10-01,2022-09-29,2022-10-02,wsdc_dump,scheduled,t,25,Atlanta,Georgia,United States,"Atlanta, GA, United States",143,137,https://www.atlantaswingclassic.com/,"Atlanta, GA, United States",Registry Event
8134,8,Boogie By The Bay,2022,10,2022-10-01,2022-10-06,2022-10-09,wsdc_dump,scheduled,t,2,San Francisco,California,United States,"San Francisco, CA, United States",125,122,https://boogiebythebay.com/,"San Francisco, CA",Registry Event
8808,65,Halloween SwingThing,2022,10,2022-10-01,2022-10-27,2022-10-30,wsdc_dump,scheduled,t,24,Costa Mesa,California,United States,"Costa Mesa, CA, United States",120,118,http://hstswing.com/,"Costa Mesa, CA",Registry Event
9636,165,Midland Swing Open,2022,10,2022-10-01,2022-09-29,2022-10-03,wsdc_dump,scheduled,t,107,London,,United Kingdom,"London, United Kingdom",65,61,https://www.midlandswingopen.com/,"London, United Kingdom",Registry Event
10586,322,Milan Modern Swing,2022,10,2022-10-01,2022-10-13,2022-10-16,wsdc_dump,scheduled,t,132,Milan,,Italy,"Milan, Italy",82,81,https://www.westcoastswingmilan.com/,"Milan, Italy",Registry Event
9754,179,New Zealand Open Swing Dance Championships,2022,10,2022-10-01,2022-10-14,2022-10-16,wsdc_dump,scheduled,t,168,Auckland,,New Zealand,"Auckland, New Zealand",34,34,https://www.streetswing.co.nz/the-new-zealand-open,"Auckland, New Zealand",Registry Event
8506,43,Paradise Dance Festival,2022,10,2022-10-01,2022-10-20,2022-10-23,wsdc_dump,scheduled,t,19,Irvine,California,United States,"Irvine, CA, United States",70,66,https://paradisecountrydancefestival.com/,"Irvine, CA",Registry Event
9285,125,Swing City Chicago,2022,10,2022-10-01,2022-10-20,2022-10-23,wsdc_dump,scheduled,t,34,Chicago,Illinois,United States,"Chicago, IL, United States",120,114,https://swingcitychicago.com/,"Chicago, IL",Registry Event
10354,267,Swustlicious,2022,10,2022-10-01,2022-10-14,2022-10-16,wsdc_dump,scheduled,t,149,Philadelphia,Pennsylvania,United States,"Philadelphia, PA, United States",56,50,http://www.swustlicious.com/,"Philadelphia, PA",Registry Event
10195,236,Warsaw Halloween Swing,2022,10,2022-10-01,2022-10-27,2022-10-31,wsdc_dump,scheduled,t,155,Warsaw,,Poland,"Warsaw, Poland",116,113,http://www.warsawhalloweenswing.com/,"Warsaw, Poland",Registry Event
10462,286,WCS Festival,2022,10,2022-10-01,2022-10-14,2022-10-16,wsdc_dump,scheduled,t,127,Düsseldorf,,Germany,"Düsseldorf, Germany",86,81,http://www.wcsfestival.com/,"Düsseldorf, Germany",Registry Event
10170,233,Bavarian Open,2022,9,2022-09-01,2022-09-08,2022-09-11,wsdc_dump,scheduled,t,129,Munich,,Germany,"Munich, Germany",117,112,https://bavarianopen.com/,"Munich, Germany",Registry Event
9658,167,Best of the Best WCS,2022,9,2022-09-01,2022-09-22,2022-09-25,wsdc_dump,scheduled,t,117,Sydney,,Australia,"Sydney, Australia",44,41,https://www.bestofthebestwcs.com/,"Sydney, Australia",Registry Event
8183,10,Bridgetown Swing Boogie,2022,9,2022-09-01,2022-09-22,2022-09-25,wsdc_dump,scheduled,t,74,Vancouver,Washington,United States,"Vancouver, WA, United States",88,82,,"Vancouver, WA",
9371,135,Desert City Swing,2022,9,2022-09-01,2022-09-01,2022-09-05,wsdc_dump,scheduled,t,3,Phoenix,Arizona,United States,"Phoenix, AZ, United States",129,126,https://www.desertcityswing.com/,"Phoenix, AZ",Registry Event
10274,254,Finnfest,2022,9,2022-09-01,2022-09-23,2022-09-25,wsdc_dump,scheduled,t,204,Helsinki,,Finland,"Helsinki, Finland",66,63,https://finnfest.fi/,"Helsinki, Finland",Registry Event
9321,131,Meet Me In St Louis,2022,9,2022-09-01,2022-09-22,2022-09-25,wsdc_dump,scheduled,t,49,St. Louis,Missouri,United States,"St. Louis, MO, United States",80,77,http://Www.mmisl.com,"St. Louis, MO",
10182,234,Philly Swing Classic,2022,9,2022-09-01,2022-09-16,2022-09-18,wsdc_dump,scheduled,t,66,Wilmington,Delaware,United States,"Wilmington, DE, United States",69,65,http://www.phillyswing.com,"Wilmington, DE, United States",
10570,313,Rolling Swing,2022,9,2022-09-01,2022-09-02,2022-09-04,wsdc_dump,scheduled,t,156,Lyon,,France,"Lyon, France",99,96,http://www.frenchywesty.com/,"Lyon, France",
8583,48,South Bay Dance Fling,2022,9,2022-09-01,2022-09-01,2022-09-05,wsdc_dump,scheduled,t,16,San Jose,California,United States,"San Jose, CA, United States",34,32,http://www.SBDF.dance,"San Jose, CA",
10153,231,Trilogy Swing,2022,9,2022-09-01,2022-09-08,2022-09-11,wsdc_dump,scheduled,t,63,Raleigh,North Carolina,United States,"Raleigh, NC, United States",136,127,https://trilogywcs.com/,"Raleigh, NC",Registry Event
8942,77,Arizona Dance Classic,2022,8,2022-08-01,2022-08-04,2022-08-07,wsdc_dump,scheduled,t,3,Phoenix,Arizona,United States,"Phoenix, AZ, United States",41,37,https://arizonadanceclassic.com/,"Phoenix, AZ",Registry Event
9223,119,Chicagoland Country and Swing Dance Festival,2022,8,2022-08-01,2022-08-19,2022-08-21,wsdc_dump,scheduled,t,34,Chicago,Illinois,United States,"Chicago, IL, United States",62,60,https://chicagolanddancefestival.com/,"Chicago, IL",Registry Event
10444,282,German Open,2022,8,2022-08-01,2022-08-04,2022-08-07,wsdc_dump,scheduled,t,143,Freiburg,,Germany,"Freiburg, Germany",90,85,http://www.go-wcs.com,"Freiburg, Germany",
10452,283,Kazan EL Fest,2022,8,2022-08-01,2022-08-11,2022-08-14,wsdc_dump,scheduled,t,263,Kazan,,Russia,"Kazan, Russia",46,45,,"Kazan, Russia",
9243,120,Lone Star Invitational,2022,8,2022-08-01,2022-08-11,2022-08-14,wsdc_dump,scheduled,t,39,Austin,Texas,United States,"Austin, TX, United States",57,56,,"Austin, TX",
9578,157,New England Dance Festival,2022,8,2022-08-01,2022-08-04,2022-08-07,wsdc_dump,scheduled,t,70,Newton,Massachusetts,United States,"Newton (Boston), MA, United States",36,35,http://www.nedancefestival.com,"Newton (Boston), MA, United States",Registry Event
10292,256,Rock the Barn,2022,8,2022-08-01,2022-08-04,2022-08-07,wsdc_dump,scheduled,t,215,Umeå,,Sweden,"Umeå, Sweden",52,49,https://rockthebarn.se/,"Umeå, Sweden",
8699,59,Swing Fling,2022,8,2022-08-01,2022-08-11,2022-08-15,wsdc_dump,scheduled,t,38,Herndon,Virginia,United States,"Herndon, VA, United States",126,121,http://www.swingfling.com,"Herndon, VA, United States",Registry Event
10128,227,Swingtacular: The Galactic Open,2022,8,2022-08-01,2022-08-04,2022-08-07,wsdc_dump,scheduled,t,2,San Francisco,California,United States,"San Francisco, CA, United States",134,128,http://www.swingtacular.art/,"San Francisco, CA",Registry Event
10339,264,UpTown Swing,2022,8,2022-08-01,2022-08-12,2022-08-15,wsdc_dump,scheduled,t,199,Stockholm,,Sweden,"Stockholm, Sweden",80,74,http://www.uptownswing.se/,"Stockholm, Sweden",Registry Event
8079,1,4TH of July Convention,2022,7,2022-07-01,2022-06-30,2022-07-04,wsdc_dump,scheduled,t,3,Phoenix,Arizona,United States,"Phoenix, AZ, United States",90,85,http://phoenix4thofjuly.com,"Phoenix, AZ",
10426,278,Americano Dance Camp,2022,7,2022-07-01,2022-07-06,2022-07-10,wsdc_dump,scheduled,t,252,Samara,,Russia,"Samara, Russia",68,68,https://t.me/americamodancecamp https://vk.com/americano2025,"Samara, Russia",
9562,156,Big Apple Dance Festival,2022,7,2022-07-01,2022-07-07,2022-07-10,wsdc_dump,scheduled,t,140,Morristown,New Jersey,United States,"Morristown, NJ, United States",14,14,http://bigapplecountrydance.com/,"Morristown, NJ",
9491,148,Dance Mardi Gras,2022,7,2022-07-01,2022-07-21,2022-07-24,wsdc_dump,scheduled,t,57,New Orleans,Louisiana,United States,"New Orleans, LA, United States",61,56,http://www.dancemardigras.com,"New Orleans, LA",
9507,149,Florida Dance Magic,2022,7,2022-07-01,2022-07-14,2022-07-18,wsdc_dump,scheduled,t,55,Fort Lauderdale,Florida,United States,"Fort Lauderdale, FL, United States",28,24,https://floridadancemagic.com/,"Fort Lauderdale, FL",Registry Event
10322,261,Neverland Swing,2022,7,2022-07-01,2022-06-30,2022-07-04,wsdc_dump,scheduled,t,191,Amsterdam,,Netherlands,"Amsterdam, Netherlands",54,46,http://www.neverlandswing.com/,"Amsterdam, Netherlands",Registry Event
10435,280,Saint Petersburg WCS Nights,2022,7,2022-07-01,2022-07-21,2022-07-24,wsdc_dump,scheduled,t,222,St. Petersburg,,Russia,"St. Petersburg, Russia",61,61,http://wcsnights.ru,"St. Petersburg, Russia",Registry Event
8558,47,SwingTime Denver,2022,7,2022-07-01,2022-07-22,2022-07-24,wsdc_dump,scheduled,t,29,Denver,Colorado,United States,"Denver, CO, United States",133,127,http://www.swingtimewcs.com/,"Denver, CO, United States",Registry Event
10112,225,Wild Wild Westie,2022,7,2022-07-01,2022-06-30,2022-07-04,wsdc_dump,scheduled,t,21,Dallas,Texas,United States,"Dallas, TX, United States",163,157,http://www.WildWildWestie.com,"Dallas, TX",
10089,222,Baltic Swing,2022,6,2022-06-01,2022-06-23,2022-06-27,wsdc_dump,scheduled,t,186,Gdańsk,,Poland,"Gdańsk, Poland",116,113,http://www.balticswing.com,"Gdańsk, Poland",Registry Event
9159,109,Colorado Country Classic,2022,6,2022-06-01,2022-06-23,2022-06-26,wsdc_dump,scheduled,t,29,Denver,Colorado,United States,"Denver, CO, United States",47,44,https://coloradocountryclassic.net/,"Denver, CO",
10069,220,D-Town Swing,2022,6,2022-06-01,2022-06-17,2022-06-19,wsdc_dump,scheduled,t,127,Düsseldorf,,Germany,"Düsseldorf, Germany",123,119,http://www.d-townswing.com/,"Düsseldorf, Germany",Registry Event
10284,255,Indy Dance Explosion,2022,6,2022-06-01,2022-06-23,2022-06-26,wsdc_dump,scheduled,t,138,Fort Wayne,Indiana,United States,"Fort Wayne, IN, United States",36,32,http://www.indydancex.com,"Fort Wayne, IN",
9088,96,Liberty Swing Dance Championships,2022,6,2022-06-01,2022-06-23,2022-06-27,wsdc_dump,scheduled,t,41,New Brunswick,New Jersey,United States,"New Brunswick, NJ, United States",140,133,http://www.libertyswing.com/,"New Brunswick, NJ",Registry Event
9201,117,Orange Blossom Dance Festival,2022,6,2022-06-01,2022-06-03,2022-06-05,wsdc_dump,scheduled,t,82,Orlando,Florida,United States,"Orlando, FL, United States",44,39,http://www.orangeblossomdance.net/,"Orlando, FL",Registry Event
9604,162,Swingapalooza,2022,6,2022-06-01,2022-06-17,2022-06-19,wsdc_dump,scheduled,t,40,Baton Rouge,Louisiana,United States,"Baton Rouge, LA, United States",107,100,http://www.swingapaloozaevent.com/,"Baton Rouge, LA",Registry Event
9715,175,French Open West Coast Swing,2022,5,2022-05-01,2022-05-26,2022-05-30,wsdc_dump,scheduled,t,109,Paris,,France,"Paris, France",135,129,http://www.fowcs.com/,"Paris, France",Registry Event
10264,253,Nordic WCS Championships,2022,5,2022-05-01,2022-05-06,2022-05-09,wsdc_dump,scheduled,t,199,Stockholm,,Sweden,"Stockholm, Sweden",97,92,http://www.nordicwcschamps.com/,"Stockholm, Sweden",Registry Event
9947,205,SOswing,2022,5,2022-05-01,2022-05-19,2022-05-22,wsdc_dump,scheduled,t,88,Ashland,Oregon,United States,"Ashland, OR, United States",86,72,http://wwww.soswingdance.com/,"Ashland, OR",Registry Event
9354,134,Swing Dance America,2022,5,2022-05-01,2022-04-28,2022-05-02,wsdc_dump,scheduled,t,89,Lake Geneva,Illinois,United States,"Lake Geneva, IL, United States",56,51,,"Lake Geneva, IL",
9456,144,Swingin' Into Spring,2022,5,2022-05-01,2022-04-28,2022-05-01,wsdc_dump,scheduled,t,131,Hartford,Connecticut,United States,"Hartford, CT, United States",34,34,http://www.sis.djkenm.com/,"Hartford, CT",Registry Event
9260,121,The Texas Classic,2022,5,2022-05-01,2022-05-27,2022-05-29,wsdc_dump,scheduled,t,39,Austin,Texas,United States,"Austin, TX, United States",65,62,http://Www.thetexasclassic.com,"Austin, TX",
9832,187,City of Angels WCS,2022,4,2022-04-01,2022-03-31,2022-04-03,wsdc_dump,scheduled,t,54,Burbank,California,United States,"Burbank, CA, United States",120,115,https://cityofangelswcs.com/,"Burbank, CA",Registry Event
9934,203,Detonation Dance,2022,4,2022-04-01,2022-04-21,2022-04-25,wsdc_dump,scheduled,t,166,Manchester,,United Kingdom,"Manchester, United Kingdom",52,50,https://www.detonationdance.com/,"Manchester, United Kingdom",Registry Event
8285,18,Easter Swing,2022,4,2022-04-01,2022-04-14,2022-04-17,wsdc_dump,scheduled,t,30,Seattle,Washington,United States,"Seattle, WA, United States",141,134,https://easterswing.org/,"Seattle, WA, United States",Registry Event
10312,259,Swingover,2022,4,2022-04-01,2022-04-08,2022-04-10,wsdc_dump,scheduled,t,82,Orlando,Florida,United States,"Orlando, FL, United States",80,71,http://swingoverevent.com/,"Orlando, FL",Registry Event
10504,293,Westy Nantes,2022,4,2022-04-01,2022-04-08,2022-04-10,wsdc_dump,scheduled,t,190,Nantes,,France,"Nantes, France",85,83,https://www.westynantes.com/,"Nantes, France",Registry Event
9906,197,5280 Westival,2022,3,2022-03-01,2022-03-24,2022-03-28,wsdc_dump,scheduled,t,29,Denver,Colorado,United States,"Denver, CO, United States",28,27,http://www.5280westival.com/,"Denver, CO",Registry Event
10581,318,All Star SwingJam,2022,3,2022-03-01,2022-03-17,2022-03-20,wsdc_dump,scheduled,t,2,San Francisco,California,United States,"San Francisco, CA, United States",69,65,http://www.allstarswingjam.com,"San Francisco, CA",
10497,292,King Swing,2022,3,2022-03-01,2022-03-17,2022-03-21,wsdc_dump,scheduled,t,267,Kraków,,Poland,"Kraków, Poland",104,102,https://kingswing.pl/,"Kraków, Poland",Registry Event
9054,92,MADjam,2022,3,2022-03-01,2022-03-03,2022-03-06,wsdc_dump,scheduled,t,13,Washington,District of Columbia,United States,"Washington, DC, United States",156,153,http://www.atlanticdancejam.com,"Washington, DC, United States",Registry Event
9530,153,Novice Invitational,2022,3,2022-03-01,2022-03-25,2022-03-27,wsdc_dump,scheduled,t,44,Houston,Texas,United States,"Houston, TX, United States",83,77,http://www.htownthrowdownwcs.com/,"Houston, TX",Registry Event
9424,142,The Chicago Classic,2022,3,2022-03-01,2022-03-17,2022-03-20,wsdc_dump,scheduled,t,34,Chicago,Illinois,United States,"Chicago, IL, United States",119,110,https://thechicagoclassic.com/,"Chicago, IL",Registry Event
9819,186,West in Lyon,2022,3,2022-03-01,2022-03-10,2022-03-13,wsdc_dump,scheduled,t,156,Lyon,,France,"Lyon, France",115,113,http://www.west-in-lyon.fr/,"Lyon, France",Registry Event
10576,314,Westie Spring Thing,2022,3,2022-03-01,2022-03-11,2022-03-13,wsdc_dump,scheduled,t,110,Budapest,,Hungary,"Budapest, Hungary",74,69,https://westiespringthing.com/,"Budapest, Hungary",Registry Event
10403,273,Charlotte Westie Fest,2022,2,2022-02-01,2022-02-03,2022-02-06,wsdc_dump,scheduled,t,62,Charlotte,North Carolina,United States,"Charlotte, NC, United States",112,107,https://charlottewestiefest.com/,"Charlotte, NC",Registry Event
10244,244,Rose City Swing,2022,2,2022-02-01,2022-02-24,2022-02-27,wsdc_dump,scheduled,t,4,Portland,Oregon,United States,"Portland, OR, United States",106,102,https://rosecityswing.com/,"Portland, OR",Registry Event
10029,215,Swing & Snow,2022,2,2022-02-01,2022-02-03,2022-02-06,wsdc_dump,scheduled,t,222,St. Petersburg,,Russia,"St. Petersburg, Russia",76,76,http://swingandsnow.ru/,"St. Petersburg, Russia",Registry Event
9799,184,BudaFest Open WCS Championships,2022,1,2022-01-01,2022-01-05,2022-01-09,wsdc_dump,scheduled,t,110,Budapest,,Hungary,"Budapest, Hungary",135,135,http://wcs-budafest.com/,"Budapest, Hungary",Registry Event
10630,334,Countdown Swing Boston,2022,1,2022-01-01,2021-12-31,2022-01-02,wsdc_dump,scheduled,t,8,Boston,Massachusetts,United States,"Boston, MA, United States",61,61,http://countdownswingboston.com/,"Mansfield (Boston), MA, United States",Registry Event
8482,42,Floorplay Swing Vacation,2022,1,2022-01-01,2021-12-30,2022-01-02,wsdc_dump,scheduled,t,82,Orlando,Florida,United States,"Orlando, FL, United States",122,115,http://www.floorplayswingvacation.com/,"Orlando, FL",Registry Event
9785,183,Freedom Swing Dance Challenge,2022,1,2022-01-01,2022-01-21,2022-01-23,wsdc_dump,scheduled,t,66,Wilmington,Delaware,United States,"Wilmington, DE, United States",72,68,https://freedomswingdance.com/,"Wilmington, DE, United States",Registry Event
8754,62,Monterey SwingFest,2022,1,2022-01-01,2022-01-13,2022-01-17,wsdc_dump,scheduled,t,1,Monterey,California,United States,"Monterey, CA, United States",91,88,http://www.montereyswing.com/,"Monterey, CA",Registry Event
8904,75,UCWDC Country Dance World Championship,2022,1,2022-01-01,2022-01-02,2022-01-09,wsdc_dump,scheduled,t,21,Dallas,Texas,United States,"Dallas, TX, United States",47,46,http://www.ucwdcworlds.com/,"Dallas, TX",Registry Event
10487,290,Shooba Dooba Swing,2021,12,2021-12-01,2021-12-24,2021-12-26,wsdc_dump,scheduled,t,113,Moscow,,Russia,"Moscow, Russia",46,46,https://danceconvention.net/eventdirector/ru/eventpage/6023470-shooba-dooba-swing-2020/info,"Moscow, Russia",
10001,212,The After Party (TAP),2021,12,2021-12-01,2021-12-02,2021-12-05,wsdc_dump,scheduled,t,73,Orange County,California,United States,"Orange County, CA, United States",127,125,http://www.tapwcs.com/,"Orange County, CA",Registry Event
9905,197,5280 Westival,2021,11,2021-11-01,2021-11-11,2021-11-15,wsdc_dump,scheduled,t,29,Denver,Colorado,United States,"Denver, CO, United States",129,126,http://www.5280westival.com/,"Denver, CO",Registry Event
10471,288,Midnight Madness,2021,11,2021-11-01,2021-11-05,2021-11-07,wsdc_dump,scheduled,t,21,Dallas,Texas,United States,"Dallas, TX, United States",83,79,http://www.midnightmadnesswcs.com/,"Dallas, TX",Registry Event
10600,330,Simply Adelaide West Coast Swing,2021,11,2021-11-01,2021-11-18,2021-11-21,wsdc_dump,scheduled,t,236,Adelaide,,Australia,"Adelaide, Australia",32,27,http://www.simplyadelaidewcs.com.au/,"Adelaide, Australia",Registry Event
10194,236,Warsaw Halloween Swing,2021,11,2021-11-01,2021-10-28,2021-11-01,wsdc_dump,scheduled,t,155,Warsaw,,Poland,"Warsaw, Poland",118,115,http://www.warsawhalloweenswing.com/,"Warsaw, Poland",Registry Event
10563,312,Westie Pink City,2021,11,2021-11-01,2021-11-11,2021-11-14,wsdc_dump,scheduled,t,208,Toulouse,,France,"Toulouse, France",70,69,http://www.westiepinkcity.fr/,"Toulouse, France",Registry Event
10378,270,Westie's Angels,2021,11,2021-11-01,2021-11-11,2021-11-14,wsdc_dump,scheduled,t,156,Lyon,,France,"Lyon, France",79,78,http://www.frenchywesty.com/,"Lyon, France",Registry Event
10590,323,Westies on the Water,2021,11,2021-11-01,2021-11-11,2021-11-14,wsdc_dump,scheduled,t,137,Huntsville,Alabama,United States,"Huntsville, AL, United States",41,36,http://rocketcityswing.com/,"Huntsville, Alabama, United States",Registry Event
9988,211,Atlanta Swing Classic,2021,10,2021-10-01,2021-09-30,2021-10-03,wsdc_dump,scheduled,t,25,Atlanta,Georgia,United States,"Atlanta, GA, United States",125,122,https://www.atlantaswingclassic.com/,"Atlanta, GA, United States",Registry Event
9863,194,Moscow Westie Fest,2021,10,2021-10-01,2021-10-01,2021-10-04,wsdc_dump,scheduled,t,113,Moscow,,Russia,"Moscow, Russia",60,59,http://westiefest.org/,"Moscow, Russia",Registry Event
9370,135,Desert City Swing,2021,9,2021-09-01,2021-09-02,2021-09-05,wsdc_dump,scheduled,t,3,Phoenix,Arizona,United States,"Phoenix, AZ, United States",102,96,https://www.desertcityswing.com/,"Phoenix, AZ",Registry Event
9635,165,Midland Swing Open,2021,9,2021-09-01,2021-09-23,2021-09-26,wsdc_dump,scheduled,t,107,London,,United Kingdom,"London, United Kingdom",40,39,https://www.midlandswingopen.com/,"London, United Kingdom",Registry Event
10181,234,Philly Swing Classic,2021,9,2021-09-01,2021-09-17,2021-09-19,wsdc_dump,scheduled,t,66,Wilmington,Delaware,United States,"Wilmington, DE, United States",82,81,http://www.phillyswing.com,"Wilmington, DE, United States",
10569,313,Rolling Swing,2021,9,2021-09-01,2021-09-02,2021-09-06,wsdc_dump,scheduled,t,156,Lyon,,France,"Lyon, France",87,87,http://www.frenchywesty.com/,"Lyon, France",
8941,77,Arizona Dance Classic,2021,8,2021-08-01,2021-08-05,2021-08-08,wsdc_dump,scheduled,t,3,Phoenix,Arizona,United States,"Phoenix, AZ, United States",56,50,https://arizonadanceclassic.com/,"Phoenix, AZ",Registry Event
9222,119,Chicagoland Country and Swing Dance Festival,2021,8,2021-08-01,2021-08-20,2021-08-22,wsdc_dump,scheduled,t,34,Chicago,Illinois,United States,"Chicago, IL, United States",54,52,https://chicagolanddancefestival.com/,"Chicago, IL",Registry Event
9242,120,Lone Star Invitational,2021,8,2021-08-01,2021-08-13,2021-08-15,wsdc_dump,scheduled,t,39,Austin,Texas,United States,"Austin, TX, United States",42,38,,"Austin, TX",
10425,278,Americano Dance Camp,2021,7,2021-07-01,2021-06-30,2021-07-04,wsdc_dump,scheduled,t,252,Samara,,Russia,"Samara, Russia",50,50,https://t.me/americamodancecamp https://vk.com/americano2025,"Samara, Russia",
9561,156,Big Apple Dance Festival,2021,7,2021-07-01,2021-07-08,2021-07-11,wsdc_dump,scheduled,t,140,Morristown,New Jersey,United States,"Morristown, NJ, United States",18,17,http://bigapplecountrydance.com/,"Morristown, NJ",
10434,280,Saint Petersburg WCS Nights,2021,7,2021-07-01,2021-07-15,2021-07-18,wsdc_dump,scheduled,t,222,St. Petersburg,,Russia,"St. Petersburg, Russia",60,60,http://wcsnights.ru,"St. Petersburg, Russia",Registry Event
10111,225,Wild Wild Westie,2021,7,2021-07-01,2021-07-01,2021-07-04,wsdc_dump,scheduled,t,21,Dallas,Texas,United States,"Dallas, TX, United States",170,164,http://www.WildWildWestie.com,"Dallas, TX",
9200,117,Orange Blossom Dance Festival,2021,6,2021-06-01,2021-06-03,2021-06-06,wsdc_dump,scheduled,t,82,Orlando,Florida,United States,"Orlando, FL, United States",67,64,http://www.orangeblossomdance.net/,"Orlando, FL",Registry Event
9701,174,Swingsation,2021,6,2021-06-01,2021-06-04,2021-06-06,wsdc_dump,scheduled,t,169,Gold Coast,,Australia,"Gold Coast, Australia",33,30,https://rawconnection.com.au/swingsation/,"Gold Coast, Australia",Registry Event
9685,170,Russian Open WCS Championships,2021,4,2021-04-01,2021-04-23,2021-04-25,wsdc_dump,scheduled,t,113,Moscow,,Russia,"Moscow, Russia",65,65,,"Moscow, Russia",
10028,215,Swing & Snow,2021,2,2021-02-01,2021-02-04,2021-02-07,wsdc_dump,scheduled,t,222,St. Petersburg,,Russia,"St. Petersburg, Russia",48,48,http://swingandsnow.ru/,"St. Petersburg, Russia",Registry Event
10486,290,Shooba Dooba Swing,2020,12,2020-12-01,2020-12-25,2020-12-27,wsdc_dump,scheduled,t,113,Moscow,,Russia,"Moscow, Russia",52,52,https://danceconvention.net/eventdirector/ru/eventpage/6023470-shooba-dooba-swing-2020/info,"Moscow, Russia",
10012,213,Swingtimate,2020,12,2020-12-01,2020-12-11,2020-12-13,wsdc_dump,scheduled,t,169,Gold Coast,,Australia,"Gold Coast, Australia",20,20,https://rawconnection.com.au/swingtimate/,"Gold Coast, Australia",
9862,194,Moscow Westie Fest,2020,11,2020-11-01,2020-10-29,2020-11-01,wsdc_dump,scheduled,t,113,Moscow,,Russia,"Moscow, Russia",55,55,http://westiefest.org/,"Moscow, Russia",Registry Event
10599,330,Simply Adelaide West Coast Swing,2020,11,2020-11-01,2020-11-12,2020-11-15,wsdc_dump,scheduled,t,236,Adelaide,,Australia,"Adelaide, Australia",16,16,http://www.simplyadelaidewcs.com.au/,"Adelaide, Australia",Registry Event
9753,179,New Zealand Open Swing Dance Championships,2020,10,2020-10-01,2020-10-16,2020-10-18,wsdc_dump,scheduled,t,168,Auckland,,New Zealand,"Auckland, New Zealand",26,26,https://www.streetswing.co.nz/the-new-zealand-open,"Auckland, New Zealand",Registry Event
9053,92,MADjam,2020,3,2020-03-01,2020-03-05,2020-03-08,wsdc_dump,scheduled,t,13,Washington,District of Columbia,United States,"Washington, DC, United States",170,170,http://www.atlanticdancejam.com,"Washington, DC, United States",Registry Event
8215,12,Capital Swing Dance Convention,2020,2,2020-02-01,2020-02-13,2020-02-16,wsdc_dump,scheduled,t,6,Sacramento,California,United States,"Sacramento, CA, United States",129,124,http://www.capitalswingconvention.com/,"Sacramento, CA",Registry Event
10402,273,Charlotte Westie Fest,2020,2,2020-02-01,2020-01-30,2020-02-03,wsdc_dump,scheduled,t,62,Charlotte,North Carolina,United States,"Charlotte, NC, United States",152,149,https://charlottewestiefest.com/,"Charlotte, NC",Registry Event
10394,272,Paris Westie Fest,2020,2,2020-02-01,2020-01-31,2020-02-02,wsdc_dump,scheduled,t,109,Paris,,France,"Paris, France",104,104,http://https//parisswingclassic.com,"Paris, France",Registry Event
10243,244,Rose City Swing,2020,2,2020-02-01,2020-02-20,2020-02-23,wsdc_dump,scheduled,t,4,Portland,Oregon,United States,"Portland, OR, United States",151,147,https://rosecityswing.com/,"Portland, OR",Registry Event
10027,215,Swing & Snow,2020,2,2020-02-01,2020-01-30,2020-02-02,wsdc_dump,scheduled,t,222,St. Petersburg,,Russia,"St. Petersburg, Russia",98,98,http://swingandsnow.ru/,"St. Petersburg, Russia",Registry Event
10304,258,Swingtzerland,2020,2,2020-02-01,2020-02-06,2020-02-09,wsdc_dump,scheduled,t,173,Zürich,,Switzerland,"Zürich, Switzerland",78,78,https://swingtzerland.com/,"Zürich, Switzerland",Registry Event
10554,310,Valentine Swing,2020,2,2020-02-01,2020-02-14,2020-02-16,wsdc_dump,scheduled,t,199,Stockholm,,Sweden,"Stockholm, Sweden",56,56,http://www.valentineswing.dance,"Stockholm, Sweden",Registry Event
10538,302,WesterOz Swing,2020,2,2020-02-01,2020-02-07,2020-02-09,wsdc_dump,scheduled,t,253,Perth,,Australia,"Perth, Australia",38,38,http://magneticdance.com.au/westeroz,"Perth, Australia",
10513,297,Winter Coast Swing,2020,2,2020-02-01,2020-02-21,2020-02-23,wsdc_dump,scheduled,t,269,Kuopio,,Finland,"Kuopio, Finland",37,37,https://www.wintercoastswing.com/,"Kuopio, Finland",Registry Event
9919,200,Austin Swing Dance Championships,2020,1,2020-01-01,2020-01-16,2020-01-19,wsdc_dump,scheduled,t,39,Austin,Texas,United States,"Austin, TX, United States",102,98,https://austinswingdance.com/,"Austin, TX",Registry Event
10548,309,Avignon City Swing,2020,1,2020-01-01,2020-01-17,2020-01-19,wsdc_dump,scheduled,t,192,Nimes,,France,"Nimes, France",73,73,https://www.avignoncityswing.com/,"Nimes, France",Registry Event
9798,184,BudaFest Open WCS Championships,2020,1,2020-01-01,2020-01-02,2020-01-05,wsdc_dump,scheduled,t,110,Budapest,,Hungary,"Budapest, Hungary",130,130,http://wcs-budafest.com/,"Budapest, Hungary",Registry Event
10629,334,Countdown Swing Boston,2020,1,2020-01-01,2019-12-31,2020-01-05,wsdc_dump,scheduled,t,8,Boston,Massachusetts,United States,"Boston, MA, United States",62,62,http://countdownswingboston.com/,"Mansfield (Boston), MA, United States",Registry Event
10232,242,Derby City Swing,2020,1,2020-01-01,2020-01-23,2020-01-26,wsdc_dump,scheduled,t,116,Louisville,Kentucky,United States,"Louisville, KY, United States",85,80,https://derbycityswing.com/,"Louisville, KY",Registry Event
9784,183,Freedom Swing Dance Challenge,2020,1,2020-01-01,2020-01-17,2020-01-20,wsdc_dump,scheduled,t,66,Wilmington,Delaware,United States,"Wilmington, DE, United States",74,70,https://freedomswingdance.com/,"Wilmington, DE, United States",Registry Event
8753,62,Monterey SwingFest,2020,1,2020-01-01,2020-01-16,2020-01-19,wsdc_dump,scheduled,t,1,Monterey,California,United States,"Monterey, CA, United States",105,103,http://www.montereyswing.com/,"Monterey, CA",Registry Event
10494,291,Municorn Swing,2020,1,2020-01-01,2020-01-23,2020-01-27,wsdc_dump,scheduled,t,129,Munich,,Germany,"Munich, Germany",54,54,,"Munich, Germany",
10020,214,New Year's Swing Fling,2020,1,2020-01-01,2019-12-28,2020-01-01,wsdc_dump,scheduled,t,107,London,,United Kingdom,"London, United Kingdom",106,105,http://nysf.uk/,"London, United Kingdom",Registry Event
9885,195,Palm Springs New Years Swing Dance Classic,2020,1,2020-01-01,2019-12-27,2020-01-01,wsdc_dump,scheduled,t,20,Palm Springs,California,United States,"Palm Springs, CA, United States",47,46,,"Palm Springs, CA",
9411,141,Spotlight New Year's Celebration,2020,1,2020-01-01,2019-12-28,2020-01-01,wsdc_dump,scheduled,t,43,Nashville,Tennessee,United States,"Nashville, TN, United States",113,111,http://www.spotlightnewyears.com/,"Nashville, TN",Registry Event
10532,301,Swing Resolution,2020,1,2020-01-01,2020-01-17,2020-01-20,wsdc_dump,scheduled,t,177,Edinburgh,,United Kingdom,"Edinburgh, United Kingdom",51,49,http://www.swingresolution.com/,"Edinburgh, United Kingdom",Registry Event
9893,196,SwingCouver,2020,1,2020-01-01,2020-01-09,2020-01-13,wsdc_dump,scheduled,t,4,Portland,Oregon,United States,"Portland, OR, United States",123,120,https://swingco.dance/,"Portland, OR",Registry Event
10478,289,SwingVester,2020,1,2020-01-01,2019-12-27,2020-01-01,wsdc_dump,scheduled,t,197,Wels,,Austria,"Wels, Austria",89,88,https://www.swingvester.com/,"Wels, Austria",Registry Event
8903,75,UCWDC Country Dance World Championship,2020,1,2020-01-01,2020-01-01,2020-01-05,wsdc_dump,scheduled,t,21,Dallas,Texas,United States,"Dallas, TX, United States",46,43,http://www.ucwdcworlds.com/,"Dallas, TX",Registry Event
10219,240,Westie Gala,2020,1,2020-01-01,2020-01-10,2020-01-13,wsdc_dump,scheduled,t,199,Stockholm,,Sweden,"Stockholm, Sweden",63,63,http://www.westiegala.com/,"Stockholm, Sweden",Registry Event
10386,271,Berlin Swing Revolution,2019,12,2019-12-01,2019-12-12,2019-12-15,wsdc_dump,scheduled,t,194,Berlin,,Germany,"Berlin, Germany",67,67,https://berlinswingrevolution.com/,"Berlin, Germany",Registry Event
9019,87,CASH Bash,2019,12,2019-12-01,2019-11-28,2019-12-01,wsdc_dump,scheduled,t,96,Cleveland,Ohio,United States,"Cleveland, OH, United States",64,59,https://cashdanceclub.org/cash-bash/,"Cleveland, OH",Registry Event
8481,42,Floorplay Swing Vacation,2019,12,2019-12-01,2019-12-27,2019-12-30,wsdc_dump,scheduled,t,82,Orlando,Florida,United States,"Orlando, FL, United States",96,91,http://www.floorplayswingvacation.com/,"Orlando, FL",Registry Event
10485,290,Shooba Dooba Swing,2019,12,2019-12-01,2019-12-20,2019-12-22,wsdc_dump,scheduled,t,113,Moscow,,Russia,"Moscow, Russia",62,62,https://danceconvention.net/eventdirector/ru/eventpage/6023470-shooba-dooba-swing-2020/info,"Moscow, Russia",
10011,213,Swingtimate,2019,12,2019-12-01,2019-12-13,2019-12-15,wsdc_dump,scheduled,t,169,Gold Coast,,Australia,"Gold Coast, Australia",48,48,https://rawconnection.com.au/swingtimate/,"Gold Coast, Australia",
10000,212,The After Party (TAP),2019,12,2019-12-01,2019-12-05,2019-12-08,wsdc_dump,scheduled,t,73,Orange County,California,United States,"Orange County, CA, United States",145,145,http://www.tapwcs.com/,"Orange County, CA",Registry Event
10347,265,Upstate Dance Challenge,2019,12,2019-12-01,2019-12-05,2019-12-08,wsdc_dump,scheduled,t,139,Albany,New York,United States,"Albany, NY, United States",43,40,upstatedancechallenge.com,"Albany, NY",
8852,68,US Open Swing Dance Championships,2019,12,2019-12-01,2019-11-28,2019-12-01,wsdc_dump,scheduled,t,22,Los Angeles,California,United States,"Los Angeles, CA, United States",128,124,http://www.theopenswing.com/,"Los Angeles, CA",Registry Event
10208,238,Winter White,2019,12,2019-12-01,2019-12-12,2019-12-15,wsdc_dump,scheduled,t,223,Oslo,,Norway,"Oslo, Norway",73,73,http://www.winterwhite.no/,"Oslo, Norway",Registry Event
10369,269,Autumn Swing Challenge,2019,11,2019-11-01,2019-11-08,2019-11-10,wsdc_dump,scheduled,t,110,Budapest,,Hungary,"Budapest, Hungary",61,61,http://www.asc-budapest.com/,"Budapest, Hungary",Registry Event
9771,181,DC Swing eXperience (DCSX),2019,11,2019-11-01,2019-11-14,2019-11-17,wsdc_dump,scheduled,t,38,Herndon,Virginia,United States,"Herndon, VA, United States",127,125,http://www.dcswingexperience.com,"Herndon, VA, United States",Registry Event
9648,166,London SwingVitational,2019,11,2019-11-01,2019-11-14,2019-11-18,wsdc_dump,scheduled,t,212,Windsor,,United Kingdom,"Windsor, United Kingdom",49,49,,"Windsor, United Kingdom",
10470,288,Midnight Madness,2019,11,2019-11-01,2019-11-08,2019-11-10,wsdc_dump,scheduled,t,21,Dallas,Texas,United States,"Dallas, TX, United States",53,53,http://www.midnightmadnesswcs.com/,"Dallas, TX",Registry Event
9861,194,Moscow Westie Fest,2019,11,2019-11-01,2019-11-01,2019-11-04,wsdc_dump,scheduled,t,113,Moscow,,Russia,"Moscow, Russia",68,68,http://westiefest.org/,"Moscow, Russia",Registry Event
8436,31,Mountain Magic,2019,11,2019-11-01,2019-10-31,2019-11-03,wsdc_dump,scheduled,t,28,South Lake Tahoe (near Reno),Nevada,United States,"South Lake Tahoe (near Reno), NV, United States",72,65,http://mountainmagic.dance,"South Lake Tahoe (near Reno), NV",
10140,229,Scandinavian Open,2019,11,2019-11-01,2019-10-31,2019-11-03,wsdc_dump,scheduled,t,199,Stockholm,,Sweden,"Stockholm, Sweden",109,109,http://www.snowcs.se/,"Stockholm, Sweden",Registry Event
8964,79,Sea to Sky,2019,11,2019-11-01,2019-11-07,2019-11-11,wsdc_dump,scheduled,t,30,Seattle,Washington,United States,"Seattle, WA, United States",94,93,http://Seatoskywcs.com,"Seattle, WA",
9390,137,Tampa Bay Classic,2019,11,2019-11-01,2019-10-31,2019-11-03,wsdc_dump,scheduled,t,53,Tampa,Florida,United States,"Tampa, FL, United States",56,52,http://www.tbcwcs.com/,"Tampa, FL",Registry Event
10193,236,Warsaw Halloween Swing,2019,11,2019-11-01,2019-10-31,2019-11-04,wsdc_dump,scheduled,t,155,Warsaw,,Poland,"Warsaw, Poland",88,88,http://www.warsawhalloweenswing.com/,"Warsaw, Poland",Registry Event
10562,312,Westie Pink City,2019,11,2019-11-01,2019-11-22,2019-11-24,wsdc_dump,scheduled,t,208,Toulouse,,France,"Toulouse, France",75,75,http://www.westiepinkcity.fr/,"Toulouse, France",Registry Event
10377,270,Westie's Angels,2019,11,2019-11-01,2019-10-31,2019-11-03,wsdc_dump,scheduled,t,156,Lyon,,France,"Lyon, France",79,76,http://www.frenchywesty.com/,"Lyon, France",Registry Event
9987,211,Atlanta Swing Classic,2019,10,2019-10-01,2019-10-10,2019-10-14,wsdc_dump,scheduled,t,25,Atlanta,Georgia,United States,"Atlanta, GA, United States",130,125,https://www.atlantaswingclassic.com/,"Atlanta, GA, United States",Registry Event
8133,8,Boogie By The Bay,2019,10,2019-10-01,2019-10-03,2019-10-06,wsdc_dump,scheduled,t,2,San Francisco,California,United States,"San Francisco, CA, United States",164,160,https://boogiebythebay.com/,"San Francisco, CA",Registry Event
10510,294,European Swing Challenge,2019,10,2019-10-01,2019-10-18,2019-10-21,wsdc_dump,scheduled,t,212,Windsor,,United Kingdom,"Windsor, United Kingdom",41,41,https://www.jiveaddiction.com/,"Windsor, United Kingdom",
8807,65,Halloween SwingThing,2019,10,2019-10-01,2019-10-24,2019-10-27,wsdc_dump,scheduled,t,24,Costa Mesa,California,United States,"Costa Mesa, CA, United States",86,86,http://hstswing.com/,"Costa Mesa, CA",Registry Event
10585,322,Milan Modern Swing,2019,10,2019-10-01,2019-10-11,2019-10-14,wsdc_dump,scheduled,t,132,Milan,,Italy,"Milan, Italy",80,80,https://www.westcoastswingmilan.com/,"Milan, Italy",Registry Event
9740,178,Montreal Westie Fest,2019,10,2019-10-01,2019-10-18,2019-10-20,wsdc_dump,scheduled,t,86,Montreal,,Canada,"Montreal, Canada",75,75,http://www.montrealwestiefest.com,"Montreal, Canada",Registry Event
9752,179,New Zealand Open Swing Dance Championships,2019,10,2019-10-01,2019-10-25,2019-10-27,wsdc_dump,scheduled,t,168,Auckland,,New Zealand,"Auckland, New Zealand",40,40,https://www.streetswing.co.nz/the-new-zealand-open,"Auckland, New Zealand",Registry Event
8505,43,Paradise Dance Festival,2019,10,2019-10-01,2019-10-17,2019-10-20,wsdc_dump,scheduled,t,19,Irvine,California,United States,"Irvine, CA, United States",78,75,https://paradisecountrydancefestival.com/,"Irvine, CA",Registry Event
9284,125,Swing City Chicago,2019,10,2019-10-01,2019-10-24,2019-10-27,wsdc_dump,scheduled,t,34,Chicago,Illinois,United States,"Chicago, IL, United States",111,111,https://swingcitychicago.com/,"Chicago, IL",Registry Event
10353,267,Swustlicious,2019,10,2019-10-01,2019-10-18,2019-10-20,wsdc_dump,scheduled,t,149,Philadelphia,Pennsylvania,United States,"Philadelphia, PA, United States",45,42,http://www.swustlicious.com/,"Philadelphia, PA",Registry Event
10461,286,WCS Festival,2019,10,2019-10-01,2019-10-11,2019-10-13,wsdc_dump,scheduled,t,127,Düsseldorf,,Germany,"Düsseldorf, Germany",67,65,http://www.wcsfestival.com/,"Düsseldorf, Germany",Registry Event
10527,300,Austin Rocks,2019,9,2019-09-01,2019-09-13,2019-09-15,wsdc_dump,scheduled,t,39,Austin,Texas,United States,"Austin, TX, United States",95,94,http://www.atxrox.com,"Austin, TX",
10169,233,Bavarian Open,2019,9,2019-09-01,2019-09-12,2019-09-15,wsdc_dump,scheduled,t,129,Munich,,Germany,"Munich, Germany",110,106,https://bavarianopen.com/,"Munich, Germany",Registry Event
9657,167,Best of the Best WCS,2019,9,2019-09-01,2019-09-19,2019-09-22,wsdc_dump,scheduled,t,117,Sydney,,Australia,"Sydney, Australia",35,35,https://www.bestofthebestwcs.com/,"Sydney, Australia",Registry Event
8182,10,Bridgetown Swing Boogie,2019,9,2019-09-01,2019-09-26,2019-09-29,wsdc_dump,scheduled,t,74,Vancouver,Washington,United States,"Vancouver, WA, United States",105,103,,"Vancouver, WA",
10456,284,Citadel Swing,2019,9,2019-09-01,2019-09-20,2019-09-22,wsdc_dump,scheduled,t,257,Timisoara,,Romania,"Timisoara, Romania",96,96,,"Timisoara, Romania",
9369,135,Desert City Swing,2019,9,2019-09-01,2019-08-29,2019-09-02,wsdc_dump,scheduled,t,3,Phoenix,Arizona,United States,"Phoenix, AZ, United States",125,119,https://www.desertcityswing.com/,"Phoenix, AZ",Registry Event
9320,131,Meet Me In St Louis,2019,9,2019-09-01,2019-09-26,2019-09-29,wsdc_dump,scheduled,t,49,St. Louis,Missouri,United States,"St. Louis, MO, United States",84,80,http://Www.mmisl.com,"St. Louis, MO",
9634,165,Midland Swing Open,2019,9,2019-09-01,2019-09-26,2019-09-30,wsdc_dump,scheduled,t,107,London,,United Kingdom,"London, United Kingdom",80,76,https://www.midlandswingopen.com/,"London, United Kingdom",Registry Event
10163,232,Norway Westie Fest,2019,9,2019-09-01,2019-09-12,2019-09-15,wsdc_dump,scheduled,t,181,Trondheim,,Norway,"Trondheim, Norway",48,48,https://www.norwaywestiefest.com/,"Trondheim, Norway",Trial Event
10180,234,Philly Swing Classic,2019,9,2019-09-01,2019-09-27,2019-09-29,wsdc_dump,scheduled,t,66,Wilmington,Delaware,United States,"Wilmington, DE, United States",87,84,http://www.phillyswing.com,"Wilmington, DE, United States",
9728,177,River City Swing,2019,9,2019-09-01,2019-08-29,2019-09-02,wsdc_dump,scheduled,t,98,Jacksonville,Florida,United States,"Jacksonville, FL, United States",82,79,http://www.floridadanceevents.com,"Jacksonville, FL",
10568,313,Rolling Swing,2019,9,2019-09-01,2019-08-30,2019-09-02,wsdc_dump,scheduled,t,156,Lyon,,France,"Lyon, France",66,66,http://www.frenchywesty.com/,"Lyon, France",
10038,216,The Brazilian Open,2019,9,2019-09-01,2019-09-27,2019-09-29,wsdc_dump,scheduled,t,216,Fortaleza,,Brazil,"Fortaleza, Brazil",24,24,,"Fortaleza, Brazil",
10152,231,Trilogy Swing,2019,9,2019-09-01,2019-09-05,2019-09-08,wsdc_dump,scheduled,t,63,Raleigh,North Carolina,United States,"Raleigh, NC, United States",117,116,https://trilogywcs.com/,"Raleigh, NC",Registry Event
8940,77,Arizona Dance Classic,2019,8,2019-08-01,2019-08-01,2019-08-04,wsdc_dump,scheduled,t,3,Phoenix,Arizona,United States,"Phoenix, AZ, United States",42,37,https://arizonadanceclassic.com/,"Phoenix, AZ",Registry Event
9221,119,Chicagoland Country and Swing Dance Festival,2019,8,2019-08-01,2019-08-16,2019-08-18,wsdc_dump,scheduled,t,34,Chicago,Illinois,United States,"Chicago, IL, United States",70,70,https://chicagolanddancefestival.com/,"Chicago, IL",Registry Event
10443,282,German Open,2019,8,2019-08-01,2019-08-08,2019-08-11,wsdc_dump,scheduled,t,143,Freiburg,,Germany,"Freiburg, Germany",105,103,http://www.go-wcs.com,"Freiburg, Germany",
10451,283,Kazan EL Fest,2019,8,2019-08-01,2019-08-02,2019-08-04,wsdc_dump,scheduled,t,263,Kazan,,Russia,"Kazan, Russia",34,34,,"Kazan, Russia",
9241,120,Lone Star Invitational,2019,8,2019-08-01,2019-08-08,2019-08-11,wsdc_dump,scheduled,t,39,Austin,Texas,United States,"Austin, TX, United States",57,56,,"Austin, TX",
9577,157,New England Dance Festival,2019,8,2019-08-01,2019-08-01,2019-08-04,wsdc_dump,scheduled,t,70,Newton,Massachusetts,United States,"Newton (Boston), MA, United States",30,30,http://www.nedancefestival.com,"Newton (Boston), MA, United States",Registry Event
8617,51,Palm Springs Summer Dance Classic,2019,8,2019-08-01,2019-08-15,2019-08-19,wsdc_dump,scheduled,t,20,Palm Springs,California,United States,"Palm Springs, CA, United States",76,76,,"Palm Springs, CA",
10333,263,Riga Summer Swing,2019,8,2019-08-01,2019-08-01,2019-08-05,wsdc_dump,scheduled,t,203,Riga,,Latvia,"Riga, Latvia",102,102,,"Riga, Latvia",
10519,298,Shakedown Swing,2019,8,2019-08-01,2019-08-23,2019-08-26,wsdc_dump,scheduled,t,260,Christchurch,,New Zealand,"Christchurch, New Zealand",42,42,http://www.code03swing.com/shakedown,"Christchurch, New Zealand",
8650,53,Summer Hummer,2019,8,2019-08-01,2019-08-22,2019-08-25,wsdc_dump,scheduled,t,397,Woburn,Massachusetts,United States,"Woburn (Boston), MA, United States",131,131,https://summerhummerboston.com/,"Woburn (Boston), MA, United States",Registry Event
8698,59,Swing Fling,2019,8,2019-08-01,2019-08-08,2019-08-11,wsdc_dump,scheduled,t,38,Herndon,Virginia,United States,"Herndon, VA, United States",121,120,http://www.swingfling.com,"Herndon, VA, United States",Registry Event
10127,227,Swingtacular: The Galactic Open,2019,8,2019-08-01,2019-08-01,2019-08-04,wsdc_dump,scheduled,t,2,San Francisco,California,United States,"San Francisco, CA, United States",113,113,http://www.swingtacular.art/,"San Francisco, CA",Registry Event
10525,299,Ukrainian Open,2019,8,2019-08-01,2019-08-22,2019-08-26,wsdc_dump,scheduled,t,125,Kiev,,Ukraine,"Kiev, Ukraine",52,52,http://www.ua-open.com,"Kiev, Ukraine",
10338,264,UpTown Swing,2019,8,2019-08-01,2019-08-16,2019-08-19,wsdc_dump,scheduled,t,199,Stockholm,,Sweden,"Stockholm, Sweden",72,72,http://www.uptownswing.se/,"Stockholm, Sweden",Registry Event
8078,1,4TH of July Convention,2019,7,2019-07-01,2019-07-03,2019-07-07,wsdc_dump,scheduled,t,3,Phoenix,Arizona,United States,"Phoenix, AZ, United States",91,84,http://phoenix4thofjuly.com,"Phoenix, AZ",
10424,278,Americano Dance Camp,2019,7,2019-07-01,2019-06-27,2019-07-01,wsdc_dump,scheduled,t,252,Samara,,Russia,"Samara, Russia",40,40,https://t.me/americamodancecamp https://vk.com/americano2025,"Samara, Russia",
9560,156,Big Apple Dance Festival,2019,7,2019-07-01,2019-07-11,2019-07-14,wsdc_dump,scheduled,t,140,Morristown,New Jersey,United States,"Morristown, NJ, United States",18,18,http://bigapplecountrydance.com/,"Morristown, NJ",
9158,109,Colorado Country Classic,2019,7,2019-07-01,2019-07-04,2019-07-07,wsdc_dump,scheduled,t,29,Denver,Colorado,United States,"Denver, CO, United States",26,26,https://coloradocountryclassic.net/,"Denver, CO",
9506,149,Florida Dance Magic,2019,7,2019-07-01,2019-07-18,2019-07-22,wsdc_dump,scheduled,t,55,Fort Lauderdale,Florida,United States,"Fort Lauderdale, FL, United States",41,40,https://floridadancemagic.com/,"Fort Lauderdale, FL",Registry Event
10100,224,Midwest Westie Fest,2019,7,2019-07-01,2019-07-18,2019-07-21,wsdc_dump,scheduled,t,48,Overland Park,Kansas,United States,"Overland Park, KS, United States",99,95,http://www.midwestwestiefest.com/,"Overland Park, KS",Registry Event
10321,261,Neverland Swing,2019,7,2019-07-01,2019-06-27,2019-07-01,wsdc_dump,scheduled,t,191,Amsterdam,,Netherlands,"Amsterdam, Netherlands",44,42,http://www.neverlandswing.com/,"Amsterdam, Netherlands",Registry Event
10542,303,Odyssey West Coast Swing,2019,7,2019-07-01,2019-07-26,2019-07-28,wsdc_dump,scheduled,t,169,Gold Coast,,Australia,"Gold Coast, Australia",26,26,http://www.odysseywcs.dance,"Gold Coast, Australia",
8525,44,Portland Dance Festival,2019,7,2019-07-01,2019-07-11,2019-07-14,wsdc_dump,scheduled,t,4,Portland,Oregon,United States,"Portland, OR, United States",70,69,,"Portland, OR",
10291,256,Rock the Barn,2019,7,2019-07-01,2019-07-18,2019-07-21,wsdc_dump,scheduled,t,215,Umeå,,Sweden,"Umeå, Sweden",63,63,https://rockthebarn.se/,"Umeå, Sweden",
10433,280,Saint Petersburg WCS Nights,2019,7,2019-07-01,2019-07-18,2019-07-21,wsdc_dump,scheduled,t,222,St. Petersburg,,Russia,"St. Petersburg, Russia",62,62,http://wcsnights.ru,"St. Petersburg, Russia",Registry Event
9621,164,Sea Sun and Swing,2019,7,2019-07-01,2019-07-25,2019-07-28,wsdc_dump,scheduled,t,158,La Grande Motte,,France,"La Grande Motte, France",73,73,https://www.seasunswing.fr/,"La Grande Motte, France",
8557,47,SwingTime Denver,2019,7,2019-07-01,2019-07-25,2019-07-28,wsdc_dump,scheduled,t,29,Denver,Colorado,United States,"Denver, CO, United States",87,87,http://www.swingtimewcs.com/,"Denver, CO, United States",Registry Event
9477,147,Toronto Open Swing & Hustle Championships,2019,7,2019-07-01,2019-07-11,2019-07-14,wsdc_dump,scheduled,t,105,Toronto,,Canada,"Toronto, Canada",62,62,http://www.TOSHC.com,"Toronto, Canada",
10110,225,Wild Wild Westie,2019,7,2019-07-01,2019-07-04,2019-07-07,wsdc_dump,scheduled,t,21,Dallas,Texas,United States,"Dallas, TX, United States",171,169,http://www.WildWildWestie.com,"Dallas, TX",
10088,222,Baltic Swing,2019,6,2019-06-01,2019-06-06,2019-06-10,wsdc_dump,scheduled,t,186,Gdańsk,,Poland,"Gdańsk, Poland",104,104,http://www.balticswing.com,"Gdańsk, Poland",Registry Event
10068,220,D-Town Swing,2019,6,2019-06-01,2019-06-13,2019-06-16,wsdc_dump,scheduled,t,127,Düsseldorf,,Germany,"Düsseldorf, Germany",106,105,http://www.d-townswing.com/,"Düsseldorf, Germany",Registry Event
9969,207,Dance N Play,2019,6,2019-06-01,2019-06-13,2019-06-16,wsdc_dump,scheduled,t,133,Bend,Oregon,United States,"Bend, OR, United States",44,43,https://dancenplay.com/,"Bend, OR",
10273,254,Finnfest,2019,6,2019-06-01,2019-06-13,2019-06-17,wsdc_dump,scheduled,t,204,Helsinki,,Finland,"Helsinki, Finland",65,65,https://finnfest.fi/,"Helsinki, Finland",Registry Event
9714,175,French Open West Coast Swing,2019,6,2019-06-01,2019-05-30,2019-06-02,wsdc_dump,scheduled,t,109,Paris,,France,"Paris, France",120,117,http://www.fowcs.com/,"Paris, France",Registry Event
10283,255,Indy Dance Explosion,2019,6,2019-06-01,2019-06-27,2019-06-30,wsdc_dump,scheduled,t,138,Fort Wayne,Indiana,United States,"Fort Wayne, IN, United States",36,34,http://www.indydancex.com,"Fort Wayne, IN",
8383,25,J&J O'Rama,2019,6,2019-06-01,2019-06-06,2019-06-09,wsdc_dump,scheduled,t,23,Anaheim,California,United States,"Anaheim, CA, United States",149,149,https://jackandjillorama.com/,"Anaheim, CA",
10361,268,Korea Westival,2019,6,2019-06-01,2019-06-21,2019-06-24,wsdc_dump,scheduled,t,213,Jeju,,Republic of Korea,"Jeju, Republic of Korea",47,47,http://koreawestival.com,"Jeju, Republic of Korea",
9087,96,Liberty Swing Dance Championships,2019,6,2019-06-01,2019-06-27,2019-06-30,wsdc_dump,scheduled,t,41,New Brunswick,New Jersey,United States,"New Brunswick, NJ, United States",138,138,http://www.libertyswing.com/,"New Brunswick, NJ",Registry Event
8923,76,Michigan Dance Classic,2019,6,2019-06-01,2019-05-30,2019-06-02,wsdc_dump,scheduled,t,51,Detroit,Michigan,United States,"Detroit, MI, United States",95,95,http://michiganclassicswing.com/,"Detroit, MI",Registry Event
9844,188,NSW West Coast Swing Dance Championships,2019,6,2019-06-01,2019-05-31,2019-06-02,wsdc_dump,scheduled,t,117,Sydney,,Australia,"Sydney, Australia",42,42,,"Sydney, Australia",
9199,117,Orange Blossom Dance Festival,2019,6,2019-06-01,2019-05-30,2019-06-02,wsdc_dump,scheduled,t,82,Orlando,Florida,United States,"Orlando, FL, United States",22,22,http://www.orangeblossomdance.net/,"Orlando, FL",Registry Event
9603,162,Swingapalooza,2019,6,2019-06-01,2019-06-14,2019-06-16,wsdc_dump,scheduled,t,40,Baton Rouge,Louisiana,United States,"Baton Rouge, LA, United States",104,98,http://www.swingapaloozaevent.com/,"Baton Rouge, LA",Registry Event
9133,105,Canadian Swing Championships,2019,5,2019-05-01,2019-05-17,2019-05-20,wsdc_dump,scheduled,t,86,Montreal,,Canada,"Montreal, Canada",35,35,http://www.canadianswingchampionships.com,"Montreal, Canada",
8325,20,FreZno Dance Classic,2019,5,2019-05-01,2019-05-23,2019-05-27,wsdc_dump,scheduled,t,5,Fresno,California,United States,"Fresno, CA, United States",112,107,,"Fresno, CA",
9958,206,Hungarian Open,2019,5,2019-05-01,2019-05-24,2019-05-26,wsdc_dump,scheduled,t,110,Budapest,,Hungary,"Budapest, Hungary",81,81,https://wcs-ho.com/,"Budapest, Hungary",Registry Event
10062,219,KIWI Fest,2019,5,2019-05-01,2019-05-03,2019-05-05,wsdc_dump,scheduled,t,125,Kiev,,Ukraine,"Kiev, Ukraine",69,69,,"Kiev, Ukraine",
10421,277,Scotland Swing Classic,2019,5,2019-05-01,2019-05-17,2019-05-20,wsdc_dump,scheduled,t,226,Glasgow,,United Kingdom,"Glasgow, United Kingdom",61,56,http://www.scottishswingclassic.com/,"Glasgow, United Kingdom",
10079,221,Show Me Showdown,2019,5,2019-05-01,2019-05-24,2019-05-27,wsdc_dump,scheduled,t,49,St. Louis,Missouri,United States,"St. Louis, MO, United States",60,59,,"St. Louis, MO",
9946,205,SOswing,2019,5,2019-05-01,2019-05-16,2019-05-19,wsdc_dump,scheduled,t,88,Ashland,Oregon,United States,"Ashland, OR, United States",83,81,http://wwww.soswingdance.com/,"Ashland, OR",Registry Event
8726,61,SwingDiego,2019,5,2019-05-01,2019-05-10,2019-05-13,wsdc_dump,scheduled,t,10,San Diego,California,United States,"San Diego, CA, United States",110,108,,"San Diego, CA",
9455,144,Swingin' Into Spring,2019,5,2019-05-01,2019-05-02,2019-05-05,wsdc_dump,scheduled,t,131,Hartford,Connecticut,United States,"Hartford, CT, United States",64,64,http://www.sis.djkenm.com/,"Hartford, CT",Registry Event
9700,174,Swingsation,2019,5,2019-05-01,2019-05-16,2019-05-19,wsdc_dump,scheduled,t,169,Gold Coast,,Australia,"Gold Coast, Australia",68,68,https://rawconnection.com.au/swingsation/,"Gold Coast, Australia",Registry Event
9259,121,The Texas Classic,2019,5,2019-05-01,2019-05-17,2019-05-19,wsdc_dump,scheduled,t,39,Austin,Texas,United States,"Austin, TX, United States",46,45,http://Www.thetexasclassic.com,"Austin, TX",
10559,311,TLV SwingFest,2019,5,2019-05-01,2019-05-03,2019-05-05,wsdc_dump,scheduled,t,147,Tel Aviv,,Israel,"Tel Aviv, Israel",65,65,http://www.tlv-swingfest.com/,"Tel Aviv, Israel",
8352,22,USA Grand Nationals,2019,5,2019-05-01,2019-05-23,2019-05-27,wsdc_dump,scheduled,t,25,Atlanta,Georgia,United States,"Atlanta, GA, United States",135,132,http://www.usagrandnationals.com/,"Atlanta, GA, United States",Registry Event
10052,218,Asia West Coast Swing Open,2019,4,2019-04-01,2019-04-18,2019-04-21,wsdc_dump,scheduled,t,159,Singapore,,Singapore,"Singapore, Singapore",72,72,https://asiawcsopen.com/,"Singapore, Singapore",Registry Event
9831,187,City of Angels WCS,2019,4,2019-04-01,2019-04-11,2019-04-14,wsdc_dump,scheduled,t,54,Burbank,California,United States,"Burbank, CA, United States",135,135,https://cityofangelswcs.com/,"Burbank, CA",Registry Event
9933,203,Detonation Dance,2019,4,2019-04-01,2019-04-26,2019-04-29,wsdc_dump,scheduled,t,166,Manchester,,United Kingdom,"Manchester, United Kingdom",53,51,https://www.detonationdance.com/,"Manchester, United Kingdom",Registry Event
8284,18,Easter Swing,2019,4,2019-04-01,2019-04-18,2019-04-22,wsdc_dump,scheduled,t,30,Seattle,Washington,United States,"Seattle, WA, United States",131,129,https://easterswing.org/,"Seattle, WA, United States",Registry Event
10547,306,Go West SwingFest,2019,4,2019-04-01,2019-04-26,2019-04-28,wsdc_dump,scheduled,t,240,Fremantle,,Australia,"Fremantle, Australia",32,31,http://www.gowestswingfest.com,"Fremantle, Australia",
10263,253,Nordic WCS Championships,2019,4,2019-04-01,2019-04-26,2019-04-28,wsdc_dump,scheduled,t,199,Stockholm,,Sweden,"Stockholm, Sweden",81,81,http://www.nordicwcschamps.com/,"Stockholm, Sweden",Registry Event
10044,217,San Diego Dance Festival,2019,4,2019-04-01,2019-04-18,2019-04-21,wsdc_dump,scheduled,t,10,San Diego,California,United States,"San Diego, CA, United States",36,34,,"San Diego, CA",
9353,134,Swing Dance America,2019,4,2019-04-01,2019-04-25,2019-04-29,wsdc_dump,scheduled,t,89,Lake Geneva,Illinois,United States,"Lake Geneva, IL, United States",73,64,,"Lake Geneva, IL",
10545,304,Swing In Capital,2019,4,2019-04-01,2019-04-18,2019-04-21,wsdc_dump,scheduled,t,171,Rome,,Italy,"Rome, Italy",50,50,https://www.westcoastswingroma.it/swing-in-capital/,"Rome, Italy",Registry Event
9337,132,Tulsa Spring Swing,2019,4,2019-04-01,2019-04-19,2019-04-21,wsdc_dump,scheduled,t,58,Tulsa,Oklahoma,United States,"Tulsa, OK, United States",55,50,http://www.tulsaspringswing.com/,"Tulsa, OK",Registry Event
9545,154,UK WCS Championships,2019,4,2019-04-01,2019-04-11,2019-04-15,wsdc_dump,scheduled,t,107,London,,United Kingdom,"London, United Kingdom",85,85,http://www.ukwcschamps.com/,"London, United Kingdom",Registry Event
10503,293,Westy Nantes,2019,4,2019-04-01,2019-04-05,2019-04-07,wsdc_dump,scheduled,t,190,Nantes,,France,"Nantes, France",101,101,https://www.westynantes.com/,"Nantes, France",Registry Event
9904,197,5280 Westival,2019,3,2019-03-01,2019-03-21,2019-03-25,wsdc_dump,scheduled,t,29,Denver,Colorado,United States,"Denver, CO, United States",73,73,http://www.5280westival.com/,"Denver, CO",Registry Event
10418,276,Anchor Festival,2019,3,2019-03-01,2019-03-28,2019-03-31,wsdc_dump,scheduled,t,221,Hamburg,,Germany,"Hamburg, Germany",80,80,,"Hamburg, Germany",
8160,9,Boston Tea Party,2019,3,2019-03-01,2019-03-21,2019-03-24,wsdc_dump,scheduled,t,8,Boston,Massachusetts,United States,"Boston, MA, United States",120,119,http://teapartyswings.com/,"Boston, MA",Registry Event
10411,275,Dutch Open West Coast Swing,2019,3,2019-03-01,2019-03-21,2019-03-24,wsdc_dump,scheduled,t,227,Venray,,Netherlands,"Venray, Netherlands",56,56,http://www.dutchopenwcs.com/,"Venray, Netherlands",Registry Event
9440,143,High Desert Dance Classic,2019,3,2019-03-01,2019-03-08,2019-03-10,wsdc_dump,scheduled,t,18,Lancaster,California,United States,"Lancaster, CA, United States",52,52,http://www.highdesertdanceclassic.com/,"Lancaster, CA",Registry Event
10496,292,King Swing,2019,3,2019-03-01,2019-03-21,2019-03-25,wsdc_dump,scheduled,t,267,Kraków,,Poland,"Kraków, Poland",105,105,https://kingswing.pl/,"Kraków, Poland",Registry Event
9052,92,MADjam,2019,3,2019-03-01,2019-02-28,2019-03-03,wsdc_dump,scheduled,t,13,Washington,District of Columbia,United States,"Washington, DC, United States",187,187,http://www.atlanticdancejam.com,"Washington, DC, United States",Registry Event
9529,153,Novice Invitational,2019,3,2019-03-01,2019-03-22,2019-03-24,wsdc_dump,scheduled,t,44,Houston,Texas,United States,"Houston, TX, United States",99,96,http://www.htownthrowdownwcs.com/,"Houston, TX",Registry Event
9684,170,Russian Open WCS Championships,2019,3,2019-03-01,2019-03-28,2019-03-31,wsdc_dump,scheduled,t,113,Moscow,,Russia,"Moscow, Russia",67,67,,"Moscow, Russia",
10255,246,Swing Escape,2019,3,2019-03-01,2019-03-15,2019-03-17,wsdc_dump,scheduled,t,209,Hunter Valley,,Australia,"Hunter Valley, Australia",46,46,,"Hunter Valley, Australia",
10311,259,Swingover,2019,3,2019-03-01,2019-03-28,2019-03-31,wsdc_dump,scheduled,t,82,Orlando,Florida,United States,"Orlando, FL, United States",92,83,http://swingoverevent.com/,"Orlando, FL",Registry Event
9423,142,The Chicago Classic,2019,3,2019-03-01,2019-03-07,2019-03-11,wsdc_dump,scheduled,t,34,Chicago,Illinois,United States,"Chicago, IL, United States",136,135,https://thechicagoclassic.com/,"Chicago, IL",Registry Event
9818,186,West in Lyon,2019,3,2019-03-01,2019-03-14,2019-03-17,wsdc_dump,scheduled,t,156,Lyon,,France,"Lyon, France",111,106,http://www.west-in-lyon.fr/,"Lyon, France",Registry Event
10575,314,Westie Spring Thing,2019,3,2019-03-01,2019-03-15,2019-03-17,wsdc_dump,scheduled,t,110,Budapest,,Hungary,"Budapest, Hungary",76,76,https://westiespringthing.com/,"Budapest, Hungary",Registry Event
8214,12,Capital Swing Dance Convention,2019,2,2019-02-01,2019-02-14,2019-02-17,wsdc_dump,scheduled,t,6,Sacramento,California,United States,"Sacramento, CA, United States",146,136,http://www.capitalswingconvention.com/,"Sacramento, CA",Registry Event
10401,273,Charlotte Westie Fest,2019,2,2019-02-01,2019-01-31,2019-02-03,wsdc_dump,scheduled,t,62,Charlotte,North Carolina,United States,"Charlotte, NC, United States",135,134,https://charlottewestiefest.com/,"Charlotte, NC",Registry Event
9675,169,Dance Camp Chicago,2019,2,2019-02-01,2019-02-08,2019-02-10,wsdc_dump,scheduled,t,114,Elmhurst,Illinois,United States,"Elmhurst, IL, United States",63,63,,"Elmhurst, IL",
10393,272,Paris Westie Fest,2019,2,2019-02-01,2019-02-01,2019-02-03,wsdc_dump,scheduled,t,109,Paris,,France,"Paris, France",74,74,http://https//parisswingclassic.com,"Paris, France",Registry Event
10242,244,Rose City Swing,2019,2,2019-02-01,2019-02-21,2019-02-24,wsdc_dump,scheduled,t,4,Portland,Oregon,United States,"Portland, OR, United States",137,132,https://rosecityswing.com/,"Portland, OR",Registry Event
10026,215,Swing & Snow,2019,2,2019-02-01,2019-01-31,2019-02-03,wsdc_dump,scheduled,t,222,St. Petersburg,,Russia,"St. Petersburg, Russia",93,93,http://swingandsnow.ru/,"St. Petersburg, Russia",Registry Event
10303,258,Swingtzerland,2019,2,2019-02-01,2019-02-07,2019-02-10,wsdc_dump,scheduled,t,173,Zürich,,Switzerland,"Zürich, Switzerland",77,77,https://swingtzerland.com/,"Zürich, Switzerland",Registry Event
10553,310,Valentine Swing,2019,2,2019-02-01,2019-02-15,2019-02-17,wsdc_dump,scheduled,t,199,Stockholm,,Sweden,"Stockholm, Sweden",45,45,http://www.valentineswing.dance,"Stockholm, Sweden",Registry Event
10537,302,WesterOz Swing,2019,2,2019-02-01,2019-02-15,2019-02-17,wsdc_dump,scheduled,t,253,Perth,,Australia,"Perth, Australia",38,38,http://magneticdance.com.au/westeroz,"Perth, Australia",
10512,297,Winter Coast Swing,2019,2,2019-02-01,2019-02-21,2019-02-25,wsdc_dump,scheduled,t,269,Kuopio,,Finland,"Kuopio, Finland",44,44,https://www.wintercoastswing.com/,"Kuopio, Finland",Registry Event
9918,200,Austin Swing Dance Championships,2019,1,2019-01-01,2019-01-17,2019-01-20,wsdc_dump,scheduled,t,39,Austin,Texas,United States,"Austin, TX, United States",108,106,https://austinswingdance.com/,"Austin, TX",Registry Event
9797,184,BudaFest Open WCS Championships,2019,1,2019-01-01,2019-01-04,2019-01-06,wsdc_dump,scheduled,t,110,Budapest,,Hungary,"Budapest, Hungary",138,138,http://wcs-budafest.com/,"Budapest, Hungary",Registry Event
10628,334,Countdown Swing Boston,2019,1,2019-01-01,2018-12-28,2019-01-01,wsdc_dump,scheduled,t,8,Boston,Massachusetts,United States,"Boston, MA, United States",63,63,http://countdownswingboston.com/,"Boston, MA",Registry Event
10231,242,Derby City Swing,2019,1,2019-01-01,2019-01-24,2019-01-27,wsdc_dump,scheduled,t,116,Louisville,Kentucky,United States,"Louisville, KY, United States",93,90,https://derbycityswing.com/,"Louisville, KY",Registry Event
8480,42,Floorplay Swing Vacation,2019,1,2019-01-01,2018-12-28,2019-01-01,wsdc_dump,scheduled,t,82,Orlando,Florida,United States,"Orlando, FL, United States",93,89,http://www.floorplayswingvacation.com/,"Orlando, FL",Registry Event
9783,183,Freedom Swing Dance Challenge,2019,1,2019-01-01,2019-01-18,2019-01-20,wsdc_dump,scheduled,t,66,Wilmington,Delaware,United States,"Wilmington, DE, United States",89,87,https://freedomswingdance.com/,"Wilmington, DE, United States",Registry Event
8752,62,Monterey SwingFest,2019,1,2019-01-01,2019-01-10,2019-01-13,wsdc_dump,scheduled,t,1,Monterey,California,United States,"Monterey, CA, United States",119,115,http://www.montereyswing.com/,"Monterey, CA",Registry Event
10493,291,Municorn Swing,2019,1,2019-01-01,2019-01-25,2019-01-27,wsdc_dump,scheduled,t,129,Munich,,Germany,"Munich, Germany",46,46,,"Munich, Germany",
10019,214,New Year's Swing Fling,2019,1,2019-01-01,2018-12-27,2019-01-01,wsdc_dump,scheduled,t,107,London,,United Kingdom,"London, United Kingdom",89,89,http://nysf.uk/,"London, United Kingdom",Registry Event
9884,195,Palm Springs New Years Swing Dance Classic,2019,1,2019-01-01,2018-12-28,2019-01-01,wsdc_dump,scheduled,t,20,Palm Springs,California,United States,"Palm Springs, CA, United States",60,59,,"Palm Springs, CA",
10484,290,Shooba Dooba Swing,2019,1,2019-01-01,2019-01-02,2019-01-04,wsdc_dump,scheduled,t,113,Moscow,,Russia,"Moscow, Russia",42,42,https://danceconvention.net/eventdirector/ru/eventpage/6023470-shooba-dooba-swing-2020/info,"Moscow, Russia",
9410,141,Spotlight New Year's Celebration,2019,1,2019-01-01,2018-12-28,2019-01-01,wsdc_dump,scheduled,t,43,Nashville,Tennessee,United States,"Nashville, TN, United States",107,107,http://www.spotlightnewyears.com/,"Nashville, TN",Registry Event
10531,301,Swing Resolution,2019,1,2019-01-01,2019-01-18,2019-01-21,wsdc_dump,scheduled,t,177,Edinburgh,,United Kingdom,"Edinburgh, United Kingdom",41,39,http://www.swingresolution.com/,"Edinburgh, United Kingdom",Registry Event
9892,196,SwingCouver,2019,1,2019-01-01,2019-01-24,2019-01-27,wsdc_dump,scheduled,t,4,Portland,Oregon,United States,"Portland, OR, United States",119,119,https://swingco.dance/,"Portland, OR",Registry Event
10477,289,SwingVester,2019,1,2019-01-01,2018-12-28,2019-01-01,wsdc_dump,scheduled,t,197,Wels,,Austria,"Wels, Austria",80,80,https://www.swingvester.com/,"Wels, Austria",Registry Event
8902,75,UCWDC Country Dance World Championship,2019,1,2019-01-01,2018-12-31,2019-01-06,wsdc_dump,scheduled,t,21,Dallas,Texas,United States,"Dallas, TX, United States",35,34,http://www.ucwdcworlds.com/,"Dallas, TX",Registry Event
10385,271,Berlin Swing Revolution,2018,12,2018-12-01,2018-12-06,2018-12-09,wsdc_dump,scheduled,t,194,Berlin,,Germany,"Berlin, Germany",73,73,https://berlinswingrevolution.com/,"Berlin, Germany",Registry Event
10010,213,Swingtimate,2018,12,2018-12-01,2018-12-07,2018-12-09,wsdc_dump,scheduled,t,169,Gold Coast,,Australia,"Gold Coast, Australia",51,51,https://rawconnection.com.au/swingtimate/,"Gold Coast, Australia",
9999,212,The After Party (TAP),2018,12,2018-12-01,2018-11-29,2018-12-02,wsdc_dump,scheduled,t,73,Orange County,California,United States,"Orange County, CA, United States",118,117,http://www.tapwcs.com/,"Orange County, CA",Registry Event
10346,265,Upstate Dance Challenge,2018,12,2018-12-01,2018-12-06,2018-12-09,wsdc_dump,scheduled,t,139,Albany,New York,United States,"Albany, NY, United States",87,85,upstatedancechallenge.com,"Albany, NY",
10207,238,Winter White,2018,12,2018-12-01,2018-11-30,2018-12-02,wsdc_dump,scheduled,t,223,Oslo,,Norway,"Oslo, Norway",73,73,http://www.winterwhite.no/,"Oslo, Norway",Registry Event
10368,269,Autumn Swing Challenge,2018,11,2018-11-01,2018-11-09,2018-11-11,wsdc_dump,scheduled,t,110,Budapest,,Hungary,"Budapest, Hungary",74,74,http://www.asc-budapest.com/,"Budapest, Hungary",Registry Event
9018,87,CASH Bash,2018,11,2018-11-01,2018-11-23,2018-11-25,wsdc_dump,scheduled,t,96,Cleveland,Ohio,United States,"Cleveland, OH, United States",70,63,https://cashdanceclub.org/cash-bash/,"Cleveland, OH",Registry Event
9770,181,DC Swing eXperience (DCSX),2018,11,2018-11-01,2018-11-15,2018-11-18,wsdc_dump,scheduled,t,38,Herndon,Virginia,United States,"Herndon, VA, United States",139,138,http://www.dcswingexperience.com,"Herndon, VA, United States",Registry Event
10467,287,Florida Westie Fest,2018,11,2018-11-01,2018-11-02,2018-11-04,wsdc_dump,scheduled,t,53,Tampa,Florida,United States,"Tampa, FL, United States",54,49,,"Tampa, FL",
9647,166,London SwingVitational,2018,11,2018-11-01,2018-11-15,2018-11-18,wsdc_dump,scheduled,t,212,Windsor,,United Kingdom,"Windsor, United Kingdom",40,40,,"Windsor, United Kingdom",
10469,288,Midnight Madness,2018,11,2018-11-01,2018-11-09,2018-11-11,wsdc_dump,scheduled,t,21,Dallas,Texas,United States,"Dallas, TX, United States",49,48,http://www.midnightmadnesswcs.com/,"Dallas, TX",Registry Event
9860,194,Moscow Westie Fest,2018,11,2018-11-01,2018-11-01,2018-11-04,wsdc_dump,scheduled,t,113,Moscow,,Russia,"Moscow, Russia",74,74,http://westiefest.org/,"Moscow, Russia",Registry Event
8435,31,Mountain Magic,2018,11,2018-11-01,2018-11-01,2018-11-04,wsdc_dump,scheduled,t,28,South Lake Tahoe (near Reno),Nevada,United States,"South Lake Tahoe (near Reno), NV, United States",69,63,http://mountainmagic.dance,"South Lake Tahoe (near Reno), NV",
10139,229,Scandinavian Open,2018,11,2018-11-01,2018-11-01,2018-11-04,wsdc_dump,scheduled,t,199,Stockholm,,Sweden,"Stockholm, Sweden",86,86,http://www.snowcs.se/,"Stockholm, Sweden",Registry Event
8963,79,Sea to Sky,2018,11,2018-11-01,2018-11-08,2018-11-12,wsdc_dump,scheduled,t,30,Seattle,Washington,United States,"Seattle, WA, United States",101,100,http://Seatoskywcs.com,"Seattle, WA",
8778,63,Swingin' New England Dance Festival,2018,11,2018-11-01,2018-11-08,2018-11-11,wsdc_dump,scheduled,t,70,Newton,Massachusetts,United States,"Newton (Boston), MA, United States",86,86,,"Newton (Boston), MA, United States",
8851,68,US Open Swing Dance Championships,2018,11,2018-11-01,2018-11-22,2018-11-25,wsdc_dump,scheduled,t,22,Los Angeles,California,United States,"Los Angeles, CA, United States",111,108,http://www.theopenswing.com/,"Los Angeles, CA",Registry Event
10192,236,Warsaw Halloween Swing,2018,11,2018-11-01,2018-11-01,2018-11-05,wsdc_dump,scheduled,t,155,Warsaw,,Poland,"Warsaw, Poland",82,82,http://www.warsawhalloweenswing.com/,"Warsaw, Poland",Registry Event
10561,312,Westie Pink City,2018,11,2018-11-01,2018-11-16,2018-11-18,wsdc_dump,scheduled,t,208,Toulouse,,France,"Toulouse, France",64,64,http://www.westiepinkcity.fr/,"Toulouse, France",Registry Event
10376,270,Westie's Angels,2018,11,2018-11-01,2018-11-01,2018-11-04,wsdc_dump,scheduled,t,156,Lyon,,France,"Lyon, France",60,60,http://www.frenchywesty.com/,"Lyon, France",Registry Event
9986,211,Atlanta Swing Classic,2018,10,2018-10-01,2018-09-27,2018-10-01,wsdc_dump,scheduled,t,25,Atlanta,Georgia,United States,"Atlanta, GA, United States",126,125,https://www.atlantaswingclassic.com/,"Atlanta, GA, United States",Registry Event
8132,8,Boogie By The Bay,2018,10,2018-10-01,2018-10-04,2018-10-08,wsdc_dump,scheduled,t,2,San Francisco,California,United States,"San Francisco, CA, United States",116,114,https://boogiebythebay.com/,"San Francisco, CA",Registry Event
10509,294,European Swing Challenge,2018,10,2018-10-01,2018-10-19,2018-10-22,wsdc_dump,scheduled,t,212,Windsor,,United Kingdom,"Windsor, United Kingdom",38,38,https://www.jiveaddiction.com/,"Windsor, United Kingdom",
8806,65,Halloween SwingThing,2018,10,2018-10-01,2018-10-25,2018-10-28,wsdc_dump,scheduled,t,24,Costa Mesa,California,United States,"Costa Mesa, CA, United States",113,112,http://hstswing.com/,"Costa Mesa, CA",Registry Event
9739,178,Montreal Westie Fest,2018,10,2018-10-01,2018-10-12,2018-10-15,wsdc_dump,scheduled,t,86,Montreal,,Canada,"Montreal, Canada",83,83,http://www.montrealwestiefest.com,"Montreal, Canada",Registry Event
10458,285,Old Town Swing,2018,10,2018-10-01,2018-09-27,2018-10-01,wsdc_dump,scheduled,t,238,Tallinn,,Estonia,"Tallinn, Estonia",63,63,,"Tallinn, Estonia",
8504,43,Paradise Dance Festival,2018,10,2018-10-01,2018-10-18,2018-10-21,wsdc_dump,scheduled,t,19,Irvine,California,United States,"Irvine, CA, United States",76,75,https://paradisecountrydancefestival.com/,"Irvine, CA",Registry Event
9283,125,Swing City Chicago,2018,10,2018-10-01,2018-10-25,2018-10-28,wsdc_dump,scheduled,t,34,Chicago,Illinois,United States,"Chicago, IL, United States",118,115,https://swingcitychicago.com/,"Chicago, IL",Registry Event
10352,267,Swustlicious,2018,10,2018-10-01,2018-10-19,2018-10-21,wsdc_dump,scheduled,t,149,Philadelphia,Pennsylvania,United States,"Philadelphia, PA, United States",61,61,http://www.swustlicious.com/,"Philadelphia, PA",Registry Event
10460,286,WCS Festival,2018,10,2018-10-01,2018-10-18,2018-10-21,wsdc_dump,scheduled,t,127,Düsseldorf,,Germany,"Düsseldorf, Germany",69,68,http://www.wcsfestival.com/,"Düsseldorf, Germany",Registry Event
10526,300,Austin Rocks,2018,9,2018-09-01,2018-09-14,2018-09-16,wsdc_dump,scheduled,t,39,Austin,Texas,United States,"Austin, TX, United States",81,80,http://www.atxrox.com,"Austin, TX",
10168,233,Bavarian Open,2018,9,2018-09-01,2018-09-06,2018-09-09,wsdc_dump,scheduled,t,129,Munich,,Germany,"Munich, Germany",98,98,https://bavarianopen.com/,"Munich, Germany",Registry Event
9656,167,Best of the Best WCS,2018,9,2018-09-01,2018-09-20,2018-09-23,wsdc_dump,scheduled,t,117,Sydney,,Australia,"Sydney, Australia",39,39,https://www.bestofthebestwcs.com/,"Sydney, Australia",Registry Event
8181,10,Bridgetown Swing Boogie,2018,9,2018-09-01,2018-09-27,2018-09-30,wsdc_dump,scheduled,t,74,Vancouver,Washington,United States,"Vancouver, WA, United States",93,88,,"Vancouver, WA",
10455,284,Citadel Swing,2018,9,2018-09-01,2018-09-21,2018-09-23,wsdc_dump,scheduled,t,257,Timisoara,,Romania,"Timisoara, Romania",76,76,,"Timisoara, Romania",
8256,15,Dallas D.A.N.C.E.,2018,9,2018-09-01,2018-08-31,2018-09-03,wsdc_dump,scheduled,t,21,Dallas,Texas,United States,"Dallas, TX, United States",20,18,,"Dallas, TX",
9368,135,Desert City Swing,2018,9,2018-09-01,2018-08-30,2018-09-02,wsdc_dump,scheduled,t,3,Phoenix,Arizona,United States,"Phoenix, AZ, United States",114,109,https://www.desertcityswing.com/,"Phoenix, AZ",Registry Event
10511,296,Fall Fall in Swing,2018,9,2018-09-01,2018-09-07,2018-09-09,wsdc_dump,scheduled,t,220,Seoul,,Republic of Korea,"Seoul, Republic of Korea",37,37,https://www.wcskorea.com/ffs,"Seoul, Republic of Korea",
9319,131,Meet Me In St Louis,2018,9,2018-09-01,2018-09-20,2018-09-23,wsdc_dump,scheduled,t,49,St. Louis,Missouri,United States,"St. Louis, MO, United States",96,90,http://Www.mmisl.com,"St. Louis, MO",
9633,165,Midland Swing Open,2018,9,2018-09-01,2018-09-27,2018-09-30,wsdc_dump,scheduled,t,107,London,,United Kingdom,"London, United Kingdom",75,74,https://www.midlandswingopen.com/,"London, United Kingdom",Registry Event
10162,232,Norway Westie Fest,2018,9,2018-09-01,2018-09-13,2018-09-16,wsdc_dump,scheduled,t,181,Trondheim,,Norway,"Trondheim, Norway",51,51,https://www.norwaywestiefest.com/,"Trondheim, Norway",Trial Event
10179,234,Philly Swing Classic,2018,9,2018-09-01,2018-09-21,2018-09-23,wsdc_dump,scheduled,t,66,Wilmington,Delaware,United States,"Wilmington, DE, United States",71,69,http://www.phillyswing.com,"Wilmington, DE, United States",
9727,177,River City Swing,2018,9,2018-09-01,2018-08-30,2018-09-03,wsdc_dump,scheduled,t,98,Jacksonville,Florida,United States,"Jacksonville, FL, United States",92,82,http://www.floridadanceevents.com,"Jacksonville, FL",
10349,266,Rocky Mountain 5 Dance,2018,9,2018-09-01,2018-09-14,2018-09-16,wsdc_dump,scheduled,t,29,Denver,Colorado,United States,"Denver, CO, United States",35,33,,"Denver, CO",
8582,48,South Bay Dance Fling,2018,9,2018-09-01,2018-08-30,2018-09-03,wsdc_dump,scheduled,t,16,San Jose,California,United States,"San Jose, CA, United States",74,71,http://www.SBDF.dance,"San Jose, CA",
10037,216,The Brazilian Open,2018,9,2018-09-01,2018-09-28,2018-09-30,wsdc_dump,scheduled,t,216,Fortaleza,,Brazil,"Fortaleza, Brazil",24,24,,"Fortaleza, Brazil",
10151,231,Trilogy Swing,2018,9,2018-09-01,2018-09-06,2018-09-09,wsdc_dump,scheduled,t,63,Raleigh,North Carolina,United States,"Raleigh, NC, United States",110,108,https://trilogywcs.com/,"Raleigh, NC",Registry Event
10524,299,Ukrainian Open,2018,9,2018-09-01,2018-09-14,2018-09-16,wsdc_dump,scheduled,t,125,Kiev,,Ukraine,"Kiev, Ukraine",51,51,http://www.ua-open.com,"Kiev, Ukraine",
8939,77,Arizona Dance Classic,2018,8,2018-08-01,2018-08-02,2018-08-05,wsdc_dump,scheduled,t,3,Phoenix,Arizona,United States,"Phoenix, AZ, United States",40,35,https://arizonadanceclassic.com/,"Phoenix, AZ",Registry Event
9220,119,Chicagoland Country and Swing Dance Festival,2018,8,2018-08-01,2018-08-17,2018-08-19,wsdc_dump,scheduled,t,34,Chicago,Illinois,United States,"Chicago, IL, United States",58,57,https://chicagolanddancefestival.com/,"Chicago, IL",Registry Event
10442,282,German Open,2018,8,2018-08-01,2018-08-09,2018-08-12,wsdc_dump,scheduled,t,143,Freiburg,,Germany,"Freiburg, Germany",63,63,http://www.go-wcs.com,"Freiburg, Germany",
9240,120,Lone Star Invitational,2018,8,2018-08-01,2018-08-09,2018-08-12,wsdc_dump,scheduled,t,39,Austin,Texas,United States,"Austin, TX, United States",49,48,,"Austin, TX",
10099,224,Midwest Westie Fest,2018,8,2018-08-01,2018-08-02,2018-08-05,wsdc_dump,scheduled,t,48,Overland Park,Kansas,United States,"Overland Park, KS, United States",67,65,http://www.midwestwestiefest.com/,"Overland Park, KS",Registry Event
9576,157,New England Dance Festival,2018,8,2018-08-01,2018-08-02,2018-08-05,wsdc_dump,scheduled,t,70,Newton,Massachusetts,United States,"Newton (Boston), MA, United States",38,38,http://www.nedancefestival.com,"Newton (Boston), MA, United States",Registry Event
8616,51,Palm Springs Summer Dance Classic,2018,8,2018-08-01,2018-08-16,2018-08-19,wsdc_dump,scheduled,t,20,Palm Springs,California,United States,"Palm Springs, CA, United States",83,83,,"Palm Springs, CA",
10332,263,Riga Summer Swing,2018,8,2018-08-01,2018-08-09,2018-08-13,wsdc_dump,scheduled,t,203,Riga,,Latvia,"Riga, Latvia",91,91,,"Riga, Latvia",
10518,298,Shakedown Swing,2018,8,2018-08-01,2018-08-24,2018-08-26,wsdc_dump,scheduled,t,260,Christchurch,,New Zealand,"Christchurch, New Zealand",32,32,http://www.code03swing.com/shakedown,"Christchurch, New Zealand",
8649,53,Summer Hummer,2018,8,2018-08-01,2018-08-23,2018-08-26,wsdc_dump,scheduled,t,397,Woburn,Massachusetts,United States,"Woburn (Boston), MA, United States",134,134,https://summerhummerboston.com/,"Woburn (Boston), MA, United States",Registry Event
8697,59,Swing Fling,2018,8,2018-08-01,2018-08-09,2018-08-12,wsdc_dump,scheduled,t,38,Herndon,Virginia,United States,"Herndon, VA, United States",150,148,http://www.swingfling.com,"Herndon, VA, United States",Registry Event
10126,227,Swingtacular: The Galactic Open,2018,8,2018-08-01,2018-08-03,2018-08-05,wsdc_dump,scheduled,t,2,San Francisco,California,United States,"San Francisco, CA, United States",137,136,http://www.swingtacular.art/,"San Francisco, CA",Registry Event
9389,137,Tampa Bay Classic,2018,8,2018-08-01,2018-08-02,2018-08-05,wsdc_dump,scheduled,t,53,Tampa,Florida,United States,"Tampa, FL, United States",64,60,http://www.tbcwcs.com/,"Tampa, FL",Registry Event
10337,264,Swedish Swing Summer Camp,2018,8,2018-08-01,2018-08-17,2018-08-20,wsdc_dump,scheduled,t,199,Stockholm,,Sweden,"Stockholm, Sweden",60,60,http://www.uptownswing.se/,"Stockholm, Sweden",Registry Event
8077,1,4TH of July Convention,2018,7,2018-07-01,2018-07-06,2018-07-08,wsdc_dump,scheduled,t,3,Phoenix,Arizona,United States,"Phoenix, AZ, United States",83,78,http://phoenix4thofjuly.com,"Phoenix, AZ",
10423,278,Americano Dance Camp,2018,7,2018-07-01,2018-06-29,2018-07-01,wsdc_dump,scheduled,t,252,Samara,,Russia,"Samara, Russia",40,40,https://t.me/americamodancecamp https://vk.com/americano2025,"Samara, Russia",
9559,156,Big Apple Dance Festival,2018,7,2018-07-01,2018-07-13,2018-07-15,wsdc_dump,scheduled,t,140,Morristown,New Jersey,United States,"Morristown, NJ, United States",33,33,http://bigapplecountrydance.com/,"Morristown, NJ",
9490,148,Dance Mardi Gras,2018,7,2018-07-01,2018-07-19,2018-07-22,wsdc_dump,scheduled,t,57,New Orleans,Louisiana,United States,"New Orleans, LA, United States",26,26,http://www.dancemardigras.com,"New Orleans, LA",
9505,149,Florida Dance Magic,2018,7,2018-07-01,2018-07-19,2018-07-22,wsdc_dump,scheduled,t,55,Fort Lauderdale,Florida,United States,"Fort Lauderdale, FL, United States",43,41,https://floridadancemagic.com/,"Fort Lauderdale, FL",Registry Event
10121,226,Ft. Lauderdale Swing & Shag Beach Bash,2018,7,2018-07-01,2018-07-05,2018-07-08,wsdc_dump,scheduled,t,55,Fort Lauderdale,Florida,United States,"Fort Lauderdale, FL, United States",17,17,,"Fort Lauderdale, FL",
10282,255,Indy Dance Explosion,2018,7,2018-07-01,2018-07-06,2018-07-08,wsdc_dump,scheduled,t,138,Fort Wayne,Indiana,United States,"Fort Wayne, IN, United States",42,42,http://www.indydancex.com,"Fort Wayne, IN",
9086,96,Liberty Swing Dance Championships,2018,7,2018-07-01,2018-06-29,2018-07-01,wsdc_dump,scheduled,t,41,New Brunswick,New Jersey,United States,"New Brunswick, NJ, United States",140,139,http://www.libertyswing.com/,"New Brunswick, NJ",Registry Event
10320,261,Neverland Swing,2018,7,2018-07-01,2018-06-29,2018-07-01,wsdc_dump,scheduled,t,191,Amsterdam,,Netherlands,"Amsterdam, Netherlands",46,46,http://www.neverlandswing.com/,"Amsterdam, Netherlands",Registry Event
10541,303,Odyssey West Coast Swing,2018,7,2018-07-01,2018-07-27,2018-07-29,wsdc_dump,scheduled,t,169,Gold Coast,,Australia,"Gold Coast, Australia",29,29,http://www.odysseywcs.dance,"Gold Coast, Australia",
8524,44,Portland Dance Festival,2018,7,2018-07-01,2018-07-13,2018-07-15,wsdc_dump,scheduled,t,4,Portland,Oregon,United States,"Portland, OR, United States",61,59,,"Portland, OR",
10290,256,Rock the Barn,2018,7,2018-07-01,2018-07-20,2018-07-22,wsdc_dump,scheduled,t,215,Umeå,,Sweden,"Umeå, Sweden",49,49,https://rockthebarn.se/,"Umeå, Sweden",
10432,280,Saint Petersburg WCS Nights,2018,7,2018-07-01,2018-07-13,2018-07-15,wsdc_dump,scheduled,t,222,St. Petersburg,,Russia,"St. Petersburg, Russia",51,51,http://wcsnights.ru,"St. Petersburg, Russia",Registry Event
10329,262,Swing It Like It's Hot,2018,7,2018-07-01,2018-07-19,2018-07-22,wsdc_dump,scheduled,t,147,Tel Aviv,,Israel,"Tel Aviv, Israel",43,43,,"Tel Aviv, Israel",
8556,47,SwingTime Denver,2018,7,2018-07-01,2018-07-26,2018-07-29,wsdc_dump,scheduled,t,29,Denver,Colorado,United States,"Denver, CO, United States",103,101,http://www.swingtimewcs.com/,"Denver, CO, United States",Registry Event
9476,147,Toronto Open Swing & Hustle Championships,2018,7,2018-07-01,2018-07-13,2018-07-15,wsdc_dump,scheduled,t,105,Toronto,,Canada,"Toronto, Canada",82,79,http://www.TOSHC.com,"Toronto, Canada",
10109,225,Wild Wild Westie,2018,7,2018-07-01,2018-07-06,2018-07-08,wsdc_dump,scheduled,t,21,Dallas,Texas,United States,"Dallas, TX, United States",146,144,http://www.WildWildWestie.com,"Dallas, TX",
10087,222,Baltic Swing,2018,6,2018-06-01,2018-06-08,2018-06-10,wsdc_dump,scheduled,t,186,Gdańsk,,Poland,"Gdańsk, Poland",92,92,http://www.balticswing.com,"Gdańsk, Poland",Registry Event
10067,220,D-Town Swing,2018,6,2018-06-01,2018-06-15,2018-06-17,wsdc_dump,scheduled,t,127,Düsseldorf,,Germany,"Düsseldorf, Germany",99,99,http://www.d-townswing.com/,"Düsseldorf, Germany",Registry Event
9968,207,Dance N Play,2018,6,2018-06-01,2018-06-15,2018-06-17,wsdc_dump,scheduled,t,133,Bend,Oregon,United States,"Bend, OR, United States",56,55,https://dancenplay.com/,"Bend, OR",
10272,254,Finnfest,2018,6,2018-06-01,2018-06-15,2018-06-17,wsdc_dump,scheduled,t,204,Helsinki,,Finland,"Helsinki, Finland",64,64,https://finnfest.fi/,"Helsinki, Finland",Registry Event
8382,25,J&J O'Rama,2018,6,2018-06-01,2018-06-08,2018-06-10,wsdc_dump,scheduled,t,23,Anaheim,California,United States,"Anaheim, CA, United States",136,135,https://jackandjillorama.com/,"Anaheim, CA",
10360,268,Korea Westival,2018,6,2018-06-01,2018-06-22,2018-06-24,wsdc_dump,scheduled,t,213,Jeju,,Republic of Korea,"Jeju, Republic of Korea",43,43,http://koreawestival.com,"Jeju, Republic of Korea",
8922,76,Michigan Dance Classic,2018,6,2018-06-01,2018-06-01,2018-06-03,wsdc_dump,scheduled,t,51,Detroit,Michigan,United States,"Detroit, MI, United States",90,89,http://michiganclassicswing.com/,"Detroit, MI",Registry Event
9751,179,New Zealand Open Swing Dance Championships,2018,6,2018-06-01,2018-06-22,2018-06-24,wsdc_dump,scheduled,t,168,Auckland,,New Zealand,"Auckland, New Zealand",22,22,https://www.streetswing.co.nz/the-new-zealand-open,"Auckland, New Zealand",Registry Event
9843,188,NSW West Coast Swing Dance Championships,2018,6,2018-06-01,2018-06-15,2018-06-17,wsdc_dump,scheduled,t,117,Sydney,,Australia,"Sydney, Australia",35,35,,"Sydney, Australia",
9198,117,Orange Blossom Dance Festival,2018,6,2018-06-01,2018-06-01,2018-06-03,wsdc_dump,scheduled,t,82,Orlando,Florida,United States,"Orlando, FL, United States",39,38,http://www.orangeblossomdance.net/,"Orlando, FL",Registry Event
9602,162,Swingapalooza,2018,6,2018-06-01,2018-06-15,2018-06-17,wsdc_dump,scheduled,t,40,Baton Rouge,Louisiana,United States,"Baton Rouge, LA, United States",90,87,http://www.swingapaloozaevent.com/,"Baton Rouge, LA",Registry Event
9132,105,Canadian Swing Championships,2018,5,2018-05-01,2018-05-18,2018-05-20,wsdc_dump,scheduled,t,86,Montreal,,Canada,"Montreal, Canada",38,38,http://www.canadianswingchampionships.com,"Montreal, Canada",
9713,175,French Open West Coast Swing,2018,5,2018-05-01,2018-05-18,2018-05-20,wsdc_dump,scheduled,t,109,Paris,,France,"Paris, France",110,105,http://www.fowcs.com/,"Paris, France",Registry Event
8324,20,FreZno Dance Classic,2018,5,2018-05-01,2018-05-25,2018-05-27,wsdc_dump,scheduled,t,5,Fresno,California,United States,"Fresno, CA, United States",76,74,,"Fresno, CA",
9957,206,Hungarian Open,2018,5,2018-05-01,2018-05-25,2018-05-27,wsdc_dump,scheduled,t,110,Budapest,,Hungary,"Budapest, Hungary",74,74,https://wcs-ho.com/,"Budapest, Hungary",Registry Event
10061,219,KIWI Fest,2018,5,2018-05-01,2018-05-04,2018-05-06,wsdc_dump,scheduled,t,125,Kiev,,Ukraine,"Kiev, Ukraine",60,60,,"Kiev, Ukraine",
10420,277,Scotland Swing Classic,2018,5,2018-05-01,2018-05-11,2018-05-13,wsdc_dump,scheduled,t,226,Glasgow,,United Kingdom,"Glasgow, United Kingdom",29,29,http://www.scottishswingclassic.com/,"Glasgow, United Kingdom",
10078,221,Show Me Showdown,2018,5,2018-05-01,2018-05-25,2018-05-27,wsdc_dump,scheduled,t,49,St. Louis,Missouri,United States,"St. Louis, MO, United States",64,62,,"St. Louis, MO",
8725,61,SwingDiego,2018,5,2018-05-01,2018-05-11,2018-05-13,wsdc_dump,scheduled,t,10,San Diego,California,United States,"San Diego, CA, United States",113,111,,"San Diego, CA",
9454,144,Swingin' Into Spring,2018,5,2018-05-01,2018-05-04,2018-05-06,wsdc_dump,scheduled,t,131,Hartford,Connecticut,United States,"Hartford, CT, United States",64,64,http://www.sis.djkenm.com/,"Hartford, CT",Registry Event
9699,174,Swingsation,2018,5,2018-05-01,2018-05-25,2018-05-27,wsdc_dump,scheduled,t,169,Gold Coast,,Australia,"Gold Coast, Australia",64,64,https://rawconnection.com.au/swingsation/,"Gold Coast, Australia",Registry Event
9258,121,The Texas Classic,2018,5,2018-05-01,2018-05-18,2018-05-20,wsdc_dump,scheduled,t,39,Austin,Texas,United States,"Austin, TX, United States",43,39,http://Www.thetexasclassic.com,"Austin, TX",
8351,22,USA Grand Nationals,2018,5,2018-05-01,2018-05-25,2018-05-27,wsdc_dump,scheduled,t,25,Atlanta,Georgia,United States,"Atlanta, GA, United States",132,129,http://www.usagrandnationals.com/,"Atlanta, GA, United States",Registry Event
10417,276,Anchor Festival,2018,4,2018-04-01,2018-03-30,2018-04-02,wsdc_dump,scheduled,t,221,Hamburg,,Germany,"Hamburg, Germany",76,76,,"Hamburg, Germany",
10051,218,Asia West Coast Swing Open,2018,4,2018-04-01,2018-04-20,2018-04-22,wsdc_dump,scheduled,t,159,Singapore,,Singapore,"Singapore, Singapore",68,68,https://asiawcsopen.com/,"Singapore, Singapore",Registry Event
9830,187,City of Angels WCS,2018,4,2018-04-01,2018-04-13,2018-04-15,wsdc_dump,scheduled,t,54,Burbank,California,United States,"Burbank, CA, United States",122,120,https://cityofangelswcs.com/,"Burbank, CA",Registry Event
9932,203,Detonation Dance,2018,4,2018-04-01,2018-04-20,2018-04-22,wsdc_dump,scheduled,t,166,Manchester,,United Kingdom,"Manchester, United Kingdom",37,36,https://www.detonationdance.com/,"Manchester, United Kingdom",Registry Event
8283,18,Easter Swing,2018,4,2018-04-01,2018-03-29,2018-04-01,wsdc_dump,scheduled,t,30,Seattle,Washington,United States,"Seattle, WA, United States",136,132,https://easterswing.org/,"Seattle, WA, United States",Registry Event
10262,253,Nordic WCS Championships,2018,4,2018-04-01,2018-04-27,2018-04-29,wsdc_dump,scheduled,t,199,Stockholm,,Sweden,"Stockholm, Sweden",98,98,http://www.nordicwcschamps.com/,"Stockholm, Sweden",Registry Event
10043,217,San Diego Dance Festival,2018,4,2018-04-01,2018-03-29,2018-04-01,wsdc_dump,scheduled,t,10,San Diego,California,United States,"San Diego, CA, United States",42,42,,"San Diego, CA",
9945,205,SOswing,2018,4,2018-04-01,2018-04-27,2018-04-29,wsdc_dump,scheduled,t,88,Ashland,Oregon,United States,"Ashland, OR, United States",77,75,http://wwww.soswingdance.com/,"Ashland, OR",Registry Event
9352,134,Swing Dance America,2018,4,2018-04-01,2018-04-27,2018-04-29,wsdc_dump,scheduled,t,89,Lake Geneva,Illinois,United States,"Lake Geneva, IL, United States",84,84,,"Lake Geneva, IL",
9544,154,UK WCS Championships,2018,4,2018-04-01,2018-04-05,2018-04-08,wsdc_dump,scheduled,t,107,London,,United Kingdom,"London, United Kingdom",95,95,http://www.ukwcschamps.com/,"London, United Kingdom",Registry Event
10502,293,Westy Nantes,2018,4,2018-04-01,2018-04-13,2018-04-15,wsdc_dump,scheduled,t,190,Nantes,,France,"Nantes, France",75,75,https://www.westynantes.com/,"Nantes, France",Registry Event
9903,197,5280 Westival,2018,3,2018-03-01,2018-03-23,2018-03-25,wsdc_dump,scheduled,t,29,Denver,Colorado,United States,"Denver, CO, United States",80,80,http://www.5280westival.com/,"Denver, CO",Registry Event
8159,9,Boston Tea Party,2018,3,2018-03-01,2018-03-22,2018-03-25,wsdc_dump,scheduled,t,8,Boston,Massachusetts,United States,"Boston, MA, United States",120,117,http://teapartyswings.com/,"Boston, MA",Registry Event
10410,275,Dutch Open West Coast Swing,2018,3,2018-03-01,2018-03-15,2018-03-18,wsdc_dump,scheduled,t,227,Venray,,Netherlands,"Venray, Netherlands",54,54,http://www.dutchopenwcs.com/,"Venray, Netherlands",Registry Event
9439,143,High Desert Dance Classic,2018,3,2018-03-01,2018-03-09,2018-03-11,wsdc_dump,scheduled,t,18,Lancaster,California,United States,"Lancaster, CA, United States",60,59,http://www.highdesertdanceclassic.com/,"Lancaster, CA",Registry Event
10495,292,King Swing,2018,3,2018-03-01,2018-03-22,2018-03-25,wsdc_dump,scheduled,t,267,Kraków,,Poland,"Kraków, Poland",86,86,https://kingswing.pl/,"Kraków, Poland",Registry Event
9051,92,MADjam,2018,3,2018-03-01,2018-03-01,2018-03-04,wsdc_dump,scheduled,t,13,Washington,District of Columbia,United States,"Washington, DC, United States",188,185,http://www.atlanticdancejam.com,"Washington, DC, United States",Registry Event
9528,153,Novice Invitational,2018,3,2018-03-01,2018-03-23,2018-03-25,wsdc_dump,scheduled,t,44,Houston,Texas,United States,"Houston, TX, United States",72,71,http://www.htownthrowdownwcs.com/,"Houston, TX",Registry Event
9683,170,Russian Open WCS Championships,2018,3,2018-03-01,2018-03-01,2018-03-04,wsdc_dump,scheduled,t,113,Moscow,,Russia,"Moscow, Russia",64,64,,"Moscow, Russia",
10254,246,Swing Escape,2018,3,2018-03-01,2018-03-16,2018-03-18,wsdc_dump,scheduled,t,209,Hunter Valley,,Australia,"Hunter Valley, Australia",38,38,,"Hunter Valley, Australia",
10310,259,Swingover,2018,3,2018-03-01,2018-03-22,2018-03-25,wsdc_dump,scheduled,t,82,Orlando,Florida,United States,"Orlando, FL, United States",56,49,http://swingoverevent.com/,"Orlando, FL",Registry Event
9422,142,The Chicago Classic,2018,3,2018-03-01,2018-03-08,2018-03-11,wsdc_dump,scheduled,t,34,Chicago,Illinois,United States,"Chicago, IL, United States",143,140,https://thechicagoclassic.com/,"Chicago, IL",Registry Event
9817,186,West in Lyon,2018,3,2018-03-01,2018-03-08,2018-03-11,wsdc_dump,scheduled,t,156,Lyon,,France,"Lyon, France",115,115,http://www.west-in-lyon.fr/,"Lyon, France",Registry Event
8213,12,Capital Swing Dance Convention,2018,2,2018-02-01,2018-02-16,2018-02-18,wsdc_dump,scheduled,t,6,Sacramento,California,United States,"Sacramento, CA, United States",130,127,http://www.capitalswingconvention.com/,"Sacramento, CA",Registry Event
10400,273,Charlotte Westie Fest,2018,2,2018-02-01,2018-02-02,2018-02-04,wsdc_dump,scheduled,t,62,Charlotte,North Carolina,United States,"Charlotte, NC, United States",146,141,https://charlottewestiefest.com/,"Charlotte, NC",Registry Event
9674,169,Dance Camp Chicago,2018,2,2018-02-01,2018-02-09,2018-02-11,wsdc_dump,scheduled,t,114,Elmhurst,Illinois,United States,"Elmhurst, IL, United States",63,62,,"Elmhurst, IL",
10241,244,Rose City Swing,2018,2,2018-02-01,2018-02-23,2018-02-25,wsdc_dump,scheduled,t,4,Portland,Oregon,United States,"Portland, OR, United States",120,117,https://rosecityswing.com/,"Portland, OR",Registry Event
9810,185,Sweetheart Swing Classic,2018,2,2018-02-01,2018-02-16,2018-02-18,wsdc_dump,scheduled,t,53,Tampa,Florida,United States,"Tampa, FL, United States",77,74,,"Tampa, FL",
10025,215,Swing & Snow,2018,2,2018-02-01,2018-02-02,2018-02-04,wsdc_dump,scheduled,t,222,St. Petersburg,,Russia,"St. Petersburg, Russia",84,84,http://swingandsnow.ru/,"St. Petersburg, Russia",Registry Event
10302,258,Swingtzerland,2018,2,2018-02-01,2018-02-09,2018-02-11,wsdc_dump,scheduled,t,173,Zürich,,Switzerland,"Zürich, Switzerland",70,70,https://swingtzerland.com/,"Zürich, Switzerland",Registry Event
9917,200,Austin Swing Dance Championships,2018,1,2018-01-01,2018-01-12,2018-01-14,wsdc_dump,scheduled,t,39,Austin,Texas,United States,"Austin, TX, United States",109,107,https://austinswingdance.com/,"Austin, TX",Registry Event
9796,184,BudaFest Open WCS Championships,2018,1,2018-01-01,2018-01-12,2018-01-14,wsdc_dump,scheduled,t,110,Budapest,,Hungary,"Budapest, Hungary",131,131,http://wcs-budafest.com/,"Budapest, Hungary",Registry Event
10627,334,Countdown Swing Boston,2018,1,2018-01-01,2017-12-28,2018-01-01,wsdc_dump,scheduled,t,8,Boston,Massachusetts,United States,"Boston, MA, United States",90,90,http://countdownswingboston.com/,"Boston, MA",Registry Event
10230,242,Derby City Swing,2018,1,2018-01-01,2018-01-26,2018-01-28,wsdc_dump,scheduled,t,116,Louisville,Kentucky,United States,"Louisville, KY, United States",92,87,https://derbycityswing.com/,"Louisville, KY",Registry Event
9782,183,Freedom Swing Dance Challenge,2018,1,2018-01-01,2018-01-12,2018-01-14,wsdc_dump,scheduled,t,66,Wilmington,Delaware,United States,"Wilmington, DE, United States",101,99,https://freedomswingdance.com/,"Wilmington, DE, United States",Registry Event
8751,62,Monterey SwingFest,2018,1,2018-01-01,2018-01-12,2018-01-14,wsdc_dump,scheduled,t,1,Monterey,California,United States,"Monterey, CA, United States",120,117,http://www.montereyswing.com/,"Monterey, CA",Registry Event
10492,291,Municorn Swing,2018,1,2018-01-01,2018-01-26,2018-01-28,wsdc_dump,scheduled,t,129,Munich,,Germany,"Munich, Germany",42,42,,"Munich, Germany",
9883,195,Palm Springs New Years Swing Dance Classic,2018,1,2018-01-01,2017-12-29,2018-01-01,wsdc_dump,scheduled,t,20,Palm Springs,California,United States,"Palm Springs, CA, United States",107,106,,"Palm Springs, CA",
10392,272,Paris Westie Fest,2018,1,2018-01-01,2018-01-19,2018-01-21,wsdc_dump,scheduled,t,109,Paris,,France,"Paris, France",74,74,http://https//parisswingclassic.com,"Paris, France",Registry Event
10483,290,Shooba Dooba Swing,2018,1,2018-01-01,2018-01-05,2018-01-07,wsdc_dump,scheduled,t,113,Moscow,,Russia,"Moscow, Russia",48,48,https://danceconvention.net/eventdirector/ru/eventpage/6023470-shooba-dooba-swing-2020/info,"Moscow, Russia",
9891,196,SwingCouver,2018,1,2018-01-01,2018-01-19,2018-01-21,wsdc_dump,scheduled,t,4,Portland,Oregon,United States,"Portland, OR, United States",127,124,https://swingco.dance/,"Portland, OR",Registry Event
10476,289,SwingVester,2018,1,2018-01-01,2017-12-30,2018-01-01,wsdc_dump,scheduled,t,197,Wels,,Austria,"Wels, Austria",67,67,https://www.swingvester.com/,"Wels, Austria",Registry Event
8901,75,UCWDC Country Dance World Championship,2018,1,2018-01-01,2018-01-06,2018-01-07,wsdc_dump,scheduled,t,21,Dallas,Texas,United States,"Dallas, TX, United States",47,42,http://www.ucwdcworlds.com/,"Dallas, TX",Registry Event
10218,240,Westie Gala,2018,1,2018-01-01,2018-01-05,2018-01-07,wsdc_dump,scheduled,t,199,Stockholm,,Sweden,"Stockholm, Sweden",50,50,http://www.westiegala.com/,"Stockholm, Sweden",Registry Event
10384,271,Berlin Swing Revolution,2017,12,2017-12-01,2017-12-08,2017-12-10,wsdc_dump,scheduled,t,194,Berlin,,Germany,"Berlin, Germany",65,65,https://berlinswingrevolution.com/,"Berlin, Germany",Registry Event
8479,42,Floorplay Swing Vacation,2017,12,2017-12-01,2017-12-28,2017-12-31,wsdc_dump,scheduled,t,82,Orlando,Florida,United States,"Orlando, FL, United States",100,93,http://www.floorplayswingvacation.com/,"Orlando, FL",Registry Event
10018,214,New Year's Swing Fling,2017,12,2017-12-01,2017-12-28,2017-12-31,wsdc_dump,scheduled,t,107,London,,United Kingdom,"London, United Kingdom",95,95,http://nysf.uk/,"London, United Kingdom",Registry Event
9409,141,Spotlight New Year's Celebration,2017,12,2017-12-01,2017-12-28,2017-12-31,wsdc_dump,scheduled,t,43,Nashville,Tennessee,United States,"Nashville, TN, United States",121,117,http://www.spotlightnewyears.com/,"Nashville, TN",Registry Event
10009,213,Swingtimate,2017,12,2017-12-01,2017-12-08,2017-12-10,wsdc_dump,scheduled,t,169,Gold Coast,,Australia,"Gold Coast, Australia",43,43,https://rawconnection.com.au/swingtimate/,"Gold Coast, Australia",
9998,212,The After Party (TAP),2017,12,2017-12-01,2017-12-01,2017-12-03,wsdc_dump,scheduled,t,73,Orange County,California,United States,"Orange County, CA, United States",113,113,http://www.tapwcs.com/,"Orange County, CA",Registry Event
10206,238,Winter White,2017,12,2017-12-01,2017-12-01,2017-12-03,wsdc_dump,scheduled,t,223,Oslo,,Norway,"Oslo, Norway",69,69,http://www.winterwhite.no/,"Oslo, Norway",Registry Event
10367,269,Autumn Swing Challenge,2017,11,2017-11-01,2017-11-10,2017-11-12,wsdc_dump,scheduled,t,110,Budapest,,Hungary,"Budapest, Hungary",72,72,http://www.asc-budapest.com/,"Budapest, Hungary",Registry Event
9017,87,CASH Bash,2017,11,2017-11-01,2017-11-24,2017-11-26,wsdc_dump,scheduled,t,96,Cleveland,Ohio,United States,"Cleveland, OH, United States",88,81,https://cashdanceclub.org/cash-bash/,"Cleveland, OH",Registry Event
9769,181,DC Swing eXperience (DCSX),2017,11,2017-11-01,2017-11-17,2017-11-19,wsdc_dump,scheduled,t,38,Herndon,Virginia,United States,"Herndon, VA, United States",155,155,http://www.dcswingexperience.com,"Herndon, VA, United States",Registry Event
10466,287,Florida Westie Fest,2017,11,2017-11-01,2017-11-03,2017-11-05,wsdc_dump,scheduled,t,53,Tampa,Florida,United States,"Tampa, FL, United States",60,53,,"Tampa, FL",
9646,166,London SwingVitational,2017,11,2017-11-01,2017-11-17,2017-11-19,wsdc_dump,scheduled,t,212,Windsor,,United Kingdom,"Windsor, United Kingdom",50,50,,"Windsor, United Kingdom",
10468,288,Midnight Madness,2017,11,2017-11-01,2017-11-10,2017-11-12,wsdc_dump,scheduled,t,21,Dallas,Texas,United States,"Dallas, TX, United States",58,55,http://www.midnightmadnesswcs.com/,"Dallas, TX",Registry Event
9859,194,Moscow Westie Fest,2017,11,2017-11-01,2017-11-02,2017-11-05,wsdc_dump,scheduled,t,113,Moscow,,Russia,"Moscow, Russia",85,85,http://westiefest.org/,"Moscow, Russia",Registry Event
8434,31,Mountain Magic,2017,11,2017-11-01,2017-11-02,2017-11-05,wsdc_dump,scheduled,t,28,South Lake Tahoe (near Reno),Nevada,United States,"South Lake Tahoe (near Reno), NV, United States",59,54,http://mountainmagic.dance,"South Lake Tahoe (near Reno), NV",
10138,229,Scandinavian Open,2017,11,2017-11-01,2017-11-03,2017-11-05,wsdc_dump,scheduled,t,199,Stockholm,,Sweden,"Stockholm, Sweden",80,80,http://www.snowcs.se/,"Stockholm, Sweden",Registry Event
8962,79,Sea to Sky,2017,11,2017-11-01,2017-11-10,2017-11-12,wsdc_dump,scheduled,t,30,Seattle,Washington,United States,"Seattle, WA, United States",85,85,http://Seatoskywcs.com,"Seattle, WA",
8777,63,Swingin' New England Dance Festival,2017,11,2017-11-01,2017-11-10,2017-11-12,wsdc_dump,scheduled,t,70,Newton,Massachusetts,United States,"Newton (Boston), MA, United States",100,100,,"Newton (Boston), MA, United States",
8850,68,US Open Swing Dance Championships,2017,11,2017-11-01,2017-11-24,2017-11-26,wsdc_dump,scheduled,t,22,Los Angeles,California,United States,"Los Angeles, CA, United States",115,106,http://www.theopenswing.com/,"Los Angeles, CA",Registry Event
10202,237,WCS Helsinki,2017,11,2017-11-01,2017-11-03,2017-11-05,wsdc_dump,scheduled,t,204,Helsinki,,Finland,"Helsinki, Finland",29,29,,"Helsinki, Finland",
10375,270,Westie's Angels,2017,11,2017-11-01,2017-11-03,2017-11-05,wsdc_dump,scheduled,t,156,Lyon,,France,"Lyon, France",80,80,http://www.frenchywesty.com/,"Lyon, France",Registry Event
9985,211,Atlanta Swing Classic,2017,10,2017-10-01,2017-09-29,2017-10-01,wsdc_dump,scheduled,t,25,Atlanta,Georgia,United States,"Atlanta, GA, United States",133,130,https://www.atlantaswingclassic.com/,"Atlanta, GA, United States",Registry Event
9655,167,Best of the Best WCS,2017,10,2017-10-01,2017-10-13,2017-10-15,wsdc_dump,scheduled,t,117,Sydney,,Australia,"Sydney, Australia",60,60,https://www.bestofthebestwcs.com/,"Sydney, Australia",Registry Event
8131,8,Boogie By The Bay,2017,10,2017-10-01,2017-10-06,2017-10-08,wsdc_dump,scheduled,t,2,San Francisco,California,United States,"San Francisco, CA, United States",126,126,https://boogiebythebay.com/,"San Francisco, CA",Registry Event
8805,65,Halloween SwingThing,2017,10,2017-10-01,2017-10-27,2017-10-29,wsdc_dump,scheduled,t,24,Costa Mesa,California,United States,"Costa Mesa, CA, United States",116,115,http://hstswing.com/,"Costa Mesa, CA",Registry Event
10299,257,Italian Open,2017,10,2017-10-01,2017-10-13,2017-10-15,wsdc_dump,scheduled,t,132,Milan,,Italy,"Milan, Italy",89,89,,"Milan, Italy",
9632,165,Midland Swing Open,2017,10,2017-10-01,2017-09-29,2017-10-02,wsdc_dump,scheduled,t,107,London,,United Kingdom,"London, United Kingdom",50,50,https://www.midlandswingopen.com/,"London, United Kingdom",Registry Event
9738,178,Montreal Westie Fest,2017,10,2017-10-01,2017-10-13,2017-10-15,wsdc_dump,scheduled,t,86,Montreal,,Canada,"Montreal, Canada",68,68,http://www.montrealwestiefest.com,"Montreal, Canada",Registry Event
10457,285,Old Town Swing,2017,10,2017-10-01,2017-10-27,2017-10-29,wsdc_dump,scheduled,t,238,Tallinn,,Estonia,"Tallinn, Estonia",52,52,,"Tallinn, Estonia",
8503,43,Paradise Dance Festival,2017,10,2017-10-01,2017-10-19,2017-10-22,wsdc_dump,scheduled,t,19,Irvine,California,United States,"Irvine, CA, United States",80,77,https://paradisecountrydancefestival.com/,"Irvine, CA",Registry Event
9282,125,Swing City Chicago,2017,10,2017-10-01,2017-10-26,2017-10-29,wsdc_dump,scheduled,t,34,Chicago,Illinois,United States,"Chicago, IL, United States",122,122,https://swingcitychicago.com/,"Chicago, IL",Registry Event
10351,267,Swustlicious,2017,10,2017-10-01,2017-10-20,2017-10-22,wsdc_dump,scheduled,t,149,Philadelphia,Pennsylvania,United States,"Philadelphia, PA, United States",57,57,http://www.swustlicious.com/,"Philadelphia, PA",Registry Event
10191,236,Warsaw Halloween Swing,2017,10,2017-10-01,2017-10-27,2017-10-29,wsdc_dump,scheduled,t,155,Warsaw,,Poland,"Warsaw, Poland",100,100,http://www.warsawhalloweenswing.com/,"Warsaw, Poland",Registry Event
10459,286,WCS Festival,2017,10,2017-10-01,2017-10-20,2017-10-22,wsdc_dump,scheduled,t,127,Düsseldorf,,Germany,"Düsseldorf, Germany",65,63,http://www.wcsfestival.com/,"Düsseldorf, Germany",Registry Event
10167,233,Bavarian Open,2017,9,2017-09-01,2017-09-07,2017-09-10,wsdc_dump,scheduled,t,129,Munich,,Germany,"Munich, Germany",80,80,https://bavarianopen.com/,"Munich, Germany",Registry Event
8180,10,Bridgetown Swing Boogie,2017,9,2017-09-01,2017-09-22,2017-09-24,wsdc_dump,scheduled,t,74,Vancouver,Washington,United States,"Vancouver, WA, United States",110,110,,"Vancouver, WA",
10454,284,Citadel Swing,2017,9,2017-09-01,2017-09-22,2017-09-24,wsdc_dump,scheduled,t,257,Timisoara,,Romania,"Timisoara, Romania",70,70,,"Timisoara, Romania",
8255,15,Dallas D.A.N.C.E.,2017,9,2017-09-01,2017-09-01,2017-09-03,wsdc_dump,scheduled,t,21,Dallas,Texas,United States,"Dallas, TX, United States",48,43,,"Dallas, TX",
9367,135,Desert City Swing,2017,9,2017-09-01,2017-08-31,2017-09-03,wsdc_dump,scheduled,t,3,Phoenix,Arizona,United States,"Phoenix, AZ, United States",119,114,https://www.desertcityswing.com/,"Phoenix, AZ",Registry Event
9318,131,Meet Me In St Louis,2017,9,2017-09-01,2017-09-21,2017-09-24,wsdc_dump,scheduled,t,49,St. Louis,Missouri,United States,"St. Louis, MO, United States",99,94,http://Www.mmisl.com,"St. Louis, MO",
10161,232,Norway Westie Fest,2017,9,2017-09-01,2017-09-14,2017-09-17,wsdc_dump,scheduled,t,181,Trondheim,,Norway,"Trondheim, Norway",58,58,https://www.norwaywestiefest.com/,"Trondheim, Norway",Trial Event
10178,234,Philly Swing Classic,2017,9,2017-09-01,2017-09-22,2017-09-24,wsdc_dump,scheduled,t,66,Wilmington,Delaware,United States,"Wilmington, DE, United States",80,76,http://www.phillyswing.com,"Wilmington, DE, United States",
9726,177,River City Swing,2017,9,2017-09-01,2017-09-01,2017-09-03,wsdc_dump,scheduled,t,98,Jacksonville,Florida,United States,"Jacksonville, FL, United States",94,90,http://www.floridadanceevents.com,"Jacksonville, FL",
8581,48,South Bay Dance Fling,2017,9,2017-09-01,2017-09-01,2017-09-03,wsdc_dump,scheduled,t,16,San Jose,California,United States,"San Jose, CA, United States",63,61,http://www.SBDF.dance,"San Jose, CA",
10150,231,Trilogy Swing,2017,9,2017-09-01,2017-09-08,2017-09-10,wsdc_dump,scheduled,t,63,Raleigh,North Carolina,United States,"Raleigh, NC, United States",119,113,https://trilogywcs.com/,"Raleigh, NC",Registry Event
10345,265,Upstate Dance Challenge,2017,9,2017-09-01,2017-09-08,2017-09-10,wsdc_dump,scheduled,t,139,Albany,New York,United States,"Albany, NY, United States",85,83,upstatedancechallenge.com,"Albany, NY",
9219,119,Chicagoland Country and Swing Dance Festival,2017,8,2017-08-01,2017-08-18,2017-08-20,wsdc_dump,scheduled,t,34,Chicago,Illinois,United States,"Chicago, IL, United States",69,69,https://chicagolanddancefestival.com/,"Chicago, IL",Registry Event
10441,282,German Open,2017,8,2017-08-01,2017-08-11,2017-08-13,wsdc_dump,scheduled,t,143,Freiburg,,Germany,"Freiburg, Germany",60,60,http://www.go-wcs.com,"Freiburg, Germany",
10450,283,Kazan EL Fest,2017,8,2017-08-01,2017-08-04,2017-08-06,wsdc_dump,scheduled,t,263,Kazan,,Russia,"Kazan, Russia",40,40,,"Kazan, Russia",
9239,120,Lone Star Invitational,2017,8,2017-08-01,2017-08-11,2017-08-13,wsdc_dump,scheduled,t,39,Austin,Texas,United States,"Austin, TX, United States",60,58,,"Austin, TX",
10098,224,Midwest Westie Fest,2017,8,2017-08-01,2017-08-04,2017-08-06,wsdc_dump,scheduled,t,48,Overland Park,Kansas,United States,"Overland Park, KS, United States",83,78,http://www.midwestwestiefest.com/,"Overland Park, KS",Registry Event
9575,157,New England Dance Festival,2017,8,2017-08-01,2017-08-04,2017-08-06,wsdc_dump,scheduled,t,70,Newton,Massachusetts,United States,"Newton (Boston), MA, United States",49,49,http://www.nedancefestival.com,"Newton (Boston), MA, United States",Registry Event
10331,263,Riga Summer Swing,2017,8,2017-08-01,2017-08-11,2017-08-13,wsdc_dump,scheduled,t,203,Riga,,Latvia,"Riga, Latvia",85,85,,"Riga, Latvia",
8648,53,Summer Hummer,2017,8,2017-08-01,2017-08-24,2017-08-27,wsdc_dump,scheduled,t,397,Woburn,Massachusetts,United States,"Woburn (Boston), MA, United States",115,115,https://summerhummerboston.com/,"Woburn (Boston), MA, United States",Registry Event
8696,59,Swing Fling,2017,8,2017-08-01,2017-08-10,2017-08-13,wsdc_dump,scheduled,t,38,Herndon,Virginia,United States,"Herndon, VA, United States",135,134,http://www.swingfling.com,"Herndon, VA, United States",Registry Event
10125,227,Swingtacular: The Galactic Open,2017,8,2017-08-01,2017-08-04,2017-08-06,wsdc_dump,scheduled,t,2,San Francisco,California,United States,"San Francisco, CA, United States",116,114,http://www.swingtacular.art/,"San Francisco, CA",Registry Event
9388,137,Tampa Bay Classic,2017,8,2017-08-01,2017-08-04,2017-08-06,wsdc_dump,scheduled,t,53,Tampa,Florida,United States,"Tampa, FL, United States",96,92,http://www.tbcwcs.com/,"Tampa, FL",Registry Event
10336,264,Swedish Swing Summer Camp,2017,8,2017-08-01,2017-08-18,2017-08-20,wsdc_dump,scheduled,t,199,Stockholm,,Sweden,"Stockholm, Sweden",73,73,http://www.uptownswing.se/,"Stockholm, Sweden",Registry Event
8076,1,4TH of July Convention,2017,7,2017-07-01,2017-07-07,2017-07-09,wsdc_dump,scheduled,t,3,Phoenix,Arizona,United States,"Phoenix, AZ, United States",121,113,http://phoenix4thofjuly.com,"Phoenix, AZ",
10422,278,Americano Dance Camp,2017,7,2017-07-01,2017-06-29,2017-07-02,wsdc_dump,scheduled,t,252,Samara,,Russia,"Samara, Russia",38,38,https://t.me/americamodancecamp https://vk.com/americano2025,"Samara, Russia",
8938,77,Arizona Dance Classic,2017,7,2017-07-01,2017-07-27,2017-07-30,wsdc_dump,scheduled,t,3,Phoenix,Arizona,United States,"Phoenix, AZ, United States",40,38,https://arizonadanceclassic.com/,"Phoenix, AZ",Registry Event
9558,156,Big Apple Dance Festival,2017,7,2017-07-01,2017-07-07,2017-07-09,wsdc_dump,scheduled,t,140,Morristown,New Jersey,United States,"Morristown, NJ, United States",35,35,http://bigapplecountrydance.com/,"Morristown, NJ",
9489,148,Dance Mardi Gras,2017,7,2017-07-01,2017-07-20,2017-07-23,wsdc_dump,scheduled,t,57,New Orleans,Louisiana,United States,"New Orleans, LA, United States",56,56,http://www.dancemardigras.com,"New Orleans, LA",
9504,149,Florida Dance Magic,2017,7,2017-07-01,2017-07-14,2017-07-16,wsdc_dump,scheduled,t,55,Fort Lauderdale,Florida,United States,"Fort Lauderdale, FL, United States",63,57,https://floridadancemagic.com/,"Fort Lauderdale, FL",Registry Event
10120,226,Ft. Lauderdale Swing & Shag Beach Bash,2017,7,2017-07-01,2017-07-07,2017-07-09,wsdc_dump,scheduled,t,55,Fort Lauderdale,Florida,United States,"Fort Lauderdale, FL, United States",40,33,,"Fort Lauderdale, FL",
10281,255,Indy Dance Explosion,2017,7,2017-07-01,2017-06-30,2017-07-02,wsdc_dump,scheduled,t,138,Fort Wayne,Indiana,United States,"Fort Wayne, IN, United States",52,48,http://www.indydancex.com,"Fort Wayne, IN",
9085,96,Liberty Swing Dance Championships,2017,7,2017-07-01,2017-06-29,2017-07-02,wsdc_dump,scheduled,t,41,New Brunswick,New Jersey,United States,"New Brunswick, NJ, United States",126,121,http://www.libertyswing.com/,"New Brunswick, NJ",Registry Event
10319,261,Neverland Swing,2017,7,2017-07-01,2017-06-30,2017-07-02,wsdc_dump,scheduled,t,191,Amsterdam,,Netherlands,"Amsterdam, Netherlands",57,57,http://www.neverlandswing.com/,"Amsterdam, Netherlands",Registry Event
9750,179,New Zealand Open Swing Dance Championships,2017,7,2017-07-01,2017-06-30,2017-07-02,wsdc_dump,scheduled,t,168,Auckland,,New Zealand,"Auckland, New Zealand",40,40,https://www.streetswing.co.nz/the-new-zealand-open,"Auckland, New Zealand",Registry Event
8615,51,Palm Springs Summer Dance Classic,2017,7,2017-07-01,2017-07-27,2017-07-30,wsdc_dump,scheduled,t,20,Palm Springs,California,United States,"Palm Springs, CA, United States",97,89,,"Palm Springs, CA",
8523,44,Portland Dance Festival,2017,7,2017-07-01,2017-07-07,2017-07-09,wsdc_dump,scheduled,t,4,Portland,Oregon,United States,"Portland, OR, United States",60,57,,"Portland, OR",
10289,256,Rock the Barn,2017,7,2017-07-01,2017-07-21,2017-07-23,wsdc_dump,scheduled,t,215,Umeå,,Sweden,"Umeå, Sweden",73,73,https://rockthebarn.se/,"Umeå, Sweden",
10440,281,Sacramento All Swing,2017,7,2017-07-01,2017-07-21,2017-07-24,wsdc_dump,scheduled,t,6,Sacramento,California,United States,"Sacramento, CA, United States",79,77,,"Sacramento, CA",
10431,280,Saint Petersburg WCS Nights,2017,7,2017-07-01,2017-07-13,2017-07-16,wsdc_dump,scheduled,t,222,St. Petersburg,,Russia,"St. Petersburg, Russia",67,67,http://wcsnights.ru,"St. Petersburg, Russia",Registry Event
9620,164,Sea Sun and Swing,2017,7,2017-07-01,2017-07-28,2017-07-31,wsdc_dump,scheduled,t,158,La Grande Motte,,France,"La Grande Motte, France",85,85,https://www.seasunswing.fr/,"La Grande Motte, France",
10328,262,Swing It Like It's Hot,2017,7,2017-07-01,2017-07-20,2017-07-23,wsdc_dump,scheduled,t,147,Tel Aviv,,Israel,"Tel Aviv, Israel",70,70,,"Tel Aviv, Israel",
8555,47,SwingTime Denver,2017,7,2017-07-01,2017-07-21,2017-07-24,wsdc_dump,scheduled,t,29,Denver,Colorado,United States,"Denver, CO, United States",78,75,http://www.swingtimewcs.com/,"Denver, CO, United States",Registry Event
9475,147,Toronto Open Swing & Hustle Championships,2017,7,2017-07-01,2017-07-14,2017-07-16,wsdc_dump,scheduled,t,105,Toronto,,Canada,"Toronto, Canada",90,86,http://www.TOSHC.com,"Toronto, Canada",
10108,225,Wild Wild Westie,2017,7,2017-07-01,2017-07-07,2017-07-09,wsdc_dump,scheduled,t,21,Dallas,Texas,United States,"Dallas, TX, United States",125,124,http://www.WildWildWestie.com,"Dallas, TX",
10086,222,Baltic Swing,2017,6,2017-06-01,2017-06-09,2017-06-11,wsdc_dump,scheduled,t,186,Gdańsk,,Poland,"Gdańsk, Poland",94,94,http://www.balticswing.com,"Gdańsk, Poland",Registry Event
9157,109,Colorado Country Classic,2017,6,2017-06-01,2017-06-16,2017-06-18,wsdc_dump,scheduled,t,29,Denver,Colorado,United States,"Denver, CO, United States",53,49,https://coloradocountryclassic.net/,"Denver, CO",
10066,220,D-Town Swing,2017,6,2017-06-01,2017-06-16,2017-06-18,wsdc_dump,scheduled,t,127,Düsseldorf,,Germany,"Düsseldorf, Germany",110,109,http://www.d-townswing.com/,"Düsseldorf, Germany",Registry Event
9967,207,Dance N Play,2017,6,2017-06-01,2017-06-16,2017-06-18,wsdc_dump,scheduled,t,133,Bend,Oregon,United States,"Bend, OR, United States",57,57,https://dancenplay.com/,"Bend, OR",
10271,254,Finnfest,2017,6,2017-06-01,2017-06-16,2017-06-18,wsdc_dump,scheduled,t,204,Helsinki,,Finland,"Helsinki, Finland",49,49,https://finnfest.fi/,"Helsinki, Finland",Registry Event
8381,25,J&J O'Rama,2017,6,2017-06-01,2017-06-09,2017-06-11,wsdc_dump,scheduled,t,23,Anaheim,California,United States,"Anaheim, CA, United States",135,134,https://jackandjillorama.com/,"Anaheim, CA",
10449,283,Kazan EL Fest,2017,6,2017-06-01,2017-06-09,2017-06-11,wsdc_dump,scheduled,t,263,Kazan,,Russia,"Kazan, Russia",35,35,,"Kazan, Russia",
10359,268,Korea Westival,2017,6,2017-06-01,2017-06-23,2017-06-25,wsdc_dump,scheduled,t,213,Jeju,,Republic of Korea,"Jeju, Republic of Korea",45,45,http://koreawestival.com,"Jeju, Republic of Korea",
8921,76,Michigan Dance Classic,2017,6,2017-06-01,2017-06-01,2017-06-04,wsdc_dump,scheduled,t,51,Detroit,Michigan,United States,"Detroit, MI, United States",92,90,http://michiganclassicswing.com/,"Detroit, MI",Registry Event
9842,188,NSW West Coast Swing Dance Championships,2017,6,2017-06-01,2017-06-02,2017-06-04,wsdc_dump,scheduled,t,117,Sydney,,Australia,"Sydney, Australia",42,42,,"Sydney, Australia",
9197,117,Orange Blossom Dance Festival,2017,6,2017-06-01,2017-06-01,2017-06-04,wsdc_dump,scheduled,t,82,Orlando,Florida,United States,"Orlando, FL, United States",45,40,http://www.orangeblossomdance.net/,"Orlando, FL",Registry Event
9601,162,Swingapalooza,2017,6,2017-06-01,2017-06-16,2017-06-18,wsdc_dump,scheduled,t,40,Baton Rouge,Louisiana,United States,"Baton Rouge, LA, United States",111,106,http://www.swingapaloozaevent.com/,"Baton Rouge, LA",Registry Event
9131,105,Canadian Swing Championships,2017,5,2017-05-01,2017-05-19,2017-05-21,wsdc_dump,scheduled,t,86,Montreal,,Canada,"Montreal, Canada",43,43,http://www.canadianswingchampionships.com,"Montreal, Canada",
9712,175,French Open West Coast Swing,2017,5,2017-05-01,2017-05-25,2017-05-28,wsdc_dump,scheduled,t,109,Paris,,France,"Paris, France",103,102,http://www.fowcs.com/,"Paris, France",Registry Event
8323,20,FreZno Dance Classic,2017,5,2017-05-01,2017-05-25,2017-05-29,wsdc_dump,scheduled,t,5,Fresno,California,United States,"Fresno, CA, United States",90,82,,"Fresno, CA",
9956,206,Hungarian Open,2017,5,2017-05-01,2017-05-26,2017-05-28,wsdc_dump,scheduled,t,110,Budapest,,Hungary,"Budapest, Hungary",75,75,https://wcs-ho.com/,"Budapest, Hungary",Registry Event
10060,219,KIWI Fest,2017,5,2017-05-01,2017-05-05,2017-05-07,wsdc_dump,scheduled,t,125,Kiev,,Ukraine,"Kiev, Ukraine",79,79,,"Kiev, Ukraine",
10419,277,Scotland Swing Classic,2017,5,2017-05-01,2017-05-04,2017-05-08,wsdc_dump,scheduled,t,226,Glasgow,,United Kingdom,"Glasgow, United Kingdom",50,42,http://www.scottishswingclassic.com/,"Glasgow, United Kingdom",
10077,221,Show Me Showdown,2017,5,2017-05-01,2017-05-26,2017-05-28,wsdc_dump,scheduled,t,49,St. Louis,Missouri,United States,"St. Louis, MO, United States",30,30,,"St. Louis, MO",
9944,205,SOswing,2017,5,2017-05-01,2017-05-19,2017-05-21,wsdc_dump,scheduled,t,88,Ashland,Oregon,United States,"Ashland, OR, United States",90,89,http://wwww.soswingdance.com/,"Ashland, OR",Registry Event
8724,61,SwingDiego,2017,5,2017-05-01,2017-05-05,2017-05-07,wsdc_dump,scheduled,t,10,San Diego,California,United States,"San Diego, CA, United States",117,117,,"San Diego, CA",
9453,144,Swingin' Into Spring,2017,5,2017-05-01,2017-05-04,2017-05-07,wsdc_dump,scheduled,t,131,Hartford,Connecticut,United States,"Hartford, CT, United States",74,74,http://www.sis.djkenm.com/,"Hartford, CT",Registry Event
9698,174,Swingsation,2017,5,2017-05-01,2017-05-18,2017-05-21,wsdc_dump,scheduled,t,169,Gold Coast,,Australia,"Gold Coast, Australia",60,60,https://rawconnection.com.au/swingsation/,"Gold Coast, Australia",Registry Event
9257,121,The Texas Classic,2017,5,2017-05-01,2017-05-18,2017-05-22,wsdc_dump,scheduled,t,39,Austin,Texas,United States,"Austin, TX, United States",49,46,http://Www.thetexasclassic.com,"Austin, TX",
8350,22,USA Grand Nationals,2017,5,2017-05-01,2017-05-25,2017-05-28,wsdc_dump,scheduled,t,25,Atlanta,Georgia,United States,"Atlanta, GA, United States",116,116,http://www.usagrandnationals.com/,"Atlanta, GA, United States",Registry Event
10416,276,Anchor Festival,2017,4,2017-04-01,2017-03-31,2017-04-02,wsdc_dump,scheduled,t,221,Hamburg,,Germany,"Hamburg, Germany",69,69,,"Hamburg, Germany",
10050,218,Asia West Coast Swing Open,2017,4,2017-04-01,2017-04-20,2017-04-23,wsdc_dump,scheduled,t,159,Singapore,,Singapore,"Singapore, Singapore",64,64,https://asiawcsopen.com/,"Singapore, Singapore",Registry Event
9829,187,City of Angels WCS,2017,4,2017-04-01,2017-03-30,2017-04-02,wsdc_dump,scheduled,t,54,Burbank,California,United States,"Burbank, CA, United States",126,125,https://cityofangelswcs.com/,"Burbank, CA",Registry Event
9931,203,Detonation Dance,2017,4,2017-04-01,2017-04-20,2017-04-23,wsdc_dump,scheduled,t,166,Manchester,,United Kingdom,"Manchester, United Kingdom",53,53,https://www.detonationdance.com/,"Manchester, United Kingdom",Registry Event
8282,18,Easter Swing,2017,4,2017-04-01,2017-04-14,2017-04-16,wsdc_dump,scheduled,t,30,Seattle,Washington,United States,"Seattle, WA, United States",141,140,https://easterswing.org/,"Seattle, WA, United States",Registry Event
10261,253,Nordic WCS Championships,2017,4,2017-04-01,2017-04-27,2017-04-30,wsdc_dump,scheduled,t,199,Stockholm,,Sweden,"Stockholm, Sweden",98,98,http://www.nordicwcschamps.com/,"Stockholm, Sweden",Registry Event
9682,170,Russian Open WCS Championships,2017,4,2017-04-01,2017-03-30,2017-04-02,wsdc_dump,scheduled,t,113,Moscow,,Russia,"Moscow, Russia",55,55,,"Moscow, Russia",
10042,217,San Diego Dance Festival,2017,4,2017-04-01,2017-04-13,2017-04-16,wsdc_dump,scheduled,t,10,San Diego,California,United States,"San Diego, CA, United States",65,61,,"San Diego, CA",
9351,134,Swing Dance America,2017,4,2017-04-01,2017-04-27,2017-04-30,wsdc_dump,scheduled,t,89,Lake Geneva,Illinois,United States,"Lake Geneva, IL, United States",101,96,,"Lake Geneva, IL",
9336,132,Tulsa Spring Swing,2017,4,2017-04-01,2017-04-14,2017-04-16,wsdc_dump,scheduled,t,58,Tulsa,Oklahoma,United States,"Tulsa, OK, United States",77,75,http://www.tulsaspringswing.com/,"Tulsa, OK",Registry Event
9543,154,UK WCS Championships,2017,4,2017-04-01,2017-04-06,2017-04-09,wsdc_dump,scheduled,t,107,London,,United Kingdom,"London, United Kingdom",92,92,http://www.ukwcschamps.com/,"London, United Kingdom",Registry Event
10258,247,Austrian WCS Spectacle,2017,3,2017-03-01,2017-03-23,2017-03-26,wsdc_dump,scheduled,t,250,Vienna,,Austria,"Vienna, Austria",40,40,,"Vienna, Austria",
8158,9,Boston Tea Party,2017,3,2017-03-01,2017-03-24,2017-03-26,wsdc_dump,scheduled,t,8,Boston,Massachusetts,United States,"Boston, MA, United States",125,122,http://teapartyswings.com/,"Boston, MA",Registry Event
10409,275,Dutch Open West Coast Swing,2017,3,2017-03-01,2017-03-16,2017-03-19,wsdc_dump,scheduled,t,227,Venray,,Netherlands,"Venray, Netherlands",59,59,http://www.dutchopenwcs.com/,"Venray, Netherlands",Registry Event
9438,143,High Desert Dance Classic,2017,3,2017-03-01,2017-03-10,2017-03-12,wsdc_dump,scheduled,t,18,Lancaster,California,United States,"Lancaster, CA, United States",75,67,http://www.highdesertdanceclassic.com/,"Lancaster, CA",Registry Event
9050,92,MADjam,2017,3,2017-03-01,2017-03-02,2017-03-05,wsdc_dump,scheduled,t,13,Washington,District of Columbia,United States,"Washington, DC, United States",185,185,http://www.atlanticdancejam.com,"Washington, DC, United States",Registry Event
9527,153,Novice Invitational,2017,3,2017-03-01,2017-03-24,2017-03-26,wsdc_dump,scheduled,t,44,Houston,Texas,United States,"Houston, TX, United States",79,78,http://www.htownthrowdownwcs.com/,"Houston, TX",Registry Event
10253,246,Swing Escape,2017,3,2017-03-01,2017-03-17,2017-03-19,wsdc_dump,scheduled,t,209,Hunter Valley,,Australia,"Hunter Valley, Australia",49,49,,"Hunter Valley, Australia",
10309,259,Swingover,2017,3,2017-03-01,2017-03-24,2017-03-26,wsdc_dump,scheduled,t,82,Orlando,Florida,United States,"Orlando, FL, United States",75,68,http://swingoverevent.com/,"Orlando, FL",Registry Event
9816,186,West in Lyon,2017,3,2017-03-01,2017-03-09,2017-03-12,wsdc_dump,scheduled,t,156,Lyon,,France,"Lyon, France",115,115,http://www.west-in-lyon.fr/,"Lyon, France",Registry Event
9902,197,5280 Westival,2017,2,2017-02-01,2017-02-24,2017-02-26,wsdc_dump,scheduled,t,29,Denver,Colorado,United States,"Denver, CO, United States",81,79,http://www.5280westival.com/,"Denver, CO",Registry Event
10408,274,Australasian WCS & Zouk Champs,2017,2,2017-02-01,2017-02-23,2017-02-27,wsdc_dump,scheduled,t,261,Queensland,,Australia,"Queensland, Australia",50,50,,"Queensland, Australia",
8212,12,Capital Swing Dance Convention,2017,2,2017-02-01,2017-02-17,2017-02-19,wsdc_dump,scheduled,t,6,Sacramento,California,United States,"Sacramento, CA, United States",135,131,http://www.capitalswingconvention.com/,"Sacramento, CA",Registry Event
10399,273,Charlotte Westie Fest,2017,2,2017-02-01,2017-02-03,2017-02-05,wsdc_dump,scheduled,t,62,Charlotte,North Carolina,United States,"Charlotte, NC, United States",125,117,https://charlottewestiefest.com/,"Charlotte, NC",Registry Event
9673,169,Dance Camp Chicago,2017,2,2017-02-01,2017-02-10,2017-02-12,wsdc_dump,scheduled,t,114,Elmhurst,Illinois,United States,"Elmhurst, IL, United States",67,65,,"Elmhurst, IL",
10240,244,Rose City Swing,2017,2,2017-02-01,2017-02-23,2017-02-26,wsdc_dump,scheduled,t,4,Portland,Oregon,United States,"Portland, OR, United States",97,97,https://rosecityswing.com/,"Portland, OR",Registry Event
9809,185,Sweetheart Swing Classic,2017,2,2017-02-01,2017-02-16,2017-02-19,wsdc_dump,scheduled,t,53,Tampa,Florida,United States,"Tampa, FL, United States",95,88,,"Tampa, FL",
10024,215,Swing & Snow,2017,2,2017-02-01,2017-02-02,2017-02-06,wsdc_dump,scheduled,t,222,St. Petersburg,,Russia,"St. Petersburg, Russia",99,99,http://swingandsnow.ru/,"St. Petersburg, Russia",Registry Event
10301,258,Swingtzerland,2017,2,2017-02-01,2017-02-09,2017-02-12,wsdc_dump,scheduled,t,173,Zürich,,Switzerland,"Zürich, Switzerland",75,75,https://swingtzerland.com/,"Zürich, Switzerland",Registry Event
9916,200,Austin Swing Dance Championships,2017,1,2017-01-01,2017-01-12,2017-01-15,wsdc_dump,scheduled,t,39,Austin,Texas,United States,"Austin, TX, United States",110,105,https://austinswingdance.com/,"Austin, TX",Registry Event
9795,184,BudaFest Open WCS Championships,2017,1,2017-01-01,2017-01-06,2017-01-08,wsdc_dump,scheduled,t,110,Budapest,,Hungary,"Budapest, Hungary",115,115,http://wcs-budafest.com/,"Budapest, Hungary",Registry Event
10626,334,Countdown Swing Boston,2017,1,2017-01-01,2016-12-29,2017-01-01,wsdc_dump,scheduled,t,8,Boston,Massachusetts,United States,"Boston, MA, United States",76,76,http://countdownswingboston.com/,"Boston, MA",Registry Event
10229,242,Derby City Swing,2017,1,2017-01-01,2017-01-26,2017-01-29,wsdc_dump,scheduled,t,116,Louisville,Kentucky,United States,"Louisville, KY, United States",105,101,https://derbycityswing.com/,"Louisville, KY",Registry Event
8478,42,Floorplay Swing Vacation,2017,1,2017-01-01,2016-12-30,2017-01-02,wsdc_dump,scheduled,t,82,Orlando,Florida,United States,"Orlando, FL, United States",80,73,http://www.floorplayswingvacation.com/,"Orlando, FL",Registry Event
9781,183,Freedom Swing Dance Challenge,2017,1,2017-01-01,2017-01-13,2017-01-15,wsdc_dump,scheduled,t,66,Wilmington,Delaware,United States,"Wilmington, DE, United States",82,78,https://freedomswingdance.com/,"Wilmington, DE, United States",Registry Event
8750,62,Monterey SwingFest,2017,1,2017-01-01,2017-01-13,2017-01-16,wsdc_dump,scheduled,t,1,Monterey,California,United States,"Monterey, CA, United States",110,110,http://www.montereyswing.com/,"Monterey, CA",Registry Event
10226,241,Moscow Xmas Dance Camp,2017,1,2017-01-01,2017-01-06,2017-01-08,wsdc_dump,scheduled,t,113,Moscow,,Russia,"Moscow, Russia",54,54,,"Moscow, Russia",
10017,214,New Year's Swing Fling,2017,1,2017-01-01,2016-12-27,2017-01-01,wsdc_dump,scheduled,t,107,London,,United Kingdom,"London, United Kingdom",85,85,http://nysf.uk/,"London, United Kingdom",Registry Event
9882,195,Palm Springs New Years Swing Dance Classic,2017,1,2017-01-01,2016-12-29,2017-01-02,wsdc_dump,scheduled,t,20,Palm Springs,California,United States,"Palm Springs, CA, United States",110,106,,"Palm Springs, CA",
10391,272,Paris Westie Fest,2017,1,2017-01-01,2017-01-20,2017-01-22,wsdc_dump,scheduled,t,109,Paris,,France,"Paris, France",75,75,http://https//parisswingclassic.com,"Paris, France",Registry Event
9408,141,Spotlight New Year's Celebration,2017,1,2017-01-01,2016-12-30,2017-01-02,wsdc_dump,scheduled,t,43,Nashville,Tennessee,United States,"Nashville, TN, United States",101,100,http://www.spotlightnewyears.com/,"Nashville, TN",Registry Event
9890,196,SwingCouver,2017,1,2017-01-01,2017-01-20,2017-01-22,wsdc_dump,scheduled,t,4,Portland,Oregon,United States,"Portland, OR, United States",86,85,https://swingco.dance/,"Portland, OR",Registry Event
8900,75,UCWDC Country Dance World Championship,2017,1,2017-01-01,2017-01-01,2017-01-08,wsdc_dump,scheduled,t,21,Dallas,Texas,United States,"Dallas, TX, United States",50,45,http://www.ucwdcworlds.com/,"Dallas, TX",Registry Event
10217,240,Westie Gala,2017,1,2017-01-01,2017-01-06,2017-01-08,wsdc_dump,scheduled,t,199,Stockholm,,Sweden,"Stockholm, Sweden",60,60,http://www.westiegala.com/,"Stockholm, Sweden",Registry Event
10383,271,Berlin Swing Revolution,2016,12,2016-12-01,2016-12-08,2016-12-11,wsdc_dump,scheduled,t,194,Berlin,,Germany,"Berlin, Germany",70,70,https://berlinswingrevolution.com/,"Berlin, Germany",Registry Event
10008,213,Swingtimate,2016,12,2016-12-01,2016-12-08,2016-12-11,wsdc_dump,scheduled,t,169,Gold Coast,,Australia,"Gold Coast, Australia",45,45,https://rawconnection.com.au/swingtimate/,"Gold Coast, Australia",
9997,212,The After Party (TAP),2016,12,2016-12-01,2016-12-01,2016-12-04,wsdc_dump,scheduled,t,73,Orange County,California,United States,"Orange County, CA, United States",103,103,http://www.tapwcs.com/,"Orange County, CA",Registry Event
10205,238,Winter White,2016,12,2016-12-01,2016-12-02,2016-12-04,wsdc_dump,scheduled,t,223,Oslo,,Norway,"Oslo, Norway",50,50,http://www.winterwhite.no/,"Oslo, Norway",Registry Event
10366,269,Autumn Swing Challenge,2016,11,2016-11-01,2016-11-11,2016-11-13,wsdc_dump,scheduled,t,110,Budapest,,Hungary,"Budapest, Hungary",49,49,http://www.asc-budapest.com/,"Budapest, Hungary",Registry Event
9016,87,CASH Bash,2016,11,2016-11-01,2016-11-25,2016-11-27,wsdc_dump,scheduled,t,96,Cleveland,Ohio,United States,"Cleveland, OH, United States",85,75,https://cashdanceclub.org/cash-bash/,"Cleveland, OH",Registry Event
9768,181,DC Swing eXperience (DCSX),2016,11,2016-11-01,2016-11-17,2016-11-20,wsdc_dump,scheduled,t,38,Herndon,Virginia,United States,"Herndon, VA, United States",131,130,http://www.dcswingexperience.com,"Herndon, VA, United States",Registry Event
9858,194,Moscow Westie Fest,2016,11,2016-11-01,2016-11-03,2016-11-06,wsdc_dump,scheduled,t,113,Moscow,,Russia,"Moscow, Russia",88,88,http://westiefest.org/,"Moscow, Russia",Registry Event
8433,31,Mountain Magic,2016,11,2016-11-01,2016-11-03,2016-11-06,wsdc_dump,scheduled,t,28,South Lake Tahoe (near Reno),Nevada,United States,"South Lake Tahoe (near Reno), NV, United States",68,61,http://mountainmagic.dance,"South Lake Tahoe (near Reno), NV",
10137,229,Scandinavian Open,2016,11,2016-11-01,2016-11-04,2016-11-06,wsdc_dump,scheduled,t,199,Stockholm,,Sweden,"Stockholm, Sweden",75,75,http://www.snowcs.se/,"Stockholm, Sweden",Registry Event
8961,79,Sea to Sky,2016,11,2016-11-01,2016-11-04,2016-11-06,wsdc_dump,scheduled,t,30,Seattle,Washington,United States,"Seattle, WA, United States",107,107,http://Seatoskywcs.com,"Seattle, WA",
8776,63,Swingin' New England Dance Festival,2016,11,2016-11-01,2016-11-11,2016-11-13,wsdc_dump,scheduled,t,70,Newton,Massachusetts,United States,"Newton (Boston), MA, United States",100,100,,"Newton (Boston), MA, United States",
8849,68,US Open Swing Dance Championships,2016,11,2016-11-01,2016-11-24,2016-11-27,wsdc_dump,scheduled,t,22,Los Angeles,California,United States,"Los Angeles, CA, United States",110,105,http://www.theopenswing.com/,"Los Angeles, CA",Registry Event
10201,237,WCS Helsinki,2016,11,2016-11-01,2016-11-04,2016-11-06,wsdc_dump,scheduled,t,204,Helsinki,,Finland,"Helsinki, Finland",48,48,,"Helsinki, Finland",
10374,270,Westie's Angels,2016,11,2016-11-01,2016-11-10,2016-11-13,wsdc_dump,scheduled,t,156,Lyon,,France,"Lyon, France",73,73,http://www.frenchywesty.com/,"Lyon, France",Registry Event
9984,211,Atlanta Swing Classic,2016,10,2016-10-01,2016-09-30,2016-10-02,wsdc_dump,scheduled,t,25,Atlanta,Georgia,United States,"Atlanta, GA, United States",125,121,https://www.atlantaswingclassic.com/,"Atlanta, GA, United States",Registry Event
8130,8,Boogie By The Bay,2016,10,2016-10-01,2016-10-06,2016-10-09,wsdc_dump,scheduled,t,2,San Francisco,California,United States,"San Francisco, CA, United States",123,123,https://boogiebythebay.com/,"San Francisco, CA",Registry Event
8179,10,Bridgetown Swing Boogie,2016,10,2016-10-01,2016-10-15,2016-10-18,wsdc_dump,scheduled,t,74,Vancouver,Washington,United States,"Vancouver, WA, United States",119,119,,"Vancouver, WA",
8804,65,Halloween SwingThing,2016,10,2016-10-01,2016-10-28,2016-10-30,wsdc_dump,scheduled,t,24,Costa Mesa,California,United States,"Costa Mesa, CA, United States",96,93,http://hstswing.com/,"Costa Mesa, CA",Registry Event
10298,257,Italian Open,2016,10,2016-10-01,2016-10-13,2016-10-16,wsdc_dump,scheduled,t,132,Milan,,Italy,"Milan, Italy",95,95,,"Milan, Italy",
10358,268,Korea Westival,2016,10,2016-10-01,2016-10-21,2016-10-23,wsdc_dump,scheduled,t,213,Jeju,,Republic of Korea,"Jeju, Republic of Korea",32,32,http://koreawestival.com,"Jeju, Republic of Korea",
9631,165,Midland Swing Open,2016,10,2016-10-01,2016-09-30,2016-10-02,wsdc_dump,scheduled,t,107,London,,United Kingdom,"London, United Kingdom",50,50,https://www.midlandswingopen.com/,"London, United Kingdom",Registry Event
9737,178,Montreal Westie Fest,2016,10,2016-10-01,2016-10-14,2016-10-16,wsdc_dump,scheduled,t,86,Montreal,,Canada,"Montreal, Canada",75,75,http://www.montrealwestiefest.com,"Montreal, Canada",Registry Event
9749,179,New Zealand Open Swing Dance Championships,2016,10,2016-10-01,2016-10-14,2016-10-16,wsdc_dump,scheduled,t,168,Auckland,,New Zealand,"Auckland, New Zealand",30,30,https://www.streetswing.co.nz/the-new-zealand-open,"Auckland, New Zealand",Registry Event
8502,43,Paradise Dance Festival,2016,10,2016-10-01,2016-10-21,2016-10-23,wsdc_dump,scheduled,t,19,Irvine,California,United States,"Irvine, CA, United States",83,75,https://paradisecountrydancefestival.com/,"Irvine, CA",Registry Event
9281,125,Swing City Chicago,2016,10,2016-10-01,2016-10-28,2016-10-30,wsdc_dump,scheduled,t,34,Chicago,Illinois,United States,"Chicago, IL, United States",127,124,https://swingcitychicago.com/,"Chicago, IL",Registry Event
10350,267,Swustlicious,2016,10,2016-10-01,2016-10-14,2016-10-16,wsdc_dump,scheduled,t,149,Philadelphia,Pennsylvania,United States,"Philadelphia, PA, United States",44,44,http://www.swustlicious.com/,"Philadelphia, PA",Registry Event
10190,236,Warsaw Halloween Swing,2016,10,2016-10-01,2016-10-28,2016-10-30,wsdc_dump,scheduled,t,155,Warsaw,,Poland,"Warsaw, Poland",105,105,http://www.warsawhalloweenswing.com/,"Warsaw, Poland",Registry Event
10166,233,Bavarian Open,2016,9,2016-09-01,2016-09-08,2016-09-11,wsdc_dump,scheduled,t,129,Munich,,Germany,"Munich, Germany",63,63,https://bavarianopen.com/,"Munich, Germany",Registry Event
9654,167,Best of the Best WCS,2016,9,2016-09-01,2016-09-15,2016-09-18,wsdc_dump,scheduled,t,117,Sydney,,Australia,"Sydney, Australia",63,61,https://www.bestofthebestwcs.com/,"Sydney, Australia",Registry Event
8254,15,Dallas D.A.N.C.E.,2016,9,2016-09-01,2016-09-02,2016-09-04,wsdc_dump,scheduled,t,21,Dallas,Texas,United States,"Dallas, TX, United States",58,49,,"Dallas, TX",
9366,135,Desert City Swing,2016,9,2016-09-01,2016-09-02,2016-09-04,wsdc_dump,scheduled,t,3,Phoenix,Arizona,United States,"Phoenix, AZ, United States",136,133,https://www.desertcityswing.com/,"Phoenix, AZ",Registry Event
9317,131,Meet Me In St Louis,2016,9,2016-09-01,2016-09-22,2016-09-25,wsdc_dump,scheduled,t,49,St. Louis,Missouri,United States,"St. Louis, MO, United States",103,100,http://Www.mmisl.com,"St. Louis, MO",
10160,232,Norway Westie Fest,2016,9,2016-09-01,2016-09-15,2016-09-18,wsdc_dump,scheduled,t,181,Trondheim,,Norway,"Trondheim, Norway",50,50,https://www.norwaywestiefest.com/,"Trondheim, Norway",Trial Event
10177,234,Philly Swing Classic,2016,9,2016-09-01,2016-09-23,2016-09-25,wsdc_dump,scheduled,t,66,Wilmington,Delaware,United States,"Wilmington, DE, United States",68,66,http://www.phillyswing.com,"Wilmington, DE, United States",
9725,177,River City Swing,2016,9,2016-09-01,2016-09-02,2016-09-04,wsdc_dump,scheduled,t,98,Jacksonville,Florida,United States,"Jacksonville, FL, United States",90,89,http://www.floridadanceevents.com,"Jacksonville, FL",
10348,266,Rocky Mountain 5 Dance,2016,9,2016-09-01,2016-09-16,2016-09-18,wsdc_dump,scheduled,t,29,Denver,Colorado,United States,"Denver, CO, United States",53,49,,"Denver, CO",
8580,48,South Bay Dance Fling,2016,9,2016-09-01,2016-09-01,2016-09-04,wsdc_dump,scheduled,t,16,San Jose,California,United States,"San Jose, CA, United States",61,57,http://www.SBDF.dance,"San Jose, CA",
10147,230,Sunny Side Dance Camp,2016,9,2016-09-01,2016-09-04,2016-09-11,wsdc_dump,scheduled,t,248,Torrevieja,,Spain,"Torrevieja, Spain",40,40,,"Torrevieja, Spain",
10149,231,Trilogy Swing,2016,9,2016-09-01,2016-09-08,2016-09-11,wsdc_dump,scheduled,t,63,Raleigh,North Carolina,United States,"Raleigh, NC, United States",105,104,https://trilogywcs.com/,"Raleigh, NC",Registry Event
10344,265,Upstate Dance Challenge,2016,9,2016-09-01,2016-09-09,2016-09-11,wsdc_dump,scheduled,t,139,Albany,New York,United States,"Albany, NY, United States",78,75,upstatedancechallenge.com,"Albany, NY",
9218,119,Chicagoland Country and Swing Dance Festival,2016,8,2016-08-01,2016-08-19,2016-08-21,wsdc_dump,scheduled,t,34,Chicago,Illinois,United States,"Chicago, IL, United States",70,70,https://chicagolanddancefestival.com/,"Chicago, IL",Registry Event
9238,120,Lone Star Invitational,2016,8,2016-08-01,2016-08-12,2016-08-14,wsdc_dump,scheduled,t,39,Austin,Texas,United States,"Austin, TX, United States",79,78,,"Austin, TX",
10097,224,Midwest Westie Fest,2016,8,2016-08-01,2016-08-05,2016-08-07,wsdc_dump,scheduled,t,48,Overland Park,Kansas,United States,"Overland Park, KS, United States",76,73,http://www.midwestwestiefest.com/,"Overland Park, KS",Registry Event
9574,157,New England Dance Festival,2016,8,2016-08-01,2016-08-11,2016-08-14,wsdc_dump,scheduled,t,70,Newton,Massachusetts,United States,"Newton (Boston), MA, United States",40,40,http://www.nedancefestival.com,"Newton (Boston), MA, United States",Registry Event
8614,51,Palm Springs Summer Dance Classic,2016,8,2016-08-01,2016-08-11,2016-08-15,wsdc_dump,scheduled,t,20,Palm Springs,California,United States,"Palm Springs, CA, United States",113,111,,"Palm Springs, CA",
10330,263,Riga Summer Swing,2016,8,2016-08-01,2016-08-11,2016-08-14,wsdc_dump,scheduled,t,203,Riga,,Latvia,"Riga, Latvia",62,62,,"Riga, Latvia",
9619,164,Sea Sun and Swing,2016,8,2016-08-01,2016-07-30,2016-08-06,wsdc_dump,scheduled,t,158,La Grande Motte,,France,"La Grande Motte, France",75,75,https://www.seasunswing.fr/,"La Grande Motte, France",
8647,53,Summer Hummer,2016,8,2016-08-01,2016-08-25,2016-08-28,wsdc_dump,scheduled,t,397,Woburn,Massachusetts,United States,"Woburn (Boston), MA, United States",113,113,https://summerhummerboston.com/,"Woburn (Boston), MA, United States",Registry Event
8695,59,Swing Fling,2016,8,2016-08-01,2016-08-11,2016-08-14,wsdc_dump,scheduled,t,38,Herndon,Virginia,United States,"Herndon, VA, United States",130,128,http://www.swingfling.com,"Herndon, VA, United States",Registry Event
10124,227,Swingtacular: The Galactic Open,2016,8,2016-08-01,2016-08-05,2016-08-07,wsdc_dump,scheduled,t,2,San Francisco,California,United States,"San Francisco, CA, United States",117,116,http://www.swingtacular.art/,"San Francisco, CA",Registry Event
9387,137,Tampa Bay Classic,2016,8,2016-08-01,2016-08-04,2016-08-07,wsdc_dump,scheduled,t,53,Tampa,Florida,United States,"Tampa, FL, United States",85,82,http://www.tbcwcs.com/,"Tampa, FL",Registry Event
10335,264,Swedish Swing Summer Camp,2016,8,2016-08-01,2016-08-19,2016-08-21,wsdc_dump,scheduled,t,199,Stockholm,,Sweden,"Stockholm, Sweden",70,70,http://www.uptownswing.se/,"Stockholm, Sweden",Registry Event
8075,1,4TH of July Convention,2016,7,2016-07-01,2016-06-30,2016-07-03,wsdc_dump,scheduled,t,3,Phoenix,Arizona,United States,"Phoenix, AZ, United States",118,116,http://phoenix4thofjuly.com,"Phoenix, AZ",
8937,77,Arizona Dance Classic,2016,7,2016-07-01,2016-07-28,2016-07-31,wsdc_dump,scheduled,t,3,Phoenix,Arizona,United States,"Phoenix, AZ, United States",50,44,https://arizonadanceclassic.com/,"Phoenix, AZ",Registry Event
9557,156,Big Apple Dance Festival,2016,7,2016-07-01,2016-06-30,2016-07-03,wsdc_dump,scheduled,t,140,Morristown,New Jersey,United States,"Morristown, NJ, United States",30,30,http://bigapplecountrydance.com/,"Morristown, NJ",
9488,148,Dance Mardi Gras,2016,7,2016-07-01,2016-07-21,2016-07-24,wsdc_dump,scheduled,t,57,New Orleans,Louisiana,United States,"New Orleans, LA, United States",68,68,http://www.dancemardigras.com,"New Orleans, LA",
9503,149,Florida Dance Magic,2016,7,2016-07-01,2016-07-14,2016-07-17,wsdc_dump,scheduled,t,55,Fort Lauderdale,Florida,United States,"Fort Lauderdale, FL, United States",62,53,https://floridadancemagic.com/,"Fort Lauderdale, FL",Registry Event
10119,226,Ft. Lauderdale Swing & Shag Beach Bash,2016,7,2016-07-01,2016-06-30,2016-07-04,wsdc_dump,scheduled,t,55,Fort Lauderdale,Florida,United States,"Fort Lauderdale, FL, United States",52,46,,"Fort Lauderdale, FL",
10280,255,Indy Dance Explosion,2016,7,2016-07-01,2016-06-30,2016-07-03,wsdc_dump,scheduled,t,138,Fort Wayne,Indiana,United States,"Fort Wayne, IN, United States",59,54,http://www.indydancex.com,"Fort Wayne, IN",
8522,44,Portland Dance Festival,2016,7,2016-07-01,2016-07-08,2016-07-10,wsdc_dump,scheduled,t,4,Portland,Oregon,United States,"Portland, OR, United States",65,65,,"Portland, OR",
10288,256,Rock the Barn,2016,7,2016-07-01,2016-07-21,2016-07-24,wsdc_dump,scheduled,t,215,Umeå,,Sweden,"Umeå, Sweden",40,40,https://rockthebarn.se/,"Umeå, Sweden",
10317,260,Sao Paulo Swing Dance Championships,2016,7,2016-07-01,2016-07-01,2016-07-03,wsdc_dump,scheduled,t,243,São Paulo,,Brazil,"São Paulo, Brazil",39,39,,"São Paulo, Brazil",
10327,262,Swing It Like It's Hot,2016,7,2016-07-01,2016-07-21,2016-07-24,wsdc_dump,scheduled,t,147,Tel Aviv,,Israel,"Tel Aviv, Israel",50,50,,"Tel Aviv, Israel",
8554,47,SwingTime Denver,2016,7,2016-07-01,2016-07-21,2016-07-24,wsdc_dump,scheduled,t,29,Denver,Colorado,United States,"Denver, CO, United States",86,85,http://www.swingtimewcs.com/,"Denver, CO, United States",Registry Event
9474,147,Toronto Open Swing & Hustle Championships,2016,7,2016-07-01,2016-07-14,2016-07-17,wsdc_dump,scheduled,t,105,Toronto,,Canada,"Toronto, Canada",85,83,http://www.TOSHC.com,"Toronto, Canada",
10107,225,Wild Wild Westie,2016,7,2016-07-01,2016-06-30,2016-07-03,wsdc_dump,scheduled,t,21,Dallas,Texas,United States,"Dallas, TX, United States",123,123,http://www.WildWildWestie.com,"Dallas, TX",
10085,222,Baltic Swing,2016,6,2016-06-01,2016-06-03,2016-06-05,wsdc_dump,scheduled,t,186,Gdańsk,,Poland,"Gdańsk, Poland",80,80,http://www.balticswing.com,"Gdańsk, Poland",Registry Event
9156,109,Colorado Country Classic,2016,6,2016-06-01,2016-06-25,2016-06-29,wsdc_dump,scheduled,t,29,Denver,Colorado,United States,"Denver, CO, United States",55,48,https://coloradocountryclassic.net/,"Denver, CO",
10065,220,D-Town Swing,2016,6,2016-06-01,2016-06-16,2016-06-20,wsdc_dump,scheduled,t,127,Düsseldorf,,Germany,"Düsseldorf, Germany",99,97,http://www.d-townswing.com/,"Düsseldorf, Germany",Registry Event
9966,207,Dance N Play,2016,6,2016-06-01,2016-06-17,2016-06-19,wsdc_dump,scheduled,t,133,Bend,Oregon,United States,"Bend, OR, United States",73,73,https://dancenplay.com/,"Bend, OR",
10270,254,Finnfest,2016,6,2016-06-01,2016-06-17,2016-06-19,wsdc_dump,scheduled,t,204,Helsinki,,Finland,"Helsinki, Finland",55,55,https://finnfest.fi/,"Helsinki, Finland",Registry Event
8380,25,J&J O'Rama,2016,6,2016-06-01,2016-06-10,2016-06-12,wsdc_dump,scheduled,t,23,Anaheim,California,United States,"Anaheim, CA, United States",114,111,https://jackandjillorama.com/,"Anaheim, CA",
9084,96,Liberty Swing Dance Championships,2016,6,2016-06-01,2016-06-23,2016-06-26,wsdc_dump,scheduled,t,41,New Brunswick,New Jersey,United States,"New Brunswick, NJ, United States",120,119,http://www.libertyswing.com/,"New Brunswick, NJ",Registry Event
8920,76,Michigan Dance Classic,2016,6,2016-06-01,2016-06-02,2016-06-05,wsdc_dump,scheduled,t,51,Detroit,Michigan,United States,"Detroit, MI, United States",101,99,http://michiganclassicswing.com/,"Detroit, MI",Registry Event
10318,261,Neverland Swing,2016,6,2016-06-01,2016-06-03,2016-06-05,wsdc_dump,scheduled,t,191,Amsterdam,,Netherlands,"Amsterdam, Netherlands",49,49,http://www.neverlandswing.com/,"Amsterdam, Netherlands",Registry Event
9841,188,NSW West Coast Swing Dance Championships,2016,6,2016-06-01,2016-06-10,2016-06-12,wsdc_dump,scheduled,t,117,Sydney,,Australia,"Sydney, Australia",50,50,,"Sydney, Australia",
9196,117,Orange Blossom Dance Festival,2016,6,2016-06-01,2016-06-10,2016-06-12,wsdc_dump,scheduled,t,82,Orlando,Florida,United States,"Orlando, FL, United States",50,42,http://www.orangeblossomdance.net/,"Orlando, FL",Registry Event
10095,223,Slingshot Swing,2016,6,2016-06-01,2016-06-02,2016-06-05,wsdc_dump,scheduled,t,223,Oslo,,Norway,"Oslo, Norway",54,54,,"Oslo, Norway",
9600,162,Swingapalooza,2016,6,2016-06-01,2016-06-17,2016-06-19,wsdc_dump,scheduled,t,40,Baton Rouge,Louisiana,United States,"Baton Rouge, LA, United States",87,81,http://www.swingapaloozaevent.com/,"Baton Rouge, LA",Registry Event
9130,105,Canadian Swing Championships,2016,5,2016-05-01,2016-05-20,2016-05-23,wsdc_dump,scheduled,t,86,Montreal,,Canada,"Montreal, Canada",49,49,http://www.canadianswingchampionships.com,"Montreal, Canada",
9711,175,French Open West Coast Swing,2016,5,2016-05-01,2016-05-05,2016-05-08,wsdc_dump,scheduled,t,109,Paris,,France,"Paris, France",79,79,http://www.fowcs.com/,"Paris, France",Registry Event
8322,20,FreZno Dance Classic,2016,5,2016-05-01,2016-05-27,2016-05-30,wsdc_dump,scheduled,t,5,Fresno,California,United States,"Fresno, CA, United States",80,72,,"Fresno, CA",
9955,206,Hungarian Open,2016,5,2016-05-01,2016-05-26,2016-05-29,wsdc_dump,scheduled,t,110,Budapest,,Hungary,"Budapest, Hungary",68,68,https://wcs-ho.com/,"Budapest, Hungary",Registry Event
10059,219,KIWI Fest,2016,5,2016-05-01,2016-05-06,2016-05-08,wsdc_dump,scheduled,t,125,Kiev,,Ukraine,"Kiev, Ukraine",80,80,,"Kiev, Ukraine",
9926,201,MidAtlantic Dance Classic,2016,5,2016-05-01,2016-04-28,2016-05-01,wsdc_dump,scheduled,t,38,Herndon,Virginia,United States,"Herndon, VA, United States",30,30,,"Herndon, VA",
10260,253,Nordic WCS Championships,2016,5,2016-05-01,2016-04-28,2016-05-02,wsdc_dump,scheduled,t,199,Stockholm,,Sweden,"Stockholm, Sweden",105,105,http://www.nordicwcschamps.com/,"Stockholm, Sweden",Registry Event
10076,221,Show Me Showdown,2016,5,2016-05-01,2016-05-25,2016-05-27,wsdc_dump,scheduled,t,49,St. Louis,Missouri,United States,"St. Louis, MO, United States",46,41,,"St. Louis, MO",
9943,205,SOswing,2016,5,2016-05-01,2016-05-20,2016-05-22,wsdc_dump,scheduled,t,88,Ashland,Oregon,United States,"Ashland, OR, United States",89,87,http://wwww.soswingdance.com/,"Ashland, OR",Registry Event
9350,134,Swing Dance America,2016,5,2016-05-01,2016-04-29,2016-05-01,wsdc_dump,scheduled,t,89,Lake Geneva,Illinois,United States,"Lake Geneva, IL, United States",85,78,,"Lake Geneva, IL",
8723,61,SwingDiego,2016,5,2016-05-01,2016-05-12,2016-05-15,wsdc_dump,scheduled,t,10,San Diego,California,United States,"San Diego, CA, United States",128,126,,"San Diego, CA",
9452,144,Swingin' Into Spring,2016,5,2016-05-01,2016-04-29,2016-05-01,wsdc_dump,scheduled,t,131,Hartford,Connecticut,United States,"Hartford, CT, United States",75,75,http://www.sis.djkenm.com/,"Hartford, CT",Registry Event
9697,174,Swingsation,2016,5,2016-05-01,2016-05-20,2016-05-22,wsdc_dump,scheduled,t,169,Gold Coast,,Australia,"Gold Coast, Australia",65,65,https://rawconnection.com.au/swingsation/,"Gold Coast, Australia",Registry Event
9256,121,The Texas Classic,2016,5,2016-05-01,2016-05-20,2016-05-22,wsdc_dump,scheduled,t,39,Austin,Texas,United States,"Austin, TX, United States",61,60,http://Www.thetexasclassic.com,"Austin, TX",
8349,22,USA Grand Nationals,2016,5,2016-05-01,2016-05-26,2016-05-29,wsdc_dump,scheduled,t,25,Atlanta,Georgia,United States,"Atlanta, GA, United States",113,109,http://www.usagrandnationals.com/,"Atlanta, GA, United States",Registry Event
10049,218,Asia West Coast Swing Open,2016,4,2016-04-01,2016-04-21,2016-04-24,wsdc_dump,scheduled,t,159,Singapore,,Singapore,"Singapore, Singapore",60,60,https://asiawcsopen.com/,"Singapore, Singapore",Registry Event
10257,247,Austrian WCS Spectacle,2016,4,2016-04-01,2016-04-08,2016-04-10,wsdc_dump,scheduled,t,250,Vienna,,Austria,"Vienna, Austria",50,50,,"Vienna, Austria",
9828,187,City of Angels WCS,2016,4,2016-04-01,2016-03-31,2016-04-03,wsdc_dump,scheduled,t,54,Burbank,California,United States,"Burbank, CA, United States",117,116,https://cityofangelswcs.com/,"Burbank, CA",Registry Event
9930,203,Detonation Dance,2016,4,2016-04-01,2016-04-21,2016-04-24,wsdc_dump,scheduled,t,166,Manchester,,United Kingdom,"Manchester, United Kingdom",52,52,https://www.detonationdance.com/,"Manchester, United Kingdom",Registry Event
10252,246,Swing Escape,2016,4,2016-04-01,2016-04-01,2016-04-03,wsdc_dump,scheduled,t,209,Hunter Valley,,Australia,"Hunter Valley, Australia",40,40,,"Hunter Valley, Australia",
9335,132,Tulsa Spring Swing,2016,4,2016-04-01,2016-04-22,2016-04-24,wsdc_dump,scheduled,t,58,Tulsa,Oklahoma,United States,"Tulsa, OK, United States",63,58,http://www.tulsaspringswing.com/,"Tulsa, OK",Registry Event
9542,154,UK WCS Championships,2016,4,2016-04-01,2016-03-31,2016-04-04,wsdc_dump,scheduled,t,107,London,,United Kingdom,"London, United Kingdom",115,115,http://www.ukwcschamps.com/,"London, United Kingdom",Registry Event
8157,9,Boston Tea Party,2016,3,2016-03-01,2016-03-17,2016-03-21,wsdc_dump,scheduled,t,8,Boston,Massachusetts,United States,"Boston, MA, United States",110,108,http://teapartyswings.com/,"Boston, MA",Registry Event
8281,18,Easter Swing,2016,3,2016-03-01,2016-03-24,2016-03-27,wsdc_dump,scheduled,t,30,Seattle,Washington,United States,"Seattle, WA, United States",108,106,https://easterswing.org/,"Seattle, WA, United States",Registry Event
9437,143,High Desert Dance Classic,2016,3,2016-03-01,2016-03-11,2016-03-13,wsdc_dump,scheduled,t,18,Lancaster,California,United States,"Lancaster, CA, United States",65,62,http://www.highdesertdanceclassic.com/,"Lancaster, CA",Registry Event
9049,92,MADjam,2016,3,2016-03-01,2016-03-03,2016-03-06,wsdc_dump,scheduled,t,13,Washington,District of Columbia,United States,"Washington, DC, United States",162,160,http://www.atlanticdancejam.com,"Washington, DC, United States",Registry Event
9526,153,Novice Invitational,2016,3,2016-03-01,2016-03-18,2016-03-20,wsdc_dump,scheduled,t,44,Houston,Texas,United States,"Houston, TX, United States",72,72,http://www.htownthrowdownwcs.com/,"Houston, TX",Registry Event
9681,170,Russian Open WCS Championships,2016,3,2016-03-01,2016-03-24,2016-03-27,wsdc_dump,scheduled,t,113,Moscow,,Russia,"Moscow, Russia",69,69,,"Moscow, Russia",
10041,217,San Diego Dance Festival,2016,3,2016-03-01,2016-03-24,2016-03-27,wsdc_dump,scheduled,t,10,San Diego,California,United States,"San Diego, CA, United States",44,40,,"San Diego, CA",
10308,259,Swingover,2016,3,2016-03-01,2016-03-25,2016-03-27,wsdc_dump,scheduled,t,82,Orlando,Florida,United States,"Orlando, FL, United States",80,76,http://swingoverevent.com/,"Orlando, FL",Registry Event
10036,216,The Brazilian Open,2016,3,2016-03-01,2016-03-18,2016-03-20,wsdc_dump,scheduled,t,216,Fortaleza,,Brazil,"Fortaleza, Brazil",38,38,,"Fortaleza, Brazil",
9421,142,The Chicago Classic,2016,3,2016-03-01,2016-03-11,2016-03-13,wsdc_dump,scheduled,t,34,Chicago,Illinois,United States,"Chicago, IL, United States",139,137,https://thechicagoclassic.com/,"Chicago, IL",Registry Event
9815,186,West in Lyon,2016,3,2016-03-01,2016-03-11,2016-03-13,wsdc_dump,scheduled,t,156,Lyon,,France,"Lyon, France",115,115,http://www.west-in-lyon.fr/,"Lyon, France",Registry Event
9901,197,5280 Westival,2016,2,2016-02-01,2016-02-18,2016-02-21,wsdc_dump,scheduled,t,29,Denver,Colorado,United States,"Denver, CO, United States",91,90,http://www.5280westival.com/,"Denver, CO",Registry Event
8211,12,Capital Swing Dance Convention,2016,2,2016-02-01,2016-02-11,2016-02-14,wsdc_dump,scheduled,t,6,Sacramento,California,United States,"Sacramento, CA, United States",138,127,http://www.capitalswingconvention.com/,"Sacramento, CA",Registry Event
9672,169,Dance Camp Chicago,2016,2,2016-02-01,2016-02-26,2016-02-28,wsdc_dump,scheduled,t,114,Elmhurst,Illinois,United States,"Elmhurst, IL, United States",68,68,,"Elmhurst, IL",
10250,245,Holy Land Open,2016,2,2016-02-01,2016-02-18,2016-02-22,wsdc_dump,scheduled,t,175,Eilat,,Israel,"Eilat, Israel",49,49,,"Eilat, Israel",
10239,244,Rose City Swing,2016,2,2016-02-01,2016-02-25,2016-02-28,wsdc_dump,scheduled,t,4,Portland,Oregon,United States,"Portland, OR, United States",92,92,https://rosecityswing.com/,"Portland, OR",Registry Event
9808,185,Sweetheart Swing Classic,2016,2,2016-02-01,2016-02-11,2016-02-14,wsdc_dump,scheduled,t,53,Tampa,Florida,United States,"Tampa, FL, United States",79,76,,"Tampa, FL",
10023,215,Swing & Snow,2016,2,2016-02-01,2016-02-04,2016-02-08,wsdc_dump,scheduled,t,222,St. Petersburg,,Russia,"St. Petersburg, Russia",84,84,http://swingandsnow.ru/,"St. Petersburg, Russia",Registry Event
10300,258,Swingtzerland,2016,2,2016-02-01,2016-02-04,2016-02-07,wsdc_dump,scheduled,t,173,Zürich,,Switzerland,"Zürich, Switzerland",52,52,https://swingtzerland.com/,"Zürich, Switzerland",Registry Event
9915,200,Austin Swing Dance Championships,2016,1,2016-01-01,2016-01-15,2016-01-17,wsdc_dump,scheduled,t,39,Austin,Texas,United States,"Austin, TX, United States",99,98,https://austinswingdance.com/,"Austin, TX",Registry Event
9794,184,BudaFest Open WCS Championships,2016,1,2016-01-01,2016-01-08,2016-01-10,wsdc_dump,scheduled,t,110,Budapest,,Hungary,"Budapest, Hungary",106,106,http://wcs-budafest.com/,"Budapest, Hungary",Registry Event
10625,334,Countdown Swing Boston,2016,1,2016-01-01,2015-12-31,2016-01-02,wsdc_dump,scheduled,t,8,Boston,Massachusetts,United States,"Boston, MA, United States",79,79,http://countdownswingboston.com/,"Boston, MA",Registry Event
10228,242,Derby City Swing,2016,1,2016-01-01,2016-01-28,2016-01-31,wsdc_dump,scheduled,t,116,Louisville,Kentucky,United States,"Louisville, KY, United States",87,81,https://derbycityswing.com/,"Louisville, KY",Registry Event
8477,42,Floorplay Swing Vacation,2016,1,2016-01-01,2015-12-31,2016-01-03,wsdc_dump,scheduled,t,82,Orlando,Florida,United States,"Orlando, FL, United States",70,65,http://www.floorplayswingvacation.com/,"Orlando, FL",Registry Event
9780,183,Freedom Swing Dance Challenge,2016,1,2016-01-01,2016-01-22,2016-01-24,wsdc_dump,scheduled,t,66,Wilmington,Delaware,United States,"Wilmington, DE, United States",80,77,https://freedomswingdance.com/,"Wilmington, DE, United States",Registry Event
8749,62,Monterey SwingFest,2016,1,2016-01-01,2016-01-15,2016-01-17,wsdc_dump,scheduled,t,1,Monterey,California,United States,"Monterey, CA, United States",98,98,http://www.montereyswing.com/,"Monterey, CA",Registry Event
10225,241,Moscow Xmas Dance Camp,2016,1,2016-01-01,2016-01-03,2016-01-08,wsdc_dump,scheduled,t,113,Moscow,,Russia,"Moscow, Russia",35,35,,"Moscow, Russia",
10016,214,New Year's Swing Fling,2016,1,2016-01-01,2015-12-29,2016-01-03,wsdc_dump,scheduled,t,107,London,,United Kingdom,"London, United Kingdom",92,92,http://nysf.uk/,"London, United Kingdom",Registry Event
9881,195,Palm Springs New Years Swing Dance Classic,2016,1,2016-01-01,2015-12-31,2016-01-04,wsdc_dump,scheduled,t,20,Palm Springs,California,United States,"Palm Springs, CA, United States",120,118,,"Palm Springs, CA",
9407,141,Spotlight New Year's Celebration,2016,1,2016-01-01,2015-12-31,2016-01-03,wsdc_dump,scheduled,t,43,Nashville,Tennessee,United States,"Nashville, TN, United States",100,99,http://www.spotlightnewyears.com/,"Nashville, TN",Registry Event
9889,196,SwingCouver,2016,1,2016-01-01,2016-01-26,2016-01-26,wsdc_dump,scheduled,t,4,Portland,Oregon,United States,"Portland, OR, United States",98,98,https://swingco.dance/,"Portland, OR",Registry Event
8899,75,UCWDC Country Dance World Championship,2016,1,2016-01-01,2016-01-03,2016-01-10,wsdc_dump,scheduled,t,21,Dallas,Texas,United States,"Dallas, TX, United States",48,48,http://www.ucwdcworlds.com/,"Dallas, TX",Registry Event
10216,240,Westie Gala,2016,1,2016-01-01,2016-01-07,2016-01-10,wsdc_dump,scheduled,t,199,Stockholm,,Sweden,"Stockholm, Sweden",73,73,http://www.westiegala.com/,"Stockholm, Sweden",Registry Event
9996,212,The After Party (TAP),2015,12,2015-12-01,2015-12-03,2015-12-06,wsdc_dump,scheduled,t,73,Orange County,California,United States,"Orange County, CA, United States",82,80,http://www.tapwcs.com/,"Orange County, CA",Registry Event
10214,239,The Challenge,2015,12,2015-12-01,2015-12-10,2015-12-13,wsdc_dump,scheduled,t,21,Dallas,Texas,United States,"Dallas, TX, United States",115,113,,"Dallas, TX",
10204,238,Winter White,2015,12,2015-12-01,2015-12-04,2015-12-06,wsdc_dump,scheduled,t,223,Oslo,,Norway,"Oslo, Norway",54,54,http://www.winterwhite.no/,"Oslo, Norway",Registry Event
9015,87,CASH Bash,2015,11,2015-11-01,2015-11-27,2015-11-29,wsdc_dump,scheduled,t,96,Cleveland,Ohio,United States,"Cleveland, OH, United States",84,83,https://cashdanceclub.org/cash-bash/,"Cleveland, OH",Registry Event
9767,181,DC Swing eXperience (DCSX),2015,11,2015-11-01,2015-11-20,2015-11-22,wsdc_dump,scheduled,t,38,Herndon,Virginia,United States,"Herndon, VA, United States",124,121,http://www.dcswingexperience.com,"Herndon, VA, United States",Registry Event
8803,65,Halloween SwingThing,2015,11,2015-11-01,2015-10-30,2015-11-01,wsdc_dump,scheduled,t,24,Costa Mesa,California,United States,"Costa Mesa, CA, United States",107,104,http://hstswing.com/,"Costa Mesa, CA",Registry Event
9645,166,London SwingVitational,2015,11,2015-11-01,2015-11-19,2015-11-23,wsdc_dump,scheduled,t,212,Windsor,,United Kingdom,"Windsor, United Kingdom",55,55,,"Windsor, United Kingdom",
9857,194,Moscow Westie Fest,2015,11,2015-11-01,2015-11-13,2015-11-15,wsdc_dump,scheduled,t,113,Moscow,,Russia,"Moscow, Russia",80,80,http://westiefest.org/,"Moscow, Russia",Registry Event
8432,31,Mountain Magic,2015,11,2015-11-01,2015-11-03,2015-11-05,wsdc_dump,scheduled,t,28,South Lake Tahoe (near Reno),Nevada,United States,"South Lake Tahoe (near Reno), NV, United States",68,63,http://mountainmagic.dance,"South Lake Tahoe (near Reno), NV",
8960,79,Sea to Sky,2015,11,2015-11-01,2015-11-05,2015-11-08,wsdc_dump,scheduled,t,30,Seattle,Washington,United States,"Seattle, WA, United States",102,100,http://Seatoskywcs.com,"Seattle, WA",
9280,125,Swing City Chicago,2015,11,2015-11-01,2015-10-29,2015-11-01,wsdc_dump,scheduled,t,34,Chicago,Illinois,United States,"Chicago, IL, United States",109,106,https://swingcitychicago.com/,"Chicago, IL",Registry Event
8775,63,Swingin' New England Dance Festival,2015,11,2015-11-01,2015-11-12,2015-11-15,wsdc_dump,scheduled,t,70,Newton,Massachusetts,United States,"Newton (Boston), MA, United States",96,96,,"Newton (Boston), MA, United States",
8848,68,US Open Swing Dance Championships,2015,11,2015-11-01,2015-11-25,2015-11-29,wsdc_dump,scheduled,t,22,Los Angeles,California,United States,"Los Angeles, CA, United States",116,114,http://www.theopenswing.com/,"Los Angeles, CA",Registry Event
10189,236,Warsaw Halloween Swing,2015,11,2015-11-01,2015-10-30,2015-11-02,wsdc_dump,scheduled,t,155,Warsaw,,Poland,"Warsaw, Poland",100,100,http://www.warsawhalloweenswing.com/,"Warsaw, Poland",Registry Event
9983,211,Atlanta Swing Classic,2015,10,2015-10-01,2015-10-01,2015-10-04,wsdc_dump,scheduled,t,25,Atlanta,Georgia,United States,"Atlanta, GA, United States",106,104,https://www.atlantaswingclassic.com/,"Atlanta, GA, United States",Registry Event
9762,180,Australian Open Swing Dance Championships,2015,10,2015-10-01,2015-10-22,2015-10-25,wsdc_dump,scheduled,t,174,Melbourne,,Australia,"Melbourne, Australia",50,50,,"Melbourne, Australia",
8129,8,Boogie By The Bay,2015,10,2015-10-01,2015-10-08,2015-10-11,wsdc_dump,scheduled,t,2,San Francisco,California,United States,"San Francisco, CA, United States",120,118,https://boogiebythebay.com/,"San Francisco, CA",Registry Event
10297,257,Italian Open,2015,10,2015-10-01,2015-10-16,2015-10-18,wsdc_dump,scheduled,t,132,Milan,,Italy,"Milan, Italy",110,110,,"Milan, Italy",
9736,178,Montreal Westie Fest,2015,10,2015-10-01,2015-10-16,2015-10-18,wsdc_dump,scheduled,t,86,Montreal,,Canada,"Montreal, Canada",69,69,http://www.montrealwestiefest.com,"Montreal, Canada",Registry Event
9748,179,New Zealand Open Swing Dance Championships,2015,10,2015-10-01,2015-10-16,2015-10-19,wsdc_dump,scheduled,t,168,Auckland,,New Zealand,"Auckland, New Zealand",39,39,https://www.streetswing.co.nz/the-new-zealand-open,"Auckland, New Zealand",Registry Event
8501,43,Paradise Dance Festival,2015,10,2015-10-01,2015-10-23,2015-10-25,wsdc_dump,scheduled,t,19,Irvine,California,United States,"Irvine, CA, United States",63,58,https://paradisecountrydancefestival.com/,"Irvine, CA",Registry Event
10176,234,Philly Swing Classic,2015,10,2015-10-01,2015-10-02,2015-10-04,wsdc_dump,scheduled,t,66,Wilmington,Delaware,United States,"Wilmington, DE, United States",79,76,http://www.phillyswing.com,"Wilmington, DE, United States",
10136,229,Scandinavian Open,2015,10,2015-10-01,2015-10-23,2015-10-25,wsdc_dump,scheduled,t,199,Stockholm,,Sweden,"Stockholm, Sweden",54,54,http://www.snowcs.se/,"Stockholm, Sweden",Registry Event
10200,237,WCS Helsinki,2015,10,2015-10-01,2015-10-16,2015-10-18,wsdc_dump,scheduled,t,204,Helsinki,,Finland,"Helsinki, Finland",30,30,,"Helsinki, Finland",
10165,233,Bavarian Open,2015,9,2015-09-01,2015-09-10,2015-09-13,wsdc_dump,scheduled,t,129,Munich,,Germany,"Munich, Germany",75,75,https://bavarianopen.com/,"Munich, Germany",Registry Event
9653,167,Best of the Best WCS,2015,9,2015-09-01,2015-09-13,2015-09-15,wsdc_dump,scheduled,t,117,Sydney,,Australia,"Sydney, Australia",60,55,https://www.bestofthebestwcs.com/,"Sydney, Australia",Registry Event
8178,10,Bridgetown Swing Boogie,2015,9,2015-09-01,2015-09-24,2015-09-27,wsdc_dump,scheduled,t,74,Vancouver,Washington,United States,"Vancouver, WA, United States",109,109,,"Vancouver, WA",
8253,15,Dallas D.A.N.C.E.,2015,9,2015-09-01,2015-09-03,2015-09-06,wsdc_dump,scheduled,t,21,Dallas,Texas,United States,"Dallas, TX, United States",68,61,,"Dallas, TX",
9365,135,Desert City Swing,2015,9,2015-09-01,2015-09-04,2015-09-06,wsdc_dump,scheduled,t,3,Phoenix,Arizona,United States,"Phoenix, AZ, United States",112,112,https://www.desertcityswing.com/,"Phoenix, AZ",Registry Event
9316,131,Meet Me In St Louis,2015,9,2015-09-01,2015-09-24,2015-09-27,wsdc_dump,scheduled,t,49,St. Louis,Missouri,United States,"St. Louis, MO, United States",115,113,http://Www.mmisl.com,"St. Louis, MO",
9630,165,Midland Swing Open,2015,9,2015-09-01,2015-09-24,2015-09-28,wsdc_dump,scheduled,t,107,London,,United Kingdom,"London, United Kingdom",49,49,https://www.midlandswingopen.com/,"London, United Kingdom",Registry Event
10159,232,Norway Westie Fest,2015,9,2015-09-01,2015-09-10,2015-09-13,wsdc_dump,scheduled,t,181,Trondheim,,Norway,"Trondheim, Norway",44,43,https://www.norwaywestiefest.com/,"Trondheim, Norway",Trial Event
9724,177,River City Swing,2015,9,2015-09-01,2015-09-04,2015-09-06,wsdc_dump,scheduled,t,98,Jacksonville,Florida,United States,"Jacksonville, FL, United States",117,114,http://www.floridadanceevents.com,"Jacksonville, FL",
8579,48,South Bay Dance Fling,2015,9,2015-09-01,2015-09-03,2015-09-06,wsdc_dump,scheduled,t,16,San Jose,California,United States,"San Jose, CA, United States",78,74,http://www.SBDF.dance,"San Jose, CA",
10146,230,Sunny Side Dance Camp,2015,9,2015-09-01,2015-08-30,2015-09-06,wsdc_dump,scheduled,t,248,Torrevieja,,Spain,"Torrevieja, Spain",39,39,,"Torrevieja, Spain",
9386,137,Tampa Bay Classic,2015,9,2015-09-01,2015-09-17,2015-09-20,wsdc_dump,scheduled,t,53,Tampa,Florida,United States,"Tampa, FL, United States",101,99,http://www.tbcwcs.com/,"Tampa, FL",Registry Event
9849,190,Vermont Swing Dance Championships,2015,9,2015-09-01,2015-09-10,2015-09-13,wsdc_dump,scheduled,t,144,Burlington,Vermont,United States,"Burlington, VT, United States",80,79,http://www.vermontwestcoastswing.net,"Burlington, VT",
8936,77,Arizona Dance Classic,2015,8,2015-08-01,2015-08-07,2015-08-09,wsdc_dump,scheduled,t,3,Phoenix,Arizona,United States,"Phoenix, AZ, United States",44,42,https://arizonadanceclassic.com/,"Phoenix, AZ",Registry Event
9217,119,Chicagoland Country and Swing Dance Festival,2015,8,2015-08-01,2015-08-21,2015-08-23,wsdc_dump,scheduled,t,34,Chicago,Illinois,United States,"Chicago, IL, United States",69,69,https://chicagolanddancefestival.com/,"Chicago, IL",Registry Event
9237,120,Lone Star Invitational,2015,8,2015-08-01,2015-08-07,2015-08-12,wsdc_dump,scheduled,t,39,Austin,Texas,United States,"Austin, TX, United States",65,64,,"Austin, TX",
9573,157,New England Dance Festival,2015,8,2015-08-01,2015-08-13,2015-08-16,wsdc_dump,scheduled,t,70,Newton,Massachusetts,United States,"Newton (Boston), MA, United States",49,49,http://www.nedancefestival.com,"Newton (Boston), MA, United States",Registry Event
8613,51,Palm Springs Summer Dance Classic,2015,8,2015-08-01,2015-08-14,2015-08-17,wsdc_dump,scheduled,t,20,Palm Springs,California,United States,"Palm Springs, CA, United States",93,90,,"Palm Springs, CA",
8646,53,Summer Hummer,2015,8,2015-08-01,2015-08-28,2015-08-30,wsdc_dump,scheduled,t,397,Woburn,Massachusetts,United States,"Woburn (Boston), MA, United States",106,106,https://summerhummerboston.com/,"Woburn (Boston), MA, United States",Registry Event
10134,228,Summer Swing Classic,2015,8,2015-08-01,2015-08-06,2015-08-09,wsdc_dump,scheduled,t,151,St. Petersburg,Florida,United States,"St. Petersburg, FL, United States",69,65,,"St. Petersburg, FL",
8694,59,Swing Fling,2015,8,2015-08-01,2015-07-31,2015-08-02,wsdc_dump,scheduled,t,38,Herndon,Virginia,United States,"Herndon, VA, United States",97,97,http://www.swingfling.com,"Herndon, VA, United States",Registry Event
10123,227,Swingtacular: The Galactic Open,2015,8,2015-08-01,2015-08-08,2015-08-12,wsdc_dump,scheduled,t,2,San Francisco,California,United States,"San Francisco, CA, United States",107,107,http://www.swingtacular.art/,"San Francisco, CA",Registry Event
9589,159,World Swing Masters,2015,8,2015-08-01,2015-08-14,2015-08-16,wsdc_dump,scheduled,t,207,Blackpool,,United Kingdom,"Blackpool, United Kingdom",19,19,,"Blackpool, United Kingdom",
8074,1,4TH of July Convention,2015,7,2015-07-01,2015-07-02,2015-07-05,wsdc_dump,scheduled,t,3,Phoenix,Arizona,United States,"Phoenix, AZ, United States",109,108,http://phoenix4thofjuly.com,"Phoenix, AZ",
9556,156,Big Apple Dance Festival,2015,7,2015-07-01,2015-07-02,2015-07-05,wsdc_dump,scheduled,t,140,Morristown,New Jersey,United States,"Morristown, NJ, United States",36,36,http://bigapplecountrydance.com/,"Morristown, NJ",
9487,148,Dance Mardi Gras,2015,7,2015-07-01,2015-07-17,2015-07-19,wsdc_dump,scheduled,t,57,New Orleans,Louisiana,United States,"New Orleans, LA, United States",80,75,http://www.dancemardigras.com,"New Orleans, LA",
9502,149,Florida Dance Magic,2015,7,2015-07-01,2015-07-16,2015-07-20,wsdc_dump,scheduled,t,55,Fort Lauderdale,Florida,United States,"Fort Lauderdale, FL, United States",54,52,https://floridadancemagic.com/,"Fort Lauderdale, FL",Registry Event
10118,226,Ft. Lauderdale Swing & Shag Beach Bash,2015,7,2015-07-01,2015-07-02,2015-07-06,wsdc_dump,scheduled,t,55,Fort Lauderdale,Florida,United States,"Fort Lauderdale, FL, United States",61,56,,"Fort Lauderdale, FL",
10279,255,Indy Dance Explosion,2015,7,2015-07-01,2015-07-02,2015-07-05,wsdc_dump,scheduled,t,138,Fort Wayne,Indiana,United States,"Fort Wayne, IN, United States",60,56,http://www.indydancex.com,"Fort Wayne, IN",
8521,44,Portland Dance Festival,2015,7,2015-07-01,2015-07-10,2015-07-12,wsdc_dump,scheduled,t,4,Portland,Oregon,United States,"Portland, OR, United States",60,60,,"Portland, OR",
10287,256,Rock the Barn,2015,7,2015-07-01,2015-07-17,2015-07-19,wsdc_dump,scheduled,t,215,Umeå,,Sweden,"Umeå, Sweden",50,50,https://rockthebarn.se/,"Umeå, Sweden",
9975,209,SinCity Swing,2015,7,2015-07-01,2015-07-10,2015-07-12,wsdc_dump,scheduled,t,27,Las Vegas,Nevada,United States,"Las Vegas, NV, United States",70,69,,"Las Vegas, NV",
8553,47,SwingTime Denver,2015,7,2015-07-01,2015-07-24,2015-07-26,wsdc_dump,scheduled,t,29,Denver,Colorado,United States,"Denver, CO, United States",88,84,http://www.swingtimewcs.com/,"Denver, CO, United States",Registry Event
10106,225,Wild Wild Westie,2015,7,2015-07-01,2015-07-02,2015-07-05,wsdc_dump,scheduled,t,21,Dallas,Texas,United States,"Dallas, TX, United States",104,104,http://www.WildWildWestie.com,"Dallas, TX",
10084,222,Baltic Swing,2015,6,2015-06-01,2015-06-05,2015-06-07,wsdc_dump,scheduled,t,186,Gdańsk,,Poland,"Gdańsk, Poland",70,70,http://www.balticswing.com,"Gdańsk, Poland",Registry Event
9155,109,Colorado Country Classic,2015,6,2015-06-01,2015-06-25,2015-06-29,wsdc_dump,scheduled,t,29,Denver,Colorado,United States,"Denver, CO, United States",43,39,https://coloradocountryclassic.net/,"Denver, CO",
10064,220,D-Town Swing,2015,6,2015-06-01,2015-06-18,2015-06-21,wsdc_dump,scheduled,t,127,Düsseldorf,,Germany,"Düsseldorf, Germany",69,69,http://www.d-townswing.com/,"Düsseldorf, Germany",Registry Event
9965,207,Dance N Play,2015,6,2015-06-01,2015-06-18,2015-06-21,wsdc_dump,scheduled,t,133,Bend,Oregon,United States,"Bend, OR, United States",75,75,https://dancenplay.com/,"Bend, OR",
10269,254,Finnfest,2015,6,2015-06-01,2015-06-12,2015-06-14,wsdc_dump,scheduled,t,204,Helsinki,,Finland,"Helsinki, Finland",50,50,https://finnfest.fi/,"Helsinki, Finland",Registry Event
8379,25,J&J O'Rama,2015,6,2015-06-01,2015-06-12,2015-06-14,wsdc_dump,scheduled,t,23,Anaheim,California,United States,"Anaheim, CA, United States",110,104,https://jackandjillorama.com/,"Anaheim, CA",
9083,96,Liberty Swing Dance Championships,2015,6,2015-06-01,2015-06-25,2015-06-29,wsdc_dump,scheduled,t,41,New Brunswick,New Jersey,United States,"New Brunswick, NJ, United States",157,154,http://www.libertyswing.com/,"New Brunswick, NJ",Registry Event
9840,188,NSW West Coast Swing Dance Championships,2015,6,2015-06-01,2015-06-06,2015-06-07,wsdc_dump,scheduled,t,117,Sydney,,Australia,"Sydney, Australia",49,49,,"Sydney, Australia",
9195,117,Orange Blossom Dance Festival,2015,6,2015-06-01,2015-06-05,2015-06-07,wsdc_dump,scheduled,t,82,Orlando,Florida,United States,"Orlando, FL, United States",54,49,http://www.orangeblossomdance.net/,"Orlando, FL",Registry Event
9599,162,Swingapalooza,2015,6,2015-06-01,2015-06-19,2015-06-21,wsdc_dump,scheduled,t,40,Baton Rouge,Louisiana,United States,"Baton Rouge, LA, United States",87,84,http://www.swingapaloozaevent.com/,"Baton Rouge, LA",Registry Event
9129,105,Canadian Swing Championships,2015,5,2015-05-01,2015-05-15,2015-05-18,wsdc_dump,scheduled,t,86,Montreal,,Canada,"Montreal, Canada",42,41,http://www.canadianswingchampionships.com,"Montreal, Canada",
9710,175,French Open West Coast Swing,2015,5,2015-05-01,2015-05-14,2015-05-17,wsdc_dump,scheduled,t,109,Paris,,France,"Paris, France",114,112,http://www.fowcs.com/,"Paris, France",Registry Event
8321,20,FreZno Dance Classic,2015,5,2015-05-01,2015-05-23,2015-05-25,wsdc_dump,scheduled,t,5,Fresno,California,United States,"Fresno, CA, United States",80,76,,"Fresno, CA",
9954,206,Hungarian Open,2015,5,2015-05-01,2015-05-29,2015-05-31,wsdc_dump,scheduled,t,110,Budapest,,Hungary,"Budapest, Hungary",73,73,https://wcs-ho.com/,"Budapest, Hungary",Registry Event
10058,219,KIWI Fest,2015,5,2015-05-01,2015-05-01,2015-05-03,wsdc_dump,scheduled,t,125,Kiev,,Ukraine,"Kiev, Ukraine",49,49,,"Kiev, Ukraine",
8919,76,Michigan Dance Classic,2015,5,2015-05-01,2015-05-28,2015-05-31,wsdc_dump,scheduled,t,51,Detroit,Michigan,United States,"Detroit, MI, United States",109,108,http://michiganclassicswing.com/,"Detroit, MI",Registry Event
9925,201,MidAtlantic Dance Classic,2015,5,2015-05-01,2015-04-30,2015-05-03,wsdc_dump,scheduled,t,38,Herndon,Virginia,United States,"Herndon, VA, United States",58,55,,"Herndon, VA",
10259,253,Nordic WCS Championships,2015,5,2015-05-01,2015-05-01,2015-05-04,wsdc_dump,scheduled,t,199,Stockholm,,Sweden,"Stockholm, Sweden",70,70,http://www.nordicwcschamps.com/,"Stockholm, Sweden",Registry Event
10075,221,Show Me Showdown,2015,5,2015-05-01,2015-05-24,2015-05-26,wsdc_dump,scheduled,t,49,St. Louis,Missouri,United States,"St. Louis, MO, United States",43,43,,"St. Louis, MO",
8722,61,SwingDiego,2015,5,2015-05-01,2015-05-07,2015-05-10,wsdc_dump,scheduled,t,10,San Diego,California,United States,"San Diego, CA, United States",104,104,,"San Diego, CA",
9451,144,Swingin' Into Spring,2015,5,2015-05-01,2015-04-30,2015-05-03,wsdc_dump,scheduled,t,131,Hartford,Connecticut,United States,"Hartford, CT, United States",61,61,http://www.sis.djkenm.com/,"Hartford, CT",Registry Event
9696,174,Swingsation,2015,5,2015-05-01,2015-05-15,2015-05-17,wsdc_dump,scheduled,t,169,Gold Coast,,Australia,"Gold Coast, Australia",58,58,https://rawconnection.com.au/swingsation/,"Gold Coast, Australia",Registry Event
9255,121,The Texas Classic,2015,5,2015-05-01,2015-05-15,2015-05-17,wsdc_dump,scheduled,t,39,Austin,Texas,United States,"Austin, TX, United States",43,43,http://Www.thetexasclassic.com,"Austin, TX",
8348,22,USA Grand Nationals,2015,5,2015-05-01,2015-05-21,2015-05-25,wsdc_dump,scheduled,t,25,Atlanta,Georgia,United States,"Atlanta, GA, United States",106,106,http://www.usagrandnationals.com/,"Atlanta, GA, United States",Registry Event
10048,218,Asia West Coast Swing Open,2015,4,2015-04-01,2015-04-23,2015-04-26,wsdc_dump,scheduled,t,159,Singapore,,Singapore,"Singapore, Singapore",62,62,https://asiawcsopen.com/,"Singapore, Singapore",Registry Event
10256,247,Austrian WCS Spectacle,2015,4,2015-04-01,2015-04-03,2015-04-05,wsdc_dump,scheduled,t,250,Vienna,,Austria,"Vienna, Austria",39,39,,"Vienna, Austria",
9827,187,City of Angels WCS,2015,4,2015-04-01,2015-04-09,2015-04-11,wsdc_dump,scheduled,t,54,Burbank,California,United States,"Burbank, CA, United States",135,135,https://cityofangelswcs.com/,"Burbank, CA",Registry Event
9929,203,Detonation Dance,2015,4,2015-04-01,2015-04-24,2015-04-26,wsdc_dump,scheduled,t,166,Manchester,,United Kingdom,"Manchester, United Kingdom",50,50,https://www.detonationdance.com/,"Manchester, United Kingdom",Registry Event
8280,18,Easter Swing,2015,4,2015-04-01,2015-04-02,2015-04-05,wsdc_dump,scheduled,t,30,Seattle,Washington,United States,"Seattle, WA, United States",120,119,https://easterswing.org/,"Seattle, WA, United States",Registry Event
10040,217,San Diego Dance Festival,2015,4,2015-04-01,2015-04-03,2015-04-05,wsdc_dump,scheduled,t,10,San Diego,California,United States,"San Diego, CA, United States",56,51,,"San Diego, CA",
9349,134,Swing Dance America,2015,4,2015-04-01,2015-04-23,2015-04-26,wsdc_dump,scheduled,t,89,Lake Geneva,Illinois,United States,"Lake Geneva, IL, United States",98,90,,"Lake Geneva, IL",
9334,132,Tulsa Spring Swing,2015,4,2015-04-01,2015-04-02,2015-04-05,wsdc_dump,scheduled,t,58,Tulsa,Oklahoma,United States,"Tulsa, OK, United States",66,58,http://www.tulsaspringswing.com/,"Tulsa, OK",Registry Event
9541,154,UK WCS Championships,2015,4,2015-04-01,2015-04-09,2015-04-13,wsdc_dump,scheduled,t,107,London,,United Kingdom,"London, United Kingdom",98,98,http://www.ukwcschamps.com/,"London, United Kingdom",Registry Event
9900,197,5280 Westival,2015,3,2015-03-01,2015-03-26,2015-03-30,wsdc_dump,scheduled,t,29,Denver,Colorado,United States,"Denver, CO, United States",91,88,http://www.5280westival.com/,"Denver, CO",Registry Event
8156,9,Boston Tea Party,2015,3,2015-03-01,2015-03-19,2015-03-22,wsdc_dump,scheduled,t,8,Boston,Massachusetts,United States,"Boston, MA, United States",108,108,http://teapartyswings.com/,"Boston, MA",Registry Event
9671,169,Dance Camp Chicago,2015,3,2015-03-01,2015-02-27,2015-03-01,wsdc_dump,scheduled,t,114,Elmhurst,Illinois,United States,"Elmhurst, IL, United States",74,74,,"Elmhurst, IL",
9436,143,High Desert Dance Classic,2015,3,2015-03-01,2015-03-13,2015-03-16,wsdc_dump,scheduled,t,18,Lancaster,California,United States,"Lancaster, CA, United States",59,56,http://www.highdesertdanceclassic.com/,"Lancaster, CA",Registry Event
10249,245,Holy Land Open,2015,3,2015-03-01,2015-02-27,2015-03-01,wsdc_dump,scheduled,t,175,Eilat,,Israel,"Eilat, Israel",50,50,,"Eilat, Israel",
9048,92,MADjam,2015,3,2015-03-01,2015-03-06,2015-03-08,wsdc_dump,scheduled,t,13,Washington,District of Columbia,United States,"Washington, DC, United States",178,177,http://www.atlanticdancejam.com,"Washington, DC, United States",Registry Event
9525,153,Novice Invitational,2015,3,2015-03-01,2015-03-20,2015-03-22,wsdc_dump,scheduled,t,44,Houston,Texas,United States,"Houston, TX, United States",54,50,http://www.htownthrowdownwcs.com/,"Houston, TX",Registry Event
10238,244,Rose City Swing,2015,3,2015-03-01,2015-02-26,2015-03-01,wsdc_dump,scheduled,t,4,Portland,Oregon,United States,"Portland, OR, United States",84,84,https://rosecityswing.com/,"Portland, OR",Registry Event
9680,170,Russian Open WCS Championships,2015,3,2015-03-01,2015-03-26,2015-03-29,wsdc_dump,scheduled,t,113,Moscow,,Russia,"Moscow, Russia",60,60,,"Moscow, Russia",
10251,246,Swing Escape,2015,3,2015-03-01,2015-03-27,2015-03-29,wsdc_dump,scheduled,t,209,Hunter Valley,,Australia,"Hunter Valley, Australia",42,42,,"Hunter Valley, Australia",
10035,216,The Brazilian Open,2015,3,2015-03-01,2015-03-20,2015-03-22,wsdc_dump,scheduled,t,216,Fortaleza,,Brazil,"Fortaleza, Brazil",30,30,,"Fortaleza, Brazil",
9420,142,The Chicago Classic,2015,3,2015-03-01,2015-03-12,2015-03-15,wsdc_dump,scheduled,t,34,Chicago,Illinois,United States,"Chicago, IL, United States",124,122,https://thechicagoclassic.com/,"Chicago, IL",Registry Event
9814,186,West in Lyon,2015,3,2015-03-01,2015-03-12,2015-03-15,wsdc_dump,scheduled,t,156,Lyon,,France,"Lyon, France",89,89,http://www.west-in-lyon.fr/,"Lyon, France",Registry Event
10237,243,Anti Valentines,2015,2,2015-02-01,2015-02-13,2015-02-15,wsdc_dump,scheduled,t,136,Tuscaloosa,Alabama,United States,"Tuscaloosa, AL, United States",39,39,,"Tuscaloosa, AL",
8210,12,Capital Swing Dance Convention,2015,2,2015-02-01,2015-02-12,2015-02-15,wsdc_dump,scheduled,t,6,Sacramento,California,United States,"Sacramento, CA, United States",136,129,http://www.capitalswingconvention.com/,"Sacramento, CA",Registry Event
10227,242,Derby City Swing,2015,2,2015-02-01,2015-01-30,2015-02-01,wsdc_dump,scheduled,t,116,Louisville,Kentucky,United States,"Louisville, KY, United States",68,68,https://derbycityswing.com/,"Louisville, KY",Registry Event
9807,185,Sweetheart Swing Classic,2015,2,2015-02-01,2015-02-12,2015-02-15,wsdc_dump,scheduled,t,53,Tampa,Florida,United States,"Tampa, FL, United States",74,70,,"Tampa, FL",
10022,215,Swing & Snow,2015,2,2015-02-01,2015-02-05,2015-02-08,wsdc_dump,scheduled,t,222,St. Petersburg,,Russia,"St. Petersburg, Russia",71,71,http://swingandsnow.ru/,"St. Petersburg, Russia",Registry Event
9914,200,Austin Swing Dance Championships,2015,1,2015-01-01,2015-01-16,2015-01-18,wsdc_dump,scheduled,t,39,Austin,Texas,United States,"Austin, TX, United States",105,103,https://austinswingdance.com/,"Austin, TX",Registry Event
9793,184,BudaFest Open WCS Championships,2015,1,2015-01-01,2015-01-09,2015-01-11,wsdc_dump,scheduled,t,110,Budapest,,Hungary,"Budapest, Hungary",116,116,http://wcs-budafest.com/,"Budapest, Hungary",Registry Event
10624,334,Countdown Swing Boston,2015,1,2015-01-01,2014-12-31,2015-01-03,wsdc_dump,scheduled,t,8,Boston,Massachusetts,United States,"Boston, MA, United States",75,75,http://countdownswingboston.com/,"Boston, MA",Registry Event
8476,42,Floorplay Swing Vacation,2015,1,2015-01-01,2014-12-31,2015-01-03,wsdc_dump,scheduled,t,82,Orlando,Florida,United States,"Orlando, FL, United States",65,57,http://www.floorplayswingvacation.com/,"Orlando, FL",Registry Event
9779,183,Freedom Swing Dance Challenge,2015,1,2015-01-01,2015-01-23,2015-01-25,wsdc_dump,scheduled,t,66,Wilmington,Delaware,United States,"Wilmington, DE, United States",122,116,https://freedomswingdance.com/,"Wilmington, DE, United States",Registry Event
8748,62,Monterey SwingFest,2015,1,2015-01-01,2015-01-16,2015-01-18,wsdc_dump,scheduled,t,1,Monterey,California,United States,"Monterey, CA, United States",95,94,http://www.montereyswing.com/,"Monterey, CA",Registry Event
10224,241,Moscow Xmas Dance Camp,2015,1,2015-01-01,2015-01-03,2015-01-08,wsdc_dump,scheduled,t,113,Moscow,,Russia,"Moscow, Russia",40,40,,"Moscow, Russia",
10015,214,New Year's Swing Fling,2015,1,2015-01-01,2014-12-27,2015-01-01,wsdc_dump,scheduled,t,107,London,,United Kingdom,"London, United Kingdom",80,80,http://nysf.uk/,"London, United Kingdom",Registry Event
9880,195,Palm Springs New Years Swing Dance Classic,2015,1,2015-01-01,2014-12-31,2015-01-04,wsdc_dump,scheduled,t,20,Palm Springs,California,United States,"Palm Springs, CA, United States",115,115,,"Palm Springs, CA",
9406,141,Spotlight New Year's Celebration,2015,1,2015-01-01,2014-12-31,2015-01-04,wsdc_dump,scheduled,t,43,Nashville,Tennessee,United States,"Nashville, TN, United States",90,85,http://www.spotlightnewyears.com/,"Nashville, TN",Registry Event
9888,196,SwingCouver,2015,1,2015-01-01,2015-01-22,2015-01-25,wsdc_dump,scheduled,t,4,Portland,Oregon,United States,"Portland, OR, United States",103,101,https://swingco.dance/,"Portland, OR",Registry Event
10215,240,Westie Gala,2015,1,2015-01-01,2015-01-03,2015-01-05,wsdc_dump,scheduled,t,199,Stockholm,,Sweden,"Stockholm, Sweden",53,53,http://www.westiegala.com/,"Stockholm, Sweden",Registry Event
9518,152,Worlds UCWDC,2015,1,2015-01-01,2014-12-27,2015-01-03,wsdc_dump,scheduled,t,82,Orlando,Florida,United States,"Orlando, FL, United States",45,45,,"Orlando, FL",
10007,213,Swingtimate,2014,12,2014-12-01,2014-12-12,2014-12-14,wsdc_dump,scheduled,t,169,Gold Coast,,Australia,"Gold Coast, Australia",58,58,https://rawconnection.com.au/swingtimate/,"Gold Coast, Australia",
9995,212,The After Party (TAP),2014,12,2014-12-01,2014-12-05,2014-12-07,wsdc_dump,scheduled,t,73,Orange County,California,United States,"Orange County, CA, United States",81,81,http://www.tapwcs.com/,"Orange County, CA",Registry Event
10213,239,The Challenge,2014,12,2014-12-01,2014-12-05,2014-12-07,wsdc_dump,scheduled,t,21,Dallas,Texas,United States,"Dallas, TX, United States",100,99,,"Dallas, TX",
10203,238,Winter White,2014,12,2014-12-01,2014-12-05,2014-12-07,wsdc_dump,scheduled,t,223,Oslo,,Norway,"Oslo, Norway",57,57,http://www.winterwhite.no/,"Oslo, Norway",Registry Event
9014,87,CASH Bash,2014,11,2014-11-01,2014-11-27,2014-11-30,wsdc_dump,scheduled,t,96,Cleveland,Ohio,United States,"Cleveland, OH, United States",85,83,https://cashdanceclub.org/cash-bash/,"Cleveland, OH",Registry Event
9766,181,DC Swing eXperience (DCSX),2014,11,2014-11-01,2014-11-13,2014-11-16,wsdc_dump,scheduled,t,38,Herndon,Virginia,United States,"Herndon, VA, United States",101,101,http://www.dcswingexperience.com,"Herndon, VA, United States",Registry Event
9856,194,Moscow Westie Fest,2014,11,2014-11-01,2014-11-01,2014-11-03,wsdc_dump,scheduled,t,113,Moscow,,Russia,"Moscow, Russia",78,78,http://westiefest.org/,"Moscow, Russia",Registry Event
8431,31,Mountain Magic,2014,11,2014-11-01,2014-10-31,2014-11-02,wsdc_dump,scheduled,t,28,South Lake Tahoe (near Reno),Nevada,United States,"South Lake Tahoe (near Reno), NV, United States",65,61,http://mountainmagic.dance,"South Lake Tahoe (near Reno), NV",
8959,79,Sea to Sky,2014,11,2014-11-01,2014-11-07,2014-11-09,wsdc_dump,scheduled,t,30,Seattle,Washington,United States,"Seattle, WA, United States",86,85,http://Seatoskywcs.com,"Seattle, WA",
8774,63,Swingin' New England Dance Festival,2014,11,2014-11-01,2014-11-13,2014-11-16,wsdc_dump,scheduled,t,70,Newton,Massachusetts,United States,"Newton (Boston), MA, United States",88,88,,"Newton (Boston), MA, United States",
9385,137,Tampa Bay Classic,2014,11,2014-11-01,2014-11-06,2014-11-09,wsdc_dump,scheduled,t,53,Tampa,Florida,United States,"Tampa, FL, United States",113,112,http://www.tbcwcs.com/,"Tampa, FL",Registry Event
8847,68,US Open Swing Dance Championships,2014,11,2014-11-01,2014-11-26,2014-11-30,wsdc_dump,scheduled,t,22,Los Angeles,California,United States,"Los Angeles, CA, United States",98,96,http://www.theopenswing.com/,"Los Angeles, CA",Registry Event
10188,236,Warsaw Halloween Swing,2014,11,2014-11-01,2014-10-30,2014-11-02,wsdc_dump,scheduled,t,155,Warsaw,,Poland,"Warsaw, Poland",75,75,http://www.warsawhalloweenswing.com/,"Warsaw, Poland",Registry Event
9982,211,Atlanta Swing Classic,2014,10,2014-10-01,2014-10-02,2014-10-05,wsdc_dump,scheduled,t,25,Atlanta,Georgia,United States,"Atlanta, GA, United States",113,110,https://www.atlantaswingclassic.com/,"Atlanta, GA, United States",Registry Event
9761,180,Australian Open Swing Dance Championships,2014,10,2014-10-01,2014-10-18,2014-10-20,wsdc_dump,scheduled,t,174,Melbourne,,Australia,"Melbourne, Australia",55,55,,"Melbourne, Australia",
8128,8,Boogie By The Bay,2014,10,2014-10-01,2014-10-10,2014-10-12,wsdc_dump,scheduled,t,2,San Francisco,California,United States,"San Francisco, CA, United States",114,113,https://boogiebythebay.com/,"San Francisco, CA",Registry Event
8802,65,Halloween SwingThing,2014,10,2014-10-01,2014-10-24,2014-10-26,wsdc_dump,scheduled,t,24,Costa Mesa,California,United States,"Costa Mesa, CA, United States",79,79,http://hstswing.com/,"Costa Mesa, CA",Registry Event
9747,179,New Zealand Open Swing Dance Championships,2014,10,2014-10-01,2014-10-08,2014-10-11,wsdc_dump,scheduled,t,168,Auckland,,New Zealand,"Auckland, New Zealand",34,34,https://www.streetswing.co.nz/the-new-zealand-open,"Auckland, New Zealand",Registry Event
8500,43,Paradise Dance Festival,2014,10,2014-10-01,2014-10-16,2014-10-19,wsdc_dump,scheduled,t,19,Irvine,California,United States,"Irvine, CA, United States",65,63,https://paradisecountrydancefestival.com/,"Irvine, CA",Registry Event
9279,125,Swing City Chicago,2014,10,2014-10-01,2014-10-23,2014-10-26,wsdc_dump,scheduled,t,34,Chicago,Illinois,United States,"Chicago, IL, United States",97,96,https://swingcitychicago.com/,"Chicago, IL",Registry Event
10199,237,WCS Helsinki,2014,10,2014-10-01,2014-10-17,2014-10-19,wsdc_dump,scheduled,t,204,Helsinki,,Finland,"Helsinki, Finland",35,35,,"Helsinki, Finland",
10164,233,Bavarian Open,2014,9,2014-09-01,2014-09-11,2014-09-14,wsdc_dump,scheduled,t,129,Munich,,Germany,"Munich, Germany",49,49,https://bavarianopen.com/,"Munich, Germany",Registry Event
8177,10,Bridgetown Swing Boogie,2014,9,2014-09-01,2014-09-25,2014-09-28,wsdc_dump,scheduled,t,74,Vancouver,Washington,United States,"Vancouver, WA, United States",83,83,,"Vancouver, WA",
8252,15,Dallas D.A.N.C.E.,2014,9,2014-09-01,2014-08-30,2014-09-01,wsdc_dump,scheduled,t,21,Dallas,Texas,United States,"Dallas, TX, United States",100,94,,"Dallas, TX",
9364,135,Desert City Swing,2014,9,2014-09-01,2014-09-05,2014-09-07,wsdc_dump,scheduled,t,3,Phoenix,Arizona,United States,"Phoenix, AZ, United States",128,127,https://www.desertcityswing.com/,"Phoenix, AZ",Registry Event
9315,131,Meet Me In St Louis,2014,9,2014-09-01,2014-09-25,2014-09-28,wsdc_dump,scheduled,t,49,St. Louis,Missouri,United States,"St. Louis, MO, United States",110,109,http://Www.mmisl.com,"St. Louis, MO",
9629,165,Midland Swing Open,2014,9,2014-09-01,2014-09-26,2014-09-29,wsdc_dump,scheduled,t,107,London,,United Kingdom,"London, United Kingdom",70,70,https://www.midlandswingopen.com/,"London, United Kingdom",Registry Event
9109,100,New Mexico Dance Fiesta,2014,9,2014-09-01,2014-09-26,2014-09-28,wsdc_dump,scheduled,t,94,Albuquerque,New Mexico,United States,"Albuquerque, NM, United States",24,24,,"Albuquerque, NM",
10158,232,Norway Westie Fest,2014,9,2014-09-01,2014-09-12,2014-09-14,wsdc_dump,scheduled,t,181,Trondheim,,Norway,"Trondheim, Norway",45,45,https://www.norwaywestiefest.com/,"Trondheim, Norway",Trial Event
10175,234,Philly Swing Classic,2014,9,2014-09-01,2014-09-19,2014-09-21,wsdc_dump,scheduled,t,66,Wilmington,Delaware,United States,"Wilmington, DE, United States",78,75,http://www.phillyswing.com,"Wilmington, DE, United States",
10145,230,Sunny Side Dance Camp,2014,9,2014-09-01,2014-08-31,2014-09-07,wsdc_dump,scheduled,t,248,Torrevieja,,Spain,"Torrevieja, Spain",37,37,,"Torrevieja, Spain",
10148,231,Trilogy Swing,2014,9,2014-09-01,2014-09-12,2014-09-14,wsdc_dump,scheduled,t,63,Raleigh,North Carolina,United States,"Raleigh, NC, United States",73,73,https://trilogywcs.com/,"Raleigh, NC",Registry Event
9848,190,Vermont Swing Dance Championships,2014,9,2014-09-01,2014-09-12,2014-09-14,wsdc_dump,scheduled,t,144,Burlington,Vermont,United States,"Burlington, VT, United States",81,72,http://www.vermontwestcoastswing.net,"Burlington, VT",
8935,77,Arizona Dance Classic,2014,8,2014-08-01,2014-08-01,2014-08-03,wsdc_dump,scheduled,t,3,Phoenix,Arizona,United States,"Phoenix, AZ, United States",25,25,https://arizonadanceclassic.com/,"Phoenix, AZ",Registry Event
9216,119,Chicagoland Country and Swing Dance Festival,2014,8,2014-08-01,2014-08-15,2014-08-17,wsdc_dump,scheduled,t,34,Chicago,Illinois,United States,"Chicago, IL, United States",69,69,https://chicagolanddancefestival.com/,"Chicago, IL",Registry Event
9236,120,Lone Star Invitational,2014,8,2014-08-01,2014-08-08,2014-08-10,wsdc_dump,scheduled,t,39,Austin,Texas,United States,"Austin, TX, United States",59,59,,"Austin, TX",
9572,157,New England Dance Festival,2014,8,2014-08-01,2014-08-07,2014-08-10,wsdc_dump,scheduled,t,70,Newton,Massachusetts,United States,"Newton (Boston), MA, United States",52,52,http://www.nedancefestival.com,"Newton (Boston), MA, United States",Registry Event
8612,51,Palm Springs Summer Dance Classic,2014,8,2014-08-01,2014-08-14,2014-08-17,wsdc_dump,scheduled,t,20,Palm Springs,California,United States,"Palm Springs, CA, United States",108,107,,"Palm Springs, CA",
9723,177,River City Swing,2014,8,2014-08-01,2014-08-28,2014-08-31,wsdc_dump,scheduled,t,98,Jacksonville,Florida,United States,"Jacksonville, FL, United States",110,106,http://www.floridadanceevents.com,"Jacksonville, FL",
10135,229,Scandinavian Open,2014,8,2014-08-01,2014-08-29,2014-08-31,wsdc_dump,scheduled,t,199,Stockholm,,Sweden,"Stockholm, Sweden",47,47,http://www.snowcs.se/,"Stockholm, Sweden",Registry Event
9618,164,Sea Sun and Swing,2014,8,2014-08-01,2014-08-08,2014-08-10,wsdc_dump,scheduled,t,158,La Grande Motte,,France,"La Grande Motte, France",78,78,https://www.seasunswing.fr/,"La Grande Motte, France",
8578,48,South Bay Dance Fling,2014,8,2014-08-01,2014-08-28,2014-08-31,wsdc_dump,scheduled,t,16,San Jose,California,United States,"San Jose, CA, United States",83,78,http://www.SBDF.dance,"San Jose, CA",
8645,53,Summer Hummer,2014,8,2014-08-01,2014-08-21,2014-08-24,wsdc_dump,scheduled,t,397,Woburn,Massachusetts,United States,"Woburn (Boston), MA, United States",112,112,https://summerhummerboston.com/,"Woburn (Boston), MA, United States",Registry Event
10133,228,Summer Swing Classic,2014,8,2014-08-01,2014-08-07,2014-08-10,wsdc_dump,scheduled,t,151,St. Petersburg,Florida,United States,"St. Petersburg, FL, United States",63,58,,"St. Petersburg, FL",
8693,59,Swing Fling,2014,8,2014-08-01,2014-07-31,2014-08-03,wsdc_dump,scheduled,t,38,Herndon,Virginia,United States,"Herndon, VA, United States",115,115,http://www.swingfling.com,"Herndon, VA, United States",Registry Event
10122,227,Swingtacular: The Galactic Open,2014,8,2014-08-01,2014-08-08,2014-08-10,wsdc_dump,scheduled,t,2,San Francisco,California,United States,"San Francisco, CA, United States",90,90,http://www.swingtacular.art/,"San Francisco, CA",Registry Event
9588,159,World Swing Masters,2014,8,2014-08-01,2014-08-15,2014-08-17,wsdc_dump,scheduled,t,207,Blackpool,,United Kingdom,"Blackpool, United Kingdom",30,30,,"Blackpool, United Kingdom",
8073,1,4TH of July Convention,2014,7,2014-07-01,2014-07-02,2014-07-06,wsdc_dump,scheduled,t,3,Phoenix,Arizona,United States,"Phoenix, AZ, United States",107,106,http://phoenix4thofjuly.com,"Phoenix, AZ",
9555,156,Big Apple Dance Festival,2014,7,2014-07-01,2014-07-10,2014-07-13,wsdc_dump,scheduled,t,140,Morristown,New Jersey,United States,"Morristown, NJ, United States",30,30,http://bigapplecountrydance.com/,"Morristown, NJ",
9486,148,Dance Mardi Gras,2014,7,2014-07-01,2014-07-25,2014-07-27,wsdc_dump,scheduled,t,57,New Orleans,Louisiana,United States,"New Orleans, LA, United States",82,78,http://www.dancemardigras.com,"New Orleans, LA",
9501,149,Florida Dance Magic,2014,7,2014-07-01,2014-07-29,2014-07-29,wsdc_dump,scheduled,t,55,Fort Lauderdale,Florida,United States,"Fort Lauderdale, FL, United States",59,56,https://floridadancemagic.com/,"Fort Lauderdale, FL",Registry Event
10117,226,Ft. Lauderdale Swing & Shag Beach Bash,2014,7,2014-07-01,2014-07-03,2014-07-07,wsdc_dump,scheduled,t,55,Fort Lauderdale,Florida,United States,"Fort Lauderdale, FL, United States",43,40,,"Fort Lauderdale, FL",
8520,44,Portland Dance Festival,2014,7,2014-07-01,2014-07-11,2014-07-13,wsdc_dump,scheduled,t,4,Portland,Oregon,United States,"Portland, OR, United States",65,65,,"Portland, OR",
9974,209,SinCity Swing,2014,7,2014-07-01,2014-07-10,2014-07-13,wsdc_dump,scheduled,t,27,Las Vegas,Nevada,United States,"Las Vegas, NV, United States",104,104,,"Las Vegas, NV",
8552,47,SwingTime Denver,2014,7,2014-07-01,2014-07-17,2014-07-20,wsdc_dump,scheduled,t,29,Denver,Colorado,United States,"Denver, CO, United States",90,88,http://www.swingtimewcs.com/,"Denver, CO, United States",Registry Event
9473,147,Toronto Open Swing & Hustle Championships,2014,7,2014-07-01,2014-07-17,2014-07-20,wsdc_dump,scheduled,t,105,Toronto,,Canada,"Toronto, Canada",54,50,http://www.TOSHC.com,"Toronto, Canada",
10105,225,Wild Wild Westie,2014,7,2014-07-01,2014-07-03,2014-07-06,wsdc_dump,scheduled,t,21,Dallas,Texas,United States,"Dallas, TX, United States",60,60,http://www.WildWildWestie.com,"Dallas, TX",
10083,222,Baltic Swing,2014,6,2014-06-01,2014-06-06,2014-06-08,wsdc_dump,scheduled,t,186,Gdańsk,,Poland,"Gdańsk, Poland",73,73,http://www.balticswing.com,"Gdańsk, Poland",Registry Event
9154,109,Colorado Country Classic,2014,6,2014-06-01,2014-06-26,2014-06-29,wsdc_dump,scheduled,t,29,Denver,Colorado,United States,"Denver, CO, United States",52,50,https://coloradocountryclassic.net/,"Denver, CO",
9964,207,Dance N Play,2014,6,2014-06-01,2014-06-13,2014-06-15,wsdc_dump,scheduled,t,133,Bend,Oregon,United States,"Bend, OR, United States",64,64,https://dancenplay.com/,"Bend, OR",
9709,175,French Open West Coast Swing,2014,6,2014-06-01,2014-05-29,2014-06-01,wsdc_dump,scheduled,t,109,Paris,,France,"Paris, France",103,101,http://www.fowcs.com/,"Paris, France",Registry Event
8378,25,J&J O'Rama,2014,6,2014-06-01,2014-06-13,2014-06-15,wsdc_dump,scheduled,t,23,Anaheim,California,United States,"Anaheim, CA, United States",100,98,https://jackandjillorama.com/,"Anaheim, CA",
9082,96,Liberty Swing Dance Championships,2014,6,2014-06-01,2014-06-25,2014-06-29,wsdc_dump,scheduled,t,41,New Brunswick,New Jersey,United States,"New Brunswick, NJ, United States",139,139,http://www.libertyswing.com/,"New Brunswick, NJ",Registry Event
8918,76,Michigan Dance Classic,2014,6,2014-06-01,2014-05-29,2014-06-01,wsdc_dump,scheduled,t,51,Detroit,Michigan,United States,"Detroit, MI, United States",118,117,http://michiganclassicswing.com/,"Detroit, MI",Registry Event
10096,224,Midwest Westie Fest,2014,6,2014-06-01,2014-06-05,2014-06-08,wsdc_dump,scheduled,t,48,Overland Park,Kansas,United States,"Overland Park, KS, United States",82,79,http://www.midwestwestiefest.com/,"Overland Park, KS",Registry Event
9839,188,NSW West Coast Swing Dance Championships,2014,6,2014-06-01,2014-06-06,2014-06-08,wsdc_dump,scheduled,t,117,Sydney,,Australia,"Sydney, Australia",53,53,,"Sydney, Australia",
9194,117,Orange Blossom Dance Festival,2014,6,2014-06-01,2014-06-13,2014-06-15,wsdc_dump,scheduled,t,82,Orlando,Florida,United States,"Orlando, FL, United States",65,56,http://www.orangeblossomdance.net/,"Orlando, FL",Registry Event
10094,223,Slingshot Swing,2014,6,2014-06-01,2014-06-13,2014-06-15,wsdc_dump,scheduled,t,223,Oslo,,Norway,"Oslo, Norway",40,40,,"Oslo, Norway",
9128,105,Canadian Swing Championships,2014,5,2014-05-01,2014-05-19,2014-05-19,wsdc_dump,scheduled,t,86,Montreal,,Canada,"Montreal, Canada",40,40,http://www.canadianswingchampionships.com,"Montreal, Canada",
10063,220,D-Town Swing,2014,5,2014-05-01,2014-05-23,2014-05-25,wsdc_dump,scheduled,t,127,Düsseldorf,,Germany,"Düsseldorf, Germany",40,40,http://www.d-townswing.com/,"Düsseldorf, Germany",Registry Event
9613,163,DFW Pro Am Jam,2014,5,2014-05-01,2014-05-24,2014-05-26,wsdc_dump,scheduled,t,21,Dallas,Texas,United States,"Dallas, TX, United States",49,49,,"Dallas, TX",
8320,20,FreZno Dance Classic,2014,5,2014-05-01,2014-05-23,2014-05-26,wsdc_dump,scheduled,t,5,Fresno,California,United States,"Fresno, CA, United States",81,76,,"Fresno, CA",
9953,206,Hungarian Open,2014,5,2014-05-01,2014-05-16,2014-05-18,wsdc_dump,scheduled,t,110,Budapest,,Hungary,"Budapest, Hungary",70,70,https://wcs-ho.com/,"Budapest, Hungary",Registry Event
9690,172,International Hustle & Salsa Congress,2014,5,2014-05-01,2014-05-01,2014-05-04,wsdc_dump,scheduled,t,82,Orlando,Florida,United States,"Orlando, FL, United States",19,19,,"Orlando, FL",
9924,201,MidAtlantic Dance Classic,2014,5,2014-05-01,2014-05-08,2014-05-11,wsdc_dump,scheduled,t,38,Herndon,Virginia,United States,"Herndon, VA, United States",40,40,,"Herndon, VA",
10074,221,Show Me Showdown,2014,5,2014-05-01,2014-05-24,2014-05-26,wsdc_dump,scheduled,t,49,St. Louis,Missouri,United States,"St. Louis, MO, United States",38,38,,"St. Louis, MO",
9942,205,SOswing,2014,5,2014-05-01,2014-05-16,2014-05-18,wsdc_dump,scheduled,t,88,Ashland,Oregon,United States,"Ashland, OR, United States",84,83,http://wwww.soswingdance.com/,"Ashland, OR",Registry Event
9940,204,Spring Swing,2014,5,2014-05-01,2014-05-01,2014-05-04,wsdc_dump,scheduled,t,199,Stockholm,,Sweden,"Stockholm, Sweden",60,60,,"Stockholm, Sweden",
9598,162,Swingapalooza,2014,5,2014-05-01,2014-05-02,2014-05-04,wsdc_dump,scheduled,t,40,Baton Rouge,Louisiana,United States,"Baton Rouge, LA, United States",65,65,http://www.swingapaloozaevent.com/,"Baton Rouge, LA",Registry Event
8721,61,SwingDiego,2014,5,2014-05-01,2014-05-08,2014-05-11,wsdc_dump,scheduled,t,10,San Diego,California,United States,"San Diego, CA, United States",110,110,,"San Diego, CA",
9450,144,Swingin' Into Spring,2014,5,2014-05-01,2014-05-01,2014-05-04,wsdc_dump,scheduled,t,131,Hartford,Connecticut,United States,"Hartford, CT, United States",75,75,http://www.sis.djkenm.com/,"Hartford, CT",Registry Event
9695,174,Swingsation,2014,5,2014-05-01,2014-05-15,2014-05-18,wsdc_dump,scheduled,t,169,Gold Coast,,Australia,"Gold Coast, Australia",60,60,https://rawconnection.com.au/swingsation/,"Gold Coast, Australia",Registry Event
9254,121,The Texas Classic,2014,5,2014-05-01,2014-05-16,2014-05-18,wsdc_dump,scheduled,t,39,Austin,Texas,United States,"Austin, TX, United States",41,41,http://Www.thetexasclassic.com,"Austin, TX",
8347,22,USA Grand Nationals,2014,5,2014-05-01,2014-05-23,2014-05-26,wsdc_dump,scheduled,t,25,Atlanta,Georgia,United States,"Atlanta, GA, United States",84,84,http://www.usagrandnationals.com/,"Atlanta, GA, United States",Registry Event
10047,218,Asia West Coast Swing Open,2014,4,2014-04-01,2014-04-24,2014-04-27,wsdc_dump,scheduled,t,159,Singapore,,Singapore,"Singapore, Singapore",63,63,https://asiawcsopen.com/,"Singapore, Singapore",Registry Event
9913,200,Austin Swing Dance Championships,2014,4,2014-04-01,2014-04-11,2014-04-13,wsdc_dump,scheduled,t,39,Austin,Texas,United States,"Austin, TX, United States",97,95,https://austinswingdance.com/,"Austin, TX",Registry Event
9826,187,City of Angels WCS,2014,4,2014-04-01,2014-04-04,2014-04-06,wsdc_dump,scheduled,t,54,Burbank,California,United States,"Burbank, CA, United States",114,112,https://cityofangelswcs.com/,"Burbank, CA",Registry Event
9928,203,Detonation Dance,2014,4,2014-04-01,2014-04-25,2014-04-27,wsdc_dump,scheduled,t,166,Manchester,,United Kingdom,"Manchester, United Kingdom",50,50,https://www.detonationdance.com/,"Manchester, United Kingdom",Registry Event
8279,18,Easter Swing,2014,4,2014-04-01,2014-04-17,2014-04-20,wsdc_dump,scheduled,t,30,Seattle,Washington,United States,"Seattle, WA, United States",125,125,https://easterswing.org/,"Seattle, WA, United States",Registry Event
10057,219,KIWI Fest,2014,4,2014-04-01,2014-04-25,2014-04-27,wsdc_dump,scheduled,t,125,Kiev,,Ukraine,"Kiev, Ukraine",40,40,,"Kiev, Ukraine",
10039,217,San Diego Dance Festival,2014,4,2014-04-01,2014-04-17,2014-04-20,wsdc_dump,scheduled,t,10,San Diego,California,United States,"San Diego, CA, United States",55,49,,"San Diego, CA",
9348,134,Swing Dance America,2014,4,2014-04-01,2014-04-24,2014-04-27,wsdc_dump,scheduled,t,89,Lake Geneva,Illinois,United States,"Lake Geneva, IL, United States",85,84,,"Lake Geneva, IL",
9333,132,Tulsa Spring Swing,2014,4,2014-04-01,2014-04-17,2014-04-20,wsdc_dump,scheduled,t,58,Tulsa,Oklahoma,United States,"Tulsa, OK, United States",53,48,http://www.tulsaspringswing.com/,"Tulsa, OK",Registry Event
9540,154,UK WCS Championships,2014,4,2014-04-01,2014-04-10,2014-04-14,wsdc_dump,scheduled,t,107,London,,United Kingdom,"London, United Kingdom",90,90,http://www.ukwcschamps.com/,"London, United Kingdom",Registry Event
8155,9,Boston Tea Party,2014,3,2014-03-01,2014-03-20,2014-03-24,wsdc_dump,scheduled,t,8,Boston,Massachusetts,United States,"Boston, MA, United States",94,94,http://teapartyswings.com/,"Boston, MA",Registry Event
9670,169,Dance Camp Chicago,2014,3,2014-03-01,2014-02-28,2014-03-02,wsdc_dump,scheduled,t,114,Elmhurst,Illinois,United States,"Elmhurst, IL, United States",54,54,,"Elmhurst, IL",
9435,143,High Desert Dance Classic,2014,3,2014-03-01,2014-03-14,2014-03-16,wsdc_dump,scheduled,t,18,Lancaster,California,United States,"Lancaster, CA, United States",65,62,http://www.highdesertdanceclassic.com/,"Lancaster, CA",Registry Event
9047,92,MADjam,2014,3,2014-03-01,2014-03-07,2014-03-09,wsdc_dump,scheduled,t,13,Washington,District of Columbia,United States,"Washington, DC, United States",150,150,http://www.atlanticdancejam.com,"Washington, DC, United States",Registry Event
9524,153,Novice Invitational,2014,3,2014-03-01,2014-03-14,2014-03-16,wsdc_dump,scheduled,t,44,Houston,Texas,United States,"Houston, TX, United States",59,58,http://www.htownthrowdownwcs.com/,"Houston, TX",Registry Event
9679,170,Russian Open WCS Championships,2014,3,2014-03-01,2014-03-27,2014-03-30,wsdc_dump,scheduled,t,113,Moscow,,Russia,"Moscow, Russia",60,60,,"Moscow, Russia",
10034,216,The Brazilian Open,2014,3,2014-03-01,2014-03-28,2014-03-30,wsdc_dump,scheduled,t,216,Fortaleza,,Brazil,"Fortaleza, Brazil",38,38,,"Fortaleza, Brazil",
9419,142,The Chicago Classic,2014,3,2014-03-01,2014-03-13,2014-03-16,wsdc_dump,scheduled,t,34,Chicago,Illinois,United States,"Chicago, IL, United States",125,122,https://thechicagoclassic.com/,"Chicago, IL",Registry Event
9813,186,West in Lyon,2014,3,2014-03-01,2014-03-13,2014-03-16,wsdc_dump,scheduled,t,156,Lyon,,France,"Lyon, France",85,85,http://www.west-in-lyon.fr/,"Lyon, France",Registry Event
9899,197,5280 Westival,2014,2,2014-02-01,2014-02-20,2014-02-24,wsdc_dump,scheduled,t,29,Denver,Colorado,United States,"Denver, CO, United States",91,89,http://www.5280westival.com/,"Denver, CO",Registry Event
9652,167,Best of the Best WCS,2014,2,2014-02-01,2014-01-29,2014-02-02,wsdc_dump,scheduled,t,117,Sydney,,Australia,"Sydney, Australia",50,50,https://www.bestofthebestwcs.com/,"Sydney, Australia",Registry Event
8209,12,Capital Swing Dance Convention,2014,2,2014-02-01,2014-02-14,2014-02-16,wsdc_dump,scheduled,t,6,Sacramento,California,United States,"Sacramento, CA, United States",135,129,http://www.capitalswingconvention.com/,"Sacramento, CA",Registry Event
9666,168,Scottish WCS Dance Championships,2014,2,2014-02-01,2014-02-07,2014-02-09,wsdc_dump,scheduled,t,206,Bathgate,,United Kingdom,"Bathgate, United Kingdom",52,52,,"Bathgate, United Kingdom",
9806,185,Sweetheart Swing Classic,2014,2,2014-02-01,2014-02-13,2014-02-16,wsdc_dump,scheduled,t,53,Tampa,Florida,United States,"Tampa, FL, United States",64,60,,"Tampa, FL",
10021,215,Swing & Snow,2014,2,2014-02-01,2014-01-31,2014-02-02,wsdc_dump,scheduled,t,222,St. Petersburg,,Russia,"St. Petersburg, Russia",62,62,http://swingandsnow.ru/,"St. Petersburg, Russia",Registry Event
8830,67,Americas Classic,2014,1,2014-01-01,2014-01-16,2014-01-19,wsdc_dump,scheduled,t,44,Houston,Texas,United States,"Houston, TX, United States",91,91,,"Houston, TX",
9792,184,BudaFest Open WCS Championships,2014,1,2014-01-01,2014-01-10,2014-01-12,wsdc_dump,scheduled,t,110,Budapest,,Hungary,"Budapest, Hungary",82,82,http://wcs-budafest.com/,"Budapest, Hungary",Registry Event
9778,183,Freedom Swing Dance Challenge,2014,1,2014-01-01,2014-01-24,2014-01-26,wsdc_dump,scheduled,t,66,Wilmington,Delaware,United States,"Wilmington, DE, United States",107,100,https://freedomswingdance.com/,"Wilmington, DE, United States",Registry Event
8747,62,Monterey SwingFest,2014,1,2014-01-01,2014-01-17,2014-01-19,wsdc_dump,scheduled,t,1,Monterey,California,United States,"Monterey, CA, United States",113,109,http://www.montereyswing.com/,"Monterey, CA",Registry Event
10014,214,New Year's Swing Fling,2014,1,2014-01-01,2013-12-27,2014-01-01,wsdc_dump,scheduled,t,107,London,,United Kingdom,"London, United Kingdom",80,80,http://nysf.uk/,"London, United Kingdom",Registry Event
9879,195,Palm Springs New Years Swing Dance Classic,2014,1,2014-01-01,2014-01-03,2014-01-06,wsdc_dump,scheduled,t,20,Palm Springs,California,United States,"Palm Springs, CA, United States",128,128,,"Palm Springs, CA",
9887,196,SwingCouver,2014,1,2014-01-01,2014-01-23,2014-01-27,wsdc_dump,scheduled,t,4,Portland,Oregon,United States,"Portland, OR, United States",82,81,https://swingco.dance/,"Portland, OR",Registry Event
8898,75,UCWDC Country Dance World Championship,2014,1,2014-01-01,2013-12-30,2014-01-04,wsdc_dump,scheduled,t,21,Dallas,Texas,United States,"Dallas, TX, United States",35,35,http://www.ucwdcworlds.com/,"Dallas, TX",Registry Event
9013,87,CASH Bash,2013,12,2013-12-01,2013-11-29,2013-12-01,wsdc_dump,scheduled,t,96,Cleveland,Ohio,United States,"Cleveland, OH, United States",83,83,https://cashdanceclub.org/cash-bash/,"Cleveland, OH",Registry Event
10623,334,Countdown Swing Boston,2013,12,2013-12-01,2013-12-28,2013-12-31,wsdc_dump,scheduled,t,8,Boston,Massachusetts,United States,"Boston, MA, United States",58,58,http://countdownswingboston.com/,"Boston, MA",Registry Event
8475,42,Floorplay Swing Vacation,2013,12,2013-12-01,2013-12-27,2013-12-31,wsdc_dump,scheduled,t,82,Orlando,Florida,United States,"Orlando, FL, United States",45,45,http://www.floorplayswingvacation.com/,"Orlando, FL",Registry Event
9405,141,Spotlight New Year's Celebration,2013,12,2013-12-01,2013-12-28,2013-12-31,wsdc_dump,scheduled,t,43,Nashville,Tennessee,United States,"Nashville, TN, United States",103,101,http://www.spotlightnewyears.com/,"Nashville, TN",Registry Event
10006,213,Swingtimate,2013,12,2013-12-01,2013-12-13,2013-12-15,wsdc_dump,scheduled,t,169,Gold Coast,,Australia,"Gold Coast, Australia",54,54,https://rawconnection.com.au/swingtimate/,"Gold Coast, Australia",
9994,212,The After Party (TAP),2013,12,2013-12-01,2013-12-05,2013-12-08,wsdc_dump,scheduled,t,73,Orange County,California,United States,"Orange County, CA, United States",86,86,http://www.tapwcs.com/,"Orange County, CA",Registry Event
8846,68,US Open Swing Dance Championships,2013,12,2013-12-01,2013-11-27,2013-12-01,wsdc_dump,scheduled,t,22,Los Angeles,California,United States,"Los Angeles, CA, United States",109,103,http://www.theopenswing.com/,"Los Angeles, CA",Registry Event
9765,181,DC Swing eXperience (DCSX),2013,11,2013-11-01,2013-11-14,2013-11-17,wsdc_dump,scheduled,t,38,Herndon,Virginia,United States,"Herndon, VA, United States",91,91,http://www.dcswingexperience.com,"Herndon, VA, United States",Registry Event
9644,166,London SwingVitational,2013,11,2013-11-01,2013-11-14,2013-11-18,wsdc_dump,scheduled,t,212,Windsor,,United Kingdom,"Windsor, United Kingdom",68,68,,"Windsor, United Kingdom",
9855,194,Moscow Westie Fest,2013,11,2013-11-01,2013-11-01,2013-11-04,wsdc_dump,scheduled,t,113,Moscow,,Russia,"Moscow, Russia",74,74,http://westiefest.org/,"Moscow, Russia",Registry Event
8430,31,Mountain Magic,2013,11,2013-11-01,2013-10-31,2013-11-03,wsdc_dump,scheduled,t,28,South Lake Tahoe (near Reno),Nevada,United States,"South Lake Tahoe (near Reno), NV, United States",62,60,http://mountainmagic.dance,"South Lake Tahoe (near Reno), NV",
8958,79,Sea to Sky,2013,11,2013-11-01,2013-11-07,2013-11-11,wsdc_dump,scheduled,t,30,Seattle,Washington,United States,"Seattle, WA, United States",92,90,http://Seatoskywcs.com,"Seattle, WA",
8773,63,Swingin' New England Dance Festival,2013,11,2013-11-01,2013-11-08,2013-11-10,wsdc_dump,scheduled,t,70,Newton,Massachusetts,United States,"Newton (Boston), MA, United States",85,85,,"Newton (Boston), MA, United States",
9384,137,Tampa Bay Classic,2013,11,2013-11-01,2013-11-07,2013-11-10,wsdc_dump,scheduled,t,53,Tampa,Florida,United States,"Tampa, FL, United States",107,105,http://www.tbcwcs.com/,"Tampa, FL",Registry Event
9981,211,Atlanta Swing Classic,2013,10,2013-10-01,2013-10-18,2013-10-20,wsdc_dump,scheduled,t,25,Atlanta,Georgia,United States,"Atlanta, GA, United States",86,79,https://www.atlantaswingclassic.com/,"Atlanta, GA, United States",Registry Event
9760,180,Australian Open Swing Dance Championships,2013,10,2013-10-01,2013-10-18,2013-10-20,wsdc_dump,scheduled,t,174,Melbourne,,Australia,"Melbourne, Australia",56,56,,"Melbourne, Australia",
8127,8,Boogie By The Bay,2013,10,2013-10-01,2013-10-11,2013-10-13,wsdc_dump,scheduled,t,2,San Francisco,California,United States,"San Francisco, CA, United States",122,121,https://boogiebythebay.com/,"San Francisco, CA",Registry Event
8801,65,Halloween SwingThing,2013,10,2013-10-01,2013-10-25,2013-10-27,wsdc_dump,scheduled,t,24,Costa Mesa,California,United States,"Costa Mesa, CA, United States",100,98,http://hstswing.com/,"Costa Mesa, CA",Registry Event
9976,210,Korean Open WCS Championships,2013,10,2013-10-01,2013-10-04,2013-10-06,wsdc_dump,scheduled,t,172,Incheon,,Republic of Korea,"Incheon, Republic of Korea",40,40,https://www.kopenwcs.com/,"Incheon, Republic of Korea",Registry Event
9735,178,Montreal Westie Fest,2013,10,2013-10-01,2013-10-10,2013-10-14,wsdc_dump,scheduled,t,86,Montreal,,Canada,"Montreal, Canada",68,68,http://www.montrealwestiefest.com,"Montreal, Canada",Registry Event
9746,179,New Zealand Open Swing Dance Championships,2013,10,2013-10-01,2013-10-10,2013-10-13,wsdc_dump,scheduled,t,168,Auckland,,New Zealand,"Auckland, New Zealand",30,30,https://www.streetswing.co.nz/the-new-zealand-open,"Auckland, New Zealand",Registry Event
8499,43,Paradise Dance Festival,2013,10,2013-10-01,2013-10-17,2013-10-20,wsdc_dump,scheduled,t,19,Irvine,California,United States,"Irvine, CA, United States",70,67,https://paradisecountrydancefestival.com/,"Irvine, CA",Registry Event
9278,125,Swing City Chicago,2013,10,2013-10-01,2013-10-25,2013-10-27,wsdc_dump,scheduled,t,34,Chicago,Illinois,United States,"Chicago, IL, United States",113,108,https://swingcitychicago.com/,"Chicago, IL",Registry Event
9853,192,Swing Generation,2013,10,2013-10-01,2013-10-25,2013-10-27,wsdc_dump,scheduled,t,156,Lyon,,France,"Lyon, France",69,69,,"Lyon, France",
10187,236,Warsaw Halloween Swing,2013,10,2013-10-01,2013-10-03,2013-10-06,wsdc_dump,scheduled,t,155,Warsaw,,Poland,"Warsaw, Poland",45,45,http://www.warsawhalloweenswing.com/,"Warsaw, Poland",Registry Event
8176,10,Bridgetown Swing Boogie,2013,9,2013-09-01,2013-09-19,2013-09-22,wsdc_dump,scheduled,t,74,Vancouver,Washington,United States,"Vancouver, WA, United States",77,77,,"Vancouver, WA",
8251,15,Dallas D.A.N.C.E.,2013,9,2013-09-01,2013-08-29,2013-09-01,wsdc_dump,scheduled,t,21,Dallas,Texas,United States,"Dallas, TX, United States",94,90,,"Dallas, TX",
9363,135,Desert City Swing,2013,9,2013-09-01,2013-09-06,2013-09-08,wsdc_dump,scheduled,t,3,Phoenix,Arizona,United States,"Phoenix, AZ, United States",114,113,https://www.desertcityswing.com/,"Phoenix, AZ",Registry Event
9314,131,Meet Me In St Louis,2013,9,2013-09-01,2013-09-26,2013-09-29,wsdc_dump,scheduled,t,49,St. Louis,Missouri,United States,"St. Louis, MO, United States",90,90,http://Www.mmisl.com,"St. Louis, MO",
9628,165,Midland Swing Open,2013,9,2013-09-01,2013-09-27,2013-09-30,wsdc_dump,scheduled,t,107,London,,United Kingdom,"London, United Kingdom",70,70,https://www.midlandswingopen.com/,"London, United Kingdom",Registry Event
9108,100,New Mexico Dance Fiesta,2013,9,2013-09-01,2013-09-27,2013-09-29,wsdc_dump,scheduled,t,94,Albuquerque,New Mexico,United States,"Albuquerque, NM, United States",40,40,,"Albuquerque, NM",
9722,177,River City Swing,2013,9,2013-09-01,2013-09-05,2013-09-08,wsdc_dump,scheduled,t,98,Jacksonville,Florida,United States,"Jacksonville, FL, United States",89,83,http://www.floridadanceevents.com,"Jacksonville, FL",
8577,48,South Bay Dance Fling,2013,9,2013-09-01,2013-08-29,2013-09-01,wsdc_dump,scheduled,t,16,San Jose,California,United States,"San Jose, CA, United States",89,83,http://www.SBDF.dance,"San Jose, CA",
9851,191,Sunny Side Dance Camp,2013,9,2013-09-01,2013-08-31,2013-09-07,wsdc_dump,scheduled,t,249,Crimea,,Ukraine,"Crimea, Ukraine",50,50,,"Crimea, Ukraine",
9847,190,Vermont Swing Dance Championships,2013,9,2013-09-01,2013-09-13,2013-09-15,wsdc_dump,scheduled,t,144,Burlington,Vermont,United States,"Burlington, VT, United States",70,68,http://www.vermontwestcoastswing.net,"Burlington, VT",
8934,77,Arizona Dance Classic,2013,8,2013-08-01,2013-08-02,2013-08-04,wsdc_dump,scheduled,t,3,Phoenix,Arizona,United States,"Phoenix, AZ, United States",23,23,https://arizonadanceclassic.com/,"Phoenix, AZ",Registry Event
9215,119,Chicagoland Country and Swing Dance Festival,2013,8,2013-08-01,2013-08-16,2013-08-18,wsdc_dump,scheduled,t,34,Chicago,Illinois,United States,"Chicago, IL, United States",69,69,https://chicagolanddancefestival.com/,"Chicago, IL",Registry Event
9235,120,Lone Star Invitational,2013,8,2013-08-01,2013-08-09,2013-08-11,wsdc_dump,scheduled,t,39,Austin,Texas,United States,"Austin, TX, United States",39,39,,"Austin, TX",
9571,157,New England Dance Festival,2013,8,2013-08-01,2013-08-09,2013-08-11,wsdc_dump,scheduled,t,70,Newton,Massachusetts,United States,"Newton (Boston), MA, United States",46,46,http://www.nedancefestival.com,"Newton (Boston), MA, United States",Registry Event
8611,51,Palm Springs Summer Dance Classic,2013,8,2013-08-01,2013-08-15,2013-08-18,wsdc_dump,scheduled,t,20,Palm Springs,California,United States,"Palm Springs, CA, United States",126,125,,"Palm Springs, CA",
9617,164,Sea Sun and Swing,2013,8,2013-08-01,2013-08-02,2013-08-04,wsdc_dump,scheduled,t,158,La Grande Motte,,France,"La Grande Motte, France",80,80,https://www.seasunswing.fr/,"La Grande Motte, France",
8644,53,Summer Hummer,2013,8,2013-08-01,2013-08-22,2013-08-25,wsdc_dump,scheduled,t,397,Woburn,Massachusetts,United States,"Woburn (Boston), MA, United States",116,116,https://summerhummerboston.com/,"Woburn (Boston), MA, United States",Registry Event
8692,59,Swing Fling,2013,8,2013-08-01,2013-08-01,2013-08-04,wsdc_dump,scheduled,t,38,Herndon,Virginia,United States,"Herndon, VA, United States",110,110,http://www.swingfling.com,"Herndon, VA, United States",Registry Event
9587,159,World Swing Masters,2013,8,2013-08-01,2013-08-16,2013-08-18,wsdc_dump,scheduled,t,207,Blackpool,,United Kingdom,"Blackpool, United Kingdom",39,39,,"Blackpool, United Kingdom",
8072,1,4TH of July Convention,2013,7,2013-07-01,2013-07-05,2013-07-07,wsdc_dump,scheduled,t,3,Phoenix,Arizona,United States,"Phoenix, AZ, United States",110,106,http://phoenix4thofjuly.com,"Phoenix, AZ",
9485,148,Dance Mardi Gras,2013,7,2013-07-01,2013-07-19,2013-07-21,wsdc_dump,scheduled,t,57,New Orleans,Louisiana,United States,"New Orleans, LA, United States",60,60,http://www.dancemardigras.com,"New Orleans, LA",
9500,149,Florida Dance Magic,2013,7,2013-07-01,2013-07-18,2013-07-21,wsdc_dump,scheduled,t,55,Fort Lauderdale,Florida,United States,"Fort Lauderdale, FL, United States",65,64,https://floridadancemagic.com/,"Fort Lauderdale, FL",Registry Event
8519,44,Portland Dance Festival,2013,7,2013-07-01,2013-07-12,2013-07-14,wsdc_dump,scheduled,t,4,Portland,Oregon,United States,"Portland, OR, United States",65,65,,"Portland, OR",
9973,209,SinCity Swing,2013,7,2013-07-01,2013-07-12,2013-07-14,wsdc_dump,scheduled,t,27,Las Vegas,Nevada,United States,"Las Vegas, NV, United States",81,80,,"Las Vegas, NV",
8551,47,SwingTime Denver,2013,7,2013-07-01,2013-07-25,2013-07-28,wsdc_dump,scheduled,t,29,Denver,Colorado,United States,"Denver, CO, United States",109,106,http://www.swingtimewcs.com/,"Denver, CO, United States",Registry Event
9472,147,Toronto Open Swing & Hustle Championships,2013,7,2013-07-01,2013-07-19,2013-07-21,wsdc_dump,scheduled,t,105,Toronto,,Canada,"Toronto, Canada",55,55,http://www.TOSHC.com,"Toronto, Canada",
9972,208,WCS@IDB,2013,7,2013-07-01,2013-07-05,2013-07-07,wsdc_dump,scheduled,t,163,Rockville,Maryland,United States,"Rockville, MD, United States",44,44,,"Rockville, MD",
9153,109,Colorado Country Classic,2013,6,2013-06-01,2013-06-28,2013-06-30,wsdc_dump,scheduled,t,29,Denver,Colorado,United States,"Denver, CO, United States",72,68,https://coloradocountryclassic.net/,"Denver, CO",
9963,207,Dance N Play,2013,6,2013-06-01,2013-06-14,2013-06-16,wsdc_dump,scheduled,t,133,Bend,Oregon,United States,"Bend, OR, United States",44,44,https://dancenplay.com/,"Bend, OR",
9952,206,Hungarian Open,2013,6,2013-06-01,2013-05-31,2013-06-02,wsdc_dump,scheduled,t,110,Budapest,,Hungary,"Budapest, Hungary",52,52,https://wcs-ho.com/,"Budapest, Hungary",Registry Event
8377,25,J&J O'Rama,2013,6,2013-06-01,2013-06-07,2013-06-09,wsdc_dump,scheduled,t,23,Anaheim,California,United States,"Anaheim, CA, United States",87,85,https://jackandjillorama.com/,"Anaheim, CA",
9081,96,Liberty Swing Dance Championships,2013,6,2013-06-01,2013-06-21,2013-06-23,wsdc_dump,scheduled,t,41,New Brunswick,New Jersey,United States,"New Brunswick, NJ, United States",131,129,http://www.libertyswing.com/,"New Brunswick, NJ",Registry Event
8917,76,Michigan Dance Classic,2013,6,2013-06-01,2013-05-30,2013-06-02,wsdc_dump,scheduled,t,51,Detroit,Michigan,United States,"Detroit, MI, United States",111,110,http://michiganclassicswing.com/,"Detroit, MI",Registry Event
9838,188,NSW West Coast Swing Dance Championships,2013,6,2013-06-01,2013-06-07,2013-06-09,wsdc_dump,scheduled,t,117,Sydney,,Australia,"Sydney, Australia",40,40,,"Sydney, Australia",
9193,117,Orange Blossom Dance Festival,2013,6,2013-06-01,2013-06-06,2013-06-08,wsdc_dump,scheduled,t,82,Orlando,Florida,United States,"Orlando, FL, United States",57,55,http://www.orangeblossomdance.net/,"Orlando, FL",Registry Event
9127,105,Canadian Swing Championships,2013,5,2013-05-01,2013-05-17,2013-05-20,wsdc_dump,scheduled,t,86,Montreal,,Canada,"Montreal, Canada",24,24,http://www.canadianswingchampionships.com,"Montreal, Canada",
9612,163,DFW Pro Am Jam,2013,5,2013-05-01,2013-05-24,2013-05-26,wsdc_dump,scheduled,t,21,Dallas,Texas,United States,"Dallas, TX, United States",65,65,,"Dallas, TX",
9708,175,French Open West Coast Swing,2013,5,2013-05-01,2013-05-17,2013-05-20,wsdc_dump,scheduled,t,109,Paris,,France,"Paris, France",101,101,http://www.fowcs.com/,"Paris, France",Registry Event
8319,20,FreZno Dance Classic,2013,5,2013-05-01,2013-05-24,2013-05-26,wsdc_dump,scheduled,t,5,Fresno,California,United States,"Fresno, CA, United States",99,98,,"Fresno, CA",
9941,205,SOswing,2013,5,2013-05-01,2013-05-17,2013-05-19,wsdc_dump,scheduled,t,88,Ashland,Oregon,United States,"Ashland, OR, United States",74,71,http://wwww.soswingdance.com/,"Ashland, OR",Registry Event
9939,204,Spring Swing,2013,5,2013-05-01,2013-05-03,2013-05-05,wsdc_dump,scheduled,t,199,Stockholm,,Sweden,"Stockholm, Sweden",39,39,,"Stockholm, Sweden",
9805,185,Sweetheart Swing Classic,2013,5,2013-05-01,2013-05-09,2013-05-12,wsdc_dump,scheduled,t,53,Tampa,Florida,United States,"Tampa, FL, United States",53,50,,"Tampa, FL",
9597,162,Swingapalooza,2013,5,2013-05-01,2013-05-03,2013-05-05,wsdc_dump,scheduled,t,40,Baton Rouge,Louisiana,United States,"Baton Rouge, LA, United States",44,44,http://www.swingapaloozaevent.com/,"Baton Rouge, LA",Registry Event
8720,61,SwingDiego,2013,5,2013-05-01,2013-05-09,2013-05-12,wsdc_dump,scheduled,t,10,San Diego,California,United States,"San Diego, CA, United States",112,112,,"San Diego, CA",
9449,144,Swingin' Into Spring,2013,5,2013-05-01,2013-05-02,2013-05-05,wsdc_dump,scheduled,t,131,Hartford,Connecticut,United States,"Hartford, CT, United States",78,78,http://www.sis.djkenm.com/,"Hartford, CT",Registry Event
9694,174,Swingsation,2013,5,2013-05-01,2013-05-17,2013-05-19,wsdc_dump,scheduled,t,169,Gold Coast,,Australia,"Gold Coast, Australia",65,65,https://rawconnection.com.au/swingsation/,"Gold Coast, Australia",Registry Event
9253,121,The Texas Classic,2013,5,2013-05-01,2013-05-16,2013-05-19,wsdc_dump,scheduled,t,39,Austin,Texas,United States,"Austin, TX, United States",33,33,http://Www.thetexasclassic.com,"Austin, TX",
8346,22,USA Grand Nationals,2013,5,2013-05-01,2013-05-24,2013-05-26,wsdc_dump,scheduled,t,25,Atlanta,Georgia,United States,"Atlanta, GA, United States",67,67,http://www.usagrandnationals.com/,"Atlanta, GA, United States",Registry Event
10046,218,Asia West Coast Swing Open,2013,4,2013-04-01,2013-04-25,2013-04-28,wsdc_dump,scheduled,t,159,Singapore,,Singapore,"Singapore, Singapore",40,40,https://asiawcsopen.com/,"Singapore, Singapore",Registry Event
9912,200,Austin Swing Dance Championships,2013,4,2013-04-01,2013-04-19,2013-04-21,wsdc_dump,scheduled,t,39,Austin,Texas,United States,"Austin, TX, United States",78,74,https://austinswingdance.com/,"Austin, TX",Registry Event
9825,187,City of Angels WCS,2013,4,2013-04-01,2013-04-05,2013-04-07,wsdc_dump,scheduled,t,54,Burbank,California,United States,"Burbank, CA, United States",106,104,https://cityofangelswcs.com/,"Burbank, CA",Registry Event
9927,203,Detonation Dance,2013,4,2013-04-01,2013-04-26,2013-04-28,wsdc_dump,scheduled,t,166,Manchester,,United Kingdom,"Manchester, United Kingdom",50,50,https://www.detonationdance.com/,"Manchester, United Kingdom",Registry Event
9689,172,International Hustle & Salsa Congress,2013,4,2013-04-01,2013-04-11,2013-04-14,wsdc_dump,scheduled,t,82,Orlando,Florida,United States,"Orlando, FL, United States",43,38,,"Orlando, FL",
9923,201,MidAtlantic Dance Classic,2013,4,2013-04-01,2013-04-04,2013-04-06,wsdc_dump,scheduled,t,38,Herndon,Virginia,United States,"Herndon, VA, United States",35,35,,"Herndon, VA",
9911,199,San Francisco Dance Sensation,2013,4,2013-04-01,2013-04-11,2013-04-14,wsdc_dump,scheduled,t,135,Oakland,California,United States,"Oakland, CA, United States",88,88,,"Oakland, CA",
9347,134,Swing Dance America,2013,4,2013-04-01,2013-04-25,2013-04-28,wsdc_dump,scheduled,t,89,Lake Geneva,Illinois,United States,"Lake Geneva, IL, United States",101,99,,"Lake Geneva, IL",
9539,154,UK WCS Championships,2013,4,2013-04-01,2013-04-05,2013-04-08,wsdc_dump,scheduled,t,107,London,,United Kingdom,"London, United Kingdom",70,70,http://www.ukwcschamps.com/,"London, United Kingdom",Registry Event
9898,197,5280 Westival,2013,3,2013-03-01,2013-03-14,2013-03-17,wsdc_dump,scheduled,t,29,Denver,Colorado,United States,"Denver, CO, United States",89,87,http://www.5280westival.com/,"Denver, CO",Registry Event
8154,9,Boston Tea Party,2013,3,2013-03-01,2013-03-21,2013-03-25,wsdc_dump,scheduled,t,8,Boston,Massachusetts,United States,"Boston, MA, United States",97,97,http://teapartyswings.com/,"Boston, MA",Registry Event
8278,18,Easter Swing,2013,3,2013-03-01,2013-03-28,2013-03-31,wsdc_dump,scheduled,t,30,Seattle,Washington,United States,"Seattle, WA, United States",103,102,https://easterswing.org/,"Seattle, WA, United States",Registry Event
9434,143,High Desert Dance Classic,2013,3,2013-03-01,2013-03-08,2013-03-10,wsdc_dump,scheduled,t,18,Lancaster,California,United States,"Lancaster, CA, United States",63,61,http://www.highdesertdanceclassic.com/,"Lancaster, CA",Registry Event
9046,92,MADjam,2013,3,2013-03-01,2013-02-28,2013-03-03,wsdc_dump,scheduled,t,13,Washington,District of Columbia,United States,"Washington, DC, United States",145,137,http://www.atlanticdancejam.com,"Washington, DC, United States",Registry Event
9523,153,Novice Invitational,2013,3,2013-03-01,2013-03-15,2013-03-17,wsdc_dump,scheduled,t,44,Houston,Texas,United States,"Houston, TX, United States",45,45,http://www.htownthrowdownwcs.com/,"Houston, TX",Registry Event
9678,170,Russian Open WCS Championships,2013,3,2013-03-01,2013-03-28,2013-03-31,wsdc_dump,scheduled,t,113,Moscow,,Russia,"Moscow, Russia",59,59,,"Moscow, Russia",
9418,142,The Chicago Classic,2013,3,2013-03-01,2013-03-07,2013-03-10,wsdc_dump,scheduled,t,34,Chicago,Illinois,United States,"Chicago, IL, United States",140,139,https://thechicagoclassic.com/,"Chicago, IL",Registry Event
9332,132,Tulsa Spring Swing,2013,3,2013-03-01,2013-03-28,2013-03-31,wsdc_dump,scheduled,t,58,Tulsa,Oklahoma,United States,"Tulsa, OK, United States",78,77,http://www.tulsaspringswing.com/,"Tulsa, OK",Registry Event
9812,186,West in Lyon,2013,3,2013-03-01,2013-03-15,2013-03-17,wsdc_dump,scheduled,t,156,Lyon,,France,"Lyon, France",81,81,http://www.west-in-lyon.fr/,"Lyon, France",Registry Event
8208,12,Capital Swing Dance Convention,2013,2,2013-02-01,2013-02-15,2013-02-17,wsdc_dump,scheduled,t,6,Sacramento,California,United States,"Sacramento, CA, United States",164,154,http://www.capitalswingconvention.com/,"Sacramento, CA",Registry Event
9669,169,Dance Camp Chicago,2013,2,2013-02-01,2013-02-22,2013-02-24,wsdc_dump,scheduled,t,114,Elmhurst,Illinois,United States,"Elmhurst, IL, United States",54,54,,"Elmhurst, IL",
9665,168,Scottish WCS Dance Championships,2013,2,2013-02-01,2013-02-08,2013-02-10,wsdc_dump,scheduled,t,206,Bathgate,,United Kingdom,"Bathgate, United Kingdom",30,30,,"Bathgate, United Kingdom",
8829,67,Americas Classic,2013,1,2013-01-01,2013-01-18,2013-01-20,wsdc_dump,scheduled,t,44,Houston,Texas,United States,"Houston, TX, United States",102,97,,"Houston, TX",
9651,167,Best of the Best WCS,2013,1,2013-01-01,2013-01-25,2013-01-28,wsdc_dump,scheduled,t,117,Sydney,,Australia,"Sydney, Australia",47,47,https://www.bestofthebestwcs.com/,"Sydney, Australia",Registry Event
9791,184,BudaFest Open WCS Championships,2013,1,2013-01-01,2013-01-11,2013-01-13,wsdc_dump,scheduled,t,110,Budapest,,Hungary,"Budapest, Hungary",89,89,http://wcs-budafest.com/,"Budapest, Hungary",Registry Event
10622,334,Countdown Swing Boston,2013,1,2013-01-01,2012-12-29,2013-01-01,wsdc_dump,scheduled,t,8,Boston,Massachusetts,United States,"Boston, MA, United States",69,69,http://countdownswingboston.com/,"Boston, MA",Registry Event
8474,42,Floorplay Swing Vacation,2013,1,2013-01-01,2012-12-28,2013-01-01,wsdc_dump,scheduled,t,82,Orlando,Florida,United States,"Orlando, FL, United States",60,56,http://www.floorplayswingvacation.com/,"Orlando, FL",Registry Event
9777,183,Freedom Swing Dance Challenge,2013,1,2013-01-01,2013-01-25,2013-01-27,wsdc_dump,scheduled,t,66,Wilmington,Delaware,United States,"Wilmington, DE, United States",82,82,https://freedomswingdance.com/,"Wilmington, DE, United States",Registry Event
8746,62,Monterey SwingFest,2013,1,2013-01-01,2013-01-18,2013-01-20,wsdc_dump,scheduled,t,1,Monterey,California,United States,"Monterey, CA, United States",100,99,http://www.montereyswing.com/,"Monterey, CA",Registry Event
9878,195,Palm Springs New Years Swing Dance Classic,2013,1,2013-01-01,2012-12-28,2013-01-01,wsdc_dump,scheduled,t,20,Palm Springs,California,United States,"Palm Springs, CA, United States",114,112,,"Palm Springs, CA",
9404,141,Spotlight New Year's Celebration,2013,1,2013-01-01,2012-12-28,2013-01-01,wsdc_dump,scheduled,t,43,Nashville,Tennessee,United States,"Nashville, TN, United States",95,92,http://www.spotlightnewyears.com/,"Nashville, TN",Registry Event
9886,196,SwingCouver,2013,1,2013-01-01,2013-01-25,2013-01-27,wsdc_dump,scheduled,t,4,Portland,Oregon,United States,"Portland, OR, United States",59,59,https://swingco.dance/,"Portland, OR",Registry Event
8897,75,UCWDC Country Dance World Championship,2013,1,2013-01-01,2012-12-31,2013-01-06,wsdc_dump,scheduled,t,21,Dallas,Texas,United States,"Dallas, TX, United States",45,45,http://www.ucwdcworlds.com/,"Dallas, TX",Registry Event
9295,126,Chico Dance Sensation,2012,12,2012-12-01,2012-11-29,2012-12-02,wsdc_dump,scheduled,t,101,Chico,California,United States,"Chico, CA, United States",97,97,,"Chico, CA",
9012,87,CASH Bash,2012,11,2012-11-01,2012-11-23,2012-11-25,wsdc_dump,scheduled,t,96,Cleveland,Ohio,United States,"Cleveland, OH, United States",69,67,https://cashdanceclub.org/cash-bash/,"Cleveland, OH",Registry Event
9764,181,DC Swing eXperience (DCSX),2012,11,2012-11-01,2012-11-09,2012-11-12,wsdc_dump,scheduled,t,38,Herndon,Virginia,United States,"Herndon, VA, United States",100,100,http://www.dcswingexperience.com,"Herndon, VA, United States",Registry Event
9643,166,London SwingVitational,2012,11,2012-11-01,2012-11-16,2012-11-19,wsdc_dump,scheduled,t,212,Windsor,,United Kingdom,"Windsor, United Kingdom",52,52,,"Windsor, United Kingdom",
9854,194,Moscow Westie Fest,2012,11,2012-11-01,2012-11-02,2012-11-04,wsdc_dump,scheduled,t,113,Moscow,,Russia,"Moscow, Russia",66,66,http://westiefest.org/,"Moscow, Russia",Registry Event
8429,31,Mountain Magic,2012,11,2012-11-01,2012-11-02,2012-11-04,wsdc_dump,scheduled,t,28,South Lake Tahoe (near Reno),Nevada,United States,"South Lake Tahoe (near Reno), NV, United States",75,70,http://mountainmagic.dance,"South Lake Tahoe (near Reno), NV",
8957,79,Sea to Sky,2012,11,2012-11-01,2012-11-08,2012-11-11,wsdc_dump,scheduled,t,30,Seattle,Washington,United States,"Seattle, WA, United States",85,85,http://Seatoskywcs.com,"Seattle, WA",
8772,63,Swingin' New England Dance Festival,2012,11,2012-11-01,2012-11-16,2012-11-18,wsdc_dump,scheduled,t,70,Newton,Massachusetts,United States,"Newton (Boston), MA, United States",89,89,,"Newton (Boston), MA, United States",
9383,137,Tampa Bay Classic,2012,11,2012-11-01,2012-11-01,2012-11-04,wsdc_dump,scheduled,t,53,Tampa,Florida,United States,"Tampa, FL, United States",90,87,http://www.tbcwcs.com/,"Tampa, FL",Registry Event
8845,68,US Open Swing Dance Championships,2012,11,2012-11-01,2012-11-22,2012-11-25,wsdc_dump,scheduled,t,22,Los Angeles,California,United States,"Los Angeles, CA, United States",78,78,http://www.theopenswing.com/,"Los Angeles, CA",Registry Event
9759,180,Australian Open Swing Dance Championships,2012,10,2012-10-01,2012-10-19,2012-10-21,wsdc_dump,scheduled,t,174,Melbourne,,Australia,"Melbourne, Australia",42,42,,"Melbourne, Australia",
8126,8,Boogie By The Bay,2012,10,2012-10-01,2012-10-05,2012-10-07,wsdc_dump,scheduled,t,2,San Francisco,California,United States,"San Francisco, CA, United States",139,139,https://boogiebythebay.com/,"San Francisco, CA",Registry Event
8800,65,Halloween SwingThing,2012,10,2012-10-01,2012-10-26,2012-10-28,wsdc_dump,scheduled,t,24,Costa Mesa,California,United States,"Costa Mesa, CA, United States",92,92,http://hstswing.com/,"Costa Mesa, CA",Registry Event
9734,178,Montreal Westie Fest,2012,10,2012-10-01,2012-10-04,2012-10-08,wsdc_dump,scheduled,t,86,Montreal,,Canada,"Montreal, Canada",60,60,http://www.montrealwestiefest.com,"Montreal, Canada",Registry Event
9745,179,New Zealand Open Swing Dance Championships,2012,10,2012-10-01,2012-10-11,2012-10-14,wsdc_dump,scheduled,t,168,Auckland,,New Zealand,"Auckland, New Zealand",30,30,https://www.streetswing.co.nz/the-new-zealand-open,"Auckland, New Zealand",Registry Event
8498,43,Paradise Dance Festival,2012,10,2012-10-01,2012-10-12,2012-10-14,wsdc_dump,scheduled,t,19,Irvine,California,United States,"Irvine, CA, United States",55,50,https://paradisecountrydancefestival.com/,"Irvine, CA",Registry Event
9277,125,Swing City Chicago,2012,10,2012-10-01,2012-10-26,2012-10-28,wsdc_dump,scheduled,t,34,Chicago,Illinois,United States,"Chicago, IL, United States",102,101,https://swingcitychicago.com/,"Chicago, IL",Registry Event
9852,192,Swing Generation,2012,10,2012-10-01,2012-10-26,2012-10-28,wsdc_dump,scheduled,t,156,Lyon,,France,"Lyon, France",68,68,,"Lyon, France",
10186,236,Warsaw Halloween Swing,2012,10,2012-10-01,2012-10-18,2012-10-21,wsdc_dump,scheduled,t,155,Warsaw,,Poland,"Warsaw, Poland",44,44,http://www.warsawhalloweenswing.com/,"Warsaw, Poland",Registry Event
8175,10,Bridgetown Swing Boogie,2012,9,2012-09-01,2012-09-13,2012-09-16,wsdc_dump,scheduled,t,74,Vancouver,Washington,United States,"Vancouver, WA, United States",68,68,,"Vancouver, WA",
8250,15,Dallas D.A.N.C.E.,2012,9,2012-09-01,2012-08-30,2012-09-02,wsdc_dump,scheduled,t,21,Dallas,Texas,United States,"Dallas, TX, United States",87,86,,"Dallas, TX",
9362,135,Desert City Swing,2012,9,2012-09-01,2012-09-05,2012-09-09,wsdc_dump,scheduled,t,3,Phoenix,Arizona,United States,"Phoenix, AZ, United States",125,124,https://www.desertcityswing.com/,"Phoenix, AZ",Registry Event
9313,131,Meet Me In St Louis,2012,9,2012-09-01,2012-09-27,2012-09-30,wsdc_dump,scheduled,t,49,St. Louis,Missouri,United States,"St. Louis, MO, United States",84,84,http://Www.mmisl.com,"St. Louis, MO",
9627,165,Midland Swing Open,2012,9,2012-09-01,2012-09-28,2012-09-30,wsdc_dump,scheduled,t,107,London,,United Kingdom,"London, United Kingdom",60,60,https://www.midlandswingopen.com/,"London, United Kingdom",Registry Event
9721,177,River City Swing,2012,9,2012-09-01,2012-09-06,2012-09-09,wsdc_dump,scheduled,t,98,Jacksonville,Florida,United States,"Jacksonville, FL, United States",75,73,http://www.floridadanceevents.com,"Jacksonville, FL",
8576,48,South Bay Dance Fling,2012,9,2012-09-01,2012-08-31,2012-09-02,wsdc_dump,scheduled,t,16,San Jose,California,United States,"San Jose, CA, United States",84,82,http://www.SBDF.dance,"San Jose, CA",
9850,191,Sunny Side Dance Camp,2012,9,2012-09-01,2012-09-01,2012-09-08,wsdc_dump,scheduled,t,249,Crimea,,Ukraine,"Crimea, Ukraine",34,34,,"Crimea, Ukraine",
9071,95,Swing Niagara Dance Championships,2012,9,2012-09-01,2012-09-21,2012-09-23,wsdc_dump,scheduled,t,80,Buffalo,New York,United States,"Buffalo, NY, United States",83,82,,"Buffalo, NY",
9846,190,Vermont Swing Dance Championships,2012,9,2012-09-01,2012-09-14,2012-09-16,wsdc_dump,scheduled,t,144,Burlington,Vermont,United States,"Burlington, VT, United States",55,52,http://www.vermontwestcoastswing.net,"Burlington, VT",
8933,77,Arizona Dance Classic,2012,8,2012-08-01,2012-08-03,2012-08-05,wsdc_dump,scheduled,t,3,Phoenix,Arizona,United States,"Phoenix, AZ, United States",34,34,https://arizonadanceclassic.com/,"Phoenix, AZ",Registry Event
9214,119,Chicagoland Country and Swing Dance Festival,2012,8,2012-08-01,2012-08-17,2012-08-19,wsdc_dump,scheduled,t,34,Chicago,Illinois,United States,"Chicago, IL, United States",47,47,https://chicagolanddancefestival.com/,"Chicago, IL",Registry Event
9234,120,Lone Star Invitational,2012,8,2012-08-01,2012-08-10,2012-08-12,wsdc_dump,scheduled,t,39,Austin,Texas,United States,"Austin, TX, United States",42,42,,"Austin, TX",
9570,157,New England Dance Festival,2012,8,2012-08-01,2012-08-10,2012-08-12,wsdc_dump,scheduled,t,70,Newton,Massachusetts,United States,"Newton (Boston), MA, United States",43,43,http://www.nedancefestival.com,"Newton (Boston), MA, United States",Registry Event
8610,51,Palm Springs Summer Dance Classic,2012,8,2012-08-01,2012-08-09,2012-08-12,wsdc_dump,scheduled,t,20,Palm Springs,California,United States,"Palm Springs, CA, United States",115,113,,"Palm Springs, CA",
9616,164,Sea Sun and Swing,2012,8,2012-08-01,2012-08-03,2012-08-05,wsdc_dump,scheduled,t,158,La Grande Motte,,France,"La Grande Motte, France",71,71,https://www.seasunswing.fr/,"La Grande Motte, France",
8643,53,Summer Hummer,2012,8,2012-08-01,2012-08-24,2012-08-26,wsdc_dump,scheduled,t,397,Woburn,Massachusetts,United States,"Woburn (Boston), MA, United States",107,107,https://summerhummerboston.com/,"Woburn (Boston), MA, United States",Registry Event
8691,59,Swing Fling,2012,8,2012-08-01,2012-08-05,2012-08-07,wsdc_dump,scheduled,t,38,Herndon,Virginia,United States,"Herndon, VA, United States",110,110,http://www.swingfling.com,"Herndon, VA, United States",Registry Event
9586,159,World Swing Masters,2012,8,2012-08-01,2012-08-17,2012-08-19,wsdc_dump,scheduled,t,207,Blackpool,,United Kingdom,"Blackpool, United Kingdom",40,40,,"Blackpool, United Kingdom",
8071,1,4TH of July Convention,2012,7,2012-07-01,2012-07-06,2012-07-08,wsdc_dump,scheduled,t,3,Phoenix,Arizona,United States,"Phoenix, AZ, United States",107,100,http://phoenix4thofjuly.com,"Phoenix, AZ",
9554,156,Big Apple Dance Festival,2012,7,2012-07-01,2012-07-19,2012-07-22,wsdc_dump,scheduled,t,140,Morristown,New Jersey,United States,"Morristown, NJ, United States",27,27,http://bigapplecountrydance.com/,"Morristown, NJ",
9466,146,Boston Dance Challenge,2012,7,2012-07-01,2012-07-05,2012-07-08,wsdc_dump,scheduled,t,8,Boston,Massachusetts,United States,"Boston, MA, United States",60,60,,"Boston, MA",
9484,148,Dance Mardi Gras,2012,7,2012-07-01,2012-07-27,2012-07-29,wsdc_dump,scheduled,t,57,New Orleans,Louisiana,United States,"New Orleans, LA, United States",70,70,http://www.dancemardigras.com,"New Orleans, LA",
9499,149,Florida Dance Magic,2012,7,2012-07-01,2012-07-19,2012-07-22,wsdc_dump,scheduled,t,55,Fort Lauderdale,Florida,United States,"Fort Lauderdale, FL, United States",73,67,https://floridadancemagic.com/,"Fort Lauderdale, FL",Registry Event
8518,44,Portland Dance Festival,2012,7,2012-07-01,2012-07-13,2012-07-15,wsdc_dump,scheduled,t,4,Portland,Oregon,United States,"Portland, OR, United States",54,54,,"Portland, OR",
9845,189,Swingin in the Valley,2012,7,2012-07-01,2012-07-06,2012-07-08,wsdc_dump,scheduled,t,117,Sydney,,Australia,"Sydney, Australia",20,20,,"Sydney, Australia",
8550,47,SwingTime Denver,2012,7,2012-07-01,2012-07-20,2012-07-22,wsdc_dump,scheduled,t,29,Denver,Colorado,United States,"Denver, CO, United States",93,93,http://www.swingtimewcs.com/,"Denver, CO, United States",Registry Event
9471,147,Toronto Open Swing & Hustle Championships,2012,7,2012-07-01,2012-07-19,2012-07-22,wsdc_dump,scheduled,t,105,Toronto,,Canada,"Toronto, Canada",52,49,http://www.TOSHC.com,"Toronto, Canada",
8992,84,Wisconsin Dance Challenge/Midwest Area Swing Dance Challenge,2012,7,2012-07-01,2012-07-13,2012-07-16,wsdc_dump,scheduled,t,61,Green Bay,Wisconsin,United States,"Green Bay, WI, United States",64,60,,"Green Bay, WI",
9152,109,Colorado Country Classic,2012,6,2012-06-01,2012-06-22,2012-06-24,wsdc_dump,scheduled,t,29,Denver,Colorado,United States,"Denver, CO, United States",61,59,https://coloradocountryclassic.net/,"Denver, CO",
8376,25,J&J O'Rama,2012,6,2012-06-01,2012-06-15,2012-06-17,wsdc_dump,scheduled,t,23,Anaheim,California,United States,"Anaheim, CA, United States",110,99,https://jackandjillorama.com/,"Anaheim, CA",
9080,96,Liberty Swing Dance Championships,2012,6,2012-06-01,2012-06-21,2012-06-24,wsdc_dump,scheduled,t,41,New Brunswick,New Jersey,United States,"New Brunswick, NJ, United States",110,110,http://www.libertyswing.com/,"New Brunswick, NJ",Registry Event
8916,76,Michigan Dance Classic,2012,6,2012-06-01,2012-05-31,2012-06-03,wsdc_dump,scheduled,t,51,Detroit,Michigan,United States,"Detroit, MI, United States",91,90,http://michiganclassicswing.com/,"Detroit, MI",Registry Event
9837,188,NSW West Coast Swing Dance Championships,2012,6,2012-06-01,2012-06-08,2012-06-10,wsdc_dump,scheduled,t,117,Sydney,,Australia,"Sydney, Australia",36,36,,"Sydney, Australia",
9192,117,Orange Blossom Dance Festival,2012,6,2012-06-01,2012-06-08,2012-06-10,wsdc_dump,scheduled,t,82,Orlando,Florida,United States,"Orlando, FL, United States",47,42,http://www.orangeblossomdance.net/,"Orlando, FL",Registry Event
9126,105,Canadian Swing Championships,2012,5,2012-05-01,2012-05-18,2012-05-21,wsdc_dump,scheduled,t,86,Montreal,,Canada,"Montreal, Canada",33,33,http://www.canadianswingchampionships.com,"Montreal, Canada",
9611,163,DFW Pro Am Jam,2012,5,2012-05-01,2012-05-24,2012-05-27,wsdc_dump,scheduled,t,21,Dallas,Texas,United States,"Dallas, TX, United States",59,59,,"Dallas, TX",
9707,175,French Open West Coast Swing,2012,5,2012-05-01,2012-05-17,2012-05-20,wsdc_dump,scheduled,t,109,Paris,,France,"Paris, France",74,74,http://www.fowcs.com/,"Paris, France",Registry Event
8318,20,FreZno Dance Classic,2012,5,2012-05-01,2012-05-24,2012-05-27,wsdc_dump,scheduled,t,5,Fresno,California,United States,"Fresno, CA, United States",95,93,,"Fresno, CA",
9596,162,Swingapalooza,2012,5,2012-05-01,2012-05-04,2012-05-06,wsdc_dump,scheduled,t,40,Baton Rouge,Louisiana,United States,"Baton Rouge, LA, United States",50,50,http://www.swingapaloozaevent.com/,"Baton Rouge, LA",Registry Event
8719,61,SwingDiego,2012,5,2012-05-01,2012-05-11,2012-05-13,wsdc_dump,scheduled,t,10,San Diego,California,United States,"San Diego, CA, United States",106,106,,"San Diego, CA",
9448,144,Swingin' Into Spring,2012,5,2012-05-01,2012-05-03,2012-05-06,wsdc_dump,scheduled,t,131,Hartford,Connecticut,United States,"Hartford, CT, United States",70,70,http://www.sis.djkenm.com/,"Hartford, CT",Registry Event
9693,174,Swingsation,2012,5,2012-05-01,2012-05-18,2012-05-20,wsdc_dump,scheduled,t,169,Gold Coast,,Australia,"Gold Coast, Australia",40,40,https://rawconnection.com.au/swingsation/,"Gold Coast, Australia",Registry Event
9252,121,The Texas Classic,2012,5,2012-05-01,2012-05-17,2012-05-20,wsdc_dump,scheduled,t,39,Austin,Texas,United States,"Austin, TX, United States",29,29,http://Www.thetexasclassic.com,"Austin, TX",
8345,22,USA Grand Nationals,2012,5,2012-05-01,2012-05-25,2012-05-27,wsdc_dump,scheduled,t,25,Atlanta,Georgia,United States,"Atlanta, GA, United States",76,76,http://www.usagrandnationals.com/,"Atlanta, GA, United States",Registry Event
9824,187,City of Angels WCS,2012,4,2012-04-01,2012-03-30,2012-04-01,wsdc_dump,scheduled,t,54,Burbank,California,United States,"Burbank, CA, United States",121,101,https://cityofangelswcs.com/,"Burbank, CA",Registry Event
8277,18,Easter Swing,2012,4,2012-04-01,2012-04-21,2012-04-24,wsdc_dump,scheduled,t,30,Seattle,Washington,United States,"Seattle, WA, United States",115,115,https://easterswing.org/,"Seattle, WA, United States",Registry Event
9688,172,International Hustle & Salsa Congress,2012,4,2012-04-01,2012-04-06,2012-04-08,wsdc_dump,scheduled,t,82,Orlando,Florida,United States,"Orlando, FL, United States",39,35,,"Orlando, FL",
9346,134,Swing Dance America,2012,4,2012-04-01,2012-04-26,2012-04-29,wsdc_dump,scheduled,t,89,Lake Geneva,Illinois,United States,"Lake Geneva, IL, United States",79,78,,"Lake Geneva, IL",
9331,132,Tulsa Spring Swing,2012,4,2012-04-01,2012-04-05,2012-04-08,wsdc_dump,scheduled,t,58,Tulsa,Oklahoma,United States,"Tulsa, OK, United States",81,76,http://www.tulsaspringswing.com/,"Tulsa, OK",Registry Event
9538,154,UK WCS Championships,2012,4,2012-04-01,2012-03-30,2012-04-02,wsdc_dump,scheduled,t,107,London,,United Kingdom,"London, United Kingdom",56,56,http://www.ukwcschamps.com/,"London, United Kingdom",Registry Event
8153,9,Boston Tea Party,2012,3,2012-03-01,2012-03-22,2012-03-25,wsdc_dump,scheduled,t,8,Boston,Massachusetts,United States,"Boston, MA, United States",90,90,http://teapartyswings.com/,"Boston, MA",Registry Event
8223,13,Chicago Classic,2012,3,2012-03-01,2012-03-08,2012-03-11,wsdc_dump,scheduled,t,34,Chicago,Illinois,United States,"Chicago, IL, United States",137,134,,"Chicago, IL",
9433,143,High Desert Dance Classic,2012,3,2012-03-01,2012-03-09,2012-03-11,wsdc_dump,scheduled,t,18,Lancaster,California,United States,"Lancaster, CA, United States",60,55,http://www.highdesertdanceclassic.com/,"Lancaster, CA",Registry Event
9045,92,MADjam,2012,3,2012-03-01,2012-03-01,2012-03-05,wsdc_dump,scheduled,t,13,Washington,District of Columbia,United States,"Washington, DC, United States",128,122,http://www.atlanticdancejam.com,"Washington, DC, United States",Registry Event
9522,153,Novice Invitational,2012,3,2012-03-01,2012-03-16,2012-03-18,wsdc_dump,scheduled,t,44,Houston,Texas,United States,"Houston, TX, United States",52,52,http://www.htownthrowdownwcs.com/,"Houston, TX",Registry Event
9677,170,Russian Open WCS Championships,2012,3,2012-03-01,2012-03-22,2012-03-25,wsdc_dump,scheduled,t,113,Moscow,,Russia,"Moscow, Russia",38,38,,"Moscow, Russia",
9811,186,West in Lyon,2012,3,2012-03-01,2012-03-16,2012-03-18,wsdc_dump,scheduled,t,156,Lyon,,France,"Lyon, France",50,50,http://www.west-in-lyon.fr/,"Lyon, France",Registry Event
8207,12,Capital Swing Dance Convention,2012,2,2012-02-01,2012-02-17,2012-02-19,wsdc_dump,scheduled,t,6,Sacramento,California,United States,"Sacramento, CA, United States",143,137,http://www.capitalswingconvention.com/,"Sacramento, CA",Registry Event
9668,169,Dance Camp Chicago,2012,2,2012-02-01,2012-02-24,2012-02-26,wsdc_dump,scheduled,t,114,Elmhurst,Illinois,United States,"Elmhurst, IL, United States",39,39,,"Elmhurst, IL",
9664,168,Scottish WCS Dance Championships,2012,2,2012-02-01,2012-02-10,2012-02-13,wsdc_dump,scheduled,t,206,Bathgate,,United Kingdom,"Bathgate, United Kingdom",29,29,,"Bathgate, United Kingdom",
9804,185,Sweetheart Swing Classic,2012,2,2012-02-01,2012-02-02,2012-02-04,wsdc_dump,scheduled,t,53,Tampa,Florida,United States,"Tampa, FL, United States",39,36,,"Tampa, FL",
8828,67,Americas Classic,2012,1,2012-01-01,2012-01-13,2012-01-15,wsdc_dump,scheduled,t,44,Houston,Texas,United States,"Houston, TX, United States",115,113,,"Houston, TX",
9650,167,Best of the Best WCS,2012,1,2012-01-01,2012-01-26,2012-01-29,wsdc_dump,scheduled,t,117,Sydney,,Australia,"Sydney, Australia",40,40,https://www.bestofthebestwcs.com/,"Sydney, Australia",Registry Event
9790,184,BudaFest Open WCS Championships,2012,1,2012-01-01,2012-01-06,2012-01-08,wsdc_dump,scheduled,t,110,Budapest,,Hungary,"Budapest, Hungary",50,50,http://wcs-budafest.com/,"Budapest, Hungary",Registry Event
10621,334,Countdown Swing Boston,2012,1,2012-01-01,2011-12-30,2012-01-01,wsdc_dump,scheduled,t,8,Boston,Massachusetts,United States,"Boston, MA, United States",69,69,http://countdownswingboston.com/,"Boston, MA",Registry Event
8473,42,Floorplay Swing Vacation,2012,1,2012-01-01,2011-12-30,2012-01-02,wsdc_dump,scheduled,t,82,Orlando,Florida,United States,"Orlando, FL, United States",58,57,http://www.floorplayswingvacation.com/,"Orlando, FL",Registry Event
9776,183,Freedom Swing Dance Challenge,2012,1,2012-01-01,2012-01-27,2012-01-29,wsdc_dump,scheduled,t,66,Wilmington,Delaware,United States,"Wilmington, DE, United States",70,70,https://freedomswingdance.com/,"Wilmington, DE, United States",Registry Event
8745,62,Monterey SwingFest,2012,1,2012-01-01,2012-01-13,2012-01-15,wsdc_dump,scheduled,t,1,Monterey,California,United States,"Monterey, CA, United States",107,94,http://www.montereyswing.com/,"Monterey, CA",Registry Event
9877,195,Palm Springs New Years Swing Dance Classic,2012,1,2012-01-01,2011-12-29,2012-01-01,wsdc_dump,scheduled,t,20,Palm Springs,California,United States,"Palm Springs, CA, United States",96,93,,"Palm Springs, CA",
9403,141,Spotlight New Year's Celebration,2012,1,2012-01-01,2011-12-28,2012-01-01,wsdc_dump,scheduled,t,43,Nashville,Tennessee,United States,"Nashville, TN, United States",81,78,http://www.spotlightnewyears.com/,"Nashville, TN",Registry Event
9517,152,Worlds UCWDC,2012,1,2012-01-01,2012-01-06,2012-01-09,wsdc_dump,scheduled,t,82,Orlando,Florida,United States,"Orlando, FL, United States",43,39,,"Orlando, FL",
9294,126,Chico Dance Sensation,2011,12,2011-12-01,2011-12-01,2011-12-04,wsdc_dump,scheduled,t,101,Chico,California,United States,"Chico, CA, United States",88,88,,"Chico, CA",
9011,87,CASH Bash,2011,11,2011-11-01,2011-11-25,2011-11-27,wsdc_dump,scheduled,t,96,Cleveland,Ohio,United States,"Cleveland, OH, United States",51,51,https://cashdanceclub.org/cash-bash/,"Cleveland, OH",Registry Event
9763,181,DC Swing eXperience (DCSX),2011,11,2011-11-01,2011-11-17,2011-11-20,wsdc_dump,scheduled,t,38,Herndon,Virginia,United States,"Herndon, VA, United States",70,70,http://www.dcswingexperience.com,"Herndon, VA, United States",Registry Event
9642,166,London SwingVitational,2011,11,2011-11-01,2011-11-18,2011-11-21,wsdc_dump,scheduled,t,212,Windsor,,United Kingdom,"Windsor, United Kingdom",41,41,,"Windsor, United Kingdom",
8428,31,Mountain Magic,2011,11,2011-11-01,2011-11-03,2011-11-06,wsdc_dump,scheduled,t,28,South Lake Tahoe (near Reno),Nevada,United States,"South Lake Tahoe (near Reno), NV, United States",79,78,http://mountainmagic.dance,"South Lake Tahoe (near Reno), NV",
9515,151,Sunshine State Dance Challenge,2011,11,2011-11-01,2011-11-25,2011-11-27,wsdc_dump,scheduled,t,55,Fort Lauderdale,Florida,United States,"Fort Lauderdale, FL, United States",38,36,,"Fort Lauderdale, FL",
8771,63,Swingin' New England Dance Festival,2011,11,2011-11-01,2011-11-11,2011-11-13,wsdc_dump,scheduled,t,70,Newton,Massachusetts,United States,"Newton (Boston), MA, United States",95,95,,"Newton (Boston), MA, United States",
9382,137,Tampa Bay Classic,2011,11,2011-11-01,2011-11-09,2011-11-13,wsdc_dump,scheduled,t,53,Tampa,Florida,United States,"Tampa, FL, United States",98,96,http://www.tbcwcs.com/,"Tampa, FL",Registry Event
8844,68,US Open Swing Dance Championships,2011,11,2011-11-01,2011-11-24,2011-11-27,wsdc_dump,scheduled,t,22,Los Angeles,California,United States,"Los Angeles, CA, United States",30,30,http://www.theopenswing.com/,"Los Angeles, CA",Registry Event
9758,180,Australian Open Swing Dance Championships,2011,10,2011-10-01,2011-10-20,2011-10-23,wsdc_dump,scheduled,t,174,Melbourne,,Australia,"Melbourne, Australia",40,40,,"Melbourne, Australia",
8125,8,Boogie By The Bay,2011,10,2011-10-01,2011-10-07,2011-10-09,wsdc_dump,scheduled,t,2,San Francisco,California,United States,"San Francisco, CA, United States",135,135,https://boogiebythebay.com/,"San Francisco, CA",Registry Event
8799,65,Halloween SwingThing,2011,10,2011-10-01,2011-10-27,2011-10-30,wsdc_dump,scheduled,t,24,Costa Mesa,California,United States,"Costa Mesa, CA, United States",90,82,http://hstswing.com/,"Costa Mesa, CA",Registry Event
9626,165,Midland Swing Open,2011,10,2011-10-01,2011-09-30,2011-10-02,wsdc_dump,scheduled,t,107,London,,United Kingdom,"London, United Kingdom",40,40,https://www.midlandswingopen.com/,"London, United Kingdom",Registry Event
9733,178,Montreal Westie Fest,2011,10,2011-10-01,2011-10-13,2011-10-16,wsdc_dump,scheduled,t,86,Montreal,,Canada,"Montreal, Canada",50,50,http://www.montrealwestiefest.com,"Montreal, Canada",Registry Event
9744,179,New Zealand Open Swing Dance Championships,2011,10,2011-10-01,2011-10-28,2011-10-30,wsdc_dump,scheduled,t,168,Auckland,,New Zealand,"Auckland, New Zealand",28,28,https://www.streetswing.co.nz/the-new-zealand-open,"Auckland, New Zealand",Registry Event
8497,43,Paradise Dance Festival,2011,10,2011-10-01,2011-10-14,2011-10-16,wsdc_dump,scheduled,t,19,Irvine,California,United States,"Irvine, CA, United States",53,50,https://paradisecountrydancefestival.com/,"Irvine, CA",Registry Event
8956,79,Sea to Sky,2011,10,2011-10-01,2011-10-21,2011-10-23,wsdc_dump,scheduled,t,30,Seattle,Washington,United States,"Seattle, WA, United States",77,76,http://Seatoskywcs.com,"Seattle, WA",
9276,125,Swing City Chicago,2011,10,2011-10-01,2011-10-27,2011-10-30,wsdc_dump,scheduled,t,34,Chicago,Illinois,United States,"Chicago, IL, United States",83,83,https://swingcitychicago.com/,"Chicago, IL",Registry Event
8174,10,Bridgetown Swing Boogie,2011,9,2011-09-01,2011-09-23,2011-09-25,wsdc_dump,scheduled,t,74,Vancouver,Washington,United States,"Vancouver, WA, United States",66,66,,"Vancouver, WA",
8249,15,Dallas D.A.N.C.E.,2011,9,2011-09-01,2011-09-01,2011-09-04,wsdc_dump,scheduled,t,21,Dallas,Texas,United States,"Dallas, TX, United States",83,83,,"Dallas, TX",
9361,135,Desert City Swing,2011,9,2011-09-01,2011-09-08,2011-09-11,wsdc_dump,scheduled,t,3,Phoenix,Arizona,United States,"Phoenix, AZ, United States",116,114,https://www.desertcityswing.com/,"Phoenix, AZ",Registry Event
9312,131,Meet Me In St Louis,2011,9,2011-09-01,2011-09-23,2011-09-25,wsdc_dump,scheduled,t,49,St. Louis,Missouri,United States,"St. Louis, MO, United States",85,85,http://Www.mmisl.com,"St. Louis, MO",
8609,51,Palm Springs Summer Dance Classic,2011,9,2011-09-01,2011-09-19,2011-09-19,wsdc_dump,scheduled,t,20,Palm Springs,California,United States,"Palm Springs, CA, United States",96,95,,"Palm Springs, CA",
9720,177,River City Swing,2011,9,2011-09-01,2011-09-08,2011-09-12,wsdc_dump,scheduled,t,98,Jacksonville,Florida,United States,"Jacksonville, FL, United States",69,69,http://www.floridadanceevents.com,"Jacksonville, FL",
8575,48,South Bay Dance Fling,2011,9,2011-09-01,2011-09-01,2011-09-04,wsdc_dump,scheduled,t,16,San Jose,California,United States,"San Jose, CA, United States",100,92,http://www.SBDF.dance,"San Jose, CA",
9070,95,Swing Niagara Dance Championships,2011,9,2011-09-01,2011-09-23,2011-09-25,wsdc_dump,scheduled,t,80,Buffalo,New York,United States,"Buffalo, NY, United States",64,60,,"Buffalo, NY",
8932,77,Arizona Dance Classic,2011,8,2011-08-01,2011-08-05,2011-08-07,wsdc_dump,scheduled,t,3,Phoenix,Arizona,United States,"Phoenix, AZ, United States",39,39,https://arizonadanceclassic.com/,"Phoenix, AZ",Registry Event
9213,119,Chicagoland Country and Swing Dance Festival,2011,8,2011-08-01,2011-08-19,2011-08-21,wsdc_dump,scheduled,t,34,Chicago,Illinois,United States,"Chicago, IL, United States",48,48,https://chicagolanddancefestival.com/,"Chicago, IL",Registry Event
9100,97,Grand Prix of Swing,2011,8,2011-08-01,2011-08-04,2011-08-07,wsdc_dump,scheduled,t,9,Kansas City,Missouri,United States,"Kansas City, MO, United States",48,48,,"Kansas City, MO",
9233,120,Lone Star Invitational,2011,8,2011-08-01,2011-08-12,2011-08-14,wsdc_dump,scheduled,t,39,Austin,Texas,United States,"Austin, TX, United States",36,36,,"Austin, TX",
9569,157,New England Dance Festival,2011,8,2011-08-01,2011-08-12,2011-08-14,wsdc_dump,scheduled,t,70,Newton,Massachusetts,United States,"Newton (Boston), MA, United States",49,49,http://www.nedancefestival.com,"Newton (Boston), MA, United States",Registry Event
9615,164,Sea Sun and Swing,2011,8,2011-08-01,2011-08-06,2011-08-12,wsdc_dump,scheduled,t,158,La Grande Motte,,France,"La Grande Motte, France",47,47,https://www.seasunswing.fr/,"La Grande Motte, France",
8642,53,Summer Hummer,2011,8,2011-08-01,2011-08-25,2011-08-28,wsdc_dump,scheduled,t,397,Woburn,Massachusetts,United States,"Woburn (Boston), MA, United States",105,103,https://summerhummerboston.com/,"Woburn (Boston), MA, United States",Registry Event
8690,59,Swing Fling,2011,8,2011-08-01,2011-08-05,2011-08-07,wsdc_dump,scheduled,t,38,Herndon,Virginia,United States,"Herndon, VA, United States",86,86,http://www.swingfling.com,"Herndon, VA, United States",Registry Event
9585,159,World Swing Masters,2011,8,2011-08-01,2011-08-04,2011-08-07,wsdc_dump,scheduled,t,207,Blackpool,,United Kingdom,"Blackpool, United Kingdom",44,44,,"Blackpool, United Kingdom",
8070,1,4TH of July Convention,2011,7,2011-07-01,2011-07-01,2011-07-03,wsdc_dump,scheduled,t,3,Phoenix,Arizona,United States,"Phoenix, AZ, United States",84,83,http://phoenix4thofjuly.com,"Phoenix, AZ",
9553,156,Big Apple Dance Festival,2011,7,2011-07-01,2011-07-07,2011-07-10,wsdc_dump,scheduled,t,140,Morristown,New Jersey,United States,"Morristown, NJ, United States",23,23,http://bigapplecountrydance.com/,"Morristown, NJ",
9465,146,Boston Dance Challenge,2011,7,2011-07-01,2011-07-07,2011-07-10,wsdc_dump,scheduled,t,8,Boston,Massachusetts,United States,"Boston, MA, United States",54,54,,"Boston, MA",
9483,148,Dance Mardi Gras,2011,7,2011-07-01,2011-07-15,2011-07-17,wsdc_dump,scheduled,t,57,New Orleans,Louisiana,United States,"New Orleans, LA, United States",44,44,http://www.dancemardigras.com,"New Orleans, LA",
9498,149,Florida Dance Magic,2011,7,2011-07-01,2011-07-15,2011-07-17,wsdc_dump,scheduled,t,55,Fort Lauderdale,Florida,United States,"Fort Lauderdale, FL, United States",74,70,https://floridadancemagic.com/,"Fort Lauderdale, FL",Registry Event
8517,44,Portland Dance Festival,2011,7,2011-07-01,2011-07-08,2011-07-10,wsdc_dump,scheduled,t,4,Portland,Oregon,United States,"Portland, OR, United States",41,41,,"Portland, OR",
8549,47,SwingTime Denver,2011,7,2011-07-01,2011-07-29,2011-07-31,wsdc_dump,scheduled,t,29,Denver,Colorado,United States,"Denver, CO, United States",106,105,http://www.swingtimewcs.com/,"Denver, CO, United States",Registry Event
9550,155,The City of Light,2011,7,2011-07-01,2011-07-01,2011-07-03,wsdc_dump,scheduled,t,109,Paris,,France,"Paris, France",30,30,,"Paris, France",
9470,147,Toronto Open Swing & Hustle Championships,2011,7,2011-07-01,2011-07-21,2011-07-24,wsdc_dump,scheduled,t,105,Toronto,,Canada,"Toronto, Canada",45,45,http://www.TOSHC.com,"Toronto, Canada",
8991,84,Wisconsin Dance Challenge/Midwest Area Swing Dance Challenge,2011,7,2011-07-01,2011-07-08,2011-07-10,wsdc_dump,scheduled,t,61,Green Bay,Wisconsin,United States,"Green Bay, WI, United States",69,69,,"Green Bay, WI",
8890,73,World Swing Dance Championships,2011,7,2011-07-01,2011-07-08,2011-07-10,wsdc_dump,scheduled,t,14,San Bernardino,California,United States,"San Bernardino, CA, United States",29,23,,"San Bernardino, CA",
9151,109,Colorado Country Classic,2011,6,2011-06-01,2011-06-24,2011-06-26,wsdc_dump,scheduled,t,29,Denver,Colorado,United States,"Denver, CO, United States",56,55,https://coloradocountryclassic.net/,"Denver, CO",
9706,175,French Open West Coast Swing,2011,6,2011-06-01,2011-06-02,2011-06-05,wsdc_dump,scheduled,t,109,Paris,,France,"Paris, France",77,77,http://www.fowcs.com/,"Paris, France",Registry Event
8375,25,J&J O'Rama,2011,6,2011-06-01,2011-06-09,2011-06-12,wsdc_dump,scheduled,t,23,Anaheim,California,United States,"Anaheim, CA, United States",103,95,https://jackandjillorama.com/,"Anaheim, CA",
9079,96,Liberty Swing Dance Championships,2011,6,2011-06-01,2011-06-24,2011-06-26,wsdc_dump,scheduled,t,41,New Brunswick,New Jersey,United States,"New Brunswick, NJ, United States",134,132,http://www.libertyswing.com/,"New Brunswick, NJ",Registry Event
8915,76,Michigan Dance Classic,2011,6,2011-06-01,2011-06-02,2011-06-05,wsdc_dump,scheduled,t,51,Detroit,Michigan,United States,"Detroit, MI, United States",67,65,http://michiganclassicswing.com/,"Detroit, MI",Registry Event
9191,117,Orange Blossom Dance Festival,2011,6,2011-06-01,2011-06-10,2011-06-12,wsdc_dump,scheduled,t,82,Orlando,Florida,United States,"Orlando, FL, United States",51,46,http://www.orangeblossomdance.net/,"Orlando, FL",Registry Event
9691,173,Austrian Open,2011,5,2011-05-01,2011-05-13,2011-05-15,wsdc_dump,scheduled,t,250,Vienna,,Austria,"Vienna, Austria",30,30,,"Vienna, Austria",
9125,105,Canadian Swing Championships,2011,5,2011-05-01,2011-05-20,2011-05-23,wsdc_dump,scheduled,t,86,Montreal,,Canada,"Montreal, Canada",40,40,http://www.canadianswingchampionships.com,"Montreal, Canada",
9610,163,DFW Pro Am Jam,2011,5,2011-05-01,2011-05-27,2011-05-29,wsdc_dump,scheduled,t,21,Dallas,Texas,United States,"Dallas, TX, United States",49,49,,"Dallas, TX",
8317,20,FreZno Dance Classic,2011,5,2011-05-01,2011-05-27,2011-05-29,wsdc_dump,scheduled,t,5,Fresno,California,United States,"Fresno, CA, United States",102,99,,"Fresno, CA",
9345,134,Swing Dance America,2011,5,2011-05-01,2011-04-29,2011-05-01,wsdc_dump,scheduled,t,89,Lake Geneva,Illinois,United States,"Lake Geneva, IL, United States",65,64,,"Lake Geneva, IL",
9595,162,Swingapalooza,2011,5,2011-05-01,2011-05-13,2011-05-15,wsdc_dump,scheduled,t,40,Baton Rouge,Louisiana,United States,"Baton Rouge, LA, United States",48,48,http://www.swingapaloozaevent.com/,"Baton Rouge, LA",Registry Event
8718,61,SwingDiego,2011,5,2011-05-01,2011-05-06,2011-05-08,wsdc_dump,scheduled,t,10,San Diego,California,United States,"San Diego, CA, United States",116,116,,"San Diego, CA",
9447,144,Swingin' Into Spring,2011,5,2011-05-01,2011-04-29,2011-05-01,wsdc_dump,scheduled,t,131,Hartford,Connecticut,United States,"Hartford, CT, United States",63,63,http://www.sis.djkenm.com/,"Hartford, CT",Registry Event
9692,174,Swingsation,2011,5,2011-05-01,2011-05-20,2011-05-22,wsdc_dump,scheduled,t,169,Gold Coast,,Australia,"Gold Coast, Australia",36,36,https://rawconnection.com.au/swingsation/,"Gold Coast, Australia",Registry Event
8344,22,USA Grand Nationals,2011,5,2011-05-01,2011-05-26,2011-05-29,wsdc_dump,scheduled,t,25,Atlanta,Georgia,United States,"Atlanta, GA, United States",61,61,http://www.usagrandnationals.com/,"Atlanta, GA, United States",Registry Event
8276,18,Easter Swing,2011,4,2011-04-01,2011-04-21,2011-04-24,wsdc_dump,scheduled,t,30,Seattle,Washington,United States,"Seattle, WA, United States",112,111,https://easterswing.org/,"Seattle, WA, United States",Registry Event
9687,172,International Hustle & Salsa Congress,2011,4,2011-04-01,2011-03-31,2011-04-03,wsdc_dump,scheduled,t,82,Orlando,Florida,United States,"Orlando, FL, United States",43,39,,"Orlando, FL",
9119,104,Los Angeles Premiere Dance Classic,2011,4,2011-04-01,2011-04-08,2011-04-10,wsdc_dump,scheduled,t,22,Los Angeles,California,United States,"Los Angeles, CA, United States",60,58,,"Los Angeles, CA",
9036,91,Reno Dance Sensation,2011,4,2011-04-01,2011-04-14,2011-04-17,wsdc_dump,scheduled,t,77,Reno,Nevada,United States,"Reno, NV, United States",93,93,,"Reno, NV",
9676,170,Russian Open WCS Championships,2011,4,2011-04-01,2011-04-01,2011-04-03,wsdc_dump,scheduled,t,113,Moscow,,Russia,"Moscow, Russia",22,22,,"Moscow, Russia",
9330,132,Tulsa Spring Swing,2011,4,2011-04-01,2011-04-21,2011-04-24,wsdc_dump,scheduled,t,58,Tulsa,Oklahoma,United States,"Tulsa, OK, United States",69,66,http://www.tulsaspringswing.com/,"Tulsa, OK",Registry Event
9537,154,UK WCS Championships,2011,4,2011-04-01,2011-04-08,2011-04-10,wsdc_dump,scheduled,t,107,London,,United Kingdom,"London, United Kingdom",70,70,http://www.ukwcschamps.com/,"London, United Kingdom",Registry Event
9593,161,USA Jack & Jill Championships,2011,4,2011-04-01,2011-04-22,2011-04-24,wsdc_dump,scheduled,t,43,Nashville,Tennessee,United States,"Nashville, TN, United States",39,39,,"Nashville, TN",
8152,9,Boston Tea Party,2011,3,2011-03-01,2011-03-24,2011-03-27,wsdc_dump,scheduled,t,8,Boston,Massachusetts,United States,"Boston, MA, United States",102,102,http://teapartyswings.com/,"Boston, MA",Registry Event
9432,143,High Desert Dance Classic,2011,3,2011-03-01,2011-03-11,2011-03-13,wsdc_dump,scheduled,t,18,Lancaster,California,United States,"Lancaster, CA, United States",50,50,http://www.highdesertdanceclassic.com/,"Lancaster, CA",Registry Event
9044,92,MADjam,2011,3,2011-03-01,2011-03-04,2011-03-06,wsdc_dump,scheduled,t,13,Washington,District of Columbia,United States,"Washington, DC, United States",129,129,http://www.atlanticdancejam.com,"Washington, DC, United States",Registry Event
9521,153,Novice Invitational,2011,3,2011-03-01,2011-03-18,2011-03-20,wsdc_dump,scheduled,t,44,Houston,Texas,United States,"Houston, TX, United States",45,45,http://www.htownthrowdownwcs.com/,"Houston, TX",Registry Event
9417,142,The Chicago Classic,2011,3,2011-03-01,2011-03-18,2011-03-20,wsdc_dump,scheduled,t,34,Chicago,Illinois,United States,"Chicago, IL, United States",122,118,https://thechicagoclassic.com/,"Chicago, IL",Registry Event
9649,167,Best of the Best WCS,2011,2,2011-02-01,2011-02-02,2011-02-06,wsdc_dump,scheduled,t,117,Sydney,,Australia,"Sydney, Australia",40,40,https://www.bestofthebestwcs.com/,"Sydney, Australia",Registry Event
8206,12,Capital Swing Dance Convention,2011,2,2011-02-01,2011-02-17,2011-02-20,wsdc_dump,scheduled,t,6,Sacramento,California,United States,"Sacramento, CA, United States",152,150,http://www.capitalswingconvention.com/,"Sacramento, CA",Registry Event
9667,169,Dance Camp Chicago,2011,2,2011-02-01,2011-02-25,2011-02-27,wsdc_dump,scheduled,t,114,Elmhurst,Illinois,United States,"Elmhurst, IL, United States",48,48,,"Elmhurst, IL",
9663,168,Scottish WCS Dance Championships,2011,2,2011-02-01,2011-02-04,2011-02-07,wsdc_dump,scheduled,t,206,Bathgate,,United Kingdom,"Bathgate, United Kingdom",30,30,,"Bathgate, United Kingdom",
9686,171,Toronto International Swing Dance,2011,2,2011-02-01,2011-02-11,2011-02-13,wsdc_dump,scheduled,t,105,Toronto,,Canada,"Toronto, Canada",37,37,,"Toronto, Canada",
8827,67,Americas Classic,2011,1,2011-01-01,2011-01-13,2011-01-16,wsdc_dump,scheduled,t,44,Houston,Texas,United States,"Houston, TX, United States",82,81,,"Houston, TX",
8472,42,Floorplay Swing Vacation,2011,1,2011-01-01,2010-12-30,2011-01-02,wsdc_dump,scheduled,t,82,Orlando,Florida,United States,"Orlando, FL, United States",49,47,http://www.floorplayswingvacation.com/,"Orlando, FL",Registry Event
8744,62,Monterey SwingFest,2011,1,2011-01-01,2011-01-14,2011-01-16,wsdc_dump,scheduled,t,1,Monterey,California,United States,"Monterey, CA, United States",117,111,http://www.montereyswing.com/,"Monterey, CA",Registry Event
9398,139,New Year's Dancin' Eve,2011,1,2011-01-01,2010-12-30,2011-01-02,wsdc_dump,scheduled,t,79,Burlington,Massachusetts,United States,"Burlington (Boston), MA, United States",69,69,,"Burlington (Boston), MA, United States",
9876,195,Palm Springs New Years Swing Dance Classic,2011,1,2011-01-01,2010-12-30,2011-01-02,wsdc_dump,scheduled,t,20,Palm Springs,California,United States,"Palm Springs, CA, United States",98,98,,"Palm Springs, CA",
9293,126,Chico Dance Sensation,2010,12,2010-12-01,2010-12-02,2010-12-05,wsdc_dump,scheduled,t,101,Chico,California,United States,"Chico, CA, United States",76,76,,"Chico, CA",
9010,87,CASH Bash,2010,11,2010-11-01,2010-11-26,2010-11-28,wsdc_dump,scheduled,t,96,Cleveland,Ohio,United States,"Cleveland, OH, United States",38,38,https://cashdanceclub.org/cash-bash/,"Cleveland, OH",Registry Event
9641,166,London SwingVitational,2010,11,2010-11-01,2010-11-19,2010-11-22,wsdc_dump,scheduled,t,212,Windsor,,United Kingdom,"Windsor, United Kingdom",39,39,,"Windsor, United Kingdom",
8427,31,Mountain Magic,2010,11,2010-11-01,2010-11-04,2010-11-07,wsdc_dump,scheduled,t,28,South Lake Tahoe (near Reno),Nevada,United States,"South Lake Tahoe (near Reno), NV, United States",59,57,http://mountainmagic.dance,"South Lake Tahoe (near Reno), NV",
9514,151,Sunshine State Dance Challenge,2010,11,2010-11-01,2010-11-26,2010-11-28,wsdc_dump,scheduled,t,55,Fort Lauderdale,Florida,United States,"Fort Lauderdale, FL, United States",19,19,,"Fort Lauderdale, FL",
8770,63,Swingin' New England Dance Festival,2010,11,2010-11-01,2010-11-12,2010-11-14,wsdc_dump,scheduled,t,70,Newton,Massachusetts,United States,"Newton (Boston), MA, United States",89,89,,"Newton (Boston), MA, United States",
9381,137,Tampa Bay Classic,2010,11,2010-11-01,2010-11-12,2010-11-14,wsdc_dump,scheduled,t,53,Tampa,Florida,United States,"Tampa, FL, United States",122,117,http://www.tbcwcs.com/,"Tampa, FL",Registry Event
8843,68,US Open Swing Dance Championships,2010,11,2010-11-01,2010-11-26,2010-11-28,wsdc_dump,scheduled,t,22,Los Angeles,California,United States,"Los Angeles, CA, United States",28,28,http://www.theopenswing.com/,"Los Angeles, CA",Registry Event
8874,70,Virginia State Open,2010,11,2010-11-01,2010-11-18,2010-11-21,wsdc_dump,scheduled,t,38,Herndon,Virginia,United States,"Herndon, VA, United States",60,60,,"Herndon, VA",
8124,8,Boogie By The Bay,2010,10,2010-10-01,2010-10-01,2010-10-01,edition,,,2,San Francisco,California,United States,"San Francisco, CA, United States",125,125,https://boogiebythebay.com/,"San Francisco, CA",Registry Event
8798,65,Halloween SwingThing,2010,10,2010-10-01,2010-10-01,2010-10-01,edition,,,24,Costa Mesa,California,United States,"Costa Mesa, CA, United States",86,80,http://hstswing.com/,"Costa Mesa, CA",Registry Event
8496,43,Paradise Dance Festival,2010,10,2010-10-01,2010-10-15,2010-10-17,wsdc_dump,scheduled,t,19,Irvine,California,United States,"Irvine, CA, United States",40,38,https://paradisecountrydancefestival.com/,"Irvine, CA",Registry Event
9275,125,Swing City Chicago,2010,10,2010-10-01,2010-10-01,2010-10-01,edition,,,34,Chicago,Illinois,United States,"Chicago, IL, United States",53,53,https://swingcitychicago.com/,"Chicago, IL",Registry Event
8173,10,Bridgetown Swing Boogie,2010,9,2010-09-01,2010-09-01,2010-09-01,edition,,,74,Vancouver,Washington,United States,"Vancouver, WA, United States",68,68,,"Vancouver, WA",
8248,15,Dallas D.A.N.C.E.,2010,9,2010-09-01,2010-09-01,2010-09-01,edition,,,21,Dallas,Texas,United States,"Dallas, TX, United States",74,74,,"Dallas, TX",
9360,135,Desert City Swing,2010,9,2010-09-01,2010-09-01,2010-09-01,edition,,,3,Phoenix,Arizona,United States,"Phoenix, AZ, United States",99,98,https://www.desertcityswing.com/,"Phoenix, AZ",Registry Event
9311,131,Meet Me In St Louis,2010,9,2010-09-01,2010-09-01,2010-09-01,edition,,,49,St. Louis,Missouri,United States,"St. Louis, MO, United States",76,74,http://Www.mmisl.com,"St. Louis, MO",
9625,165,Midland Swing Open,2010,9,2010-09-01,2010-09-01,2010-09-01,edition,,,107,London,,United Kingdom,"London, United Kingdom",40,40,https://www.midlandswingopen.com/,"London, United Kingdom",Registry Event
9107,100,New Mexico Dance Fiesta,2010,9,2010-09-01,2010-09-23,2010-09-26,wsdc_dump,scheduled,t,94,Albuquerque,New Mexico,United States,"Albuquerque, NM, United States",16,16,,"Albuquerque, NM",
8608,51,Palm Springs Summer Dance Classic,2010,9,2010-09-01,2010-09-01,2010-09-01,edition,,,20,Palm Springs,California,United States,"Palm Springs, CA, United States",110,107,,"Palm Springs, CA",
9307,130,River City Dance Festival,2010,9,2010-09-01,2010-09-17,2010-09-19,wsdc_dump,scheduled,t,205,Edmonton,,Canada,"Edmonton, Canada",10,10,,"Edmonton, Canada",
8955,79,Sea to Sky,2010,9,2010-09-01,2010-09-01,2010-09-01,edition,,,30,Seattle,Washington,United States,"Seattle, WA, United States",59,57,http://Seatoskywcs.com,"Seattle, WA",
9069,95,Swing Niagara Dance Championships,2010,9,2010-09-01,2010-09-24,2010-09-26,wsdc_dump,scheduled,t,80,Buffalo,New York,United States,"Buffalo, NY, United States",66,63,,"Buffalo, NY",
8931,77,Arizona Dance Classic,2010,8,2010-08-01,2010-08-01,2010-08-01,edition,,,3,Phoenix,Arizona,United States,"Phoenix, AZ, United States",20,20,https://arizonadanceclassic.com/,"Phoenix, AZ",Registry Event
9212,119,Chicagoland Country and Swing Dance Festival,2010,8,2010-08-01,2010-08-01,2010-08-01,edition,,,34,Chicago,Illinois,United States,"Chicago, IL, United States",47,47,https://chicagolanddancefestival.com/,"Chicago, IL",Registry Event
9232,120,Lone Star Invitational,2010,8,2010-08-01,2010-08-01,2010-08-01,edition,,,39,Austin,Texas,United States,"Austin, TX, United States",20,20,,"Austin, TX",
9568,157,New England Dance Festival,2010,8,2010-08-01,2010-08-01,2010-08-01,edition,,,70,Newton,Massachusetts,United States,"Newton (Boston), MA, United States",28,28,http://www.nedancefestival.com,"Newton (Boston), MA, United States",Registry Event
9614,164,Sea Sun and Swing,2010,8,2010-08-01,2010-08-01,2010-08-01,edition,,,158,La Grande Motte,,France,"La Grande Motte, France",50,50,https://www.seasunswing.fr/,"La Grande Motte, France",
8574,48,South Bay Dance Fling,2010,8,2010-08-01,2010-08-01,2010-08-01,edition,,,16,San Jose,California,United States,"San Jose, CA, United States",70,69,http://www.SBDF.dance,"San Jose, CA",
8641,53,Summer Hummer,2010,8,2010-08-01,2010-08-01,2010-08-01,edition,,,397,Woburn,Massachusetts,United States,"Woburn (Boston), MA, United States",116,116,https://summerhummerboston.com/,"Woburn (Boston), MA, United States",Registry Event
8548,47,SwingTime Denver,2010,8,2010-08-01,2010-08-01,2010-08-01,edition,,,29,Denver,Colorado,United States,"Denver, CO, United States",89,89,http://www.swingtimewcs.com/,"Denver, CO, United States",Registry Event
9584,159,World Swing Masters,2010,8,2010-08-01,2010-08-01,2010-08-01,edition,,,207,Blackpool,,United Kingdom,"Blackpool, United Kingdom",32,32,,"Blackpool, United Kingdom",
8069,1,4TH of July Convention,2010,7,2010-07-01,2010-07-01,2010-07-01,edition,,,3,Phoenix,Arizona,United States,"Phoenix, AZ, United States",109,102,http://phoenix4thofjuly.com,"Phoenix, AZ",
9552,156,Big Apple Dance Festival,2010,7,2010-07-01,2010-07-01,2010-07-01,edition,,,140,Morristown,New Jersey,United States,"Morristown, NJ, United States",38,38,http://bigapplecountrydance.com/,"Morristown, NJ",
9482,148,Dance Mardi Gras,2010,7,2010-07-01,2010-07-01,2010-07-01,edition,,,57,New Orleans,Louisiana,United States,"New Orleans, LA, United States",47,47,http://www.dancemardigras.com,"New Orleans, LA",
9497,149,Florida Dance Magic,2010,7,2010-07-01,2010-07-01,2010-07-01,edition,,,55,Fort Lauderdale,Florida,United States,"Fort Lauderdale, FL, United States",69,67,https://floridadancemagic.com/,"Fort Lauderdale, FL",Registry Event
9099,97,Grand Prix of Swing,2010,7,2010-07-01,2010-07-01,2010-07-01,edition,,,9,Kansas City,Missouri,United States,"Kansas City, MO, United States",83,77,,"Kansas City, MO",
8914,76,Michigan Dance Classic,2010,7,2010-07-01,2010-07-01,2010-07-01,edition,,,51,Detroit,Michigan,United States,"Detroit, MI, United States",49,45,http://michiganclassicswing.com/,"Detroit, MI",Registry Event
8689,59,Swing Fling,2010,7,2010-07-01,2010-07-01,2010-07-01,edition,,,38,Herndon,Virginia,United States,"Herndon, VA, United States",78,78,http://www.swingfling.com,"Herndon, VA, United States",Registry Event
9549,155,The City of Light,2010,7,2010-07-01,2010-07-01,2010-07-01,edition,,,109,Paris,,France,"Paris, France",30,30,,"Paris, France",
9469,147,Toronto Open Swing & Hustle Championships,2010,7,2010-07-01,2010-07-01,2010-07-01,edition,,,105,Toronto,,Canada,"Toronto, Canada",48,48,http://www.TOSHC.com,"Toronto, Canada",
8990,84,Wisconsin Dance Challenge/Midwest Area Swing Dance Challenge,2010,7,2010-07-01,2010-07-01,2010-07-01,edition,,,61,Green Bay,Wisconsin,United States,"Green Bay, WI, United States",59,59,,"Green Bay, WI",
9150,109,Colorado Country Classic,2010,6,2010-06-01,2010-06-01,2010-06-01,edition,,,29,Denver,Colorado,United States,"Denver, CO, United States",45,41,https://coloradocountryclassic.net/,"Denver, CO",
8374,25,J&J O'Rama,2010,6,2010-06-01,2010-06-01,2010-06-01,edition,,,23,Anaheim,California,United States,"Anaheim, CA, United States",70,62,https://jackandjillorama.com/,"Anaheim, CA",
9078,96,Liberty Swing Dance Championships,2010,6,2010-06-01,2010-06-01,2010-06-01,edition,,,41,New Brunswick,New Jersey,United States,"New Brunswick, NJ, United States",105,103,http://www.libertyswing.com/,"New Brunswick, NJ",Registry Event
9190,117,Orange Blossom Dance Festival,2010,6,2010-06-01,2010-06-01,2010-06-01,edition,,,82,Orlando,Florida,United States,"Orlando, FL, United States",45,40,http://www.orangeblossomdance.net/,"Orlando, FL",Registry Event
8516,44,Portland Dance Festival,2010,6,2010-06-01,2010-06-01,2010-06-01,edition,,,4,Portland,Oregon,United States,"Portland, OR, United States",30,30,,"Portland, OR",
9124,105,Canadian Swing Championships,2010,5,2010-05-01,2010-05-01,2010-05-01,edition,,,86,Montreal,,Canada,"Montreal, Canada",18,18,http://www.canadianswingchampionships.com,"Montreal, Canada",
9462,145,Come Rain Come Shine,2010,5,2010-05-01,2010-05-01,2010-05-01,edition,,,4,Portland,Oregon,United States,"Portland, OR, United States",40,40,,"Portland, OR",
9609,163,DFW Pro Am Jam,2010,5,2010-05-01,2010-05-01,2010-05-01,edition,,,21,Dallas,Texas,United States,"Dallas, TX, United States",30,30,,"Dallas, TX",
8299,19,Eastern/Washington Dance Challenge,2010,5,2010-05-01,2010-05-01,2010-05-01,edition,,,13,Washington,District of Columbia,United States,"Washington, DC, United States",38,38,,"Washington, DC",
8316,20,FreZno Dance Classic,2010,5,2010-05-01,2010-05-01,2010-05-01,edition,,,5,Fresno,California,United States,"Fresno, CA, United States",102,96,,"Fresno, CA",
9594,162,Swingapalooza,2010,5,2010-05-01,2010-05-01,2010-05-01,edition,,,40,Baton Rouge,Louisiana,United States,"Baton Rouge, LA, United States",50,50,http://www.swingapaloozaevent.com/,"Baton Rouge, LA",Registry Event
8717,61,SwingDiego,2010,5,2010-05-01,2010-05-01,2010-05-01,edition,,,10,San Diego,California,United States,"San Diego, CA, United States",108,107,,"San Diego, CA",
9446,144,Swingin' Into Spring,2010,5,2010-05-01,2010-05-01,2010-05-01,edition,,,131,Hartford,Connecticut,United States,"Hartford, CT, United States",60,60,http://www.sis.djkenm.com/,"Hartford, CT",Registry Event
9251,121,The Texas Classic,2010,5,2010-05-01,2010-05-01,2010-05-01,edition,,,39,Austin,Texas,United States,"Austin, TX, United States",8,8,http://Www.thetexasclassic.com,"Austin, TX",
8343,22,USA Grand Nationals,2010,5,2010-05-01,2010-05-01,2010-05-01,edition,,,25,Atlanta,Georgia,United States,"Atlanta, GA, United States",60,60,http://www.usagrandnationals.com/,"Atlanta, GA, United States",Registry Event
8889,73,World Swing Dance Championships,2010,5,2010-05-01,2010-05-01,2010-05-01,edition,,,14,San Bernardino,California,United States,"San Bernardino, CA, United States",66,53,,"San Bernardino, CA",
9182,116,Calgary Dance Stampede,2010,4,2010-04-01,2010-04-01,2010-04-01,edition,,,148,Calgary,,Canada,"Calgary, Canada",10,10,http://www.calgarydancestampede.com/,"Calgary, Canada",Registry Event
8275,18,Easter Swing,2010,4,2010-04-01,2010-04-01,2010-04-01,edition,,,30,Seattle,Washington,United States,"Seattle, WA, United States",94,94,https://easterswing.org/,"Seattle, WA, United States",Registry Event
9118,104,Los Angeles Premiere Dance Classic,2010,4,2010-04-01,2010-04-01,2010-04-01,edition,,,22,Los Angeles,California,United States,"Los Angeles, CA, United States",80,69,,"Los Angeles, CA",
9344,134,Swing Dance America,2010,4,2010-04-01,2010-04-01,2010-04-01,edition,,,89,Lake Geneva,Illinois,United States,"Lake Geneva, IL, United States",88,85,,"Lake Geneva, IL",
9536,154,UK WCS Championships,2010,4,2010-04-01,2010-04-01,2010-04-01,edition,,,107,London,,United Kingdom,"London, United Kingdom",50,50,http://www.ukwcschamps.com/,"London, United Kingdom",Registry Event
9592,161,USA Jack & Jill Championships,2010,4,2010-04-01,2010-04-01,2010-04-01,edition,,,43,Nashville,Tennessee,United States,"Nashville, TN, United States",28,28,,"Nashville, TN",
8151,9,Boston Tea Party,2010,3,2010-03-01,2010-03-01,2010-03-01,edition,,,8,Boston,Massachusetts,United States,"Boston, MA, United States",76,76,http://teapartyswings.com/,"Boston, MA",Registry Event
8222,13,Chicago Classic,2010,3,2010-03-01,2010-03-01,2010-03-01,edition,,,34,Chicago,Illinois,United States,"Chicago, IL, United States",118,115,,"Chicago, IL",
9431,143,High Desert Dance Classic,2010,3,2010-03-01,2010-03-01,2010-03-01,edition,,,18,Lancaster,California,United States,"Lancaster, CA, United States",57,51,http://www.highdesertdanceclassic.com/,"Lancaster, CA",Registry Event
9043,92,MADjam,2010,3,2010-03-01,2010-03-01,2010-03-01,edition,,,13,Washington,District of Columbia,United States,"Washington, DC, United States",106,106,http://www.atlanticdancejam.com,"Washington, DC, United States",Registry Event
9520,153,Novice Invitational,2010,3,2010-03-01,2010-03-01,2010-03-01,edition,,,44,Houston,Texas,United States,"Houston, TX, United States",40,40,http://www.htownthrowdownwcs.com/,"Houston, TX",Registry Event
9035,91,Reno Dance Sensation,2010,3,2010-03-01,2010-03-01,2010-03-01,edition,,,77,Reno,Nevada,United States,"Reno, NV, United States",88,86,,"Reno, NV",
9329,132,Tulsa Spring Swing,2010,3,2010-03-01,2010-03-01,2010-03-01,edition,,,58,Tulsa,Oklahoma,United States,"Tulsa, OK, United States",68,67,http://www.tulsaspringswing.com/,"Tulsa, OK",Registry Event
8205,12,Capital Swing Dance Convention,2010,2,2010-02-01,2010-02-01,2010-02-01,edition,,,6,Sacramento,California,United States,"Sacramento, CA, United States",140,138,http://www.capitalswingconvention.com/,"Sacramento, CA",Registry Event
9177,115,Da Dance Camp,2010,2,2010-02-01,2010-02-01,2010-02-01,edition,,,34,Chicago,Illinois,United States,"Chicago, IL, United States",29,29,,"Chicago, IL",
8826,67,Americas Classic,2010,1,2010-01-01,2010-01-14,2010-01-17,wsdc_dump,scheduled,t,44,Houston,Texas,United States,"Houston, TX, United States",72,72,,"Houston, TX",
8471,42,Floorplay Swing Vacation,2010,1,2010-01-01,2010-01-01,2010-01-01,edition,,,82,Orlando,Florida,United States,"Orlando, FL, United States",50,44,http://www.floorplayswingvacation.com/,"Orlando, FL",Registry Event
8743,62,Monterey SwingFest,2010,1,2010-01-01,2010-01-01,2010-01-01,edition,,,1,Monterey,California,United States,"Monterey, CA, United States",110,102,http://www.montereyswing.com/,"Monterey, CA",Registry Event
9397,139,New Year's Dancin' Eve,2010,1,2010-01-01,2010-01-01,2010-01-01,edition,,,79,Burlington,Massachusetts,United States,"Burlington (Boston), MA, United States",89,89,,"Burlington (Boston), MA, United States",
9875,195,Palm Springs New Years Swing Dance Classic,2010,1,2010-01-01,2010-01-01,2010-01-01,edition,,,20,Palm Springs,California,United States,"Palm Springs, CA, United States",90,88,,"Palm Springs, CA",
9402,141,Spotlight New Year's Celebration,2010,1,2010-01-01,2010-01-01,2010-01-01,edition,,,43,Nashville,Tennessee,United States,"Nashville, TN, United States",49,49,http://www.spotlightnewyears.com/,"Nashville, TN",Registry Event
8896,75,UCWDC Country Dance World Championship,2010,1,2010-01-01,2010-01-04,2010-01-10,wsdc_dump,scheduled,t,21,Dallas,Texas,United States,"Dallas, TX, United States",18,18,http://www.ucwdcworlds.com/,"Dallas, TX",Registry Event
8470,42,Floorplay Swing Vacation,2009,12,2009-12-01,2009-12-31,2010-01-03,wsdc_dump,scheduled,t,82,Orlando,Florida,United States,"Orlando, FL, United States",50,45,http://www.floorplayswingvacation.com/,"Orlando, FL",Registry Event
9396,139,New Year's Dancin' Eve,2009,12,2009-12-01,2009-12-31,2010-01-03,wsdc_dump,scheduled,t,79,Burlington,Massachusetts,United States,"Burlington (Boston), MA, United States",80,80,,"Burlington (Boston), MA, United States",
9874,195,Palm Springs New Years Swing Dance Classic,2009,12,2009-12-01,2009-12-31,2010-01-03,wsdc_dump,scheduled,t,20,Palm Springs,California,United States,"Palm Springs, CA, United States",90,88,,"Palm Springs, CA",
9401,141,Spotlight New Year's Celebration,2009,12,2009-12-01,2009-12-31,2010-01-03,wsdc_dump,scheduled,t,43,Nashville,Tennessee,United States,"Nashville, TN, United States",48,48,http://www.spotlightnewyears.com/,"Nashville, TN",Registry Event
9516,152,Worlds UCWDC,2009,12,2009-12-01,2009-12-01,2009-12-01,edition,,,82,Orlando,Florida,United States,"Orlando, FL, United States",29,29,,"Orlando, FL",
9009,87,CASH Bash,2009,11,2009-11-01,2009-11-01,2009-11-01,edition,,,96,Cleveland,Ohio,United States,"Cleveland, OH, United States",40,40,https://cashdanceclub.org/cash-bash/,"Cleveland, OH",Registry Event
8426,31,Mountain Magic,2009,11,2009-11-01,2009-11-01,2009-11-01,edition,,,28,South Lake Tahoe (near Reno),Nevada,United States,"South Lake Tahoe (near Reno), NV, United States",75,68,http://mountainmagic.dance,"South Lake Tahoe (near Reno), NV",
9513,151,Sunshine State Dance Challenge,2009,11,2009-11-01,2009-11-01,2009-11-01,edition,,,55,Fort Lauderdale,Florida,United States,"Fort Lauderdale, FL, United States",20,20,,"Fort Lauderdale, FL",
8769,63,Swingin' New England Dance Festival,2009,11,2009-11-01,2009-11-01,2009-11-01,edition,,,70,Newton,Massachusetts,United States,"Newton (Boston), MA, United States",70,70,,"Newton (Boston), MA, United States",
9380,137,Tampa Bay Classic,2009,11,2009-11-01,2009-11-01,2009-11-01,edition,,,53,Tampa,Florida,United States,"Tampa, FL, United States",100,96,http://www.tbcwcs.com/,"Tampa, FL",Registry Event
8842,68,US Open Swing Dance Championships,2009,11,2009-11-01,2009-11-01,2009-11-01,edition,,,22,Los Angeles,California,United States,"Los Angeles, CA, United States",20,20,http://www.theopenswing.com/,"Los Angeles, CA",Registry Event
9302,129,West Coast Dance Challenge,2009,11,2009-11-01,2009-11-01,2009-11-01,edition,,,97,Redmond,Washington,United States,"Redmond, WA, United States",38,38,,"Redmond, WA",
8123,8,Boogie By The Bay,2009,10,2009-10-01,2009-10-01,2009-10-01,edition,,,2,San Francisco,California,United States,"San Francisco, CA, United States",138,138,https://boogiebythebay.com/,"San Francisco, CA",Registry Event
9292,126,Chico Dance Sensation,2009,10,2009-10-01,2009-10-01,2009-10-01,edition,,,101,Chico,California,United States,"Chico, CA, United States",88,88,,"Chico, CA",
9377,136,Halloween In Harrisburg & Swingzing,2009,10,2009-10-01,2009-10-01,2009-10-01,edition,,,160,Carlisle,Pennsylvania,United States,"Carlisle, PA, United States",8,8,,"Carlisle, PA",
8797,65,Halloween SwingThing,2009,10,2009-10-01,2009-10-01,2009-10-01,edition,,,24,Costa Mesa,California,United States,"Costa Mesa, CA, United States",84,81,http://hstswing.com/,"Costa Mesa, CA",Registry Event
8495,43,Paradise Dance Festival,2009,10,2009-10-01,2009-10-01,2009-10-01,edition,,,19,Irvine,California,United States,"Irvine, CA, United States",40,35,https://paradisecountrydancefestival.com/,"Irvine, CA",Registry Event
9274,125,Swing City Chicago,2009,10,2009-10-01,2009-10-01,2009-10-01,edition,,,34,Chicago,Illinois,United States,"Chicago, IL, United States",50,50,https://swingcitychicago.com/,"Chicago, IL",Registry Event
8172,10,Bridgetown Swing Boogie,2009,9,2009-09-01,2009-09-01,2009-09-01,edition,,,74,Vancouver,Washington,United States,"Vancouver, WA, United States",70,69,,"Vancouver, WA",
8247,15,Dallas D.A.N.C.E.,2009,9,2009-09-01,2009-09-01,2009-09-01,edition,,,21,Dallas,Texas,United States,"Dallas, TX, United States",76,76,,"Dallas, TX",
9359,135,Desert City Swing,2009,9,2009-09-01,2009-09-01,2009-09-01,edition,,,3,Phoenix,Arizona,United States,"Phoenix, AZ, United States",90,89,https://www.desertcityswing.com/,"Phoenix, AZ",Registry Event
9310,131,Meet Me In St Louis,2009,9,2009-09-01,2009-09-01,2009-09-01,edition,,,49,St. Louis,Missouri,United States,"St. Louis, MO, United States",69,68,http://Www.mmisl.com,"St. Louis, MO",
8607,51,Palm Springs Summer Dance Classic,2009,9,2009-09-01,2009-09-01,2009-09-01,edition,,,20,Palm Springs,California,United States,"Palm Springs, CA, United States",90,90,,"Palm Springs, CA",
9306,130,River City Dance Festival,2009,9,2009-09-01,2009-09-01,2009-09-01,edition,,,205,Edmonton,,Canada,"Edmonton, Canada",8,8,,"Edmonton, Canada",
8954,79,Sea to Sky,2009,9,2009-09-01,2009-09-01,2009-09-01,edition,,,30,Seattle,Washington,United States,"Seattle, WA, United States",59,56,http://Seatoskywcs.com,"Seattle, WA",
8873,70,Virginia State Open,2009,9,2009-09-01,2009-09-01,2009-09-01,edition,,,38,Herndon,Virginia,United States,"Herndon, VA, United States",67,67,,"Herndon, VA",
9211,119,Chicagoland Country and Swing Dance Festival,2009,8,2009-08-01,2009-08-01,2009-08-01,edition,,,34,Chicago,Illinois,United States,"Chicago, IL, United States",40,40,https://chicagolanddancefestival.com/,"Chicago, IL",Registry Event
9231,120,Lone Star Invitational,2009,8,2009-08-01,2009-08-01,2009-08-01,edition,,,39,Austin,Texas,United States,"Austin, TX, United States",20,19,,"Austin, TX",
9567,157,New England Dance Festival,2009,8,2009-08-01,2009-08-01,2009-08-01,edition,,,70,Newton,Massachusetts,United States,"Newton (Boston), MA, United States",37,37,http://www.nedancefestival.com,"Newton (Boston), MA, United States",Registry Event
8573,48,South Bay Dance Fling,2009,8,2009-08-01,2009-08-01,2009-08-01,edition,,,16,San Jose,California,United States,"San Jose, CA, United States",60,59,http://www.SBDF.dance,"San Jose, CA",
8640,53,Summer Hummer,2009,8,2009-08-01,2009-08-01,2009-08-01,edition,,,397,Woburn,Massachusetts,United States,"Woburn (Boston), MA, United States",108,108,https://summerhummerboston.com/,"Woburn (Boston), MA, United States",Registry Event
8547,47,SwingTime Denver,2009,8,2009-08-01,2009-08-01,2009-08-01,edition,,,29,Denver,Colorado,United States,"Denver, CO, United States",103,103,http://www.swingtimewcs.com/,"Denver, CO, United States",Registry Event
9583,159,World Swing Masters,2009,8,2009-08-01,2009-08-01,2009-08-01,edition,,,207,Blackpool,,United Kingdom,"Blackpool, United Kingdom",40,40,,"Blackpool, United Kingdom",
8068,1,4TH of July Convention,2009,7,2009-07-01,2009-07-01,2009-07-01,edition,,,3,Phoenix,Arizona,United States,"Phoenix, AZ, United States",120,120,http://phoenix4thofjuly.com,"Phoenix, AZ",
9551,156,Big Apple Dance Festival,2009,7,2009-07-01,2009-07-01,2009-07-01,edition,,,140,Morristown,New Jersey,United States,"Morristown, NJ, United States",30,30,http://bigapplecountrydance.com/,"Morristown, NJ",
9464,146,Boston Dance Challenge,2009,7,2009-07-01,2009-07-01,2009-07-01,edition,,,8,Boston,Massachusetts,United States,"Boston, MA, United States",30,30,,"Boston, MA",
9496,149,Florida Dance Magic,2009,7,2009-07-01,2009-07-01,2009-07-01,edition,,,55,Fort Lauderdale,Florida,United States,"Fort Lauderdale, FL, United States",76,73,https://floridadancemagic.com/,"Fort Lauderdale, FL",Registry Event
9098,97,Grand Prix of Swing,2009,7,2009-07-01,2009-07-01,2009-07-01,edition,,,9,Kansas City,Missouri,United States,"Kansas City, MO, United States",59,57,,"Kansas City, MO",
9591,160,Inland Valley Dance Festival,2009,7,2009-07-01,2009-07-01,2009-07-01,edition,,,14,San Bernardino,California,United States,"San Bernardino, CA, United States",40,33,,"San Bernardino, CA",
8913,76,Michigan Dance Classic,2009,7,2009-07-01,2009-07-01,2009-07-01,edition,,,51,Detroit,Michigan,United States,"Detroit, MI, United States",48,42,http://michiganclassicswing.com/,"Detroit, MI",Registry Event
8688,59,Swing Fling,2009,7,2009-07-01,2009-07-01,2009-07-01,edition,,,38,Herndon,Virginia,United States,"Herndon, VA, United States",69,69,http://www.swingfling.com,"Herndon, VA, United States",Registry Event
9548,155,The City of Light,2009,7,2009-07-01,2009-07-01,2009-07-01,edition,,,109,Paris,,France,"Paris, France",20,20,,"Paris, France",
9468,147,Toronto Open Swing & Hustle Championships,2009,7,2009-07-01,2009-07-01,2009-07-01,edition,,,105,Toronto,,Canada,"Toronto, Canada",29,29,http://www.TOSHC.com,"Toronto, Canada",
8989,84,Wisconsin Dance Challenge/Midwest Area Swing Dance Challenge,2009,7,2009-07-01,2009-07-01,2009-07-01,edition,,,61,Green Bay,Wisconsin,United States,"Green Bay, WI, United States",49,49,,"Green Bay, WI",
9002,86,World Hustle Dance Championships,2009,7,2009-07-01,2009-07-01,2009-07-01,edition,,,123,Secaucus,New Jersey,United States,"Secaucus, NJ, United States",19,19,,"Secaucus, NJ",
9149,109,Colorado Country Classic,2009,6,2009-06-01,2009-06-01,2009-06-01,edition,,,29,Denver,Colorado,United States,"Denver, CO, United States",39,39,https://coloradocountryclassic.net/,"Denver, CO",
8373,25,J&J O'Rama,2009,6,2009-06-01,2009-06-01,2009-06-01,edition,,,23,Anaheim,California,United States,"Anaheim, CA, United States",110,98,https://jackandjillorama.com/,"Anaheim, CA",
9077,96,Liberty Swing Dance Championships,2009,6,2009-06-01,2009-06-01,2009-06-01,edition,,,41,New Brunswick,New Jersey,United States,"New Brunswick, NJ, United States",92,91,http://www.libertyswing.com/,"New Brunswick, NJ",Registry Event
9189,117,Orange Blossom Dance Festival,2009,6,2009-06-01,2009-06-01,2009-06-01,edition,,,82,Orlando,Florida,United States,"Orlando, FL, United States",29,29,http://www.orangeblossomdance.net/,"Orlando, FL",Registry Event
8515,44,Portland Dance Festival,2009,6,2009-06-01,2009-06-01,2009-06-01,edition,,,4,Portland,Oregon,United States,"Portland, OR, United States",40,40,,"Portland, OR",
9068,95,Swing Niagara Dance Championships,2009,6,2009-06-01,2009-06-01,2009-06-01,edition,,,80,Buffalo,New York,United States,"Buffalo, NY, United States",48,48,,"Buffalo, NY",
8825,67,Americas Classic,2009,5,2009-05-01,2009-05-01,2009-05-01,edition,,,44,Houston,Texas,United States,"Houston, TX, United States",70,70,,"Houston, TX",
9123,105,Canadian Swing Championships,2009,5,2009-05-01,2009-05-01,2009-05-01,edition,,,86,Montreal,,Canada,"Montreal, Canada",39,39,http://www.canadianswingchampionships.com,"Montreal, Canada",
9461,145,Come Rain Come Shine,2009,5,2009-05-01,2009-05-01,2009-05-01,edition,,,4,Portland,Oregon,United States,"Portland, OR, United States",50,48,,"Portland, OR",
8298,19,Eastern/Washington Dance Challenge,2009,5,2009-05-01,2009-05-01,2009-05-01,edition,,,13,Washington,District of Columbia,United States,"Washington, DC, United States",40,40,,"Washington, DC",
8315,20,FreZno Dance Classic,2009,5,2009-05-01,2009-05-01,2009-05-01,edition,,,5,Fresno,California,United States,"Fresno, CA, United States",98,92,,"Fresno, CA",
9445,144,Swingin' Into Spring,2009,5,2009-05-01,2009-05-01,2009-05-01,edition,,,131,Hartford,Connecticut,United States,"Hartford, CT, United States",58,58,http://www.sis.djkenm.com/,"Hartford, CT",Registry Event
9250,121,The Texas Classic,2009,5,2009-05-01,2009-05-01,2009-05-01,edition,,,39,Austin,Texas,United States,"Austin, TX, United States",20,20,http://Www.thetexasclassic.com,"Austin, TX",
8342,22,USA Grand Nationals,2009,5,2009-05-01,2009-05-01,2009-05-01,edition,,,25,Atlanta,Georgia,United States,"Atlanta, GA, United States",60,60,http://www.usagrandnationals.com/,"Atlanta, GA, United States",Registry Event
9181,116,Calgary Dance Stampede,2009,4,2009-04-01,2009-04-01,2009-04-01,edition,,,148,Calgary,,Canada,"Calgary, Canada",20,20,http://www.calgarydancestampede.com/,"Calgary, Canada",Registry Event
8274,18,Easter Swing,2009,4,2009-04-01,2009-04-01,2009-04-01,edition,,,30,Seattle,Washington,United States,"Seattle, WA, United States",106,104,https://easterswing.org/,"Seattle, WA, United States",Registry Event
9117,104,Los Angeles Premiere Dance Classic,2009,4,2009-04-01,2009-04-01,2009-04-01,edition,,,22,Los Angeles,California,United States,"Los Angeles, CA, United States",70,66,,"Los Angeles, CA",
9343,134,Swing Dance America,2009,4,2009-04-01,2009-04-01,2009-04-01,edition,,,89,Lake Geneva,Illinois,United States,"Lake Geneva, IL, United States",58,53,,"Lake Geneva, IL",
9535,154,UK WCS Championships,2009,4,2009-04-01,2009-04-01,2009-04-01,edition,,,107,London,,United Kingdom,"London, United Kingdom",30,30,http://www.ukwcschamps.com/,"London, United Kingdom",Registry Event
8150,9,Boston Tea Party,2009,3,2009-03-01,2009-03-01,2009-03-01,edition,,,8,Boston,Massachusetts,United States,"Boston, MA, United States",70,70,http://teapartyswings.com/,"Boston, MA",Registry Event
9430,143,High Desert Dance Classic,2009,3,2009-03-01,2009-03-01,2009-03-01,edition,,,18,Lancaster,California,United States,"Lancaster, CA, United States",66,62,http://www.highdesertdanceclassic.com/,"Lancaster, CA",Registry Event
9042,92,MADjam,2009,3,2009-03-01,2009-03-01,2009-03-01,edition,,,13,Washington,District of Columbia,United States,"Washington, DC, United States",118,118,http://www.atlanticdancejam.com,"Washington, DC, United States",Registry Event
9519,153,Novice Invitational,2009,3,2009-03-01,2009-03-01,2009-03-01,edition,,,44,Houston,Texas,United States,"Houston, TX, United States",39,39,http://www.htownthrowdownwcs.com/,"Houston, TX",Registry Event
9034,91,Reno Dance Sensation,2009,3,2009-03-01,2009-03-01,2009-03-01,edition,,,77,Reno,Nevada,United States,"Reno, NV, United States",70,69,,"Reno, NV",
9416,142,The Chicago Classic,2009,3,2009-03-01,2009-03-01,2009-03-01,edition,,,34,Chicago,Illinois,United States,"Chicago, IL, United States",109,106,https://thechicagoclassic.com/,"Chicago, IL",Registry Event
9328,132,Tulsa Spring Swing,2009,3,2009-03-01,2009-03-01,2009-03-01,edition,,,58,Tulsa,Oklahoma,United States,"Tulsa, OK, United States",58,54,http://www.tulsaspringswing.com/,"Tulsa, OK",Registry Event
8204,12,Capital Swing Dance Convention,2009,2,2009-02-01,2009-02-01,2009-02-01,edition,,,6,Sacramento,California,United States,"Sacramento, CA, United States",120,120,http://www.capitalswingconvention.com/,"Sacramento, CA",Registry Event
8742,62,Monterey SwingFest,2009,1,2009-01-01,2009-01-01,2009-01-01,edition,,,1,Monterey,California,United States,"Monterey, CA, United States",102,99,http://www.montereyswing.com/,"Monterey, CA",Registry Event
8716,61,SwingDiego,2009,1,2009-01-01,2009-01-01,2009-01-01,edition,,,10,San Diego,California,United States,"San Diego, CA, United States",96,96,,"San Diego, CA",
8895,75,UCWDC Country Dance World Championship,2008,12,2008-12-01,2008-12-01,2008-12-01,edition,,,21,Dallas,Texas,United States,"Dallas, TX, United States",20,20,http://www.ucwdcworlds.com/,"Dallas, TX",Registry Event
9008,87,CASH Bash,2008,11,2008-11-01,2008-11-01,2008-11-01,edition,,,96,Cleveland,Ohio,United States,"Cleveland, OH, United States",38,38,https://cashdanceclub.org/cash-bash/,"Cleveland, OH",Registry Event
8425,31,Mountain Magic,2008,11,2008-11-01,2008-11-01,2008-11-01,edition,,,28,South Lake Tahoe (near Reno),Nevada,United States,"South Lake Tahoe (near Reno), NV, United States",60,58,http://mountainmagic.dance,"South Lake Tahoe (near Reno), NV",
9394,138,Music City Swing Dance Championships,2008,11,2008-11-01,2008-11-01,2008-11-01,edition,,,43,Nashville,Tennessee,United States,"Nashville, TN, United States",29,27,,"Nashville, TN",
9512,151,Sunshine State Dance Challenge,2008,11,2008-11-01,2008-11-01,2008-11-01,edition,,,55,Fort Lauderdale,Florida,United States,"Fort Lauderdale, FL, United States",10,10,,"Fort Lauderdale, FL",
8768,63,Swingin' New England Dance Festival,2008,11,2008-11-01,2008-11-01,2008-11-01,edition,,,70,Newton,Massachusetts,United States,"Newton (Boston), MA, United States",78,78,,"Newton (Boston), MA, United States",
9379,137,Tampa Bay Classic,2008,11,2008-11-01,2008-11-01,2008-11-01,edition,,,53,Tampa,Florida,United States,"Tampa, FL, United States",80,77,http://www.tbcwcs.com/,"Tampa, FL",Registry Event
8841,68,US Open Swing Dance Championships,2008,11,2008-11-01,2008-11-01,2008-11-01,edition,,,22,Los Angeles,California,United States,"Los Angeles, CA, United States",20,20,http://www.theopenswing.com/,"Los Angeles, CA",Registry Event
9301,129,West Coast Dance Challenge,2008,11,2008-11-01,2008-11-01,2008-11-01,edition,,,97,Redmond,Washington,United States,"Redmond, WA, United States",38,38,,"Redmond, WA",
8122,8,Boogie By The Bay,2008,10,2008-10-01,2008-10-01,2008-10-01,edition,,,2,San Francisco,California,United States,"San Francisco, CA, United States",164,160,https://boogiebythebay.com/,"San Francisco, CA",Registry Event
9511,150,Carolina Groove,2008,10,2008-10-01,2008-10-01,2008-10-01,edition,,,325,North Myrtle Beach,South Carolina,United States,"North Myrtle Beach, SC, United States",35,34,,"North Myrtle Beach, SC",
9291,126,Chico Dance Sensation,2008,10,2008-10-01,2008-10-01,2008-10-01,edition,,,101,Chico,California,United States,"Chico, CA, United States",60,60,,"Chico, CA",
8796,65,Halloween SwingThing,2008,10,2008-10-01,2008-10-01,2008-10-01,edition,,,24,Costa Mesa,California,United States,"Costa Mesa, CA, United States",100,95,http://hstswing.com/,"Costa Mesa, CA",Registry Event
8494,43,Paradise Dance Festival,2008,10,2008-10-01,2008-10-01,2008-10-01,edition,,,19,Irvine,California,United States,"Irvine, CA, United States",40,34,https://paradisecountrydancefestival.com/,"Irvine, CA",Registry Event
9273,125,Swing City Chicago,2008,10,2008-10-01,2008-10-01,2008-10-01,edition,,,34,Chicago,Illinois,United States,"Chicago, IL, United States",65,65,https://swingcitychicago.com/,"Chicago, IL",Registry Event
9298,127,Tulsa Fall Fling,2008,10,2008-10-01,2008-10-01,2008-10-01,edition,,,58,Tulsa,Oklahoma,United States,"Tulsa, OK, United States",30,30,,"Tulsa, OK",
8171,10,Bridgetown Swing Boogie,2008,9,2008-09-01,2008-09-01,2008-09-01,edition,,,74,Vancouver,Washington,United States,"Vancouver, WA, United States",64,63,,"Vancouver, WA",
8246,15,Dallas D.A.N.C.E.,2008,9,2008-09-01,2008-09-01,2008-09-01,edition,,,21,Dallas,Texas,United States,"Dallas, TX, United States",70,70,,"Dallas, TX",
9358,135,Desert City Swing,2008,9,2008-09-01,2008-09-01,2008-09-01,edition,,,3,Phoenix,Arizona,United States,"Phoenix, AZ, United States",67,66,https://www.desertcityswing.com/,"Phoenix, AZ",Registry Event
9309,131,Meet Me In St Louis,2008,9,2008-09-01,2008-09-01,2008-09-01,edition,,,49,St. Louis,Missouri,United States,"St. Louis, MO, United States",70,70,http://Www.mmisl.com,"St. Louis, MO",
9106,100,New Mexico Dance Fiesta,2008,9,2008-09-01,2008-09-01,2008-09-01,edition,,,94,Albuquerque,New Mexico,United States,"Albuquerque, NM, United States",10,10,,"Albuquerque, NM",
8606,51,Palm Springs Summer Dance Classic,2008,9,2008-09-01,2008-09-01,2008-09-01,edition,,,20,Palm Springs,California,United States,"Palm Springs, CA, United States",94,91,,"Palm Springs, CA",
9305,130,River City Dance Festival,2008,9,2008-09-01,2008-09-01,2008-09-01,edition,,,205,Edmonton,,Canada,"Edmonton, Canada",10,10,,"Edmonton, Canada",
8953,79,Sea to Sky,2008,9,2008-09-01,2008-09-01,2008-09-01,edition,,,30,Seattle,Washington,United States,"Seattle, WA, United States",59,53,http://Seatoskywcs.com,"Seattle, WA",
8872,70,Virginia State Open,2008,9,2008-09-01,2008-09-01,2008-09-01,edition,,,38,Herndon,Virginia,United States,"Herndon, VA, United States",47,47,,"Herndon, VA",
8930,77,Arizona Dance Classic,2008,8,2008-08-01,2008-08-01,2008-08-01,edition,,,3,Phoenix,Arizona,United States,"Phoenix, AZ, United States",9,9,https://arizonadanceclassic.com/,"Phoenix, AZ",Registry Event
9267,122,Boston Dance Revolution,2008,8,2008-08-01,2008-08-01,2008-08-01,edition,,,8,Boston,Massachusetts,United States,"Boston, MA, United States",18,18,,"Boston, MA",
9210,119,Chicagoland Country and Swing Dance Festival,2008,8,2008-08-01,2008-08-01,2008-08-01,edition,,,34,Chicago,Illinois,United States,"Chicago, IL, United States",38,37,https://chicagolanddancefestival.com/,"Chicago, IL",Registry Event
9230,120,Lone Star Invitational,2008,8,2008-08-01,2008-08-01,2008-08-01,edition,,,39,Austin,Texas,United States,"Austin, TX, United States",19,19,,"Austin, TX",
8572,48,South Bay Dance Fling,2008,8,2008-08-01,2008-08-01,2008-08-01,edition,,,16,San Jose,California,United States,"San Jose, CA, United States",59,55,http://www.SBDF.dance,"San Jose, CA",
8639,53,Summer Hummer,2008,8,2008-08-01,2008-08-01,2008-08-01,edition,,,397,Woburn,Massachusetts,United States,"Woburn (Boston), MA, United States",114,114,https://summerhummerboston.com/,"Woburn (Boston), MA, United States",Registry Event
8546,47,SwingTime Denver,2008,8,2008-08-01,2008-08-01,2008-08-01,edition,,,29,Denver,Colorado,United States,"Denver, CO, United States",78,78,http://www.swingtimewcs.com/,"Denver, CO, United States",Registry Event
8067,1,4TH of July Convention,2008,7,2008-07-01,2008-07-01,2008-07-01,edition,,,3,Phoenix,Arizona,United States,"Phoenix, AZ, United States",110,110,http://phoenix4thofjuly.com,"Phoenix, AZ",
9463,146,Boston Dance Challenge,2008,7,2008-07-01,2008-07-01,2008-07-01,edition,,,8,Boston,Massachusetts,United States,"Boston, MA, United States",38,38,,"Boston, MA",
9481,148,Dance Mardi Gras,2008,7,2008-07-01,2008-07-01,2008-07-01,edition,,,57,New Orleans,Louisiana,United States,"New Orleans, LA, United States",29,29,http://www.dancemardigras.com,"New Orleans, LA",
9495,149,Florida Dance Magic,2008,7,2008-07-01,2008-07-01,2008-07-01,edition,,,55,Fort Lauderdale,Florida,United States,"Fort Lauderdale, FL, United States",60,58,https://floridadancemagic.com/,"Fort Lauderdale, FL",Registry Event
9097,97,Grand Prix of Swing,2008,7,2008-07-01,2008-07-01,2008-07-01,edition,,,9,Kansas City,Missouri,United States,"Kansas City, MO, United States",58,54,,"Kansas City, MO",
9590,160,Inland Valley Dance Festival,2008,7,2008-07-01,2008-07-01,2008-07-01,edition,,,14,San Bernardino,California,United States,"San Bernardino, CA, United States",36,30,,"San Bernardino, CA",
8687,59,Swing Fling,2008,7,2008-07-01,2008-07-01,2008-07-01,edition,,,38,Herndon,Virginia,United States,"Herndon, VA, United States",70,70,http://www.swingfling.com,"Herndon, VA, United States",Registry Event
9467,147,Toronto Open Swing & Hustle Championships,2008,7,2008-07-01,2008-07-01,2008-07-01,edition,,,105,Toronto,,Canada,"Toronto, Canada",30,28,http://www.TOSHC.com,"Toronto, Canada",
8988,84,Wisconsin Dance Challenge/Midwest Area Swing Dance Challenge,2008,7,2008-07-01,2008-07-01,2008-07-01,edition,,,61,Green Bay,Wisconsin,United States,"Green Bay, WI, United States",29,29,,"Green Bay, WI",
9001,86,World Hustle Dance Championships,2008,7,2008-07-01,2008-07-01,2008-07-01,edition,,,123,Secaucus,New Jersey,United States,"Secaucus, NJ, United States",29,29,,"Secaucus, NJ",
9148,109,Colorado Country Classic,2008,6,2008-06-01,2008-06-01,2008-06-01,edition,,,29,Denver,Colorado,United States,"Denver, CO, United States",40,40,https://coloradocountryclassic.net/,"Denver, CO",
8372,25,J&J O'Rama,2008,6,2008-06-01,2008-06-01,2008-06-01,edition,,,23,Anaheim,California,United States,"Anaheim, CA, United States",100,97,https://jackandjillorama.com/,"Anaheim, CA",
9076,96,Liberty Swing Dance Championships,2008,6,2008-06-01,2008-06-01,2008-06-01,edition,,,41,New Brunswick,New Jersey,United States,"New Brunswick, NJ, United States",19,19,http://www.libertyswing.com/,"New Brunswick, NJ",Registry Event
9188,117,Orange Blossom Dance Festival,2008,6,2008-06-01,2008-06-01,2008-06-01,edition,,,82,Orlando,Florida,United States,"Orlando, FL, United States",29,29,http://www.orangeblossomdance.net/,"Orlando, FL",Registry Event
8514,44,Portland Dance Festival,2008,6,2008-06-01,2008-06-01,2008-06-01,edition,,,4,Portland,Oregon,United States,"Portland, OR, United States",40,40,,"Portland, OR",
9067,95,Swing Niagara Dance Championships,2008,6,2008-06-01,2008-06-01,2008-06-01,edition,,,80,Buffalo,New York,United States,"Buffalo, NY, United States",50,50,,"Buffalo, NY",
8824,67,Americas Classic,2008,5,2008-05-01,2008-05-01,2008-05-01,edition,,,44,Houston,Texas,United States,"Houston, TX, United States",85,81,,"Houston, TX",
9460,145,Come Rain Come Shine,2008,5,2008-05-01,2008-05-01,2008-05-01,edition,,,4,Portland,Oregon,United States,"Portland, OR, United States",44,40,,"Portland, OR",
8297,19,Eastern/Washington Dance Challenge,2008,5,2008-05-01,2008-05-01,2008-05-01,edition,,,13,Washington,District of Columbia,United States,"Washington, DC, United States",39,39,,"Washington, DC",
8314,20,FreZno Dance Classic,2008,5,2008-05-01,2008-05-01,2008-05-01,edition,,,5,Fresno,California,United States,"Fresno, CA, United States",82,82,,"Fresno, CA",
9444,144,Swingin' Into Spring,2008,5,2008-05-01,2008-05-01,2008-05-01,edition,,,131,Hartford,Connecticut,United States,"Hartford, CT, United States",56,56,http://www.sis.djkenm.com/,"Hartford, CT",Registry Event
9249,121,The Texas Classic,2008,5,2008-05-01,2008-05-01,2008-05-01,edition,,,39,Austin,Texas,United States,"Austin, TX, United States",10,10,http://Www.thetexasclassic.com,"Austin, TX",
8341,22,USA Grand Nationals,2008,5,2008-05-01,2008-05-01,2008-05-01,edition,,,25,Atlanta,Georgia,United States,"Atlanta, GA, United States",30,30,http://www.usagrandnationals.com/,"Atlanta, GA, United States",Registry Event
8888,73,World Swing Dance Championships,2008,5,2008-05-01,2008-05-01,2008-05-01,edition,,,14,San Bernardino,California,United States,"San Bernardino, CA, United States",58,49,,"San Bernardino, CA",
9180,116,Calgary Dance Stampede,2008,4,2008-04-01,2008-04-01,2008-04-01,edition,,,148,Calgary,,Canada,"Calgary, Canada",10,10,http://www.calgarydancestampede.com/,"Calgary, Canada",Registry Event
8273,18,Easter Swing,2008,4,2008-04-01,2008-04-01,2008-04-01,edition,,,30,Seattle,Washington,United States,"Seattle, WA, United States",106,104,https://easterswing.org/,"Seattle, WA, United States",Registry Event
9116,104,Los Angeles Premiere Dance Classic,2008,4,2008-04-01,2008-04-01,2008-04-01,edition,,,22,Los Angeles,California,United States,"Los Angeles, CA, United States",60,55,,"Los Angeles, CA",
9342,134,Swing Dance America,2008,4,2008-04-01,2008-04-01,2008-04-01,edition,,,89,Lake Geneva,Illinois,United States,"Lake Geneva, IL, United States",70,67,,"Lake Geneva, IL",
8149,9,Boston Tea Party,2008,3,2008-03-01,2008-03-01,2008-03-01,edition,,,8,Boston,Massachusetts,United States,"Boston, MA, United States",90,90,http://teapartyswings.com/,"Boston, MA",Registry Event
9429,143,High Desert Dance Classic,2008,3,2008-03-01,2008-03-01,2008-03-01,edition,,,18,Lancaster,California,United States,"Lancaster, CA, United States",51,44,http://www.highdesertdanceclassic.com/,"Lancaster, CA",Registry Event
9041,92,MADjam,2008,3,2008-03-01,2008-03-01,2008-03-01,edition,,,13,Washington,District of Columbia,United States,"Washington, DC, United States",109,109,http://www.atlanticdancejam.com,"Washington, DC, United States",Registry Event
9033,91,Reno Dance Sensation,2008,3,2008-03-01,2008-03-01,2008-03-01,edition,,,77,Reno,Nevada,United States,"Reno, NV, United States",110,107,,"Reno, NV",
9415,142,The Chicago Classic,2008,3,2008-03-01,2008-03-01,2008-03-01,edition,,,34,Chicago,Illinois,United States,"Chicago, IL, United States",98,98,https://thechicagoclassic.com/,"Chicago, IL",Registry Event
9327,132,Tulsa Spring Swing,2008,3,2008-03-01,2008-03-01,2008-03-01,edition,,,58,Tulsa,Oklahoma,United States,"Tulsa, OK, United States",49,49,http://www.tulsaspringswing.com/,"Tulsa, OK",Registry Event
8203,12,Capital Swing Dance Convention,2008,2,2008-02-01,2008-02-01,2008-02-01,edition,,,6,Sacramento,California,United States,"Sacramento, CA, United States",128,128,http://www.capitalswingconvention.com/,"Sacramento, CA",Registry Event
9176,115,Da Dance Camp,2008,2,2008-02-01,2008-02-01,2008-02-01,edition,,,34,Chicago,Illinois,United States,"Chicago, IL, United States",16,16,,"Chicago, IL",
8741,62,Monterey SwingFest,2008,1,2008-01-01,2008-01-01,2008-01-01,edition,,,1,Monterey,California,United States,"Monterey, CA, United States",74,73,http://www.montereyswing.com/,"Monterey, CA",Registry Event
8715,61,SwingDiego,2008,1,2008-01-01,2008-01-01,2008-01-01,edition,,,10,San Diego,California,United States,"San Diego, CA, United States",112,112,,"San Diego, CA",
8469,42,Floorplay Swing Vacation,2007,12,2007-12-01,2007-12-01,2007-12-01,edition,,,82,Orlando,Florida,United States,"Orlando, FL, United States",50,42,http://www.floorplayswingvacation.com/,"Orlando, FL",Registry Event
9399,140,Hawaii Dance Sensation,2007,12,2007-12-01,2007-12-01,2007-12-01,edition,,,176,Honolulu,Hawaii,United States,"Honolulu, HI, United States",20,20,,"Honolulu, HI",
9395,139,New Year's Dancin' Eve,2007,12,2007-12-01,2007-12-01,2007-12-01,edition,,,79,Burlington,Massachusetts,United States,"Burlington (Boston), MA, United States",69,69,,"Burlington (Boston), MA, United States",
9873,195,Palm Springs New Years Swing Dance Classic,2007,12,2007-12-01,2007-12-01,2007-12-01,edition,,,20,Palm Springs,California,United States,"Palm Springs, CA, United States",92,90,,"Palm Springs, CA",
9400,141,Spotlight New Year's Celebration,2007,12,2007-12-01,2007-12-01,2007-12-01,edition,,,43,Nashville,Tennessee,United States,"Nashville, TN, United States",50,50,http://www.spotlightnewyears.com/,"Nashville, TN",Registry Event
8894,75,UCWDC Country Dance World Championship,2007,12,2007-12-01,2007-12-01,2007-12-01,edition,,,21,Dallas,Texas,United States,"Dallas, TX, United States",28,28,http://www.ucwdcworlds.com/,"Dallas, TX",Registry Event
9007,87,CASH Bash,2007,11,2007-11-01,2007-11-01,2007-11-01,edition,,,96,Cleveland,Ohio,United States,"Cleveland, OH, United States",39,39,https://cashdanceclub.org/cash-bash/,"Cleveland, OH",Registry Event
8424,31,Mountain Magic,2007,11,2007-11-01,2007-11-01,2007-11-01,edition,,,28,South Lake Tahoe (near Reno),Nevada,United States,"South Lake Tahoe (near Reno), NV, United States",58,58,http://mountainmagic.dance,"South Lake Tahoe (near Reno), NV",
9393,138,Music City Swing Dance Championships,2007,11,2007-11-01,2007-11-01,2007-11-01,edition,,,43,Nashville,Tennessee,United States,"Nashville, TN, United States",35,35,,"Nashville, TN",
8767,63,Swingin' New England Dance Festival,2007,11,2007-11-01,2007-11-01,2007-11-01,edition,,,70,Newton,Massachusetts,United States,"Newton (Boston), MA, United States",80,80,,"Newton (Boston), MA, United States",
9378,137,Tampa Bay Classic,2007,11,2007-11-01,2007-11-01,2007-11-01,edition,,,53,Tampa,Florida,United States,"Tampa, FL, United States",51,50,http://www.tbcwcs.com/,"Tampa, FL",Registry Event
8972,80,Twin City Swing Challenge,2007,11,2007-11-01,2007-11-01,2007-11-01,edition,,,75,Minneapolis,Minnesota,United States,"Minneapolis, MN, United States",29,29,,"Minneapolis, MN",
8840,68,US Open Swing Dance Championships,2007,11,2007-11-01,2007-11-01,2007-11-01,edition,,,22,Los Angeles,California,United States,"Los Angeles, CA, United States",20,20,http://www.theopenswing.com/,"Los Angeles, CA",Registry Event
8121,8,Boogie By The Bay,2007,10,2007-10-01,2007-10-01,2007-10-01,edition,,,2,San Francisco,California,United States,"San Francisco, CA, United States",123,123,https://boogiebythebay.com/,"San Francisco, CA",Registry Event
9290,126,Chico Dance Sensation,2007,10,2007-10-01,2007-10-01,2007-10-01,edition,,,101,Chico,California,United States,"Chico, CA, United States",60,59,,"Chico, CA",
9376,136,Halloween In Harrisburg & Swingzing,2007,10,2007-10-01,2007-10-01,2007-10-01,edition,,,160,Carlisle,Pennsylvania,United States,"Carlisle, PA, United States",8,8,,"Carlisle, PA",
8795,65,Halloween SwingThing,2007,10,2007-10-01,2007-10-01,2007-10-01,edition,,,24,Costa Mesa,California,United States,"Costa Mesa, CA, United States",82,78,http://hstswing.com/,"Costa Mesa, CA",Registry Event
9272,125,Swing City Chicago,2007,10,2007-10-01,2007-10-01,2007-10-01,edition,,,34,Chicago,Illinois,United States,"Chicago, IL, United States",57,57,https://swingcitychicago.com/,"Chicago, IL",Registry Event
9297,127,Tulsa Fall Fling,2007,10,2007-10-01,2007-10-01,2007-10-01,edition,,,58,Tulsa,Oklahoma,United States,"Tulsa, OK, United States",10,10,,"Tulsa, OK",
8170,10,Bridgetown Swing Boogie,2007,9,2007-09-01,2007-09-01,2007-09-01,edition,,,74,Vancouver,Washington,United States,"Vancouver, WA, United States",62,60,,"Vancouver, WA",
8245,15,Dallas D.A.N.C.E.,2007,9,2007-09-01,2007-09-01,2007-09-01,edition,,,21,Dallas,Texas,United States,"Dallas, TX, United States",60,60,,"Dallas, TX",
9357,135,Desert City Swing,2007,9,2007-09-01,2007-09-01,2007-09-01,edition,,,3,Phoenix,Arizona,United States,"Phoenix, AZ, United States",52,50,https://www.desertcityswing.com/,"Phoenix, AZ",Registry Event
9308,131,Meet Me In St Louis,2007,9,2007-09-01,2007-09-01,2007-09-01,edition,,,49,St. Louis,Missouri,United States,"St. Louis, MO, United States",50,50,http://Www.mmisl.com,"St. Louis, MO",
9105,100,New Mexico Dance Fiesta,2007,9,2007-09-01,2007-09-01,2007-09-01,edition,,,94,Albuquerque,New Mexico,United States,"Albuquerque, NM, United States",10,10,,"Albuquerque, NM",
8605,51,Palm Springs Summer Dance Classic,2007,9,2007-09-01,2007-09-01,2007-09-01,edition,,,20,Palm Springs,California,United States,"Palm Springs, CA, United States",86,78,,"Palm Springs, CA",
9304,130,River City Dance Festival,2007,9,2007-09-01,2007-09-01,2007-09-01,edition,,,205,Edmonton,,Canada,"Edmonton, Canada",10,10,,"Edmonton, Canada",
8952,79,Sea to Sky,2007,9,2007-09-01,2007-09-01,2007-09-01,edition,,,30,Seattle,Washington,United States,"Seattle, WA, United States",58,55,http://Seatoskywcs.com,"Seattle, WA",
8871,70,Virginia State Open,2007,9,2007-09-01,2007-09-01,2007-09-01,edition,,,38,Herndon,Virginia,United States,"Herndon, VA, United States",40,39,,"Herndon, VA",
9266,122,Boston Dance Revolution,2007,8,2007-08-01,2007-08-01,2007-08-01,edition,,,8,Boston,Massachusetts,United States,"Boston, MA, United States",29,29,,"Boston, MA",
9209,119,Chicagoland Country and Swing Dance Festival,2007,8,2007-08-01,2007-08-01,2007-08-01,edition,,,34,Chicago,Illinois,United States,"Chicago, IL, United States",36,36,https://chicagolanddancefestival.com/,"Chicago, IL",Registry Event
9229,120,Lone Star Invitational,2007,8,2007-08-01,2007-08-01,2007-08-01,edition,,,39,Austin,Texas,United States,"Austin, TX, United States",19,19,,"Austin, TX",
8571,48,South Bay Dance Fling,2007,8,2007-08-01,2007-08-01,2007-08-01,edition,,,16,San Jose,California,United States,"San Jose, CA, United States",60,56,http://www.SBDF.dance,"San Jose, CA",
8638,53,Summer Hummer,2007,8,2007-08-01,2007-08-01,2007-08-01,edition,,,397,Woburn,Massachusetts,United States,"Woburn (Boston), MA, United States",92,92,https://summerhummerboston.com/,"Woburn (Boston), MA, United States",Registry Event
8545,47,SwingTime Denver,2007,8,2007-08-01,2007-08-01,2007-08-01,edition,,,29,Denver,Colorado,United States,"Denver, CO, United States",85,81,http://www.swingtimewcs.com/,"Denver, CO, United States",Registry Event
8066,1,4TH of July Convention,2007,7,2007-07-01,2007-07-01,2007-07-01,edition,,,3,Phoenix,Arizona,United States,"Phoenix, AZ, United States",114,114,http://phoenix4thofjuly.com,"Phoenix, AZ",
9165,110,Brandin' Iron Dance Festival,2007,7,2007-07-01,2007-07-01,2007-07-01,edition,,,14,San Bernardino,California,United States,"San Bernardino, CA, United States",20,18,,"San Bernardino, CA",
9269,123,Champions Weekend (MA),2007,7,2007-07-01,2007-07-01,2007-07-01,edition,,,145,Natick,Massachusetts,United States,"Natick, MA, United States",30,30,,"Natick, MA",
9096,97,Grand Prix of Swing,2007,7,2007-07-01,2007-07-01,2007-07-01,edition,,,9,Kansas City,Missouri,United States,"Kansas City, MO, United States",59,55,,"Kansas City, MO",
8445,32,National Jitterbug Championships,2007,7,2007-07-01,2007-07-01,2007-07-01,edition,,,31,Long Beach,California,United States,"Long Beach, CA, United States",30,30,,"Long Beach, CA",
8686,59,Swing Fling,2007,7,2007-07-01,2007-07-01,2007-07-01,edition,,,38,Herndon,Virginia,United States,"Herndon, VA, United States",68,68,http://www.swingfling.com,"Herndon, VA, United States",Registry Event
9000,86,World Hustle Dance Championships,2007,7,2007-07-01,2007-07-01,2007-07-01,edition,,,123,Secaucus,New Jersey,United States,"Secaucus, NJ, United States",16,16,,"Secaucus, NJ",
9147,109,Colorado Country Classic,2007,6,2007-06-01,2007-06-01,2007-06-01,edition,,,29,Denver,Colorado,United States,"Denver, CO, United States",20,20,https://coloradocountryclassic.net/,"Denver, CO",
8371,25,J&J O'Rama,2007,6,2007-06-01,2007-06-01,2007-06-01,edition,,,23,Anaheim,California,United States,"Anaheim, CA, United States",98,94,https://jackandjillorama.com/,"Anaheim, CA",
9075,96,Liberty Swing Dance Championships,2007,6,2007-06-01,2007-06-01,2007-06-01,edition,,,41,New Brunswick,New Jersey,United States,"New Brunswick, NJ, United States",78,78,http://www.libertyswing.com/,"New Brunswick, NJ",Registry Event
9187,117,Orange Blossom Dance Festival,2007,6,2007-06-01,2007-06-01,2007-06-01,edition,,,82,Orlando,Florida,United States,"Orlando, FL, United States",25,25,http://www.orangeblossomdance.net/,"Orlando, FL",Registry Event
9066,95,Swing Niagara Dance Championships,2007,6,2007-06-01,2007-06-01,2007-06-01,edition,,,80,Buffalo,New York,United States,"Buffalo, NY, United States",48,48,,"Buffalo, NY",
8823,67,Americas Classic,2007,5,2007-05-01,2007-05-01,2007-05-01,edition,,,44,Houston,Texas,United States,"Houston, TX, United States",72,72,,"Houston, TX",
9122,105,Canadian Swing Championships,2007,5,2007-05-01,2007-05-01,2007-05-01,edition,,,86,Montreal,,Canada,"Montreal, Canada",10,10,http://www.canadianswingchampionships.com,"Montreal, Canada",
9061,93,Champion's Weekend (MD),2007,5,2007-05-01,2007-05-01,2007-05-01,edition,,,152,College Park,Maryland,United States,"College Park, MD, United States",10,10,,"College Park, MD",
8296,19,Eastern/Washington Dance Challenge,2007,5,2007-05-01,2007-05-01,2007-05-01,edition,,,13,Washington,District of Columbia,United States,"Washington, DC, United States",40,39,,"Washington, DC",
8313,20,FreZno Dance Classic,2007,5,2007-05-01,2007-05-01,2007-05-01,edition,,,5,Fresno,California,United States,"Fresno, CA, United States",86,86,,"Fresno, CA",
9248,121,The Texas Classic,2007,5,2007-05-01,2007-05-01,2007-05-01,edition,,,39,Austin,Texas,United States,"Austin, TX, United States",10,10,http://Www.thetexasclassic.com,"Austin, TX",
8340,22,USA Grand Nationals,2007,5,2007-05-01,2007-05-01,2007-05-01,edition,,,25,Atlanta,Georgia,United States,"Atlanta, GA, United States",30,30,http://www.usagrandnationals.com/,"Atlanta, GA, United States",Registry Event
8887,73,World Swing Dance Championships,2007,5,2007-05-01,2007-05-01,2007-05-01,edition,,,14,San Bernardino,California,United States,"San Bernardino, CA, United States",56,52,,"San Bernardino, CA",
9179,116,Calgary Dance Stampede,2007,4,2007-04-01,2007-04-01,2007-04-01,edition,,,148,Calgary,,Canada,"Calgary, Canada",20,20,http://www.calgarydancestampede.com/,"Calgary, Canada",Registry Event
8272,18,Easter Swing,2007,4,2007-04-01,2007-04-01,2007-04-01,edition,,,30,Seattle,Washington,United States,"Seattle, WA, United States",104,102,https://easterswing.org/,"Seattle, WA, United States",Registry Event
9115,104,Los Angeles Premiere Dance Classic,2007,4,2007-04-01,2007-04-01,2007-04-01,edition,,,22,Los Angeles,California,United States,"Los Angeles, CA, United States",70,70,,"Los Angeles, CA",
9142,107,Motown Dance Championships,2007,4,2007-04-01,2007-04-01,2007-04-01,edition,,,51,Detroit,Michigan,United States,"Detroit, MI, United States",40,40,,"Detroit, MI",
9341,134,Swing Dance America,2007,4,2007-04-01,2007-04-01,2007-04-01,edition,,,89,Lake Geneva,Illinois,United States,"Lake Geneva, IL, United States",54,54,,"Lake Geneva, IL",
8148,9,Boston Tea Party,2007,3,2007-03-01,2007-03-01,2007-03-01,edition,,,8,Boston,Massachusetts,United States,"Boston, MA, United States",69,69,http://teapartyswings.com/,"Boston, MA",Registry Event
9173,114,British Columbia Dance Challenge,2007,3,2007-03-01,2007-03-01,2007-03-01,edition,,,128,Richmond,,Canada,"Richmond, Canada",40,39,,"Richmond, Canada",
9040,92,MADjam,2007,3,2007-03-01,2007-03-01,2007-03-01,edition,,,13,Washington,District of Columbia,United States,"Washington, DC, United States",100,100,http://www.atlanticdancejam.com,"Washington, DC, United States",Registry Event
9032,91,Reno Dance Sensation,2007,3,2007-03-01,2007-03-01,2007-03-01,edition,,,77,Reno,Nevada,United States,"Reno, NV, United States",76,74,,"Reno, NV",
9326,132,Tulsa Spring Swing,2007,3,2007-03-01,2007-03-01,2007-03-01,edition,,,58,Tulsa,Oklahoma,United States,"Tulsa, OK, United States",42,42,http://www.tulsaspringswing.com/,"Tulsa, OK",Registry Event
8202,12,Capital Swing Dance Convention,2007,2,2007-02-01,2007-02-01,2007-02-01,edition,,,6,Sacramento,California,United States,"Sacramento, CA, United States",133,133,http://www.capitalswingconvention.com/,"Sacramento, CA",Registry Event
9175,115,Da Dance Camp,2007,2,2007-02-01,2007-02-01,2007-02-01,edition,,,34,Chicago,Illinois,United States,"Chicago, IL, United States",40,40,,"Chicago, IL",
8982,82,Motor City Jam,2007,2,2007-02-01,2007-02-01,2007-02-01,edition,,,12,Michigan,Michigan,United States,"Michigan, MI, United States",5,5,,"Michigan, MI",
8740,62,Monterey SwingFest,2007,1,2007-01-01,2007-01-01,2007-01-01,edition,,,1,Monterey,California,United States,"Monterey, CA, United States",92,84,http://www.montereyswing.com/,"Monterey, CA",Registry Event
8714,61,SwingDiego,2007,1,2007-01-01,2007-01-01,2007-01-01,edition,,,10,San Diego,California,United States,"San Diego, CA, United States",100,100,,"San Diego, CA",
8468,42,Floorplay Swing Vacation,2006,12,2006-12-01,2006-12-01,2006-12-01,edition,,,82,Orlando,Florida,United States,"Orlando, FL, United States",40,33,http://www.floorplayswingvacation.com/,"Orlando, FL",Registry Event
9872,195,Palm Springs New Years Swing Dance Classic,2006,12,2006-12-01,2006-12-01,2006-12-01,edition,,,20,Palm Springs,California,United States,"Palm Springs, CA, United States",85,79,,"Palm Springs, CA",
9006,87,CASH Bash,2006,11,2006-11-01,2006-11-01,2006-11-01,edition,,,96,Cleveland,Ohio,United States,"Cleveland, OH, United States",36,36,https://cashdanceclub.org/cash-bash/,"Cleveland, OH",Registry Event
9171,113,Dallas Dance Festival,2006,11,2006-11-01,2006-11-01,2006-11-01,edition,,,21,Dallas,Texas,United States,"Dallas, TX, United States",20,20,,"Dallas, TX",
8423,31,Mountain Magic,2006,11,2006-11-01,2006-11-01,2006-11-01,edition,,,28,South Lake Tahoe (near Reno),Nevada,United States,"South Lake Tahoe (near Reno), NV, United States",46,46,http://mountainmagic.dance,"South Lake Tahoe (near Reno), NV",
8766,63,Swingin' New England Dance Festival,2006,11,2006-11-01,2006-11-01,2006-11-01,edition,,,70,Newton,Massachusetts,United States,"Newton (Boston), MA, United States",98,98,,"Newton (Boston), MA, United States",
8971,80,Twin City Swing Challenge,2006,11,2006-11-01,2006-11-01,2006-11-01,edition,,,75,Minneapolis,Minnesota,United States,"Minneapolis, MN, United States",60,54,,"Minneapolis, MN",
8839,68,US Open Swing Dance Championships,2006,11,2006-11-01,2006-11-01,2006-11-01,edition,,,22,Los Angeles,California,United States,"Los Angeles, CA, United States",20,20,http://www.theopenswing.com/,"Los Angeles, CA",Registry Event
9300,129,West Coast Dance Challenge,2006,11,2006-11-01,2006-11-01,2006-11-01,edition,,,97,Redmond,Washington,United States,"Redmond, WA, United States",40,40,,"Redmond, WA",
8120,8,Boogie By The Bay,2006,10,2006-10-01,2006-10-01,2006-10-01,edition,,,2,San Francisco,California,United States,"San Francisco, CA, United States",140,137,https://boogiebythebay.com/,"San Francisco, CA",Registry Event
9289,126,Chico Dance Sensation,2006,10,2006-10-01,2006-10-01,2006-10-01,edition,,,101,Chico,California,United States,"Chico, CA, United States",67,65,,"Chico, CA",
8794,65,Halloween SwingThing,2006,10,2006-10-01,2006-10-01,2006-10-01,edition,,,24,Costa Mesa,California,United States,"Costa Mesa, CA, United States",76,68,http://hstswing.com/,"Costa Mesa, CA",Registry Event
8977,81,Nashville Swing & Shag Dance Classic,2006,10,2006-10-01,2006-10-01,2006-10-01,edition,,,43,Nashville,Tennessee,United States,"Nashville, TN, United States",77,73,,"Nashville, TN",
8493,43,Paradise Dance Festival,2006,10,2006-10-01,2006-10-01,2006-10-01,edition,,,19,Irvine,California,United States,"Irvine, CA, United States",18,18,https://paradisecountrydancefestival.com/,"Irvine, CA",Registry Event
9270,124,ProviDANCE Swing in the City,2006,10,2006-10-01,2006-10-01,2006-10-01,edition,,,146,Providence,Rhode Island,United States,"Providence, RI, United States",39,39,,"Providence, RI",
9271,125,Swing City Chicago,2006,10,2006-10-01,2006-10-01,2006-10-01,edition,,,34,Chicago,Illinois,United States,"Chicago, IL, United States",39,39,https://swingcitychicago.com/,"Chicago, IL",Registry Event
9296,127,Tulsa Fall Fling,2006,10,2006-10-01,2006-10-01,2006-10-01,edition,,,58,Tulsa,Oklahoma,United States,"Tulsa, OK, United States",20,20,,"Tulsa, OK",
9169,112,US National Dance Championships,2006,10,2006-10-01,2006-10-01,2006-10-01,edition,,,13,Washington,District of Columbia,United States,"Washington, DC, United States",9,9,,"Washington, DC",
9299,128,Waltz Across Texas,2006,10,2006-10-01,2006-10-01,2006-10-01,edition,,,44,Houston,Texas,United States,"Houston, TX, United States",18,18,,"Houston, TX",
8169,10,Bridgetown Swing Boogie,2006,9,2006-09-01,2006-09-01,2006-09-01,edition,,,74,Vancouver,Washington,United States,"Vancouver, WA, United States",87,80,,"Vancouver, WA",
8244,15,Dallas D.A.N.C.E.,2006,9,2006-09-01,2006-09-01,2006-09-01,edition,,,21,Dallas,Texas,United States,"Dallas, TX, United States",60,60,,"Dallas, TX",
9104,100,New Mexico Dance Fiesta,2006,9,2006-09-01,2006-09-01,2006-09-01,edition,,,94,Albuquerque,New Mexico,United States,"Albuquerque, NM, United States",20,20,,"Albuquerque, NM",
8604,51,Palm Springs Summer Dance Classic,2006,9,2006-09-01,2006-09-01,2006-09-01,edition,,,20,Palm Springs,California,United States,"Palm Springs, CA, United States",78,74,,"Palm Springs, CA",
9303,130,River City Dance Festival,2006,9,2006-09-01,2006-09-01,2006-09-01,edition,,,205,Edmonton,,Canada,"Edmonton, Canada",10,10,,"Edmonton, Canada",
8870,70,Virginia State Open,2006,9,2006-09-01,2006-09-01,2006-09-01,edition,,,38,Herndon,Virginia,United States,"Herndon, VA, United States",43,43,,"Herndon, VA",
9265,122,Boston Dance Revolution,2006,8,2006-08-01,2006-08-01,2006-08-01,edition,,,8,Boston,Massachusetts,United States,"Boston, MA, United States",34,34,,"Boston, MA",
9208,119,Chicagoland Country and Swing Dance Festival,2006,8,2006-08-01,2006-08-01,2006-08-01,edition,,,34,Chicago,Illinois,United States,"Chicago, IL, United States",42,42,https://chicagolanddancefestival.com/,"Chicago, IL",Registry Event
9228,120,Lone Star Invitational,2006,8,2006-08-01,2006-08-01,2006-08-01,edition,,,39,Austin,Texas,United States,"Austin, TX, United States",38,38,,"Austin, TX",
9167,111,MadMAC,2006,8,2006-08-01,2006-08-01,2006-08-01,edition,,,115,Madison,Wisconsin,United States,"Madison, WI, United States",52,51,,"Madison, WI",
8570,48,South Bay Dance Fling,2006,8,2006-08-01,2006-08-01,2006-08-01,edition,,,16,San Jose,California,United States,"San Jose, CA, United States",50,50,http://www.SBDF.dance,"San Jose, CA",
8637,53,Summer Hummer,2006,8,2006-08-01,2006-08-01,2006-08-01,edition,,,397,Woburn,Massachusetts,United States,"Woburn (Boston), MA, United States",100,94,https://summerhummerboston.com/,"Woburn (Boston), MA, United States",Registry Event
8544,47,SwingTime Denver,2006,8,2006-08-01,2006-08-01,2006-08-01,edition,,,29,Denver,Colorado,United States,"Denver, CO, United States",104,101,http://www.swingtimewcs.com/,"Denver, CO, United States",Registry Event
8065,1,4TH of July Convention,2006,7,2006-07-01,2006-07-01,2006-07-01,edition,,,3,Phoenix,Arizona,United States,"Phoenix, AZ, United States",108,108,http://phoenix4thofjuly.com,"Phoenix, AZ",
9164,110,Brandin' Iron Dance Festival,2006,7,2006-07-01,2006-07-01,2006-07-01,edition,,,14,San Bernardino,California,United States,"San Bernardino, CA, United States",43,43,,"San Bernardino, CA",
9268,123,Champions Weekend (MA),2006,7,2006-07-01,2006-07-01,2006-07-01,edition,,,145,Natick,Massachusetts,United States,"Natick, MA, United States",38,38,,"Natick, MA",
9095,97,Grand Prix of Swing,2006,7,2006-07-01,2006-07-01,2006-07-01,edition,,,9,Kansas City,Missouri,United States,"Kansas City, MO, United States",52,44,,"Kansas City, MO",
8912,76,Michigan Dance Classic,2006,7,2006-07-01,2006-07-01,2006-07-01,edition,,,51,Detroit,Michigan,United States,"Detroit, MI, United States",26,26,http://michiganclassicswing.com/,"Detroit, MI",Registry Event
8685,59,Swing Fling,2006,7,2006-07-01,2006-07-01,2006-07-01,edition,,,38,Herndon,Virginia,United States,"Herndon, VA, United States",80,70,http://www.swingfling.com,"Herndon, VA, United States",Registry Event
8987,84,Wisconsin Dance Challenge/Midwest Area Swing Dance Challenge,2006,7,2006-07-01,2006-07-01,2006-07-01,edition,,,61,Green Bay,Wisconsin,United States,"Green Bay, WI, United States",56,56,,"Green Bay, WI",
9146,109,Colorado Country Classic,2006,6,2006-06-01,2006-06-01,2006-06-01,edition,,,29,Denver,Colorado,United States,"Denver, CO, United States",28,28,https://coloradocountryclassic.net/,"Denver, CO",
8996,85,Indy Swing Classic,2006,6,2006-06-01,2006-06-01,2006-06-01,edition,,,64,Indianapolis,Indiana,United States,"Indianapolis, IN, United States",40,40,,"Indianapolis, IN",
8370,25,J&J O'Rama,2006,6,2006-06-01,2006-06-01,2006-06-01,edition,,,23,Anaheim,California,United States,"Anaheim, CA, United States",94,87,https://jackandjillorama.com/,"Anaheim, CA",
9074,96,Liberty Swing Dance Championships,2006,6,2006-06-01,2006-06-01,2006-06-01,edition,,,41,New Brunswick,New Jersey,United States,"New Brunswick, NJ, United States",88,87,http://www.libertyswing.com/,"New Brunswick, NJ",Registry Event
9186,117,Orange Blossom Dance Festival,2006,6,2006-06-01,2006-06-01,2006-06-01,edition,,,82,Orlando,Florida,United States,"Orlando, FL, United States",29,29,http://www.orangeblossomdance.net/,"Orlando, FL",Registry Event
8513,44,Portland Dance Festival,2006,6,2006-06-01,2006-06-01,2006-06-01,edition,,,4,Portland,Oregon,United States,"Portland, OR, United States",41,41,,"Portland, OR",
9065,95,Swing Niagara Dance Championships,2006,6,2006-06-01,2006-06-01,2006-06-01,edition,,,80,Buffalo,New York,United States,"Buffalo, NY, United States",78,77,,"Buffalo, NY",
8822,67,Americas Classic,2006,5,2006-05-01,2006-05-01,2006-05-01,edition,,,44,Houston,Texas,United States,"Houston, TX, United States",60,60,,"Houston, TX",
9121,105,Canadian Swing Championships,2006,5,2006-05-01,2006-05-01,2006-05-01,edition,,,86,Montreal,,Canada,"Montreal, Canada",6,6,http://www.canadianswingchampionships.com,"Montreal, Canada",
9060,93,Champion's Weekend (MD),2006,5,2006-05-01,2006-05-01,2006-05-01,edition,,,152,College Park,Maryland,United States,"College Park, MD, United States",13,13,,"College Park, MD",
8295,19,Eastern/Washington Dance Challenge,2006,5,2006-05-01,2006-05-01,2006-05-01,edition,,,13,Washington,District of Columbia,United States,"Washington, DC, United States",49,49,,"Washington, DC",
8312,20,FreZno Dance Classic,2006,5,2006-05-01,2006-05-01,2006-05-01,edition,,,5,Fresno,California,United States,"Fresno, CA, United States",90,87,,"Fresno, CA",
9247,121,The Texas Classic,2006,5,2006-05-01,2006-05-01,2006-05-01,edition,,,39,Austin,Texas,United States,"Austin, TX, United States",25,25,http://Www.thetexasclassic.com,"Austin, TX",
8339,22,USA Grand Nationals,2006,5,2006-05-01,2006-05-01,2006-05-01,edition,,,25,Atlanta,Georgia,United States,"Atlanta, GA, United States",32,32,http://www.usagrandnationals.com/,"Atlanta, GA, United States",Registry Event
9144,108,Vancouver Vibrations,2006,5,2006-05-01,2006-05-01,2006-05-01,edition,,,154,Vancouver,,Canada,"Vancouver, Canada",10,10,,"Vancouver, Canada",
9178,116,Calgary Dance Stampede,2006,4,2006-04-01,2006-04-01,2006-04-01,edition,,,148,Calgary,,Canada,"Calgary, Canada",10,10,http://www.calgarydancestampede.com/,"Calgary, Canada",Registry Event
8271,18,Easter Swing,2006,4,2006-04-01,2006-04-01,2006-04-01,edition,,,30,Seattle,Washington,United States,"Seattle, WA, United States",100,93,https://easterswing.org/,"Seattle, WA, United States",Registry Event
9114,104,Los Angeles Premiere Dance Classic,2006,4,2006-04-01,2006-04-01,2006-04-01,edition,,,22,Los Angeles,California,United States,"Los Angeles, CA, United States",70,70,,"Los Angeles, CA",
9141,107,Motown Dance Championships,2006,4,2006-04-01,2006-04-01,2006-04-01,edition,,,51,Detroit,Michigan,United States,"Detroit, MI, United States",46,46,,"Detroit, MI",
9139,106,Phoenix Dance Festival,2006,4,2006-04-01,2006-04-01,2006-04-01,edition,,,3,Phoenix,Arizona,United States,"Phoenix, AZ, United States",28,28,,"Phoenix, AZ",
8147,9,Boston Tea Party,2006,3,2006-03-01,2006-03-01,2006-03-01,edition,,,8,Boston,Massachusetts,United States,"Boston, MA, United States",87,87,http://teapartyswings.com/,"Boston, MA",Registry Event
9172,114,British Columbia Dance Challenge,2006,3,2006-03-01,2006-03-01,2006-03-01,edition,,,128,Richmond,,Canada,"Richmond, Canada",43,43,,"Richmond, Canada",
9039,92,MADjam,2006,3,2006-03-01,2006-03-01,2006-03-01,edition,,,13,Washington,District of Columbia,United States,"Washington, DC, United States",101,95,http://www.atlanticdancejam.com,"Washington, DC, United States",Registry Event
9031,91,Reno Dance Sensation,2006,3,2006-03-01,2006-03-01,2006-03-01,edition,,,77,Reno,Nevada,United States,"Reno, NV, United States",115,104,,"Reno, NV",
8201,12,Capital Swing Dance Convention,2006,2,2006-02-01,2006-02-01,2006-02-01,edition,,,6,Sacramento,California,United States,"Sacramento, CA, United States",133,133,http://www.capitalswingconvention.com/,"Sacramento, CA",Registry Event
9174,115,Da Dance Camp,2006,2,2006-02-01,2006-02-01,2006-02-01,edition,,,34,Chicago,Illinois,United States,"Chicago, IL, United States",35,35,,"Chicago, IL",
8981,82,Motor City Jam,2006,2,2006-02-01,2006-02-01,2006-02-01,edition,,,12,Michigan,Michigan,United States,"Michigan, MI, United States",10,10,,"Michigan, MI",
10620,334,Countdown Swing Boston,2006,1,2006-01-01,2006-01-01,2006-01-01,edition,,,8,Boston,Massachusetts,United States,"Boston, MA, United States",65,65,http://countdownswingboston.com/,"Boston, MA",Registry Event
8739,62,Monterey SwingFest,2006,1,2006-01-01,2006-01-01,2006-01-01,edition,,,1,Monterey,California,United States,"Monterey, CA, United States",90,83,http://www.montereyswing.com/,"Monterey, CA",Registry Event
8713,61,SwingDiego,2006,1,2006-01-01,2006-01-01,2006-01-01,edition,,,10,San Diego,California,United States,"San Diego, CA, United States",98,98,,"San Diego, CA",
9871,195,Palm Springs New Years Swing Dance Classic,2005,12,2005-12-01,2005-12-01,2005-12-01,edition,,,20,Palm Springs,California,United States,"Palm Springs, CA, United States",96,91,,"Palm Springs, CA",
8893,75,UCWDC Country Dance World Championship,2005,12,2005-12-01,2005-12-01,2005-12-01,edition,,,21,Dallas,Texas,United States,"Dallas, TX, United States",60,59,http://www.ucwdcworlds.com/,"Dallas, TX",Registry Event
9005,87,CASH Bash,2005,11,2005-11-01,2005-11-01,2005-11-01,edition,,,96,Cleveland,Ohio,United States,"Cleveland, OH, United States",42,42,https://cashdanceclub.org/cash-bash/,"Cleveland, OH",Registry Event
9170,113,Dallas Dance Festival,2005,11,2005-11-01,2005-11-01,2005-11-01,edition,,,21,Dallas,Texas,United States,"Dallas, TX, United States",29,29,,"Dallas, TX",
8422,31,Mountain Magic,2005,11,2005-11-01,2005-11-01,2005-11-01,edition,,,28,South Lake Tahoe (near Reno),Nevada,United States,"South Lake Tahoe (near Reno), NV, United States",56,56,http://mountainmagic.dance,"South Lake Tahoe (near Reno), NV",
8765,63,Swingin' New England Dance Festival,2005,11,2005-11-01,2005-11-01,2005-11-01,edition,,,70,Newton,Massachusetts,United States,"Newton (Boston), MA, United States",139,131,,"Newton (Boston), MA, United States",
8970,80,Twin City Swing Challenge,2005,11,2005-11-01,2005-11-01,2005-11-01,edition,,,75,Minneapolis,Minnesota,United States,"Minneapolis, MN, United States",63,58,,"Minneapolis, MN",
8838,68,US Open Swing Dance Championships,2005,11,2005-11-01,2005-11-01,2005-11-01,edition,,,22,Los Angeles,California,United States,"Los Angeles, CA, United States",24,24,http://www.theopenswing.com/,"Los Angeles, CA",Registry Event
8119,8,Boogie By The Bay,2005,10,2005-10-01,2005-10-01,2005-10-01,edition,,,2,San Francisco,California,United States,"San Francisco, CA, United States",130,125,https://boogiebythebay.com/,"San Francisco, CA",Registry Event
8793,65,Halloween SwingThing,2005,10,2005-10-01,2005-10-01,2005-10-01,edition,,,24,Costa Mesa,California,United States,"Costa Mesa, CA, United States",68,63,http://hstswing.com/,"Costa Mesa, CA",Registry Event
9027,89,Monster Mash,2005,10,2005-10-01,2005-10-01,2005-10-01,edition,,,81,Spokane,Washington,United States,"Spokane, WA, United States",49,49,,"Spokane, WA",
8976,81,Nashville Swing & Shag Dance Classic,2005,10,2005-10-01,2005-10-01,2005-10-01,edition,,,43,Nashville,Tennessee,United States,"Nashville, TN, United States",59,59,,"Nashville, TN",
8492,43,Paradise Dance Festival,2005,10,2005-10-01,2005-10-01,2005-10-01,edition,,,19,Irvine,California,United States,"Irvine, CA, United States",22,22,https://paradisecountrydancefestival.com/,"Irvine, CA",Registry Event
9168,112,US National Dance Championships,2005,10,2005-10-01,2005-10-01,2005-10-01,edition,,,13,Washington,District of Columbia,United States,"Washington, DC, United States",20,20,,"Washington, DC",
8168,10,Bridgetown Swing Boogie,2005,9,2005-09-01,2005-09-01,2005-09-01,edition,,,74,Vancouver,Washington,United States,"Vancouver, WA, United States",65,60,,"Vancouver, WA",
8243,15,Dallas D.A.N.C.E.,2005,9,2005-09-01,2005-09-01,2005-09-01,edition,,,21,Dallas,Texas,United States,"Dallas, TX, United States",74,74,,"Dallas, TX",
9103,100,New Mexico Dance Fiesta,2005,9,2005-09-01,2005-09-01,2005-09-01,edition,,,94,Albuquerque,New Mexico,United States,"Albuquerque, NM, United States",20,20,,"Albuquerque, NM",
8603,51,Palm Springs Summer Dance Classic,2005,9,2005-09-01,2005-09-01,2005-09-01,edition,,,20,Palm Springs,California,United States,"Palm Springs, CA, United States",82,79,,"Palm Springs, CA",
8869,70,Virginia State Open,2005,9,2005-09-01,2005-09-01,2005-09-01,edition,,,38,Herndon,Virginia,United States,"Herndon, VA, United States",34,30,,"Herndon, VA",
8929,77,Arizona Dance Classic,2005,8,2005-08-01,2005-08-01,2005-08-01,edition,,,3,Phoenix,Arizona,United States,"Phoenix, AZ, United States",50,50,https://arizonadanceclassic.com/,"Phoenix, AZ",Registry Event
9207,119,Chicagoland Country and Swing Dance Festival,2005,8,2005-08-01,2005-08-01,2005-08-01,edition,,,34,Chicago,Illinois,United States,"Chicago, IL, United States",30,30,https://chicagolanddancefestival.com/,"Chicago, IL",Registry Event
9166,111,MadMAC,2005,8,2005-08-01,2005-08-01,2005-08-01,edition,,,115,Madison,Wisconsin,United States,"Madison, WI, United States",50,50,,"Madison, WI",
8569,48,South Bay Dance Fling,2005,8,2005-08-01,2005-08-01,2005-08-01,edition,,,16,San Jose,California,United States,"San Jose, CA, United States",56,56,http://www.SBDF.dance,"San Jose, CA",
8636,53,Summer Hummer,2005,8,2005-08-01,2005-08-01,2005-08-01,edition,,,397,Woburn,Massachusetts,United States,"Woburn (Boston), MA, United States",88,88,https://summerhummerboston.com/,"Woburn (Boston), MA, United States",Registry Event
8543,47,SwingTime Denver,2005,8,2005-08-01,2005-08-01,2005-08-01,edition,,,29,Denver,Colorado,United States,"Denver, CO, United States",90,86,http://www.swingtimewcs.com/,"Denver, CO, United States",Registry Event
8064,1,4TH of July Convention,2005,7,2005-07-01,2005-07-01,2005-07-01,edition,,,3,Phoenix,Arizona,United States,"Phoenix, AZ, United States",110,110,http://phoenix4thofjuly.com,"Phoenix, AZ",
9163,110,Brandin' Iron Dance Festival,2005,7,2005-07-01,2005-07-01,2005-07-01,edition,,,14,San Bernardino,California,United States,"San Bernardino, CA, United States",20,20,,"San Bernardino, CA",
9094,97,Grand Prix of Swing,2005,7,2005-07-01,2005-07-01,2005-07-01,edition,,,9,Kansas City,Missouri,United States,"Kansas City, MO, United States",28,28,,"Kansas City, MO",
8911,76,Michigan Dance Classic,2005,7,2005-07-01,2005-07-01,2005-07-01,edition,,,51,Detroit,Michigan,United States,"Detroit, MI, United States",56,56,http://michiganclassicswing.com/,"Detroit, MI",Registry Event
8684,59,Swing Fling,2005,7,2005-07-01,2005-07-01,2005-07-01,edition,,,38,Herndon,Virginia,United States,"Herndon, VA, United States",80,75,http://www.swingfling.com,"Herndon, VA, United States",Registry Event
8986,84,Wisconsin Dance Challenge/Midwest Area Swing Dance Challenge,2005,7,2005-07-01,2005-07-01,2005-07-01,edition,,,61,Green Bay,Wisconsin,United States,"Green Bay, WI, United States",58,58,,"Green Bay, WI",
8999,86,World Hustle Dance Championships,2005,7,2005-07-01,2005-07-01,2005-07-01,edition,,,123,Secaucus,New Jersey,United States,"Secaucus, NJ, United States",10,10,,"Secaucus, NJ",
9145,109,Colorado Country Classic,2005,6,2005-06-01,2005-06-01,2005-06-01,edition,,,29,Denver,Colorado,United States,"Denver, CO, United States",28,28,https://coloradocountryclassic.net/,"Denver, CO",
8995,85,Indy Swing Classic,2005,6,2005-06-01,2005-06-01,2005-06-01,edition,,,64,Indianapolis,Indiana,United States,"Indianapolis, IN, United States",54,54,,"Indianapolis, IN",
8369,25,J&J O'Rama,2005,6,2005-06-01,2005-06-01,2005-06-01,edition,,,23,Anaheim,California,United States,"Anaheim, CA, United States",92,82,https://jackandjillorama.com/,"Anaheim, CA",
9073,96,Liberty Swing Dance Championships,2005,6,2005-06-01,2005-06-01,2005-06-01,edition,,,41,New Brunswick,New Jersey,United States,"New Brunswick, NJ, United States",67,67,http://www.libertyswing.com/,"New Brunswick, NJ",Registry Event
8512,44,Portland Dance Festival,2005,6,2005-06-01,2005-06-01,2005-06-01,edition,,,4,Portland,Oregon,United States,"Portland, OR, United States",30,30,,"Portland, OR",
9064,95,Swing Niagara Dance Championships,2005,6,2005-06-01,2005-06-01,2005-06-01,edition,,,80,Buffalo,New York,United States,"Buffalo, NY, United States",68,68,,"Buffalo, NY",
8821,67,Americas Classic,2005,5,2005-05-01,2005-05-01,2005-05-01,edition,,,44,Houston,Texas,United States,"Houston, TX, United States",60,60,,"Houston, TX",
9120,105,Canadian Swing Championships,2005,5,2005-05-01,2005-05-01,2005-05-01,edition,,,86,Montreal,,Canada,"Montreal, Canada",12,12,http://www.canadianswingchampionships.com,"Montreal, Canada",
9059,93,Champion's Weekend (MD),2005,5,2005-05-01,2005-05-01,2005-05-01,edition,,,152,College Park,Maryland,United States,"College Park, MD, United States",20,20,,"College Park, MD",
8294,19,Eastern/Washington Dance Challenge,2005,5,2005-05-01,2005-05-01,2005-05-01,edition,,,13,Washington,District of Columbia,United States,"Washington, DC, United States",37,37,,"Washington, DC",
8311,20,FreZno Dance Classic,2005,5,2005-05-01,2005-05-01,2005-05-01,edition,,,5,Fresno,California,United States,"Fresno, CA, United States",90,90,,"Fresno, CA",
8338,22,USA Grand Nationals,2005,5,2005-05-01,2005-05-01,2005-05-01,edition,,,25,Atlanta,Georgia,United States,"Atlanta, GA, United States",20,20,http://www.usagrandnationals.com/,"Atlanta, GA, United States",Registry Event
9143,108,Vancouver Vibrations,2005,5,2005-05-01,2005-05-01,2005-05-01,edition,,,154,Vancouver,,Canada,"Vancouver, Canada",12,12,,"Vancouver, Canada",
8886,73,World Swing Dance Championships,2005,5,2005-05-01,2005-05-01,2005-05-01,edition,,,14,San Bernardino,California,United States,"San Bernardino, CA, United States",51,44,,"San Bernardino, CA",
8270,18,Easter Swing,2005,4,2005-04-01,2005-04-01,2005-04-01,edition,,,30,Seattle,Washington,United States,"Seattle, WA, United States",78,78,https://easterswing.org/,"Seattle, WA, United States",Registry Event
9113,104,Los Angeles Premiere Dance Classic,2005,4,2005-04-01,2005-04-01,2005-04-01,edition,,,22,Los Angeles,California,United States,"Los Angeles, CA, United States",60,60,,"Los Angeles, CA",
9140,107,Motown Dance Championships,2005,4,2005-04-01,2005-04-01,2005-04-01,edition,,,51,Detroit,Michigan,United States,"Detroit, MI, United States",50,50,,"Detroit, MI",
9138,106,Phoenix Dance Festival,2005,4,2005-04-01,2005-04-01,2005-04-01,edition,,,3,Phoenix,Arizona,United States,"Phoenix, AZ, United States",27,27,,"Phoenix, AZ",
8146,9,Boston Tea Party,2005,3,2005-03-01,2005-03-01,2005-03-01,edition,,,8,Boston,Massachusetts,United States,"Boston, MA, United States",111,109,http://teapartyswings.com/,"Boston, MA",Registry Event
9038,92,MADjam,2005,3,2005-03-01,2005-03-01,2005-03-01,edition,,,13,Washington,District of Columbia,United States,"Washington, DC, United States",66,63,http://www.atlanticdancejam.com,"Washington, DC, United States",Registry Event
9030,91,Reno Dance Sensation,2005,3,2005-03-01,2005-03-01,2005-03-01,edition,,,77,Reno,Nevada,United States,"Reno, NV, United States",108,104,,"Reno, NV",
8200,12,Capital Swing Dance Convention,2005,2,2005-02-01,2005-02-01,2005-02-01,edition,,,6,Sacramento,California,United States,"Sacramento, CA, United States",136,136,http://www.capitalswingconvention.com/,"Sacramento, CA",Registry Event
8980,82,Motor City Jam,2005,2,2005-02-01,2005-02-01,2005-02-01,edition,,,12,Michigan,Michigan,United States,"Michigan, MI, United States",10,10,,"Michigan, MI",
9112,103,Xanadu - Midwinter Dance Celebration,2005,2,2005-02-01,2005-02-01,2005-02-01,edition,,,4,Portland,Oregon,United States,"Portland, OR, United States",36,36,,"Portland, OR",
10619,334,Countdown Swing Boston,2005,1,2005-01-01,2005-01-01,2005-01-01,edition,,,8,Boston,Massachusetts,United States,"Boston, MA, United States",80,76,http://countdownswingboston.com/,"Boston, MA",Registry Event
9111,102,Dance America Seattle,2005,1,2005-01-01,2005-01-01,2005-01-01,edition,,,30,Seattle,Washington,United States,"Seattle, WA, United States",30,30,,"Seattle, WA",
8738,62,Monterey SwingFest,2005,1,2005-01-01,2005-01-01,2005-01-01,edition,,,1,Monterey,California,United States,"Monterey, CA, United States",68,65,http://www.montereyswing.com/,"Monterey, CA",Registry Event
8712,61,SwingDiego,2005,1,2005-01-01,2005-01-01,2005-01-01,edition,,,10,San Diego,California,United States,"San Diego, CA, United States",102,102,,"San Diego, CA",
9870,195,Palm Springs New Years Swing Dance Classic,2004,12,2004-12-01,2004-12-01,2004-12-01,edition,,,20,Palm Springs,California,United States,"Palm Springs, CA, United States",83,79,,"Palm Springs, CA",
8892,75,UCWDC Country Dance World Championship,2004,12,2004-12-01,2004-12-01,2004-12-01,edition,,,21,Dallas,Texas,United States,"Dallas, TX, United States",79,73,http://www.ucwdcworlds.com/,"Dallas, TX",Registry Event
9004,87,CASH Bash,2004,11,2004-11-01,2004-11-01,2004-11-01,edition,,,96,Cleveland,Ohio,United States,"Cleveland, OH, United States",39,39,https://cashdanceclub.org/cash-bash/,"Cleveland, OH",Registry Event
8421,31,Mountain Magic,2004,11,2004-11-01,2004-11-01,2004-11-01,edition,,,28,South Lake Tahoe (near Reno),Nevada,United States,"South Lake Tahoe (near Reno), NV, United States",58,58,http://mountainmagic.dance,"South Lake Tahoe (near Reno), NV",
8764,63,Swingin' New England Dance Festival,2004,11,2004-11-01,2004-11-01,2004-11-01,edition,,,70,Newton,Massachusetts,United States,"Newton (Boston), MA, United States",115,111,,"Newton (Boston), MA, United States",
8969,80,Twin City Swing Challenge,2004,11,2004-11-01,2004-11-01,2004-11-01,edition,,,75,Minneapolis,Minnesota,United States,"Minneapolis, MN, United States",53,53,,"Minneapolis, MN",
8118,8,Boogie By The Bay,2004,10,2004-10-01,2004-10-01,2004-10-01,edition,,,2,San Francisco,California,United States,"San Francisco, CA, United States",128,122,https://boogiebythebay.com/,"San Francisco, CA",Registry Event
8792,65,Halloween SwingThing,2004,10,2004-10-01,2004-10-01,2004-10-01,edition,,,24,Costa Mesa,California,United States,"Costa Mesa, CA, United States",75,72,http://hstswing.com/,"Costa Mesa, CA",Registry Event
9026,89,Monster Mash,2004,10,2004-10-01,2004-10-01,2004-10-01,edition,,,81,Spokane,Washington,United States,"Spokane, WA, United States",51,51,,"Spokane, WA",
8975,81,Nashville Swing & Shag Dance Classic,2004,10,2004-10-01,2004-10-01,2004-10-01,edition,,,43,Nashville,Tennessee,United States,"Nashville, TN, United States",66,66,,"Nashville, TN",
8167,10,Bridgetown Swing Boogie,2004,9,2004-09-01,2004-09-01,2004-09-01,edition,,,74,Vancouver,Washington,United States,"Vancouver, WA, United States",65,61,,"Vancouver, WA",
8242,15,Dallas D.A.N.C.E.,2004,9,2004-09-01,2004-09-01,2004-09-01,edition,,,21,Dallas,Texas,United States,"Dallas, TX, United States",48,48,,"Dallas, TX",
8949,78,Mid-American Dance Championships,2004,9,2004-09-01,2004-09-01,2004-09-01,edition,,,34,Chicago,Illinois,United States,"Chicago, IL, United States",54,54,,"Chicago, IL",
9102,100,New Mexico Dance Fiesta,2004,9,2004-09-01,2004-09-01,2004-09-01,edition,,,94,Albuquerque,New Mexico,United States,"Albuquerque, NM, United States",20,20,,"Albuquerque, NM",
8602,51,Palm Springs Summer Dance Classic,2004,9,2004-09-01,2004-09-01,2004-09-01,edition,,,20,Palm Springs,California,United States,"Palm Springs, CA, United States",77,77,,"Palm Springs, CA",
8928,77,Arizona Dance Classic,2004,8,2004-08-01,2004-08-01,2004-08-01,edition,,,3,Phoenix,Arizona,United States,"Phoenix, AZ, United States",28,28,https://arizonadanceclassic.com/,"Phoenix, AZ",Registry Event
9206,119,Chicagoland Country and Swing Dance Festival,2004,8,2004-08-01,2004-08-01,2004-08-01,edition,,,34,Chicago,Illinois,United States,"Chicago, IL, United States",28,28,https://chicagolanddancefestival.com/,"Chicago, IL",Registry Event
9101,98,Pacific Rim Dance Classic,2004,8,2004-08-01,2004-08-01,2004-08-01,edition,,,30,Seattle,Washington,United States,"Seattle, WA, United States",28,28,,"Seattle, WA",
8568,48,South Bay Dance Fling,2004,8,2004-08-01,2004-08-01,2004-08-01,edition,,,16,San Jose,California,United States,"San Jose, CA, United States",40,40,http://www.SBDF.dance,"San Jose, CA",
8635,53,Summer Hummer,2004,8,2004-08-01,2004-08-01,2004-08-01,edition,,,397,Woburn,Massachusetts,United States,"Woburn (Boston), MA, United States",54,54,https://summerhummerboston.com/,"Woburn (Boston), MA, United States",Registry Event
8542,47,SwingTime Denver,2004,8,2004-08-01,2004-08-01,2004-08-01,edition,,,29,Denver,Colorado,United States,"Denver, CO, United States",67,67,http://www.swingtimewcs.com/,"Denver, CO, United States",Registry Event
8063,1,4TH of July Convention,2004,7,2004-07-01,2004-07-01,2004-07-01,edition,,,3,Phoenix,Arizona,United States,"Phoenix, AZ, United States",109,109,http://phoenix4thofjuly.com,"Phoenix, AZ",
9093,97,Grand Prix of Swing,2004,7,2004-07-01,2004-07-01,2004-07-01,edition,,,9,Kansas City,Missouri,United States,"Kansas City, MO, United States",20,20,,"Kansas City, MO",
8910,76,Michigan Dance Classic,2004,7,2004-07-01,2004-07-01,2004-07-01,edition,,,51,Detroit,Michigan,United States,"Detroit, MI, United States",70,70,http://michiganclassicswing.com/,"Detroit, MI",Registry Event
8444,32,National Jitterbug Championships,2004,7,2004-07-01,2004-07-01,2004-07-01,edition,,,31,Long Beach,California,United States,"Long Beach, CA, United States",40,40,,"Long Beach, CA",
8683,59,Swing Fling,2004,7,2004-07-01,2004-07-01,2004-07-01,edition,,,38,Herndon,Virginia,United States,"Herndon, VA, United States",70,70,http://www.swingfling.com,"Herndon, VA, United States",Registry Event
8985,84,Wisconsin Dance Challenge/Midwest Area Swing Dance Challenge,2004,7,2004-07-01,2004-07-01,2004-07-01,edition,,,61,Green Bay,Wisconsin,United States,"Green Bay, WI, United States",58,58,,"Green Bay, WI",
8998,86,World Hustle Dance Championships,2004,7,2004-07-01,2004-07-01,2004-07-01,edition,,,123,Secaucus,New Jersey,United States,"Secaucus, NJ, United States",17,17,,"Secaucus, NJ",
9062,94,American Open,2004,6,2004-06-01,2004-06-01,2004-06-01,edition,,,51,Detroit,Michigan,United States,"Detroit, MI, United States",10,10,,"Detroit, MI",
8994,85,Indy Swing Classic,2004,6,2004-06-01,2004-06-01,2004-06-01,edition,,,64,Indianapolis,Indiana,United States,"Indianapolis, IN, United States",39,39,,"Indianapolis, IN",
8368,25,J&J O'Rama,2004,6,2004-06-01,2004-06-01,2004-06-01,edition,,,23,Anaheim,California,United States,"Anaheim, CA, United States",84,68,https://jackandjillorama.com/,"Anaheim, CA",
9072,96,Liberty Swing Dance Championships,2004,6,2004-06-01,2004-06-01,2004-06-01,edition,,,41,New Brunswick,New Jersey,United States,"New Brunswick, NJ, United States",58,58,http://www.libertyswing.com/,"New Brunswick, NJ",Registry Event
9063,95,Swing Niagara Dance Championships,2004,6,2004-06-01,2004-06-01,2004-06-01,edition,,,80,Buffalo,New York,United States,"Buffalo, NY, United States",51,51,,"Buffalo, NY",
8820,67,Americas Classic,2004,5,2004-05-01,2004-05-01,2004-05-01,edition,,,44,Houston,Texas,United States,"Houston, TX, United States",78,78,,"Houston, TX",
9058,93,Champion's Weekend (MD),2004,5,2004-05-01,2004-05-01,2004-05-01,edition,,,152,College Park,Maryland,United States,"College Park, MD, United States",12,12,,"College Park, MD",
8293,19,Eastern/Washington Dance Challenge,2004,5,2004-05-01,2004-05-01,2004-05-01,edition,,,13,Washington,District of Columbia,United States,"Washington, DC, United States",60,60,,"Washington, DC",
8310,20,FreZno Dance Classic,2004,5,2004-05-01,2004-05-01,2004-05-01,edition,,,5,Fresno,California,United States,"Fresno, CA, United States",93,93,,"Fresno, CA",
8337,22,USA Grand Nationals,2004,5,2004-05-01,2004-05-01,2004-05-01,edition,,,25,Atlanta,Georgia,United States,"Atlanta, GA, United States",20,20,http://www.usagrandnationals.com/,"Atlanta, GA, United States",Registry Event
8885,73,World Swing Dance Championships,2004,5,2004-05-01,2004-05-01,2004-05-01,edition,,,14,San Bernardino,California,United States,"San Bernardino, CA, United States",27,27,,"San Bernardino, CA",
8269,18,Easter Swing,2004,4,2004-04-01,2004-04-01,2004-04-01,edition,,,30,Seattle,Washington,United States,"Seattle, WA, United States",86,86,https://easterswing.org/,"Seattle, WA, United States",Registry Event
8464,40,North Atlantic Swing Dance Championships,2004,4,2004-04-01,2004-04-01,2004-04-01,edition,,,65,Cape Cod,Massachusetts,United States,"Cape Cod, MA, United States",29,29,,"Cape Cod, MA",
8145,9,Boston Tea Party,2004,3,2004-03-01,2004-03-01,2004-03-01,edition,,,8,Boston,Massachusetts,United States,"Boston, MA, United States",111,108,http://teapartyswings.com/,"Boston, MA",Registry Event
9037,92,MADjam,2004,3,2004-03-01,2004-03-01,2004-03-01,edition,,,13,Washington,District of Columbia,United States,"Washington, DC, United States",49,46,http://www.atlanticdancejam.com,"Washington, DC, United States",Registry Event
9029,91,Reno Dance Sensation,2004,3,2004-03-01,2004-03-01,2004-03-01,edition,,,77,Reno,Nevada,United States,"Reno, NV, United States",105,96,,"Reno, NV",
8199,12,Capital Swing Dance Convention,2004,2,2004-02-01,2004-02-01,2004-02-01,edition,,,6,Sacramento,California,United States,"Sacramento, CA, United States",154,154,http://www.capitalswingconvention.com/,"Sacramento, CA",Registry Event
8979,82,Motor City Jam,2004,2,2004-02-01,2004-02-01,2004-02-01,edition,,,12,Michigan,Michigan,United States,"Michigan, MI, United States",12,12,,"Michigan, MI",
10618,334,Countdown Swing Boston,2004,1,2004-01-01,2004-01-01,2004-01-01,edition,,,8,Boston,Massachusetts,United States,"Boston, MA, United States",72,71,http://countdownswingboston.com/,"Boston, MA",Registry Event
8402,28,Las Vegas Swing Expo,2004,1,2004-01-01,2004-01-01,2004-01-01,edition,,,27,Las Vegas,Nevada,United States,"Las Vegas, NV, United States",30,26,,"Las Vegas, NV",
8737,62,Monterey SwingFest,2004,1,2004-01-01,2004-01-01,2004-01-01,edition,,,1,Monterey,California,United States,"Monterey, CA, United States",64,62,http://www.montereyswing.com/,"Monterey, CA",Registry Event
9110,101,New Years Swing & Salsa Ball,2004,1,2004-01-01,2004-01-01,2004-01-01,edition,,,20,Palm Springs,California,United States,"Palm Springs, CA, United States",10,10,,"Palm Springs, CA",
8711,61,SwingDiego,2004,1,2004-01-01,2004-01-01,2004-01-01,edition,,,10,San Diego,California,United States,"San Diego, CA, United States",92,92,,"San Diego, CA",
9869,195,Palm Springs New Years Swing Dance Classic,2003,12,2003-12-01,2003-12-01,2003-12-01,edition,,,20,Palm Springs,California,United States,"Palm Springs, CA, United States",71,70,,"Palm Springs, CA",
9003,87,CASH Bash,2003,11,2003-11-01,2003-11-01,2003-11-01,edition,,,96,Cleveland,Ohio,United States,"Cleveland, OH, United States",40,40,https://cashdanceclub.org/cash-bash/,"Cleveland, OH",Registry Event
9024,88,KC Swing Challenge and Heartland Dance Festival,2003,11,2003-11-01,2003-11-01,2003-11-01,edition,,,9,Kansas City,Missouri,United States,"Kansas City, MO, United States",54,51,,"Kansas City, MO",
8420,31,Mountain Magic,2003,11,2003-11-01,2003-11-01,2003-11-01,edition,,,28,South Lake Tahoe (near Reno),Nevada,United States,"South Lake Tahoe (near Reno), NV, United States",60,60,http://mountainmagic.dance,"South Lake Tahoe (near Reno), NV",
8763,63,Swingin' New England Dance Festival,2003,11,2003-11-01,2003-11-01,2003-11-01,edition,,,70,Newton,Massachusetts,United States,"Newton (Boston), MA, United States",62,58,,"Newton (Boston), MA, United States",
8968,80,Twin City Swing Challenge,2003,11,2003-11-01,2003-11-01,2003-11-01,edition,,,75,Minneapolis,Minnesota,United States,"Minneapolis, MN, United States",38,38,,"Minneapolis, MN",
8087,3,American Lindy Hop Championships,2003,10,2003-10-01,2003-10-01,2003-10-01,edition,,,142,Stamford,Connecticut,United States,"Stamford, CT, United States",49,49,,"Stamford, CT",
8106,7,Boogie & Blues,2003,10,2003-10-01,2003-10-01,2003-10-01,edition,,,31,Long Beach,California,United States,"Long Beach, CA, United States",76,67,,"Long Beach, CA",
8117,8,Boogie By The Bay,2003,10,2003-10-01,2003-10-01,2003-10-01,edition,,,2,San Francisco,California,United States,"San Francisco, CA, United States",90,86,https://boogiebythebay.com/,"San Francisco, CA",Registry Event
8791,65,Halloween SwingThing,2003,10,2003-10-01,2003-10-01,2003-10-01,edition,,,24,Costa Mesa,California,United States,"Costa Mesa, CA, United States",70,69,http://hstswing.com/,"Costa Mesa, CA",Registry Event
9025,89,Monster Mash,2003,10,2003-10-01,2003-10-01,2003-10-01,edition,,,81,Spokane,Washington,United States,"Spokane, WA, United States",58,54,,"Spokane, WA",
8974,81,Nashville Swing & Shag Dance Classic,2003,10,2003-10-01,2003-10-01,2003-10-01,edition,,,43,Nashville,Tennessee,United States,"Nashville, TN, United States",134,118,,"Nashville, TN",
8166,10,Bridgetown Swing Boogie,2003,9,2003-09-01,2003-09-01,2003-09-01,edition,,,74,Vancouver,Washington,United States,"Vancouver, WA, United States",48,48,,"Vancouver, WA",
8241,15,Dallas D.A.N.C.E.,2003,9,2003-09-01,2003-09-01,2003-09-01,edition,,,21,Dallas,Texas,United States,"Dallas, TX, United States",64,64,,"Dallas, TX",
8948,78,Mid-American Dance Championships,2003,9,2003-09-01,2003-09-01,2003-09-01,edition,,,34,Chicago,Illinois,United States,"Chicago, IL, United States",57,56,,"Chicago, IL",
8601,51,Palm Springs Summer Dance Classic,2003,9,2003-09-01,2003-09-01,2003-09-01,edition,,,20,Palm Springs,California,United States,"Palm Springs, CA, United States",55,53,,"Palm Springs, CA",
8951,79,Sea to Sky,2003,9,2003-09-01,2003-09-01,2003-09-01,edition,,,30,Seattle,Washington,United States,"Seattle, WA, United States",30,30,http://Seatoskywcs.com,"Seattle, WA",
8868,70,Virginia State Open,2003,9,2003-09-01,2003-09-01,2003-09-01,edition,,,38,Herndon,Virginia,United States,"Herndon, VA, United States",63,50,,"Herndon, VA",
8413,29,Michigan Swing Dance Champs,2003,8,2003-08-01,2003-08-01,2003-08-01,edition,,,12,Michigan,Michigan,United States,"Michigan, MI, United States",16,16,,"Michigan, MI",
8567,48,South Bay Dance Fling,2003,8,2003-08-01,2003-08-01,2003-08-01,edition,,,16,San Jose,California,United States,"San Jose, CA, United States",40,40,http://www.SBDF.dance,"San Jose, CA",
8634,53,Summer Hummer,2003,8,2003-08-01,2003-08-01,2003-08-01,edition,,,397,Woburn,Massachusetts,United States,"Woburn (Boston), MA, United States",75,75,https://summerhummerboston.com/,"Woburn (Boston), MA, United States",Registry Event
8541,47,SwingTime Denver,2003,8,2003-08-01,2003-08-01,2003-08-01,edition,,,29,Denver,Colorado,United States,"Denver, CO, United States",77,76,http://www.swingtimewcs.com/,"Denver, CO, United States",Registry Event
8062,1,4TH of July Convention,2003,7,2003-07-01,2003-07-01,2003-07-01,edition,,,3,Phoenix,Arizona,United States,"Phoenix, AZ, United States",110,110,http://phoenix4thofjuly.com,"Phoenix, AZ",
8443,32,National Jitterbug Championships,2003,7,2003-07-01,2003-07-01,2003-07-01,edition,,,31,Long Beach,California,United States,"Long Beach, CA, United States",20,20,,"Long Beach, CA",
8627,52,Summer Dance Festival,2003,7,2003-07-01,2003-07-01,2003-07-01,edition,,,20,Palm Springs,California,United States,"Palm Springs, CA, United States",52,52,,"Palm Springs, CA",
8682,59,Swing Fling,2003,7,2003-07-01,2003-07-01,2003-07-01,edition,,,38,Herndon,Virginia,United States,"Herndon, VA, United States",77,73,http://www.swingfling.com,"Herndon, VA, United States",Registry Event
8984,84,Wisconsin Dance Challenge/Midwest Area Swing Dance Challenge,2003,7,2003-07-01,2003-07-01,2003-07-01,edition,,,61,Green Bay,Wisconsin,United States,"Green Bay, WI, United States",60,60,,"Green Bay, WI",
8997,86,World Hustle Dance Championships,2003,7,2003-07-01,2003-07-01,2003-07-01,edition,,,123,Secaucus,New Jersey,United States,"Secaucus, NJ, United States",33,33,,"Secaucus, NJ",
8993,85,Indy Swing Classic,2003,6,2003-06-01,2003-06-01,2003-06-01,edition,,,64,Indianapolis,Indiana,United States,"Indianapolis, IN, United States",40,40,,"Indianapolis, IN",
8367,25,J&J O'Rama,2003,6,2003-06-01,2003-06-01,2003-06-01,edition,,,23,Anaheim,California,United States,"Anaheim, CA, United States",64,62,https://jackandjillorama.com/,"Anaheim, CA",
8819,67,Americas Classic,2003,5,2003-05-01,2003-05-01,2003-05-01,edition,,,44,Houston,Texas,United States,"Houston, TX, United States",50,50,,"Houston, TX",
8292,19,Eastern/Washington Dance Challenge,2003,5,2003-05-01,2003-05-01,2003-05-01,edition,,,13,Washington,District of Columbia,United States,"Washington, DC, United States",62,60,,"Washington, DC",
8309,20,FreZno Dance Classic,2003,5,2003-05-01,2003-05-01,2003-05-01,edition,,,5,Fresno,California,United States,"Fresno, CA, United States",100,100,,"Fresno, CA",
8983,83,Spring Swing,2003,5,2003-05-01,2003-05-01,2003-05-01,edition,,,51,Detroit,Michigan,United States,"Detroit, MI, United States",34,34,,"Detroit, MI",
8336,22,USA Grand Nationals,2003,5,2003-05-01,2003-05-01,2003-05-01,edition,,,25,Atlanta,Georgia,United States,"Atlanta, GA, United States",20,20,http://www.usagrandnationals.com/,"Atlanta, GA, United States",Registry Event
8884,73,World Swing Dance Championships,2003,5,2003-05-01,2003-05-01,2003-05-01,edition,,,14,San Bernardino,California,United States,"San Bernardino, CA, United States",27,27,,"San Bernardino, CA",
9028,90,Chicago Dance Challenge,2003,4,2003-04-01,2003-04-01,2003-04-01,edition,,,34,Chicago,Illinois,United States,"Chicago, IL, United States",43,38,,"Chicago, IL",
8268,18,Easter Swing,2003,4,2003-04-01,2003-04-01,2003-04-01,edition,,,30,Seattle,Washington,United States,"Seattle, WA, United States",79,79,https://easterswing.org/,"Seattle, WA, United States",Registry Event
8463,40,North Atlantic Swing Dance Championships,2003,4,2003-04-01,2003-04-01,2003-04-01,edition,,,65,Cape Cod,Massachusetts,United States,"Cape Cod, MA, United States",20,20,,"Cape Cod, MA",
8144,9,Boston Tea Party,2003,3,2003-03-01,2003-03-01,2003-03-01,edition,,,8,Boston,Massachusetts,United States,"Boston, MA, United States",92,92,http://teapartyswings.com/,"Boston, MA",Registry Event
8415,30,Mid USA Jack & Jill,2003,3,2003-03-01,2003-03-01,2003-03-01,edition,,,12,Michigan,Michigan,United States,"Michigan, MI, United States",18,18,,"Michigan, MI",
8597,50,St. Patrick's Day Swing,2003,3,2003-03-01,2003-03-01,2003-03-01,edition,,,100,Woodland Hills,California,United States,"Woodland Hills, CA, United States",75,75,,"Woodland Hills, CA",
8198,12,Capital Swing Dance Convention,2003,2,2003-02-01,2003-02-01,2003-02-01,edition,,,6,Sacramento,California,United States,"Sacramento, CA, United States",127,127,http://www.capitalswingconvention.com/,"Sacramento, CA",Registry Event
8978,82,Motor City Jam,2003,2,2003-02-01,2003-02-01,2003-02-01,edition,,,12,Michigan,Michigan,United States,"Michigan, MI, United States",22,21,,"Michigan, MI",
10617,334,Countdown Swing Boston,2003,1,2003-01-01,2003-01-01,2003-01-01,edition,,,8,Boston,Massachusetts,United States,"Boston, MA, United States",77,75,http://countdownswingboston.com/,"Boston, MA",Registry Event
8736,62,Monterey SwingFest,2003,1,2003-01-01,2003-01-01,2003-01-01,edition,,,1,Monterey,California,United States,"Monterey, CA, United States",66,63,http://www.montereyswing.com/,"Monterey, CA",Registry Event
8672,58,Swing Expo,2003,1,2003-01-01,2003-01-01,2003-01-01,edition,,,27,Las Vegas,Nevada,United States,"Las Vegas, NV, United States",66,52,,"Las Vegas, NV",
8710,61,SwingDiego,2003,1,2003-01-01,2003-01-01,2003-01-01,edition,,,10,San Diego,California,United States,"San Diego, CA, United States",80,80,,"San Diego, CA",
9868,195,Palm Springs New Years Swing Dance Classic,2002,12,2002-12-01,2002-12-01,2002-12-01,edition,,,20,Palm Springs,California,United States,"Palm Springs, CA, United States",70,70,,"Palm Springs, CA",
8419,31,Mountain Magic,2002,11,2002-11-01,2002-11-01,2002-11-01,edition,,,28,South Lake Tahoe (near Reno),Nevada,United States,"South Lake Tahoe (near Reno), NV, United States",65,65,http://mountainmagic.dance,"South Lake Tahoe (near Reno), NV",
8762,63,Swingin' New England Dance Festival,2002,11,2002-11-01,2002-11-01,2002-11-01,edition,,,70,Newton,Massachusetts,United States,"Newton (Boston), MA, United States",96,88,,"Newton (Boston), MA, United States",
8967,80,Twin City Swing Challenge,2002,11,2002-11-01,2002-11-01,2002-11-01,edition,,,75,Minneapolis,Minnesota,United States,"Minneapolis, MN, United States",30,30,,"Minneapolis, MN",
8105,7,Boogie & Blues,2002,10,2002-10-01,2002-10-01,2002-10-01,edition,,,31,Long Beach,California,United States,"Long Beach, CA, United States",47,47,,"Long Beach, CA",
8116,8,Boogie By The Bay,2002,10,2002-10-01,2002-10-01,2002-10-01,edition,,,2,San Francisco,California,United States,"San Francisco, CA, United States",80,80,https://boogiebythebay.com/,"San Francisco, CA",Registry Event
8790,65,Halloween SwingThing,2002,10,2002-10-01,2002-10-01,2002-10-01,edition,,,24,Costa Mesa,California,United States,"Costa Mesa, CA, United States",56,56,http://hstswing.com/,"Costa Mesa, CA",Registry Event
8973,81,Nashville Swing & Shag Dance Classic,2002,10,2002-10-01,2002-10-01,2002-10-01,edition,,,43,Nashville,Tennessee,United States,"Nashville, TN, United States",46,46,,"Nashville, TN",
8466,41,Northwest Regional,2002,10,2002-10-01,2002-10-01,2002-10-01,edition,,,81,Spokane,Washington,United States,"Spokane, WA, United States",46,46,,"Spokane, WA",
8165,10,Bridgetown Swing Boogie,2002,9,2002-09-01,2002-09-01,2002-09-01,edition,,,74,Vancouver,Washington,United States,"Vancouver, WA, United States",60,59,,"Vancouver, WA",
8240,15,Dallas D.A.N.C.E.,2002,9,2002-09-01,2002-09-01,2002-09-01,edition,,,21,Dallas,Texas,United States,"Dallas, TX, United States",50,48,,"Dallas, TX",
8947,78,Mid-American Dance Championships,2002,9,2002-09-01,2002-09-01,2002-09-01,edition,,,34,Chicago,Illinois,United States,"Chicago, IL, United States",52,50,,"Chicago, IL",
8600,51,Palm Springs Summer Dance Classic,2002,9,2002-09-01,2002-09-01,2002-09-01,edition,,,20,Palm Springs,California,United States,"Palm Springs, CA, United States",38,38,,"Palm Springs, CA",
8950,79,Sea to Sky,2002,9,2002-09-01,2002-09-01,2002-09-01,edition,,,30,Seattle,Washington,United States,"Seattle, WA, United States",46,46,http://Seatoskywcs.com,"Seattle, WA",
8655,54,Summer Swing Jam,2002,9,2002-09-01,2002-09-01,2002-09-01,edition,,,25,Atlanta,Georgia,United States,"Atlanta, GA, United States",30,28,,"Atlanta, GA, United States",
8867,70,Virginia State Open,2002,9,2002-09-01,2002-09-01,2002-09-01,edition,,,38,Herndon,Virginia,United States,"Herndon, VA, United States",54,53,,"Herndon, VA",
8927,77,Arizona Dance Classic,2002,8,2002-08-01,2002-08-01,2002-08-01,edition,,,3,Phoenix,Arizona,United States,"Phoenix, AZ, United States",16,16,https://arizonadanceclassic.com/,"Phoenix, AZ",Registry Event
8566,48,South Bay Dance Fling,2002,8,2002-08-01,2002-08-01,2002-08-01,edition,,,16,San Jose,California,United States,"San Jose, CA, United States",52,52,http://www.SBDF.dance,"San Jose, CA",
8633,53,Summer Hummer,2002,8,2002-08-01,2002-08-01,2002-08-01,edition,,,397,Woburn,Massachusetts,United States,"Woburn (Boston), MA, United States",175,117,https://summerhummerboston.com/,"Woburn (Boston), MA, United States",Registry Event
8540,47,SwingTime Denver,2002,8,2002-08-01,2002-08-01,2002-08-01,edition,,,29,Denver,Colorado,United States,"Denver, CO, United States",89,84,http://www.swingtimewcs.com/,"Denver, CO, United States",Registry Event
8061,1,4TH of July Convention,2002,7,2002-07-01,2002-07-01,2002-07-01,edition,,,3,Phoenix,Arizona,United States,"Phoenix, AZ, United States",126,125,http://phoenix4thofjuly.com,"Phoenix, AZ",
8909,76,Michigan Dance Classic,2002,7,2002-07-01,2002-07-01,2002-07-01,edition,,,51,Detroit,Michigan,United States,"Detroit, MI, United States",31,31,http://michiganclassicswing.com/,"Detroit, MI",Registry Event
8442,32,National Jitterbug Championships,2002,7,2002-07-01,2002-07-01,2002-07-01,edition,,,31,Long Beach,California,United States,"Long Beach, CA, United States",40,40,,"Long Beach, CA",
8626,52,Summer Dance Festival,2002,7,2002-07-01,2002-07-01,2002-07-01,edition,,,20,Palm Springs,California,United States,"Palm Springs, CA, United States",56,56,,"Palm Springs, CA",
8681,59,Swing Fling,2002,7,2002-07-01,2002-07-01,2002-07-01,edition,,,38,Herndon,Virginia,United States,"Herndon, VA, United States",81,81,http://www.swingfling.com,"Herndon, VA, United States",Registry Event
8366,25,J&J O'Rama,2002,6,2002-06-01,2002-06-01,2002-06-01,edition,,,23,Anaheim,California,United States,"Anaheim, CA, United States",72,62,https://jackandjillorama.com/,"Anaheim, CA",
8818,67,Americas Classic,2002,5,2002-05-01,2002-05-01,2002-05-01,edition,,,44,Houston,Texas,United States,"Houston, TX, United States",72,71,,"Houston, TX",
8291,19,Eastern/Washington Dance Challenge,2002,5,2002-05-01,2002-05-01,2002-05-01,edition,,,13,Washington,District of Columbia,United States,"Washington, DC, United States",60,59,,"Washington, DC",
8308,20,FreZno Dance Classic,2002,5,2002-05-01,2002-05-01,2002-05-01,edition,,,5,Fresno,California,United States,"Fresno, CA, United States",146,145,,"Fresno, CA",
8335,22,USA Grand Nationals,2002,5,2002-05-01,2002-05-01,2002-05-01,edition,,,25,Atlanta,Georgia,United States,"Atlanta, GA, United States",20,20,http://www.usagrandnationals.com/,"Atlanta, GA, United States",Registry Event
8883,73,World Swing Dance Championships,2002,5,2002-05-01,2002-05-01,2002-05-01,edition,,,14,San Bernardino,California,United States,"San Bernardino, CA, United States",56,54,,"San Bernardino, CA",
8267,18,Easter Swing,2002,4,2002-04-01,2002-04-01,2002-04-01,edition,,,30,Seattle,Washington,United States,"Seattle, WA, United States",68,68,https://easterswing.org/,"Seattle, WA, United States",Registry Event
8462,40,North Atlantic Swing Dance Championships,2002,4,2002-04-01,2002-04-01,2002-04-01,edition,,,65,Cape Cod,Massachusetts,United States,"Cape Cod, MA, United States",78,77,,"Cape Cod, MA",
8143,9,Boston Tea Party,2002,3,2002-03-01,2002-03-01,2002-03-01,edition,,,8,Boston,Massachusetts,United States,"Boston, MA, United States",100,88,http://teapartyswings.com/,"Boston, MA",Registry Event
8414,30,Mid USA Jack & Jill,2002,3,2002-03-01,2002-03-01,2002-03-01,edition,,,12,Michigan,Michigan,United States,"Michigan, MI, United States",20,20,,"Michigan, MI",
8596,50,St. Patrick's Day Swing,2002,3,2002-03-01,2002-03-01,2002-03-01,edition,,,100,Woodland Hills,California,United States,"Woodland Hills, CA, United States",86,86,,"Woodland Hills, CA",
8197,12,Capital Swing Dance Convention,2002,2,2002-02-01,2002-02-01,2002-02-01,edition,,,6,Sacramento,California,United States,"Sacramento, CA, United States",144,144,http://www.capitalswingconvention.com/,"Sacramento, CA",Registry Event
10616,334,Countdown Swing Boston,2002,1,2002-01-01,2002-01-01,2002-01-01,edition,,,8,Boston,Massachusetts,United States,"Boston, MA, United States",90,84,http://countdownswingboston.com/,"Boston, MA",Registry Event
8735,62,Monterey SwingFest,2002,1,2002-01-01,2002-01-01,2002-01-01,edition,,,1,Monterey,California,United States,"Monterey, CA, United States",68,67,http://www.montereyswing.com/,"Monterey, CA",Registry Event
8671,58,Swing Expo,2002,1,2002-01-01,2002-01-01,2002-01-01,edition,,,27,Las Vegas,Nevada,United States,"Las Vegas, NV, United States",60,47,,"Las Vegas, NV",
8709,61,SwingDiego,2002,1,2002-01-01,2002-01-01,2002-01-01,edition,,,10,San Diego,California,United States,"San Diego, CA, United States",86,86,,"San Diego, CA",
8467,42,Floorplay Swing Vacation,2001,12,2001-12-01,2001-12-01,2001-12-01,edition,,,82,Orlando,Florida,United States,"Orlando, FL, United States",40,35,http://www.floorplayswingvacation.com/,"Orlando, FL",Registry Event
9867,195,Palm Springs New Years Swing Dance Classic,2001,12,2001-12-01,2001-12-01,2001-12-01,edition,,,20,Palm Springs,California,United States,"Palm Springs, CA, United States",81,79,,"Palm Springs, CA",
8418,31,Mountain Magic,2001,11,2001-11-01,2001-11-01,2001-11-01,edition,,,28,South Lake Tahoe (near Reno),Nevada,United States,"South Lake Tahoe (near Reno), NV, United States",60,59,http://mountainmagic.dance,"South Lake Tahoe (near Reno), NV",
8761,63,Swingin' New England Dance Festival,2001,11,2001-11-01,2001-11-01,2001-11-01,edition,,,70,Newton,Massachusetts,United States,"Newton (Boston), MA, United States",99,71,,"Newton (Boston), MA, United States",
8086,3,American Lindy Hop Championships,2001,10,2001-10-01,2001-10-01,2001-10-01,edition,,,142,Stamford,Connecticut,United States,"Stamford, CT, United States",11,11,,"Stamford, CT",
8104,7,Boogie & Blues,2001,10,2001-10-01,2001-10-01,2001-10-01,edition,,,31,Long Beach,California,United States,"Long Beach, CA, United States",62,62,,"Long Beach, CA",
8115,8,Boogie By The Bay,2001,10,2001-10-01,2001-10-01,2001-10-01,edition,,,2,San Francisco,California,United States,"San Francisco, CA, United States",86,86,https://boogiebythebay.com/,"San Francisco, CA",Registry Event
8789,65,Halloween SwingThing,2001,10,2001-10-01,2001-10-01,2001-10-01,edition,,,24,Costa Mesa,California,United States,"Costa Mesa, CA, United States",74,70,http://hstswing.com/,"Costa Mesa, CA",Registry Event
8164,10,Bridgetown Swing Boogie,2001,9,2001-09-01,2001-09-01,2001-09-01,edition,,,74,Vancouver,Washington,United States,"Vancouver, WA, United States",56,56,,"Vancouver, WA",
8239,15,Dallas D.A.N.C.E.,2001,9,2001-09-01,2001-09-01,2001-09-01,edition,,,21,Dallas,Texas,United States,"Dallas, TX, United States",50,50,,"Dallas, TX",
8449,34,New England Swing Dance Championships,2001,9,2001-09-01,2001-09-01,2001-09-01,edition,,,8,Boston,Massachusetts,United States,"Boston, MA, United States",56,40,,"Boston, MA",
8654,54,Summer Swing Jam,2001,9,2001-09-01,2001-09-01,2001-09-01,edition,,,25,Atlanta,Georgia,United States,"Atlanta, GA, United States",24,21,,"Atlanta, GA, United States",
8866,70,Virginia State Open,2001,9,2001-09-01,2001-09-01,2001-09-01,edition,,,38,Herndon,Virginia,United States,"Herndon, VA, United States",44,38,,"Herndon, VA",
8412,29,Michigan Swing Dance Champs,2001,8,2001-08-01,2001-08-01,2001-08-01,edition,,,12,Michigan,Michigan,United States,"Michigan, MI, United States",28,28,,"Michigan, MI",
8565,48,South Bay Dance Fling,2001,8,2001-08-01,2001-08-01,2001-08-01,edition,,,16,San Jose,California,United States,"San Jose, CA, United States",54,54,http://www.SBDF.dance,"San Jose, CA",
8632,53,Summer Hummer,2001,8,2001-08-01,2001-08-01,2001-08-01,edition,,,397,Woburn,Massachusetts,United States,"Woburn (Boston), MA, United States",94,90,https://summerhummerboston.com/,"Woburn (Boston), MA, United States",Registry Event
8539,47,SwingTime Denver,2001,8,2001-08-01,2001-08-01,2001-08-01,edition,,,29,Denver,Colorado,United States,"Denver, CO, United States",78,72,http://www.swingtimewcs.com/,"Denver, CO, United States",Registry Event
8060,1,4TH of July Convention,2001,7,2001-07-01,2001-07-01,2001-07-01,edition,,,3,Phoenix,Arizona,United States,"Phoenix, AZ, United States",110,110,http://phoenix4thofjuly.com,"Phoenix, AZ",
8441,32,National Jitterbug Championships,2001,7,2001-07-01,2001-07-01,2001-07-01,edition,,,31,Long Beach,California,United States,"Long Beach, CA, United States",36,36,,"Long Beach, CA",
8625,52,Summer Dance Festival,2001,7,2001-07-01,2001-07-01,2001-07-01,edition,,,20,Palm Springs,California,United States,"Palm Springs, CA, United States",66,66,,"Palm Springs, CA",
8680,59,Swing Fling,2001,7,2001-07-01,2001-07-01,2001-07-01,edition,,,38,Herndon,Virginia,United States,"Herndon, VA, United States",90,87,http://www.swingfling.com,"Herndon, VA, United States",Registry Event
8365,25,J&J O'Rama,2001,6,2001-06-01,2001-06-01,2001-06-01,edition,,,23,Anaheim,California,United States,"Anaheim, CA, United States",64,57,https://jackandjillorama.com/,"Anaheim, CA",
8817,67,Americas Classic,2001,5,2001-05-01,2001-05-01,2001-05-01,edition,,,44,Houston,Texas,United States,"Houston, TX, United States",38,38,,"Houston, TX",
8307,20,FreZno Dance Classic,2001,5,2001-05-01,2001-05-01,2001-05-01,edition,,,5,Fresno,California,United States,"Fresno, CA, United States",58,58,,"Fresno, CA",
8334,22,USA Grand Nationals,2001,5,2001-05-01,2001-05-01,2001-05-01,edition,,,25,Atlanta,Georgia,United States,"Atlanta, GA, United States",38,38,http://www.usagrandnationals.com/,"Atlanta, GA, United States",Registry Event
8882,73,World Swing Dance Championships,2001,5,2001-05-01,2001-05-01,2001-05-01,edition,,,14,San Bernardino,California,United States,"San Bernardino, CA, United States",56,55,,"San Bernardino, CA",
8266,18,Easter Swing,2001,4,2001-04-01,2001-04-01,2001-04-01,edition,,,30,Seattle,Washington,United States,"Seattle, WA, United States",85,83,https://easterswing.org/,"Seattle, WA, United States",Registry Event
8461,40,North Atlantic Swing Dance Championships,2001,4,2001-04-01,2001-04-01,2001-04-01,edition,,,65,Cape Cod,Massachusetts,United States,"Cape Cod, MA, United States",70,69,,"Cape Cod, MA",
8142,9,Boston Tea Party,2001,3,2001-03-01,2001-03-01,2001-03-01,edition,,,8,Boston,Massachusetts,United States,"Boston, MA, United States",74,74,http://teapartyswings.com/,"Boston, MA",Registry Event
8258,16,Dancers Fund/Moover & Groover/SwingExpo,2001,3,2001-03-01,2001-03-01,2001-03-01,edition,,,27,Las Vegas,Nevada,United States,"Las Vegas, NV, United States",63,52,,"Las Vegas, NV",
8196,12,Capital Swing Dance Convention,2001,2,2001-02-01,2001-02-01,2001-02-01,edition,,,6,Sacramento,California,United States,"Sacramento, CA, United States",132,132,http://www.capitalswingconvention.com/,"Sacramento, CA",Registry Event
10615,334,Countdown Swing Boston,2001,1,2001-01-01,2001-01-01,2001-01-01,edition,,,8,Boston,Massachusetts,United States,"Boston, MA, United States",158,126,http://countdownswingboston.com/,"Boston, MA",Registry Event
8734,62,Monterey SwingFest,2001,1,2001-01-01,2001-01-01,2001-01-01,edition,,,1,Monterey,California,United States,"Monterey, CA, United States",42,42,http://www.montereyswing.com/,"Monterey, CA",Registry Event
8670,58,Swing Expo,2001,1,2001-01-01,2001-01-01,2001-01-01,edition,,,27,Las Vegas,Nevada,United States,"Las Vegas, NV, United States",64,60,,"Las Vegas, NV",
8455,36,New Years Dance Camp,2000,12,2000-12-01,2000-12-01,2000-12-01,edition,,,42,Bakersfield,California,United States,"Bakersfield, CA, United States",63,61,,"Bakersfield, CA",
8417,31,Mountain Magic,2000,11,2000-11-01,2000-11-01,2000-11-01,edition,,,28,South Lake Tahoe (near Reno),Nevada,United States,"South Lake Tahoe (near Reno), NV, United States",28,27,http://mountainmagic.dance,"South Lake Tahoe (near Reno), NV",
8760,63,Swingin' New England Dance Festival,2000,11,2000-11-01,2000-11-01,2000-11-01,edition,,,70,Newton,Massachusetts,United States,"Newton (Boston), MA, United States",60,57,,"Newton (Boston), MA, United States",
8837,68,US Open Swing Dance Championships,2000,11,2000-11-01,2000-11-01,2000-11-01,edition,,,22,Los Angeles,California,United States,"Los Angeles, CA, United States",20,20,http://www.theopenswing.com/,"Los Angeles, CA",Registry Event
8085,3,American Lindy Hop Championships,2000,10,2000-10-01,2000-10-01,2000-10-01,edition,,,142,Stamford,Connecticut,United States,"Stamford, CT, United States",41,39,,"Stamford, CT",
8103,7,Boogie & Blues,2000,10,2000-10-01,2000-10-01,2000-10-01,edition,,,31,Long Beach,California,United States,"Long Beach, CA, United States",65,64,,"Long Beach, CA",
8114,8,Boogie By The Bay,2000,10,2000-10-01,2000-10-01,2000-10-01,edition,,,2,San Francisco,California,United States,"San Francisco, CA, United States",69,69,https://boogiebythebay.com/,"San Francisco, CA",Registry Event
8788,65,Halloween SwingThing,2000,10,2000-10-01,2000-10-01,2000-10-01,edition,,,24,Costa Mesa,California,United States,"Costa Mesa, CA, United States",50,50,http://hstswing.com/,"Costa Mesa, CA",Registry Event
8465,41,Northwest Regional,2000,10,2000-10-01,2000-10-01,2000-10-01,edition,,,81,Spokane,Washington,United States,"Spokane, WA, United States",45,42,,"Spokane, WA",
8528,45,Rising Star - Chicago,2000,10,2000-10-01,2000-10-01,2000-10-01,edition,,,34,Chicago,Illinois,United States,"Chicago, IL, United States",74,74,,"Chicago, IL",
8238,15,Dallas D.A.N.C.E.,2000,9,2000-09-01,2000-09-01,2000-09-01,edition,,,21,Dallas,Texas,United States,"Dallas, TX, United States",52,52,,"Dallas, TX",
8865,70,Virginia State Open,2000,9,2000-09-01,2000-09-01,2000-09-01,edition,,,38,Herndon,Virginia,United States,"Herndon, VA, United States",20,16,,"Herndon, VA",
8411,29,Michigan Swing Dance Champs,2000,8,2000-08-01,2000-08-01,2000-08-01,edition,,,12,Michigan,Michigan,United States,"Michigan, MI, United States",20,20,,"Michigan, MI",
8631,53,Summer Hummer,2000,8,2000-08-01,2000-08-01,2000-08-01,edition,,,397,Woburn,Massachusetts,United States,"Woburn (Boston), MA, United States",80,80,https://summerhummerboston.com/,"Woburn (Boston), MA, United States",Registry Event
8538,47,SwingTime Denver,2000,8,2000-08-01,2000-08-01,2000-08-01,edition,,,29,Denver,Colorado,United States,"Denver, CO, United States",68,64,http://www.swingtimewcs.com/,"Denver, CO, United States",Registry Event
8059,1,4TH of July Convention,2000,7,2000-07-01,2000-07-01,2000-07-01,edition,,,3,Phoenix,Arizona,United States,"Phoenix, AZ, United States",102,102,http://phoenix4thofjuly.com,"Phoenix, AZ",
8624,52,Summer Dance Festival,2000,7,2000-07-01,2000-07-01,2000-07-01,edition,,,20,Palm Springs,California,United States,"Palm Springs, CA, United States",62,62,,"Palm Springs, CA",
8679,59,Swing Fling,2000,7,2000-07-01,2000-07-01,2000-07-01,edition,,,38,Herndon,Virginia,United States,"Herndon, VA, United States",83,81,http://www.swingfling.com,"Herndon, VA, United States",Registry Event
8878,71,Westcoast Swing Dance Championships,2000,7,2000-07-01,2000-07-01,2000-07-01,edition,,,6,Sacramento,California,United States,"Sacramento, CA, United States",59,56,,"Sacramento, CA",
8364,25,J&J O'Rama,2000,6,2000-06-01,2000-06-01,2000-06-01,edition,,,23,Anaheim,California,United States,"Anaheim, CA, United States",90,88,https://jackandjillorama.com/,"Anaheim, CA",
8816,67,Americas Classic,2000,5,2000-05-01,2000-05-01,2000-05-01,edition,,,44,Houston,Texas,United States,"Houston, TX, United States",30,30,,"Houston, TX",
8290,19,Eastern/Washington Dance Challenge,2000,5,2000-05-01,2000-05-01,2000-05-01,edition,,,13,Washington,District of Columbia,United States,"Washington, DC, United States",47,47,,"Washington, DC",
8306,20,FreZno Dance Classic,2000,5,2000-05-01,2000-05-01,2000-05-01,edition,,,5,Fresno,California,United States,"Fresno, CA, United States",50,49,,"Fresno, CA",
8333,22,USA Grand Nationals,2000,5,2000-05-01,2000-05-01,2000-05-01,edition,,,25,Atlanta,Georgia,United States,"Atlanta, GA, United States",32,32,http://www.usagrandnationals.com/,"Atlanta, GA, United States",Registry Event
8265,18,Easter Swing,2000,4,2000-04-01,2000-04-01,2000-04-01,edition,,,30,Seattle,Washington,United States,"Seattle, WA, United States",58,56,https://easterswing.org/,"Seattle, WA, United States",Registry Event
8460,40,North Atlantic Swing Dance Championships,2000,4,2000-04-01,2000-04-01,2000-04-01,edition,,,65,Cape Cod,Massachusetts,United States,"Cape Cod, MA, United States",68,68,,"Cape Cod, MA",
8658,56,Swing Break,2000,4,2000-04-01,2000-04-01,2000-04-01,edition,,,72,Santa Clara,California,United States,"Santa Clara, CA, United States",81,77,,"Santa Clara, CA",
8141,9,Boston Tea Party,2000,3,2000-03-01,2000-03-01,2000-03-01,edition,,,8,Boston,Massachusetts,United States,"Boston, MA, United States",70,70,http://teapartyswings.com/,"Boston, MA",Registry Event
8195,12,Capital Swing Dance Convention,2000,2,2000-02-01,2000-02-01,2000-02-01,edition,,,6,Sacramento,California,United States,"Sacramento, CA, United States",107,107,http://www.capitalswingconvention.com/,"Sacramento, CA",Registry Event
10614,334,Countdown Swing Boston,2000,1,2000-01-01,2000-01-01,2000-01-01,edition,,,8,Boston,Massachusetts,United States,"Boston, MA, United States",101,97,http://countdownswingboston.com/,"Boston, MA",Registry Event
8401,28,Las Vegas Swing Expo,2000,1,2000-01-01,2000-01-01,2000-01-01,edition,,,27,Las Vegas,Nevada,United States,"Las Vegas, NV, United States",36,35,,"Las Vegas, NV",
8733,62,Monterey SwingFest,2000,1,2000-01-01,2000-01-01,2000-01-01,edition,,,1,Monterey,California,United States,"Monterey, CA, United States",60,60,http://www.montereyswing.com/,"Monterey, CA",Registry Event
8457,38,New Year's Dance Championships,2000,1,2000-01-01,2000-01-01,2000-01-01,edition,,,5,Fresno,California,United States,"Fresno, CA, United States",58,58,,"Fresno, CA",
8669,58,Swing Expo,2000,1,2000-01-01,2000-01-01,2000-01-01,edition,,,27,Las Vegas,Nevada,United States,"Las Vegas, NV, United States",64,60,,"Las Vegas, NV",
8454,36,New Years Dance Camp,1999,12,1999-12-01,1999-12-01,1999-12-01,edition,,,42,Bakersfield,California,United States,"Bakersfield, CA, United States",41,39,,"Bakersfield, CA",
8416,31,Mountain Magic,1999,11,1999-11-01,1999-11-01,1999-11-01,edition,,,28,South Lake Tahoe (near Reno),Nevada,United States,"South Lake Tahoe (near Reno), NV, United States",28,27,http://mountainmagic.dance,"South Lake Tahoe (near Reno), NV",
8759,63,Swingin' New England Dance Festival,1999,11,1999-11-01,1999-11-01,1999-11-01,edition,,,70,Newton,Massachusetts,United States,"Newton (Boston), MA, United States",64,62,,"Newton (Boston), MA, United States",
8102,7,Boogie & Blues,1999,10,1999-10-01,1999-10-01,1999-10-01,edition,,,31,Long Beach,California,United States,"Long Beach, CA, United States",40,40,,"Long Beach, CA",
8113,8,Boogie By The Bay,1999,10,1999-10-01,1999-10-01,1999-10-01,edition,,,2,San Francisco,California,United States,"San Francisco, CA, United States",54,54,https://boogiebythebay.com/,"San Francisco, CA",Registry Event
8787,65,Halloween SwingThing,1999,10,1999-10-01,1999-10-01,1999-10-01,edition,,,24,Costa Mesa,California,United States,"Costa Mesa, CA, United States",43,39,http://hstswing.com/,"Costa Mesa, CA",Registry Event
8491,43,Paradise Dance Festival,1999,10,1999-10-01,1999-10-01,1999-10-01,edition,,,19,Irvine,California,United States,"Irvine, CA, United States",54,54,https://paradisecountrydancefestival.com/,"Irvine, CA",Registry Event
8527,45,Rising Star - Chicago,1999,10,1999-10-01,1999-10-01,1999-10-01,edition,,,34,Chicago,Illinois,United States,"Chicago, IL, United States",46,46,,"Chicago, IL",
8237,15,Dallas D.A.N.C.E.,1999,9,1999-09-01,1999-09-01,1999-09-01,edition,,,21,Dallas,Texas,United States,"Dallas, TX, United States",12,12,,"Dallas, TX",
8599,51,Palm Springs Summer Dance Classic,1999,9,1999-09-01,1999-09-01,1999-09-01,edition,,,20,Palm Springs,California,United States,"Palm Springs, CA, United States",46,46,,"Palm Springs, CA",
8857,69,Valley DanceFest,1999,9,1999-09-01,1999-09-01,1999-09-01,edition,,,95,Modesto,California,United States,"Modesto, CA, United States",53,48,,"Modesto, CA",
8864,70,Virginia State Open,1999,9,1999-09-01,1999-09-01,1999-09-01,edition,,,38,Herndon,Virginia,United States,"Herndon, VA, United States",12,12,,"Herndon, VA",
8357,23,HustleMania,1999,8,1999-08-01,1999-08-01,1999-08-01,edition,,,5,Fresno,California,United States,"Fresno, CA, United States",38,38,,"Fresno, CA",
8410,29,Michigan Swing Dance Champs,1999,8,1999-08-01,1999-08-01,1999-08-01,edition,,,12,Michigan,Michigan,United States,"Michigan, MI, United States",20,20,,"Michigan, MI",
8630,53,Summer Hummer,1999,8,1999-08-01,1999-08-01,1999-08-01,edition,,,397,Woburn,Massachusetts,United States,"Woburn (Boston), MA, United States",71,71,https://summerhummerboston.com/,"Woburn (Boston), MA, United States",Registry Event
8537,47,SwingTime Denver,1999,8,1999-08-01,1999-08-01,1999-08-01,edition,,,29,Denver,Colorado,United States,"Denver, CO, United States",65,63,http://www.swingtimewcs.com/,"Denver, CO, United States",Registry Event
8058,1,4TH of July Convention,1999,7,1999-07-01,1999-07-01,1999-07-01,edition,,,3,Phoenix,Arizona,United States,"Phoenix, AZ, United States",102,102,http://phoenix4thofjuly.com,"Phoenix, AZ",
8623,52,Summer Dance Festival,1999,7,1999-07-01,1999-07-01,1999-07-01,edition,,,20,Palm Springs,California,United States,"Palm Springs, CA, United States",24,24,,"Palm Springs, CA",
8678,59,Swing Fling,1999,7,1999-07-01,1999-07-01,1999-07-01,edition,,,38,Herndon,Virginia,United States,"Herndon, VA, United States",50,50,http://www.swingfling.com,"Herndon, VA, United States",Registry Event
8877,71,Westcoast Swing Dance Championships,1999,7,1999-07-01,1999-07-01,1999-07-01,edition,,,6,Sacramento,California,United States,"Sacramento, CA, United States",51,47,,"Sacramento, CA",
8363,25,J&J O'Rama,1999,6,1999-06-01,1999-06-01,1999-06-01,edition,,,23,Anaheim,California,United States,"Anaheim, CA, United States",86,81,https://jackandjillorama.com/,"Anaheim, CA",
8511,44,Portland Dance Festival,1999,6,1999-06-01,1999-06-01,1999-06-01,edition,,,4,Portland,Oregon,United States,"Portland, OR, United States",18,18,,"Portland, OR",
8781,64,Swinging In The Northland,1999,6,1999-06-01,1999-06-01,1999-06-01,edition,,,83,St. Paul,Minnesota,United States,"St. Paul, MN, United States",16,16,,"St. Paul, MN",
8187,11,California State Championships,1999,5,1999-05-01,1999-05-01,1999-05-01,edition,,,15,Buena Park,California,United States,"Buena Park, CA, United States",24,24,,"Buena Park, CA",
8305,20,FreZno Dance Classic,1999,5,1999-05-01,1999-05-01,1999-05-01,edition,,,5,Fresno,California,United States,"Fresno, CA, United States",95,95,,"Fresno, CA",
8332,22,USA Grand Nationals,1999,5,1999-05-01,1999-05-01,1999-05-01,edition,,,25,Atlanta,Georgia,United States,"Atlanta, GA, United States",20,20,http://www.usagrandnationals.com/,"Atlanta, GA, United States",Registry Event
8264,18,Easter Swing,1999,4,1999-04-01,1999-04-01,1999-04-01,edition,,,30,Seattle,Washington,United States,"Seattle, WA, United States",62,62,https://easterswing.org/,"Seattle, WA, United States",Registry Event
8459,40,North Atlantic Swing Dance Championships,1999,4,1999-04-01,1999-04-01,1999-04-01,edition,,,65,Cape Cod,Massachusetts,United States,"Cape Cod, MA, United States",81,66,,"Cape Cod, MA",
8657,56,Swing Break,1999,4,1999-04-01,1999-04-01,1999-04-01,edition,,,72,Santa Clara,California,United States,"Santa Clara, CA, United States",67,67,,"Santa Clara, CA",
8140,9,Boston Tea Party,1999,3,1999-03-01,1999-03-01,1999-03-01,edition,,,8,Boston,Massachusetts,United States,"Boston, MA, United States",62,61,http://teapartyswings.com/,"Boston, MA",Registry Event
8194,12,Capital Swing Dance Convention,1999,2,1999-02-01,1999-02-01,1999-02-01,edition,,,6,Sacramento,California,United States,"Sacramento, CA, United States",145,144,http://www.capitalswingconvention.com/,"Sacramento, CA",Registry Event
8229,14,Country Boogie,1999,2,1999-02-01,1999-02-01,1999-02-01,edition,,,15,Buena Park,California,United States,"Buena Park, CA, United States",22,22,,"Buena Park, CA",
8388,26,Jitterbug Jam,1999,2,1999-02-01,1999-02-01,1999-02-01,edition,,,153,Thousand Oaks,California,United States,"Thousand Oaks, CA, United States",12,12,,"Thousand Oaks, CA",
10613,334,Countdown Swing Boston,1999,1,1999-01-01,1999-01-01,1999-01-01,edition,,,8,Boston,Massachusetts,United States,"Boston, MA, United States",40,39,http://countdownswingboston.com/,"Boston, MA",Registry Event
8400,28,Las Vegas Swing Expo,1999,1,1999-01-01,1999-01-01,1999-01-01,edition,,,27,Las Vegas,Nevada,United States,"Las Vegas, NV, United States",30,27,,"Las Vegas, NV",
8732,62,Monterey SwingFest,1999,1,1999-01-01,1999-01-01,1999-01-01,edition,,,1,Monterey,California,United States,"Monterey, CA, United States",78,78,http://www.montereyswing.com/,"Monterey, CA",Registry Event
8456,38,New Year's Dance Championships,1999,1,1999-01-01,1999-01-01,1999-01-01,edition,,,5,Fresno,California,United States,"Fresno, CA, United States",56,56,,"Fresno, CA",
8668,58,Swing Expo,1999,1,1999-01-01,1999-01-01,1999-01-01,edition,,,27,Las Vegas,Nevada,United States,"Las Vegas, NV, United States",30,26,,"Las Vegas, NV",
8453,36,New Years Dance Camp,1998,12,1998-12-01,1998-12-01,1998-12-01,edition,,,42,Bakersfield,California,United States,"Bakersfield, CA, United States",56,55,,"Bakersfield, CA",
8092,4,American Swing Dance Championships,1998,10,1998-10-01,1998-10-01,1998-10-01,edition,,,7,New York,New York,United States,"New York, NY, United States",48,47,,"New York, NY",
8101,7,Boogie & Blues,1998,10,1998-10-01,1998-10-01,1998-10-01,edition,,,31,Long Beach,California,United States,"Long Beach, CA, United States",66,62,,"Long Beach, CA",
8112,8,Boogie By The Bay,1998,10,1998-10-01,1998-10-01,1998-10-01,edition,,,2,San Francisco,California,United States,"San Francisco, CA, United States",46,46,https://boogiebythebay.com/,"San Francisco, CA",Registry Event
8786,65,Halloween SwingThing,1998,10,1998-10-01,1998-10-01,1998-10-01,edition,,,24,Costa Mesa,California,United States,"Costa Mesa, CA, United States",30,30,http://hstswing.com/,"Costa Mesa, CA",Registry Event
8490,43,Paradise Dance Festival,1998,10,1998-10-01,1998-10-01,1998-10-01,edition,,,19,Irvine,California,United States,"Irvine, CA, United States",18,18,https://paradisecountrydancefestival.com/,"Irvine, CA",Registry Event
8236,15,Dallas D.A.N.C.E.,1998,9,1998-09-01,1998-09-01,1998-09-01,edition,,,21,Dallas,Texas,United States,"Dallas, TX, United States",42,42,,"Dallas, TX",
8448,34,New England Swing Dance Championships,1998,9,1998-09-01,1998-09-01,1998-09-01,edition,,,8,Boston,Massachusetts,United States,"Boston, MA, United States",64,59,,"Boston, MA",
8598,51,Palm Springs Summer Dance Classic,1998,9,1998-09-01,1998-09-01,1998-09-01,edition,,,20,Palm Springs,California,United States,"Palm Springs, CA, United States",72,71,,"Palm Springs, CA",
8656,55,Sundance Labor Day Swing Dance Festival,1998,9,1998-09-01,1998-09-01,1998-09-01,edition,,,31,Long Beach,California,United States,"Long Beach, CA, United States",62,62,,"Long Beach, CA",
8863,70,Virginia State Open,1998,9,1998-09-01,1998-09-01,1998-09-01,edition,,,38,Herndon,Virginia,United States,"Herndon, VA, United States",20,19,,"Herndon, VA",
8093,5,Bakersfield Swing Bash,1998,8,1998-08-01,1998-08-01,1998-08-01,edition,,,42,Bakersfield,California,United States,"Bakersfield, CA, United States",40,38,,"Bakersfield, CA",
8409,29,Michigan Swing Dance Champs,1998,8,1998-08-01,1998-08-01,1998-08-01,edition,,,12,Michigan,Michigan,United States,"Michigan, MI, United States",16,16,,"Michigan, MI",
8564,48,South Bay Dance Fling,1998,8,1998-08-01,1998-08-01,1998-08-01,edition,,,16,San Jose,California,United States,"San Jose, CA, United States",18,18,http://www.SBDF.dance,"San Jose, CA",
8629,53,Summer Hummer,1998,8,1998-08-01,1998-08-01,1998-08-01,edition,,,397,Woburn,Massachusetts,United States,"Woburn (Boston), MA, United States",62,62,https://summerhummerboston.com/,"Woburn (Boston), MA, United States",Registry Event
8661,57,Swing Challenge,1998,8,1998-08-01,1998-08-01,1998-08-01,edition,,,9,Kansas City,Missouri,United States,"Kansas City, MO, United States",12,12,,"Kansas City, MO",
8536,47,SwingTime Denver,1998,8,1998-08-01,1998-08-01,1998-08-01,edition,,,29,Denver,Colorado,United States,"Denver, CO, United States",74,70,http://www.swingtimewcs.com/,"Denver, CO, United States",Registry Event
8057,1,4TH of July Convention,1998,7,1998-07-01,1998-07-01,1998-07-01,edition,,,3,Phoenix,Arizona,United States,"Phoenix, AZ, United States",96,96,http://phoenix4thofjuly.com,"Phoenix, AZ",
8622,52,Summer Dance Festival,1998,7,1998-07-01,1998-07-01,1998-07-01,edition,,,20,Palm Springs,California,United States,"Palm Springs, CA, United States",74,74,,"Palm Springs, CA",
8677,59,Swing Fling,1998,7,1998-07-01,1998-07-01,1998-07-01,edition,,,38,Herndon,Virginia,United States,"Herndon, VA, United States",2,2,http://www.swingfling.com,"Herndon, VA, United States",Registry Event
8876,71,Westcoast Swing Dance Championships,1998,7,1998-07-01,1998-07-01,1998-07-01,edition,,,6,Sacramento,California,United States,"Sacramento, CA, United States",61,58,,"Sacramento, CA",
8362,25,J&J O'Rama,1998,6,1998-06-01,1998-06-01,1998-06-01,edition,,,23,Anaheim,California,United States,"Anaheim, CA, United States",108,100,https://jackandjillorama.com/,"Anaheim, CA",
8780,64,Swinging In The Northland,1998,6,1998-06-01,1998-06-01,1998-06-01,edition,,,83,St. Paul,Minnesota,United States,"St. Paul, MN, United States",18,18,,"St. Paul, MN",
8815,67,Americas Classic,1998,5,1998-05-01,1998-05-01,1998-05-01,edition,,,44,Houston,Texas,United States,"Houston, TX, United States",51,48,,"Houston, TX",
8186,11,California State Championships,1998,5,1998-05-01,1998-05-01,1998-05-01,edition,,,15,Buena Park,California,United States,"Buena Park, CA, United States",68,65,,"Buena Park, CA",
8304,20,FreZno Dance Classic,1998,5,1998-05-01,1998-05-01,1998-05-01,edition,,,5,Fresno,California,United States,"Fresno, CA, United States",77,73,,"Fresno, CA",
8595,49,Spring Fling,1998,5,1998-05-01,1998-05-01,1998-05-01,edition,,,10,San Diego,California,United States,"San Diego, CA, United States",84,76,,"San Diego, CA",
8331,22,USA Grand Nationals,1998,5,1998-05-01,1998-05-01,1998-05-01,edition,,,25,Atlanta,Georgia,United States,"Atlanta, GA, United States",28,28,http://www.usagrandnationals.com/,"Atlanta, GA, United States",Registry Event
8263,18,Easter Swing,1998,4,1998-04-01,1998-04-01,1998-04-01,edition,,,30,Seattle,Washington,United States,"Seattle, WA, United States",74,70,https://easterswing.org/,"Seattle, WA, United States",Registry Event
8328,21,Golden State Classic,1998,4,1998-04-01,1998-04-01,1998-04-01,edition,,,15,Buena Park,California,United States,"Buena Park, CA, United States",30,30,,"Buena Park, CA",
8458,40,North Atlantic Swing Dance Championships,1998,4,1998-04-01,1998-04-01,1998-04-01,edition,,,65,Cape Cod,Massachusetts,United States,"Cape Cod, MA, United States",58,58,,"Cape Cod, MA",
8139,9,Boston Tea Party,1998,3,1998-03-01,1998-03-01,1998-03-01,edition,,,8,Boston,Massachusetts,United States,"Boston, MA, United States",54,54,http://teapartyswings.com/,"Boston, MA",Registry Event
8221,13,Chicago Classic,1998,3,1998-03-01,1998-03-01,1998-03-01,edition,,,34,Chicago,Illinois,United States,"Chicago, IL, United States",46,46,,"Chicago, IL",
8193,12,Capital Swing Dance Convention,1998,2,1998-02-01,1998-02-01,1998-02-01,edition,,,6,Sacramento,California,United States,"Sacramento, CA, United States",79,76,http://www.capitalswingconvention.com/,"Sacramento, CA",Registry Event
8228,14,Country Boogie,1998,2,1998-02-01,1998-02-01,1998-02-01,edition,,,15,Buena Park,California,United States,"Buena Park, CA, United States",66,66,,"Buena Park, CA",
8399,28,Las Vegas Swing Expo,1998,1,1998-01-01,1998-01-01,1998-01-01,edition,,,27,Las Vegas,Nevada,United States,"Las Vegas, NV, United States",50,41,,"Las Vegas, NV",
8731,62,Monterey SwingFest,1998,1,1998-01-01,1998-01-01,1998-01-01,edition,,,1,Monterey,California,United States,"Monterey, CA, United States",64,61,http://www.montereyswing.com/,"Monterey, CA",Registry Event
8667,58,Swing Expo,1998,1,1998-01-01,1998-01-01,1998-01-01,edition,,,27,Las Vegas,Nevada,United States,"Las Vegas, NV, United States",30,27,,"Las Vegas, NV",
8452,36,New Years Dance Camp,1997,12,1997-12-01,1997-12-01,1997-12-01,edition,,,42,Bakersfield,California,United States,"Bakersfield, CA, United States",18,18,,"Bakersfield, CA",
8836,68,US Open Swing Dance Championships,1997,11,1997-11-01,1997-11-01,1997-11-01,edition,,,22,Los Angeles,California,United States,"Los Angeles, CA, United States",10,10,http://www.theopenswing.com/,"Los Angeles, CA",Registry Event
8091,4,American Swing Dance Championships,1997,10,1997-10-01,1997-10-01,1997-10-01,edition,,,7,New York,New York,United States,"New York, NY, United States",11,11,,"New York, NY",
8100,7,Boogie & Blues,1997,10,1997-10-01,1997-10-01,1997-10-01,edition,,,31,Long Beach,California,United States,"Long Beach, CA, United States",43,43,,"Long Beach, CA",
8111,8,Boogie By The Bay,1997,10,1997-10-01,1997-10-01,1997-10-01,edition,,,2,San Francisco,California,United States,"San Francisco, CA, United States",60,60,https://boogiebythebay.com/,"San Francisco, CA",Registry Event
8785,65,Halloween SwingThing,1997,10,1997-10-01,1997-10-01,1997-10-01,edition,,,24,Costa Mesa,California,United States,"Costa Mesa, CA, United States",58,57,http://hstswing.com/,"Costa Mesa, CA",Registry Event
8489,43,Paradise Dance Festival,1997,10,1997-10-01,1997-10-01,1997-10-01,edition,,,19,Irvine,California,United States,"Irvine, CA, United States",18,18,https://paradisecountrydancefestival.com/,"Irvine, CA",Registry Event
8526,45,Rising Star - Chicago,1997,10,1997-10-01,1997-10-01,1997-10-01,edition,,,34,Chicago,Illinois,United States,"Chicago, IL, United States",34,34,,"Chicago, IL",
8235,15,Dallas D.A.N.C.E.,1997,9,1997-09-01,1997-09-01,1997-09-01,edition,,,21,Dallas,Texas,United States,"Dallas, TX, United States",8,8,,"Dallas, TX",
8392,27,Labor Day Swing Dance Festival,1997,9,1997-09-01,1997-09-01,1997-09-01,edition,,,15,Buena Park,California,United States,"Buena Park, CA, United States",40,40,,"Buena Park, CA",
8862,70,Virginia State Open,1997,9,1997-09-01,1997-09-01,1997-09-01,edition,,,38,Herndon,Virginia,United States,"Herndon, VA, United States",41,30,,"Herndon, VA",
8408,29,Michigan Swing Dance Champs,1997,8,1997-08-01,1997-08-01,1997-08-01,edition,,,12,Michigan,Michigan,United States,"Michigan, MI, United States",20,20,,"Michigan, MI",
8563,48,South Bay Dance Fling,1997,8,1997-08-01,1997-08-01,1997-08-01,edition,,,16,San Jose,California,United States,"San Jose, CA, United States",24,24,http://www.SBDF.dance,"San Jose, CA",
8628,53,Summer Hummer,1997,8,1997-08-01,1997-08-01,1997-08-01,edition,,,397,Woburn,Massachusetts,United States,"Woburn (Boston), MA, United States",48,48,https://summerhummerboston.com/,"Woburn (Boston), MA, United States",Registry Event
8660,57,Swing Challenge,1997,8,1997-08-01,1997-08-01,1997-08-01,edition,,,9,Kansas City,Missouri,United States,"Kansas City, MO, United States",12,12,,"Kansas City, MO",
8535,47,SwingTime Denver,1997,8,1997-08-01,1997-08-01,1997-08-01,edition,,,29,Denver,Colorado,United States,"Denver, CO, United States",56,54,http://www.swingtimewcs.com/,"Denver, CO, United States",Registry Event
8056,1,4TH of July Convention,1997,7,1997-07-01,1997-07-01,1997-07-01,edition,,,3,Phoenix,Arizona,United States,"Phoenix, AZ, United States",100,95,http://phoenix4thofjuly.com,"Phoenix, AZ",
8084,2,4TH of July Swing Bash,1997,7,1997-07-01,1997-07-01,1997-07-01,edition,,,55,Fort Lauderdale,Florida,United States,"Fort Lauderdale, FL, United States",4,4,,"Fort Lauderdale, FL",
8621,52,Summer Dance Festival,1997,7,1997-07-01,1997-07-01,1997-07-01,edition,,,20,Palm Springs,California,United States,"Palm Springs, CA, United States",42,42,,"Palm Springs, CA",
8676,59,Swing Fling,1997,7,1997-07-01,1997-07-01,1997-07-01,edition,,,38,Herndon,Virginia,United States,"Herndon, VA, United States",31,31,http://www.swingfling.com,"Herndon, VA, United States",Registry Event
8875,71,Westcoast Swing Dance Championships,1997,7,1997-07-01,1997-07-01,1997-07-01,edition,,,6,Sacramento,California,United States,"Sacramento, CA, United States",62,62,,"Sacramento, CA",
8361,25,J&J O'Rama,1997,6,1997-06-01,1997-06-01,1997-06-01,edition,,,23,Anaheim,California,United States,"Anaheim, CA, United States",50,44,https://jackandjillorama.com/,"Anaheim, CA",
8510,44,Portland Dance Festival,1997,6,1997-06-01,1997-06-01,1997-06-01,edition,,,4,Portland,Oregon,United States,"Portland, OR, United States",12,12,,"Portland, OR",
8779,64,Swinging In The Northland,1997,6,1997-06-01,1997-06-01,1997-06-01,edition,,,83,St. Paul,Minnesota,United States,"St. Paul, MN, United States",17,17,,"St. Paul, MN",
8814,67,Americas Classic,1997,5,1997-05-01,1997-05-01,1997-05-01,edition,,,44,Houston,Texas,United States,"Houston, TX, United States",6,6,,"Houston, TX",
8185,11,California State Championships,1997,5,1997-05-01,1997-05-01,1997-05-01,edition,,,15,Buena Park,California,United States,"Buena Park, CA, United States",42,42,,"Buena Park, CA",
8303,20,FreZno Dance Classic,1997,5,1997-05-01,1997-05-01,1997-05-01,edition,,,5,Fresno,California,United States,"Fresno, CA, United States",20,20,,"Fresno, CA",
8594,49,Spring Fling,1997,5,1997-05-01,1997-05-01,1997-05-01,edition,,,10,San Diego,California,United States,"San Diego, CA, United States",64,58,,"San Diego, CA",
8330,22,USA Grand Nationals,1997,5,1997-05-01,1997-05-01,1997-05-01,edition,,,25,Atlanta,Georgia,United States,"Atlanta, GA, United States",10,10,http://www.usagrandnationals.com/,"Atlanta, GA, United States",Registry Event
8262,18,Easter Swing,1997,4,1997-04-01,1997-04-01,1997-04-01,edition,,,30,Seattle,Washington,United States,"Seattle, WA, United States",32,32,https://easterswing.org/,"Seattle, WA, United States",Registry Event
8327,21,Golden State Classic,1997,4,1997-04-01,1997-04-01,1997-04-01,edition,,,15,Buena Park,California,United States,"Buena Park, CA, United States",44,44,,"Buena Park, CA",
8708,60,Swing Jam,1997,4,1997-04-01,1997-04-01,1997-04-01,edition,,,33,Alhambra,California,United States,"Alhambra, CA, United States",30,25,,"Alhambra, CA",
8138,9,Boston Tea Party,1997,3,1997-03-01,1997-03-01,1997-03-01,edition,,,8,Boston,Massachusetts,United States,"Boston, MA, United States",30,30,http://teapartyswings.com/,"Boston, MA",Registry Event
8220,13,Chicago Classic,1997,3,1997-03-01,1997-03-01,1997-03-01,edition,,,34,Chicago,Illinois,United States,"Chicago, IL, United States",41,41,,"Chicago, IL",
8192,12,Capital Swing Dance Convention,1997,2,1997-02-01,1997-02-01,1997-02-01,edition,,,6,Sacramento,California,United States,"Sacramento, CA, United States",43,42,http://www.capitalswingconvention.com/,"Sacramento, CA",Registry Event
8227,14,Country Boogie,1997,2,1997-02-01,1997-02-01,1997-02-01,edition,,,15,Buena Park,California,United States,"Buena Park, CA, United States",41,40,,"Buena Park, CA",
8398,28,Las Vegas Swing Expo,1997,1,1997-01-01,1997-01-01,1997-01-01,edition,,,27,Las Vegas,Nevada,United States,"Las Vegas, NV, United States",19,19,,"Las Vegas, NV",
8730,62,Monterey SwingFest,1997,1,1997-01-01,1997-01-01,1997-01-01,edition,,,1,Monterey,California,United States,"Monterey, CA, United States",30,30,http://www.montereyswing.com/,"Monterey, CA",Registry Event
8666,58,Swing Expo,1997,1,1997-01-01,1997-01-01,1997-01-01,edition,,,27,Las Vegas,Nevada,United States,"Las Vegas, NV, United States",17,17,,"Las Vegas, NV",
8451,35,New England Swing Jam 1,1996,11,1996-11-01,1996-11-01,1996-11-01,edition,,,8,Boston,Massachusetts,United States,"Boston, MA, United States",22,17,,"Boston, MA",
8835,68,US Open Swing Dance Championships,1996,11,1996-11-01,1996-11-01,1996-11-01,edition,,,22,Los Angeles,California,United States,"Los Angeles, CA, United States",10,10,http://www.theopenswing.com/,"Los Angeles, CA",Registry Event
8090,4,American Swing Dance Championships,1996,10,1996-10-01,1996-10-01,1996-10-01,edition,,,7,New York,New York,United States,"New York, NY, United States",32,31,,"New York, NY",
8099,7,Boogie & Blues,1996,10,1996-10-01,1996-10-01,1996-10-01,edition,,,31,Long Beach,California,United States,"Long Beach, CA, United States",28,28,,"Long Beach, CA",
8110,8,Boogie By The Bay,1996,10,1996-10-01,1996-10-01,1996-10-01,edition,,,2,San Francisco,California,United States,"San Francisco, CA, United States",65,59,https://boogiebythebay.com/,"San Francisco, CA",Registry Event
8784,65,Halloween SwingThing,1996,10,1996-10-01,1996-10-01,1996-10-01,edition,,,24,Costa Mesa,California,United States,"Costa Mesa, CA, United States",12,12,http://hstswing.com/,"Costa Mesa, CA",Registry Event
8488,43,Paradise Dance Festival,1996,10,1996-10-01,1996-10-01,1996-10-01,edition,,,19,Irvine,California,United States,"Irvine, CA, United States",18,18,https://paradisecountrydancefestival.com/,"Irvine, CA",Registry Event
8234,15,Dallas D.A.N.C.E.,1996,9,1996-09-01,1996-09-01,1996-09-01,edition,,,21,Dallas,Texas,United States,"Dallas, TX, United States",5,5,,"Dallas, TX",
8391,27,Labor Day Swing Dance Festival,1996,9,1996-09-01,1996-09-01,1996-09-01,edition,,,15,Buena Park,California,United States,"Buena Park, CA, United States",39,39,,"Buena Park, CA",
8861,70,Virginia State Open,1996,9,1996-09-01,1996-09-01,1996-09-01,edition,,,38,Herndon,Virginia,United States,"Herndon, VA, United States",18,18,,"Herndon, VA",
8358,24,J&J National Championships,1996,8,1996-08-01,1996-08-01,1996-08-01,edition,,,27,Las Vegas,Nevada,United States,"Las Vegas, NV, United States",39,37,,"Las Vegas, NV",
8407,29,Michigan Swing Dance Champs,1996,8,1996-08-01,1996-08-01,1996-08-01,edition,,,12,Michigan,Michigan,United States,"Michigan, MI, United States",10,10,,"Michigan, MI",
8659,57,Swing Challenge,1996,8,1996-08-01,1996-08-01,1996-08-01,edition,,,9,Kansas City,Missouri,United States,"Kansas City, MO, United States",22,22,,"Kansas City, MO",
8534,47,SwingTime Denver,1996,8,1996-08-01,1996-08-01,1996-08-01,edition,,,29,Denver,Colorado,United States,"Denver, CO, United States",39,38,http://www.swingtimewcs.com/,"Denver, CO, United States",Registry Event
8055,1,4TH of July Convention,1996,7,1996-07-01,1996-07-01,1996-07-01,edition,,,3,Phoenix,Arizona,United States,"Phoenix, AZ, United States",51,51,http://phoenix4thofjuly.com,"Phoenix, AZ",
8259,17,Desert Swing Dance Club,1996,7,1996-07-01,1996-07-01,1996-07-01,edition,,,20,Palm Springs,California,United States,"Palm Springs, CA, United States",6,6,,"Palm Springs, CA",
8620,52,Summer Dance Festival,1996,7,1996-07-01,1996-07-01,1996-07-01,edition,,,20,Palm Springs,California,United States,"Palm Springs, CA, United States",45,45,,"Palm Springs, CA",
8675,59,Swing Fling,1996,7,1996-07-01,1996-07-01,1996-07-01,edition,,,38,Herndon,Virginia,United States,"Herndon, VA, United States",19,19,http://www.swingfling.com,"Herndon, VA, United States",Registry Event
8360,25,J&J O'Rama,1996,6,1996-06-01,1996-06-01,1996-06-01,edition,,,23,Anaheim,California,United States,"Anaheim, CA, United States",30,30,https://jackandjillorama.com/,"Anaheim, CA",
8813,67,Americas Classic,1996,5,1996-05-01,1996-05-01,1996-05-01,edition,,,44,Houston,Texas,United States,"Houston, TX, United States",6,6,,"Houston, TX",
8302,20,FreZno Dance Classic,1996,5,1996-05-01,1996-05-01,1996-05-01,edition,,,5,Fresno,California,United States,"Fresno, CA, United States",36,34,,"Fresno, CA",
8529,46,Rising Star - Dallas,1996,5,1996-05-01,1996-05-01,1996-05-01,edition,,,21,Dallas,Texas,United States,"Dallas, TX, United States",31,31,,"Dallas, TX",
8593,49,Spring Fling,1996,5,1996-05-01,1996-05-01,1996-05-01,edition,,,10,San Diego,California,United States,"San Diego, CA, United States",39,39,,"San Diego, CA",
8329,22,USA Grand Nationals,1996,5,1996-05-01,1996-05-01,1996-05-01,edition,,,25,Atlanta,Georgia,United States,"Atlanta, GA, United States",14,14,http://www.usagrandnationals.com/,"Atlanta, GA, United States",Registry Event
8326,21,Golden State Classic,1996,4,1996-04-01,1996-04-01,1996-04-01,edition,,,15,Buena Park,California,United States,"Buena Park, CA, United States",36,36,,"Buena Park, CA",
8707,60,Swing Jam,1996,4,1996-04-01,1996-04-01,1996-04-01,edition,,,33,Alhambra,California,United States,"Alhambra, CA, United States",29,29,,"Alhambra, CA",
8191,12,Capital Swing Dance Convention,1996,2,1996-02-01,1996-02-01,1996-02-01,edition,,,6,Sacramento,California,United States,"Sacramento, CA, United States",61,61,http://www.capitalswingconvention.com/,"Sacramento, CA",Registry Event
8226,14,Country Boogie,1996,2,1996-02-01,1996-02-01,1996-02-01,edition,,,15,Buena Park,California,United States,"Buena Park, CA, United States",37,36,,"Buena Park, CA",
8397,28,Las Vegas Swing Expo,1996,1,1996-01-01,1996-01-01,1996-01-01,edition,,,27,Las Vegas,Nevada,United States,"Las Vegas, NV, United States",12,12,,"Las Vegas, NV",
8729,62,Monterey SwingFest,1996,1,1996-01-01,1996-01-01,1996-01-01,edition,,,1,Monterey,California,United States,"Monterey, CA, United States",16,16,http://www.montereyswing.com/,"Monterey, CA",Registry Event
8665,58,Swing Expo,1996,1,1996-01-01,1996-01-01,1996-01-01,edition,,,27,Las Vegas,Nevada,United States,"Las Vegas, NV, United States",27,26,,"Las Vegas, NV",
8447,33,National New Year,1995,12,1995-12-01,1995-12-01,1995-12-01,edition,,,21,Dallas,Texas,United States,"Dallas, TX, United States",11,11,,"Dallas, TX",
8891,75,UCWDC Country Dance World Championship,1995,12,1995-12-01,1995-12-01,1995-12-01,edition,,,21,Dallas,Texas,United States,"Dallas, TX, United States",27,27,http://www.ucwdcworlds.com/,"Dallas, TX",Registry Event
8450,35,New England Swing Jam 1,1995,11,1995-11-01,1995-11-01,1995-11-01,edition,,,8,Boston,Massachusetts,United States,"Boston, MA, United States",32,22,,"Boston, MA",
8834,68,US Open Swing Dance Championships,1995,11,1995-11-01,1995-11-01,1995-11-01,edition,,,22,Los Angeles,California,United States,"Los Angeles, CA, United States",6,6,http://www.theopenswing.com/,"Los Angeles, CA",Registry Event
8089,4,American Swing Dance Championships,1995,10,1995-10-01,1995-10-01,1995-10-01,edition,,,7,New York,New York,United States,"New York, NY, United States",9,9,,"New York, NY",
8098,7,Boogie & Blues,1995,10,1995-10-01,1995-10-01,1995-10-01,edition,,,31,Long Beach,California,United States,"Long Beach, CA, United States",27,26,,"Long Beach, CA",
8109,8,Boogie By The Bay,1995,10,1995-10-01,1995-10-01,1995-10-01,edition,,,2,San Francisco,California,United States,"San Francisco, CA, United States",21,21,https://boogiebythebay.com/,"San Francisco, CA",Registry Event
8783,65,Halloween SwingThing,1995,10,1995-10-01,1995-10-01,1995-10-01,edition,,,24,Costa Mesa,California,United States,"Costa Mesa, CA, United States",18,18,http://hstswing.com/,"Costa Mesa, CA",Registry Event
8487,43,Paradise Dance Festival,1995,10,1995-10-01,1995-10-01,1995-10-01,edition,,,19,Irvine,California,United States,"Irvine, CA, United States",1,1,https://paradisecountrydancefestival.com/,"Irvine, CA",Registry Event
8233,15,Dallas D.A.N.C.E.,1995,9,1995-09-01,1995-09-01,1995-09-01,edition,,,21,Dallas,Texas,United States,"Dallas, TX, United States",10,10,,"Dallas, TX",
8390,27,Labor Day Swing Dance Festival,1995,9,1995-09-01,1995-09-01,1995-09-01,edition,,,15,Buena Park,California,United States,"Buena Park, CA, United States",31,30,,"Buena Park, CA",
8860,70,Virginia State Open,1995,9,1995-09-01,1995-09-01,1995-09-01,edition,,,38,Herndon,Virginia,United States,"Herndon, VA, United States",19,19,,"Herndon, VA",
8406,29,Michigan Swing Dance Champs,1995,8,1995-08-01,1995-08-01,1995-08-01,edition,,,12,Michigan,Michigan,United States,"Michigan, MI, United States",9,9,,"Michigan, MI",
8533,47,SwingTime Denver,1995,8,1995-08-01,1995-08-01,1995-08-01,edition,,,29,Denver,Colorado,United States,"Denver, CO, United States",19,19,http://www.swingtimewcs.com/,"Denver, CO, United States",Registry Event
8054,1,4TH of July Convention,1995,7,1995-07-01,1995-07-01,1995-07-01,edition,,,3,Phoenix,Arizona,United States,"Phoenix, AZ, United States",43,43,http://phoenix4thofjuly.com,"Phoenix, AZ",
8619,52,Summer Dance Festival,1995,7,1995-07-01,1995-07-01,1995-07-01,edition,,,20,Palm Springs,California,United States,"Palm Springs, CA, United States",40,40,,"Palm Springs, CA",
8674,59,Swing Fling,1995,7,1995-07-01,1995-07-01,1995-07-01,edition,,,38,Herndon,Virginia,United States,"Herndon, VA, United States",17,17,http://www.swingfling.com,"Herndon, VA, United States",Registry Event
8880,72,Windy City,1995,7,1995-07-01,1995-07-01,1995-07-01,edition,,,34,Chicago,Illinois,United States,"Chicago, IL, United States",26,26,,"Chicago, IL",
8359,25,J&J O'Rama,1995,6,1995-06-01,1995-06-01,1995-06-01,edition,,,23,Anaheim,California,United States,"Anaheim, CA, United States",25,25,https://jackandjillorama.com/,"Anaheim, CA",
8812,67,Americas Classic,1995,5,1995-05-01,1995-05-01,1995-05-01,edition,,,44,Houston,Texas,United States,"Houston, TX, United States",10,10,,"Houston, TX",
8301,20,FreZno Dance Classic,1995,5,1995-05-01,1995-05-01,1995-05-01,edition,,,5,Fresno,California,United States,"Fresno, CA, United States",18,18,,"Fresno, CA",
8592,49,Spring Fling,1995,5,1995-05-01,1995-05-01,1995-05-01,edition,,,10,San Diego,California,United States,"San Diego, CA, United States",42,38,,"San Diego, CA",
8261,18,Easter Swing,1995,4,1995-04-01,1995-04-01,1995-04-01,edition,,,30,Seattle,Washington,United States,"Seattle, WA, United States",40,40,https://easterswing.org/,"Seattle, WA, United States",Registry Event
8706,60,Swing Jam,1995,4,1995-04-01,1995-04-01,1995-04-01,edition,,,33,Alhambra,California,United States,"Alhambra, CA, United States",3,3,,"Alhambra, CA",
8097,6,Bay Swingers,1995,2,1995-02-01,1995-02-01,1995-02-01,edition,,,2,San Francisco,California,United States,"San Francisco, CA, United States",11,10,,"San Francisco, CA",
8190,12,Capital Swing Dance Convention,1995,2,1995-02-01,1995-02-01,1995-02-01,edition,,,6,Sacramento,California,United States,"Sacramento, CA, United States",33,33,http://www.capitalswingconvention.com/,"Sacramento, CA",Registry Event
8225,14,Country Boogie,1995,2,1995-02-01,1995-02-01,1995-02-01,edition,,,15,Buena Park,California,United States,"Buena Park, CA, United States",29,29,,"Buena Park, CA",
10612,334,Countdown Swing Boston,1995,1,1995-01-01,1995-01-01,1995-01-01,edition,,,8,Boston,Massachusetts,United States,"Boston, MA, United States",1,1,http://countdownswingboston.com/,"Boston, MA",Registry Event
8396,28,Las Vegas Swing Expo,1995,1,1995-01-01,1995-01-01,1995-01-01,edition,,,27,Las Vegas,Nevada,United States,"Las Vegas, NV, United States",1,1,,"Las Vegas, NV",
8728,62,Monterey SwingFest,1995,1,1995-01-01,1995-01-01,1995-01-01,edition,,,1,Monterey,California,United States,"Monterey, CA, United States",11,11,http://www.montereyswing.com/,"Monterey, CA",Registry Event
8664,58,Swing Expo,1995,1,1995-01-01,1995-01-01,1995-01-01,edition,,,27,Las Vegas,Nevada,United States,"Las Vegas, NV, United States",11,11,,"Las Vegas, NV",
8446,33,National New Year,1994,12,1994-12-01,1994-12-01,1994-12-01,edition,,,21,Dallas,Texas,United States,"Dallas, TX, United States",10,10,,"Dallas, TX",
8833,68,US Open Swing Dance Championships,1994,11,1994-11-01,1994-11-01,1994-11-01,edition,,,22,Los Angeles,California,United States,"Los Angeles, CA, United States",4,4,http://www.theopenswing.com/,"Los Angeles, CA",Registry Event
8088,4,American Swing Dance Championships,1994,10,1994-10-01,1994-10-01,1994-10-01,edition,,,7,New York,New York,United States,"New York, NY, United States",4,4,,"New York, NY",
8108,8,Boogie By The Bay,1994,10,1994-10-01,1994-10-01,1994-10-01,edition,,,2,San Francisco,California,United States,"San Francisco, CA, United States",21,21,https://boogiebythebay.com/,"San Francisco, CA",Registry Event
8782,65,Halloween SwingThing,1994,10,1994-10-01,1994-10-01,1994-10-01,edition,,,24,Costa Mesa,California,United States,"Costa Mesa, CA, United States",14,14,http://hstswing.com/,"Costa Mesa, CA",Registry Event
8232,15,Dallas D.A.N.C.E.,1994,9,1994-09-01,1994-09-01,1994-09-01,edition,,,21,Dallas,Texas,United States,"Dallas, TX, United States",9,9,,"Dallas, TX",
8389,27,Labor Day Swing Dance Festival,1994,9,1994-09-01,1994-09-01,1994-09-01,edition,,,15,Buena Park,California,United States,"Buena Park, CA, United States",31,31,,"Buena Park, CA",
8859,70,Virginia State Open,1994,9,1994-09-01,1994-09-01,1994-09-01,edition,,,38,Herndon,Virginia,United States,"Herndon, VA, United States",10,10,,"Herndon, VA",
8405,29,Michigan Swing Dance Champs,1994,8,1994-08-01,1994-08-01,1994-08-01,edition,,,12,Michigan,Michigan,United States,"Michigan, MI, United States",10,10,,"Michigan, MI",
8532,47,SwingTime Denver,1994,8,1994-08-01,1994-08-01,1994-08-01,edition,,,29,Denver,Colorado,United States,"Denver, CO, United States",18,17,http://www.swingtimewcs.com/,"Denver, CO, United States",Registry Event
8053,1,4TH of July Convention,1994,7,1994-07-01,1994-07-01,1994-07-01,edition,,,3,Phoenix,Arizona,United States,"Phoenix, AZ, United States",34,34,http://phoenix4thofjuly.com,"Phoenix, AZ",
8618,52,Summer Dance Festival,1994,7,1994-07-01,1994-07-01,1994-07-01,edition,,,20,Palm Springs,California,United States,"Palm Springs, CA, United States",21,20,,"Palm Springs, CA",
8673,59,Swing Fling,1994,7,1994-07-01,1994-07-01,1994-07-01,edition,,,38,Herndon,Virginia,United States,"Herndon, VA, United States",1,1,http://www.swingfling.com,"Herndon, VA, United States",Registry Event
8879,72,Windy City,1994,7,1994-07-01,1994-07-01,1994-07-01,edition,,,34,Chicago,Illinois,United States,"Chicago, IL, United States",31,31,,"Chicago, IL",
8300,20,FreZno Dance Classic,1994,5,1994-05-01,1994-05-01,1994-05-01,edition,,,5,Fresno,California,United States,"Fresno, CA, United States",18,18,,"Fresno, CA",
8591,49,Spring Fling,1994,5,1994-05-01,1994-05-01,1994-05-01,edition,,,10,San Diego,California,United States,"San Diego, CA, United States",24,24,,"San Diego, CA",
8260,18,Easter Swing,1994,4,1994-04-01,1994-04-01,1994-04-01,edition,,,30,Seattle,Washington,United States,"Seattle, WA, United States",13,13,https://easterswing.org/,"Seattle, WA, United States",Registry Event
8705,60,Swing Jam,1994,4,1994-04-01,1994-04-01,1994-04-01,edition,,,33,Alhambra,California,United States,"Alhambra, CA, United States",3,3,,"Alhambra, CA",
8096,6,Bay Swingers,1994,2,1994-02-01,1994-02-01,1994-02-01,edition,,,2,San Francisco,California,United States,"San Francisco, CA, United States",11,9,,"San Francisco, CA",
8189,12,Capital Swing Dance Convention,1994,2,1994-02-01,1994-02-01,1994-02-01,edition,,,6,Sacramento,California,United States,"Sacramento, CA, United States",29,29,http://www.capitalswingconvention.com/,"Sacramento, CA",Registry Event
8224,14,Country Boogie,1994,2,1994-02-01,1994-02-01,1994-02-01,edition,,,15,Buena Park,California,United States,"Buena Park, CA, United States",38,38,,"Buena Park, CA",
8395,28,Las Vegas Swing Expo,1994,1,1994-01-01,1994-01-01,1994-01-01,edition,,,27,Las Vegas,Nevada,United States,"Las Vegas, NV, United States",14,14,,"Las Vegas, NV",
8727,62,Monterey SwingFest,1994,1,1994-01-01,1994-01-01,1994-01-01,edition,,,1,Monterey,California,United States,"Monterey, CA, United States",8,8,http://www.montereyswing.com/,"Monterey, CA",Registry Event
8663,58,Swing Expo,1994,1,1994-01-01,1994-01-01,1994-01-01,edition,,,27,Las Vegas,Nevada,United States,"Las Vegas, NV, United States",16,16,,"Las Vegas, NV",
8832,68,US Open Swing Dance Championships,1993,11,1993-11-01,1993-11-01,1993-11-01,edition,,,22,Los Angeles,California,United States,"Los Angeles, CA, United States",6,6,http://www.theopenswing.com/,"Los Angeles, CA",Registry Event
8107,8,Boogie By The Bay,1993,10,1993-10-01,1993-10-01,1993-10-01,edition,,,2,San Francisco,California,United States,"San Francisco, CA, United States",20,20,https://boogiebythebay.com/,"San Francisco, CA",Registry Event
8231,15,Dallas D.A.N.C.E.,1993,9,1993-09-01,1993-09-01,1993-09-01,edition,,,21,Dallas,Texas,United States,"Dallas, TX, United States",10,10,,"Dallas, TX",
8858,70,Virginia State Open,1993,9,1993-09-01,1993-09-01,1993-09-01,edition,,,38,Herndon,Virginia,United States,"Herndon, VA, United States",10,10,,"Herndon, VA",
8404,29,Michigan Swing Dance Champs,1993,8,1993-08-01,1993-08-01,1993-08-01,edition,,,12,Michigan,Michigan,United States,"Michigan, MI, United States",8,8,,"Michigan, MI",
8531,47,SwingTime Denver,1993,8,1993-08-01,1993-08-01,1993-08-01,edition,,,29,Denver,Colorado,United States,"Denver, CO, United States",18,18,http://www.swingtimewcs.com/,"Denver, CO, United States",Registry Event
8052,1,4TH of July Convention,1993,7,1993-07-01,1993-07-01,1993-07-01,edition,,,3,Phoenix,Arizona,United States,"Phoenix, AZ, United States",29,29,http://phoenix4thofjuly.com,"Phoenix, AZ",
8590,49,Spring Fling,1993,5,1993-05-01,1993-05-01,1993-05-01,edition,,,10,San Diego,California,United States,"San Diego, CA, United States",18,18,,"San Diego, CA",
8881,73,World Swing Dance Championships,1993,5,1993-05-01,1993-05-01,1993-05-01,edition,,,14,San Bernardino,California,United States,"San Bernardino, CA, United States",6,6,,"San Bernardino, CA",
8704,60,Swing Jam,1993,4,1993-04-01,1993-04-01,1993-04-01,edition,,,33,Alhambra,California,United States,"Alhambra, CA, United States",2,2,,"Alhambra, CA",
8095,6,Bay Swingers,1993,2,1993-02-01,1993-02-01,1993-02-01,edition,,,2,San Francisco,California,United States,"San Francisco, CA, United States",1,1,,"San Francisco, CA",
8188,12,Capital Swing Dance Convention,1993,2,1993-02-01,1993-02-01,1993-02-01,edition,,,6,Sacramento,California,United States,"Sacramento, CA, United States",39,39,http://www.capitalswingconvention.com/,"Sacramento, CA",Registry Event
8394,28,Las Vegas Swing Expo,1993,1,1993-01-01,1993-01-01,1993-01-01,edition,,,27,Las Vegas,Nevada,United States,"Las Vegas, NV, United States",10,10,,"Las Vegas, NV",
8662,58,Swing Expo,1993,1,1993-01-01,1993-01-01,1993-01-01,edition,,,27,Las Vegas,Nevada,United States,"Las Vegas, NV, United States",15,15,,"Las Vegas, NV",
8831,68,US Open Swing Dance Championships,1992,11,1992-11-01,1992-11-01,1992-11-01,edition,,,22,Los Angeles,California,United States,"Los Angeles, CA, United States",15,13,http://www.theopenswing.com/,"Los Angeles, CA",Registry Event
8230,15,Dallas D.A.N.C.E.,1992,9,1992-09-01,1992-09-01,1992-09-01,edition,,,21,Dallas,Texas,United States,"Dallas, TX, United States",6,6,,"Dallas, TX",
8403,29,Michigan Swing Dance Champs,1992,8,1992-08-01,1992-08-01,1992-08-01,edition,,,12,Michigan,Michigan,United States,"Michigan, MI, United States",6,6,,"Michigan, MI",
8530,47,SwingTime Denver,1992,8,1992-08-01,1992-08-01,1992-08-01,edition,,,29,Denver,Colorado,United States,"Denver, CO, United States",20,20,http://www.swingtimewcs.com/,"Denver, CO, United States",Registry Event
8051,1,4TH of July Convention,1992,7,1992-07-01,1992-07-01,1992-07-01,edition,,,3,Phoenix,Arizona,United States,"Phoenix, AZ, United States",28,28,http://phoenix4thofjuly.com,"Phoenix, AZ",
8589,49,Spring Fling,1992,5,1992-05-01,1992-05-01,1992-05-01,edition,,,10,San Diego,California,United States,"San Diego, CA, United States",18,18,,"San Diego, CA",
8257,16,Dancers Fund/Moover & Groover/SwingExpo,1992,3,1992-03-01,1992-03-01,1992-03-01,edition,,,27,Las Vegas,Nevada,United States,"Las Vegas, NV, United States",16,16,,"Las Vegas, NV",
8094,6,Bay Swingers,1992,2,1992-02-01,1992-02-01,1992-02-01,edition,,,2,San Francisco,California,United States,"San Francisco, CA, United States",6,6,,"San Francisco, CA",
8393,28,Las Vegas Swing Expo,1992,1,1992-01-01,1992-01-01,1992-01-01,edition,,,27,Las Vegas,Nevada,United States,"Las Vegas, NV, United States",9,9,,"Las Vegas, NV",
8050,1,4TH of July Convention,1991,7,1991-07-01,1991-07-01,1991-07-01,edition,,,3,Phoenix,Arizona,United States,"Phoenix, AZ, United States",1,1,http://phoenix4thofjuly.com,"Phoenix, AZ",
8588,49,Spring Fling,1991,5,1991-05-01,1991-05-01,1991-05-01,edition,,,10,San Diego,California,United States,"San Diego, CA, United States",13,13,,"San Diego, CA",
